{"type":"FeatureCollection","features":[{"type":"Feature","properties":{"_manaName":"The British Council - Institut Britànic","name":"The British Council - Institut Britànic","_manaColor":"#f97316","_manaFillOpacity":0.85,"_manaWeight":1.5,"_manaBorderColor":"#ffffff","_manaGroupName":"Bibliotecas de Barcelona","_manaGroupId":1,"_manaGeometryType":"point","_manaLabelStyle":{"enabled":true,"field":"_manaName","fontFamily":"DM Sans, sans-serif","fontSize":10,"fontWeight":"600","color":"#0f172a","haloWidth":3,"haloColor":"#ffffff","opacity":0.9,"placement":"auto"},"Biblioteca":"The British Council - Institut Britànic","Dirección":"C Amigó, 83","Distrito":"Sarrià-Sant Gervasi","Barrio":"Sant Gervasi - Galvany","Código Postal":"8021","Centro":"The British Council - Institut Britànic","Bibliotecas en distrito":15,"Bibliotecas por 100k hab.":10.1,"Description":"Biblioteca — The British Council - Institut Britànic. C Amigó, 83, Dist. Sarrià-Sant Gervasi, Sant Gervasi - Galvany (8021). 15 bibliotecas en Sarrià-Sant Gervasi.","Superficie":"Sarrià-Sant Gervasi","Dato":"15 en Sarrià-Sant Gervasi"},"geometry":{"type":"Point","coordinates":[2.141511,41.397498]}},{"type":"Feature","properties":{"_manaName":"Cercle Artístic de Sant Lluc","name":"Cercle Artístic de Sant Lluc","_manaColor":"#b91c1c","_manaFillOpacity":0.85,"_manaWeight":1.5,"_manaBorderColor":"#ffffff","_manaGroupName":"Bibliotecas de Barcelona","_manaGroupId":1,"_manaGeometryType":"point","_manaLabelStyle":{"enabled":true,"field":"_manaName","fontFamily":"DM Sans, sans-serif","fontSize":10,"fontWeight":"600","color":"#0f172a","haloWidth":3,"haloColor":"#ffffff","opacity":0.9,"placement":"auto"},"Biblioteca":"Cercle Artístic de Sant Lluc","Dirección":"C Mercaders, 42","Distrito":"Ciutat Vella","Barrio":"Sant Pere, Santa Caterina i la Ribera","Código Postal":"8003","Centro":"Cercle Artístic de Sant Lluc","Bibliotecas en distrito":53,"Bibliotecas por 100k hab.":51.5,"Description":"Biblioteca — Cercle Artístic de Sant Lluc. C Mercaders, 42, Dist. Ciutat Vella, Sant Pere, Santa Caterina i la Ribera (8003). 53 bibliotecas en Ciutat Vella.","Superficie":"Ciutat Vella","Dato":"53 en Ciutat Vella"},"geometry":{"type":"Point","coordinates":[2.176876,41.386016]}},{"type":"Feature","properties":{"_manaName":"Facultat de Biologia - UB","name":"Facultat de Biologia - UB","_manaColor":"#ea580c","_manaFillOpacity":0.85,"_manaWeight":1.5,"_manaBorderColor":"#ffffff","_manaGroupName":"Bibliotecas de Barcelona","_manaGroupId":1,"_manaGeometryType":"point","_manaLabelStyle":{"enabled":true,"field":"_manaName","fontFamily":"DM Sans, sans-serif","fontSize":10,"fontWeight":"600","color":"#0f172a","haloWidth":3,"haloColor":"#ffffff","opacity":0.9,"placement":"auto"},"Biblioteca":"Facultat de Biologia - UB","Dirección":"Avinguda Diagonal, 645","Distrito":"Les Corts","Barrio":"la Maternitat i Sant Ramon","Código Postal":"8028","Centro":"Facultat de Biologia - UB","Bibliotecas en distrito":18,"Bibliotecas por 100k hab.":22,"Description":"Biblioteca — Facultat de Biologia - UB. Avinguda Diagonal, 645, Dist. Les Corts, la Maternitat i Sant Ramon (8028). 18 bibliotecas en Les Corts.","Superficie":"Les Corts","Dato":"18 en Les Corts"},"geometry":{"type":"Point","coordinates":[2.117044,41.385378]}},{"type":"Feature","properties":{"_manaName":"Biblioteca La Marina de Port – Francesc Candel","name":"Biblioteca La Marina de Port – Francesc Candel","_manaColor":"#eab308","_manaFillOpacity":0.85,"_manaWeight":1.5,"_manaBorderColor":"#ffffff","_manaGroupName":"Bibliotecas de Barcelona","_manaGroupId":1,"_manaGeometryType":"point","_manaLabelStyle":{"enabled":true,"field":"_manaName","fontFamily":"DM Sans, sans-serif","fontSize":10,"fontWeight":"600","color":"#0f172a","haloWidth":3,"haloColor":"#ffffff","opacity":0.9,"placement":"auto"},"Biblioteca":"Biblioteca La Marina de Port – Francesc Candel","Dirección":"Carrer de l'Amnistia Internacional, 10","Distrito":"Sants-Montjuïc","Barrio":"la Marina de Port","Código Postal":"8038","Centro":"—","Bibliotecas en distrito":12,"Bibliotecas por 100k hab.":6.5,"Description":"Biblioteca. Carrer de l'Amnistia Internacional, 10, Dist. Sants-Montjuïc, la Marina de Port (8038). 12 bibliotecas en Sants-Montjuïc.","Superficie":"Sants-Montjuïc","Dato":"12 en Sants-Montjuïc"},"geometry":{"type":"Point","coordinates":[2.136295,41.361809]}},{"type":"Feature","properties":{"_manaName":"Biblioteca La Vila Olímpica - Xavier Benguerel","name":"Biblioteca La Vila Olímpica - Xavier Benguerel","_manaColor":"#22c55e","_manaFillOpacity":0.85,"_manaWeight":1.5,"_manaBorderColor":"#ffffff","_manaGroupName":"Bibliotecas de Barcelona","_manaGroupId":1,"_manaGeometryType":"point","_manaLabelStyle":{"enabled":true,"field":"_manaName","fontFamily":"DM Sans, sans-serif","fontSize":10,"fontWeight":"600","color":"#0f172a","haloWidth":3,"haloColor":"#ffffff","opacity":0.9,"placement":"auto"},"Biblioteca":"Biblioteca La Vila Olímpica - Xavier Benguerel","Dirección":"Avinguda del Bogatell, 17","Distrito":"Sant Martí","Barrio":"la Vila Olímpica del Poblenou","Código Postal":"8005","Centro":"—","Bibliotecas en distrito":11,"Bibliotecas por 100k hab.":4.6,"Description":"Biblioteca. Avinguda del Bogatell, 17, Dist. Sant Martí, la Vila Olímpica del Poblenou (8005). 11 bibliotecas en Sant Martí.","Superficie":"Sant Martí","Dato":"11 en Sant Martí"},"geometry":{"type":"Point","coordinates":[2.197727,41.392439]}},{"type":"Feature","properties":{"_manaName":"Institució Milà i Fontanals","name":"Institució Milà i Fontanals","_manaColor":"#b91c1c","_manaFillOpacity":0.85,"_manaWeight":1.5,"_manaBorderColor":"#ffffff","_manaGroupName":"Bibliotecas de Barcelona","_manaGroupId":1,"_manaGeometryType":"point","_manaLabelStyle":{"enabled":true,"field":"_manaName","fontFamily":"DM Sans, sans-serif","fontSize":10,"fontWeight":"600","color":"#0f172a","haloWidth":3,"haloColor":"#ffffff","opacity":0.9,"placement":"auto"},"Biblioteca":"Institució Milà i Fontanals","Dirección":"C Egipcíaques, 15","Distrito":"Ciutat Vella","Barrio":"el Raval","Código Postal":"8001","Centro":"Institució Milà i Fontanals","Bibliotecas en distrito":53,"Bibliotecas por 100k hab.":51.5,"Description":"Biblioteca — Institució Milà i Fontanals. C Egipcíaques, 15, Dist. Ciutat Vella, el Raval (8001). 53 bibliotecas en Ciutat Vella.","Superficie":"Ciutat Vella","Dato":"53 en Ciutat Vella"},"geometry":{"type":"Point","coordinates":[2.168897,41.38091]}},{"type":"Feature","properties":{"_manaName":"Ateneu Barcelonès","name":"Ateneu Barcelonès","_manaColor":"#b91c1c","_manaFillOpacity":0.85,"_manaWeight":1.5,"_manaBorderColor":"#ffffff","_manaGroupName":"Bibliotecas de Barcelona","_manaGroupId":1,"_manaGeometryType":"point","_manaLabelStyle":{"enabled":true,"field":"_manaName","fontFamily":"DM Sans, sans-serif","fontSize":10,"fontWeight":"600","color":"#0f172a","haloWidth":3,"haloColor":"#ffffff","opacity":0.9,"placement":"auto"},"Biblioteca":"Ateneu Barcelonès","Dirección":"C Canuda, 6","Distrito":"Ciutat Vella","Barrio":"el Barri Gòtic","Código Postal":"8002","Centro":"Ateneu Barcelonès","Bibliotecas en distrito":53,"Bibliotecas por 100k hab.":51.5,"Description":"Biblioteca — Ateneu Barcelonès. C Canuda, 6, Dist. Ciutat Vella, el Barri Gòtic (8002). 53 bibliotecas en Ciutat Vella.","Superficie":"Ciutat Vella","Dato":"53 en Ciutat Vella"},"geometry":{"type":"Point","coordinates":[2.171664,41.38468]}},{"type":"Feature","properties":{"_manaName":"Facultat de Dret - UB","name":"Facultat de Dret - UB","_manaColor":"#ea580c","_manaFillOpacity":0.85,"_manaWeight":1.5,"_manaBorderColor":"#ffffff","_manaGroupName":"Bibliotecas de Barcelona","_manaGroupId":1,"_manaGeometryType":"point","_manaLabelStyle":{"enabled":true,"field":"_manaName","fontFamily":"DM Sans, sans-serif","fontSize":10,"fontWeight":"600","color":"#0f172a","haloWidth":3,"haloColor":"#ffffff","opacity":0.9,"placement":"auto"},"Biblioteca":"Facultat de Dret - UB","Dirección":"Avinguda Diagonal, 684","Distrito":"Les Corts","Barrio":"Pedralbes","Código Postal":"8034","Centro":"Facultat de Dret - UB","Bibliotecas en distrito":18,"Bibliotecas por 100k hab.":22,"Description":"Biblioteca — Facultat de Dret - UB. Avinguda Diagonal, 684, Dist. Les Corts, Pedralbes (8034). 18 bibliotecas en Les Corts.","Superficie":"Les Corts","Dato":"18 en Les Corts"},"geometry":{"type":"Point","coordinates":[2.121097,41.38724]}},{"type":"Feature","properties":{"_manaName":"Reial Acadèmia de les Bones Lletres","name":"Reial Acadèmia de les Bones Lletres","_manaColor":"#b91c1c","_manaFillOpacity":0.85,"_manaWeight":1.5,"_manaBorderColor":"#ffffff","_manaGroupName":"Bibliotecas de Barcelona","_manaGroupId":1,"_manaGeometryType":"point","_manaLabelStyle":{"enabled":true,"field":"_manaName","fontFamily":"DM Sans, sans-serif","fontSize":10,"fontWeight":"600","color":"#0f172a","haloWidth":3,"haloColor":"#ffffff","opacity":0.9,"placement":"auto"},"Biblioteca":"Reial Acadèmia de les Bones Lletres","Dirección":"C Bisbe Caçador, 3","Distrito":"Ciutat Vella","Barrio":"el Barri Gòtic","Código Postal":"8002","Centro":"Reial Acadèmia de les Bones Lletres","Bibliotecas en distrito":53,"Bibliotecas por 100k hab.":51.5,"Description":"Biblioteca — Reial Acadèmia de les Bones Lletres. C Bisbe Caçador, 3, Dist. Ciutat Vella, el Barri Gòtic (8002). 53 bibliotecas en Ciutat Vella.","Superficie":"Ciutat Vella","Dato":"53 en Ciutat Vella"},"geometry":{"type":"Point","coordinates":[2.178793,41.383184]}},{"type":"Feature","properties":{"_manaName":"Fundació Pere Tarrés","name":"Fundació Pere Tarrés","_manaColor":"#f97316","_manaFillOpacity":0.85,"_manaWeight":1.5,"_manaBorderColor":"#ffffff","_manaGroupName":"Bibliotecas de Barcelona","_manaGroupId":1,"_manaGeometryType":"point","_manaLabelStyle":{"enabled":true,"field":"_manaName","fontFamily":"DM Sans, sans-serif","fontSize":10,"fontWeight":"600","color":"#0f172a","haloWidth":3,"haloColor":"#ffffff","opacity":0.9,"placement":"auto"},"Biblioteca":"Fundació Pere Tarrés","Dirección":"C Santaló, 37","Distrito":"Sarrià-Sant Gervasi","Barrio":"Sant Gervasi - Galvany","Código Postal":"8021","Centro":"Fundació Pere Tarrés","Bibliotecas en distrito":15,"Bibliotecas por 100k hab.":10.1,"Description":"Biblioteca — Fundació Pere Tarrés. C Santaló, 37, Dist. Sarrià-Sant Gervasi, Sant Gervasi - Galvany (8021). 15 bibliotecas en Sarrià-Sant Gervasi.","Superficie":"Sarrià-Sant Gervasi","Dato":"15 en Sarrià-Sant Gervasi"},"geometry":{"type":"Point","coordinates":[2.145768,41.395591]}},{"type":"Feature","properties":{"_manaName":"Unió Excursionista de Catalunya - Sants","name":"Unió Excursionista de Catalunya - Sants","_manaColor":"#eab308","_manaFillOpacity":0.85,"_manaWeight":1.5,"_manaBorderColor":"#ffffff","_manaGroupName":"Bibliotecas de Barcelona","_manaGroupId":1,"_manaGeometryType":"point","_manaLabelStyle":{"enabled":true,"field":"_manaName","fontFamily":"DM Sans, sans-serif","fontSize":10,"fontWeight":"600","color":"#0f172a","haloWidth":3,"haloColor":"#ffffff","opacity":0.9,"placement":"auto"},"Biblioteca":"Unió Excursionista de Catalunya - Sants","Dirección":"Carrer dels Jocs Florals, 51","Distrito":"Sants-Montjuïc","Barrio":"Sants","Código Postal":"8014","Centro":"Unió Excursionista de Catalunya - Sants","Bibliotecas en distrito":12,"Bibliotecas por 100k hab.":6.5,"Description":"Biblioteca — Unió Excursionista de Catalunya - Sants. Carrer dels Jocs Florals, 51, Dist. Sants-Montjuïc, Sants (8014). 12 bibliotecas en Sants-Montjuïc.","Superficie":"Sants-Montjuïc","Dato":"12 en Sants-Montjuïc"},"geometry":{"type":"Point","coordinates":[2.134868,41.373739]}},{"type":"Feature","properties":{"_manaName":"Càtedra Gaudí - ETSAB - UPC","name":"Càtedra Gaudí - ETSAB - UPC","_manaColor":"#ea580c","_manaFillOpacity":0.85,"_manaWeight":1.5,"_manaBorderColor":"#ffffff","_manaGroupName":"Bibliotecas de Barcelona","_manaGroupId":1,"_manaGeometryType":"point","_manaLabelStyle":{"enabled":true,"field":"_manaName","fontFamily":"DM Sans, sans-serif","fontSize":10,"fontWeight":"600","color":"#0f172a","haloWidth":3,"haloColor":"#ffffff","opacity":0.9,"placement":"auto"},"Biblioteca":"Càtedra Gaudí - ETSAB - UPC","Dirección":"Av Diagonal, 649","Distrito":"Les Corts","Barrio":"la Maternitat i Sant Ramon","Código Postal":"8028","Centro":"Càtedra Gaudí - ETSAB - UPC","Bibliotecas en distrito":18,"Bibliotecas por 100k hab.":22,"Description":"Biblioteca — Càtedra Gaudí - ETSAB - UPC. Av Diagonal, 649, Dist. Les Corts, la Maternitat i Sant Ramon (8028). 18 bibliotecas en Les Corts.","Superficie":"Les Corts","Dato":"18 en Les Corts"},"geometry":{"type":"Point","coordinates":[2.113371,41.384424]}},{"type":"Feature","properties":{"_manaName":"Biblioteca Montserrat Abelló","name":"Biblioteca Montserrat Abelló","_manaColor":"#ea580c","_manaFillOpacity":0.85,"_manaWeight":1.5,"_manaBorderColor":"#ffffff","_manaGroupName":"Bibliotecas de Barcelona","_manaGroupId":1,"_manaGeometryType":"point","_manaLabelStyle":{"enabled":true,"field":"_manaName","fontFamily":"DM Sans, sans-serif","fontSize":10,"fontWeight":"600","color":"#0f172a","haloWidth":3,"haloColor":"#ffffff","opacity":0.9,"placement":"auto"},"Biblioteca":"Biblioteca Montserrat Abelló","Dirección":"Carrer dels Comtes de Bell-lloc, 192","Distrito":"Les Corts","Barrio":"les Corts","Código Postal":"8014","Centro":"—","Bibliotecas en distrito":18,"Bibliotecas por 100k hab.":22,"Description":"Biblioteca. Carrer dels Comtes de Bell-lloc, 192, Dist. Les Corts, les Corts (8014). 18 bibliotecas en Les Corts.","Superficie":"Les Corts","Dato":"18 en Les Corts"},"geometry":{"type":"Point","coordinates":[2.135306,41.383731]}},{"type":"Feature","properties":{"_manaName":"Facultat de Ciències de la Terra - UB","name":"Facultat de Ciències de la Terra - UB","_manaColor":"#ea580c","_manaFillOpacity":0.85,"_manaWeight":1.5,"_manaBorderColor":"#ffffff","_manaGroupName":"Bibliotecas de Barcelona","_manaGroupId":1,"_manaGeometryType":"point","_manaLabelStyle":{"enabled":true,"field":"_manaName","fontFamily":"DM Sans, sans-serif","fontSize":10,"fontWeight":"600","color":"#0f172a","haloWidth":3,"haloColor":"#ffffff","opacity":0.9,"placement":"auto"},"Biblioteca":"Facultat de Ciències de la Terra - UB","Dirección":"Carrer de Martí i Franquès, 2","Distrito":"Les Corts","Barrio":"la Maternitat i Sant Ramon","Código Postal":"8028","Centro":"Facultat de Ciències de la Terra - UB","Bibliotecas en distrito":18,"Bibliotecas por 100k hab.":22,"Description":"Biblioteca — Facultat de Ciències de la Terra - UB. Carrer de Martí i Franquès, 2, Dist. Les Corts, la Maternitat i Sant Ramon (8028). 18 bibliotecas en Les Corts.","Superficie":"Les Corts","Dato":"18 en Les Corts"},"geometry":{"type":"Point","coordinates":[2.119168,41.385492]}},{"type":"Feature","properties":{"_manaName":"Biblioteca Sant Antoni - Joan Oliver","name":"Biblioteca Sant Antoni - Joan Oliver","_manaColor":"#dc2626","_manaFillOpacity":0.85,"_manaWeight":1.5,"_manaBorderColor":"#ffffff","_manaGroupName":"Bibliotecas de Barcelona","_manaGroupId":1,"_manaGeometryType":"point","_manaLabelStyle":{"enabled":true,"field":"_manaName","fontFamily":"DM Sans, sans-serif","fontSize":10,"fontWeight":"600","color":"#0f172a","haloWidth":3,"haloColor":"#ffffff","opacity":0.9,"placement":"auto"},"Biblioteca":"Biblioteca Sant Antoni - Joan Oliver","Dirección":"Carrer del Comte Borrell, 44","Distrito":"Eixample","Barrio":"Sant Antoni","Código Postal":"8015","Centro":"—","Bibliotecas en distrito":45,"Bibliotecas por 100k hab.":16.9,"Description":"Biblioteca. Carrer del Comte Borrell, 44, Dist. Eixample, Sant Antoni (8015). 45 bibliotecas en Eixample.","Superficie":"Eixample","Dato":"45 en Eixample"},"geometry":{"type":"Point","coordinates":[2.162796,41.377416]}},{"type":"Feature","properties":{"_manaName":"Col·legi Oficial de Farmacèutics de Barcelona","name":"Col·legi Oficial de Farmacèutics de Barcelona","_manaColor":"#dc2626","_manaFillOpacity":0.85,"_manaWeight":1.5,"_manaBorderColor":"#ffffff","_manaGroupName":"Bibliotecas de Barcelona","_manaGroupId":1,"_manaGeometryType":"point","_manaLabelStyle":{"enabled":true,"field":"_manaName","fontFamily":"DM Sans, sans-serif","fontSize":10,"fontWeight":"600","color":"#0f172a","haloWidth":3,"haloColor":"#ffffff","opacity":0.9,"placement":"auto"},"Biblioteca":"Col·legi Oficial de Farmacèutics de Barcelona","Dirección":"Girona, 64","Distrito":"Eixample","Barrio":"la Dreta de l'Eixample","Código Postal":"8009","Centro":"Col·legi Oficial de Farmacèutics de Barcelona","Bibliotecas en distrito":45,"Bibliotecas por 100k hab.":16.9,"Description":"Biblioteca — Col·legi Oficial de Farmacèutics de Barcelona. Girona, 64, Dist. Eixample, la Dreta de l'Eixample (8009). 45 bibliotecas en Eixample.","Superficie":"Eixample","Dato":"45 en Eixample"},"geometry":{"type":"Point","coordinates":[2.171522,41.394706]}},{"type":"Feature","properties":{"_manaName":"Cambra Oficial de Comerç, Indústria, Serveis i Navegació de Barcelona","name":"Cambra Oficial de Comerç, Indústria, Serveis i Navegació de Barcelona","_manaColor":"#14b8a6","_manaFillOpacity":0.85,"_manaWeight":1.5,"_manaBorderColor":"#ffffff","_manaGroupName":"Bibliotecas de Barcelona","_manaGroupId":1,"_manaGeometryType":"point","_manaLabelStyle":{"enabled":true,"field":"_manaName","fontFamily":"DM Sans, sans-serif","fontSize":10,"fontWeight":"600","color":"#0f172a","haloWidth":3,"haloColor":"#ffffff","opacity":0.9,"placement":"auto"},"Biblioteca":"Cambra Oficial de Comerç, Indústria, Serveis i Navegació de Barcelona","Dirección":"Av Diagonal, 452","Distrito":"Gràcia","Barrio":"la Vila de Gràcia","Código Postal":"8006","Centro":"Cambra Oficial de Comerç, Indústria, Serveis i Navegació de Barcelona","Bibliotecas en distrito":7,"Bibliotecas por 100k hab.":5.7,"Description":"Biblioteca — Cambra Oficial de Comerç, Indústria, Serveis i Navegació de Barcelona. Av Diagonal, 452, Dist. Gràcia, la Vila de Gràcia (8006). 7 bibliotecas en Gràcia.","Superficie":"Gràcia","Dato":"7 en Gràcia"},"geometry":{"type":"Point","coordinates":[2.157767,41.396365]}},{"type":"Feature","properties":{"_manaName":"Fundació Orfeó Gracienc","name":"Fundació Orfeó Gracienc","_manaColor":"#14b8a6","_manaFillOpacity":0.85,"_manaWeight":1.5,"_manaBorderColor":"#ffffff","_manaGroupName":"Bibliotecas de Barcelona","_manaGroupId":1,"_manaGeometryType":"point","_manaLabelStyle":{"enabled":true,"field":"_manaName","fontFamily":"DM Sans, sans-serif","fontSize":10,"fontWeight":"600","color":"#0f172a","haloWidth":3,"haloColor":"#ffffff","opacity":0.9,"placement":"auto"},"Biblioteca":"Fundació Orfeó Gracienc","Dirección":"Astúries, 83","Distrito":"Gràcia","Barrio":"la Vila de Gràcia","Código Postal":"8024","Centro":"Fundació Orfeó Gracienc","Bibliotecas en distrito":7,"Bibliotecas por 100k hab.":5.7,"Description":"Biblioteca — Fundació Orfeó Gracienc. Astúries, 83, Dist. Gràcia, la Vila de Gràcia (8024). 7 bibliotecas en Gràcia.","Superficie":"Gràcia","Dato":"7 en Gràcia"},"geometry":{"type":"Point","coordinates":[2.156423,41.404734]}},{"type":"Feature","properties":{"_manaName":"Fundació Salvador Seguí","name":"Fundació Salvador Seguí","_manaColor":"#b91c1c","_manaFillOpacity":0.85,"_manaWeight":1.5,"_manaBorderColor":"#ffffff","_manaGroupName":"Bibliotecas de Barcelona","_manaGroupId":1,"_manaGeometryType":"point","_manaLabelStyle":{"enabled":true,"field":"_manaName","fontFamily":"DM Sans, sans-serif","fontSize":10,"fontWeight":"600","color":"#0f172a","haloWidth":3,"haloColor":"#ffffff","opacity":0.9,"placement":"auto"},"Biblioteca":"Fundació Salvador Seguí","Dirección":"Via Laietana, 18","Distrito":"Ciutat Vella","Barrio":"Sant Pere, Santa Caterina i la Ribera","Código Postal":"8003","Centro":"Fundació Salvador Seguí","Bibliotecas en distrito":53,"Bibliotecas por 100k hab.":51.5,"Description":"Biblioteca — Fundació Salvador Seguí. Via Laietana, 18, Dist. Ciutat Vella, Sant Pere, Santa Caterina i la Ribera (8003). 53 bibliotecas en Ciutat Vella.","Superficie":"Ciutat Vella","Dato":"53 en Ciutat Vella"},"geometry":{"type":"Point","coordinates":[2.179558,41.383525]}},{"type":"Feature","properties":{"_manaName":"Biblioteca Zona Nord - Mària Sánchez","name":"Biblioteca Zona Nord - Mària Sánchez","_manaColor":"#3b82f6","_manaFillOpacity":0.85,"_manaWeight":1.5,"_manaBorderColor":"#ffffff","_manaGroupName":"Bibliotecas de Barcelona","_manaGroupId":1,"_manaGeometryType":"point","_manaLabelStyle":{"enabled":true,"field":"_manaName","fontFamily":"DM Sans, sans-serif","fontSize":10,"fontWeight":"600","color":"#0f172a","haloWidth":3,"haloColor":"#ffffff","opacity":0.9,"placement":"auto"},"Biblioteca":"Biblioteca Zona Nord - Mària Sánchez","Dirección":"Carrer de Vallcivera, 3","Distrito":"Nou Barris","Barrio":"Torre Baró","Código Postal":"8033","Centro":"—","Bibliotecas en distrito":5,"Bibliotecas por 100k hab.":3,"Description":"Biblioteca. Carrer de Vallcivera, 3, Dist. Nou Barris, Torre Baró (8033). 5 bibliotecas en Nou Barris.","Superficie":"Nou Barris","Dato":"5 en Nou Barris"},"geometry":{"type":"Point","coordinates":[2.179893,41.461268]}},{"type":"Feature","properties":{"_manaName":"Facultat de Belles Arts - UB","name":"Facultat de Belles Arts - UB","_manaColor":"#ea580c","_manaFillOpacity":0.85,"_manaWeight":1.5,"_manaBorderColor":"#ffffff","_manaGroupName":"Bibliotecas de Barcelona","_manaGroupId":1,"_manaGeometryType":"point","_manaLabelStyle":{"enabled":true,"field":"_manaName","fontFamily":"DM Sans, sans-serif","fontSize":10,"fontWeight":"600","color":"#0f172a","haloWidth":3,"haloColor":"#ffffff","opacity":0.9,"placement":"auto"},"Biblioteca":"Facultat de Belles Arts - UB","Dirección":"C Baldiri Reixac, 2","Distrito":"Les Corts","Barrio":"la Maternitat i Sant Ramon","Código Postal":"8028","Centro":"Facultat de Belles Arts - UB","Bibliotecas en distrito":18,"Bibliotecas por 100k hab.":22,"Description":"Biblioteca — Facultat de Belles Arts - UB. C Baldiri Reixac, 2, Dist. Les Corts, la Maternitat i Sant Ramon (8028). 18 bibliotecas en Les Corts.","Superficie":"Les Corts","Dato":"18 en Les Corts"},"geometry":{"type":"Point","coordinates":[2.116459,41.38187]}},{"type":"Feature","properties":{"_manaName":"Club Excursionista de Gràcia","name":"Club Excursionista de Gràcia","_manaColor":"#f97316","_manaFillOpacity":0.85,"_manaWeight":1.5,"_manaBorderColor":"#ffffff","_manaGroupName":"Bibliotecas de Barcelona","_manaGroupId":1,"_manaGeometryType":"point","_manaLabelStyle":{"enabled":true,"field":"_manaName","fontFamily":"DM Sans, sans-serif","fontSize":10,"fontWeight":"600","color":"#0f172a","haloWidth":3,"haloColor":"#ffffff","opacity":0.9,"placement":"auto"},"Biblioteca":"Club Excursionista de Gràcia","Dirección":"Ptge Mulet, 4","Distrito":"Sarrià-Sant Gervasi","Barrio":"el Putxet i el Farró","Código Postal":"8006","Centro":"Club Excursionista de Gràcia","Bibliotecas en distrito":15,"Bibliotecas por 100k hab.":10.1,"Description":"Biblioteca — Club Excursionista de Gràcia. Ptge Mulet, 4, Dist. Sarrià-Sant Gervasi, el Putxet i el Farró (8006). 15 bibliotecas en Sarrià-Sant Gervasi.","Superficie":"Sarrià-Sant Gervasi","Dato":"15 en Sarrià-Sant Gervasi"},"geometry":{"type":"Point","coordinates":[2.149324,41.402195]}},{"type":"Feature","properties":{"_manaName":"Facultat de Nàutica - UPC","name":"Facultat de Nàutica - UPC","_manaColor":"#b91c1c","_manaFillOpacity":0.85,"_manaWeight":1.5,"_manaBorderColor":"#ffffff","_manaGroupName":"Bibliotecas de Barcelona","_manaGroupId":1,"_manaGeometryType":"point","_manaLabelStyle":{"enabled":true,"field":"_manaName","fontFamily":"DM Sans, sans-serif","fontSize":10,"fontWeight":"600","color":"#0f172a","haloWidth":3,"haloColor":"#ffffff","opacity":0.9,"placement":"auto"},"Biblioteca":"Facultat de Nàutica - UPC","Dirección":"Pla de Palau, 18","Distrito":"Ciutat Vella","Barrio":"la Barceloneta","Código Postal":"8003","Centro":"Facultat de Nàutica - UPC","Bibliotecas en distrito":53,"Bibliotecas por 100k hab.":51.5,"Description":"Biblioteca — Facultat de Nàutica - UPC. Pla de Palau, 18, Dist. Ciutat Vella, la Barceloneta (8003). 53 bibliotecas en Ciutat Vella.","Superficie":"Ciutat Vella","Dato":"53 en Ciutat Vella"},"geometry":{"type":"Point","coordinates":[2.184501,41.382334]}},{"type":"Feature","properties":{"_manaName":"Fundació Arqueològica Clos","name":"Fundació Arqueològica Clos","_manaColor":"#dc2626","_manaFillOpacity":0.85,"_manaWeight":1.5,"_manaBorderColor":"#ffffff","_manaGroupName":"Bibliotecas de Barcelona","_manaGroupId":1,"_manaGeometryType":"point","_manaLabelStyle":{"enabled":true,"field":"_manaName","fontFamily":"DM Sans, sans-serif","fontSize":10,"fontWeight":"600","color":"#0f172a","haloWidth":3,"haloColor":"#ffffff","opacity":0.9,"placement":"auto"},"Biblioteca":"Fundació Arqueològica Clos","Dirección":"C València, 284","Distrito":"Eixample","Barrio":"la Dreta de l'Eixample","Código Postal":"8007","Centro":"Fundació Arqueològica Clos","Bibliotecas en distrito":45,"Bibliotecas por 100k hab.":16.9,"Description":"Biblioteca — Fundació Arqueològica Clos. C València, 284, Dist. Eixample, la Dreta de l'Eixample (8007). 45 bibliotecas en Eixample.","Superficie":"Eixample","Dato":"45 en Eixample"},"geometry":{"type":"Point","coordinates":[2.164754,41.393658]}},{"type":"Feature","properties":{"_manaName":"Centre Excursionista Els Blaus","name":"Centre Excursionista Els Blaus","_manaColor":"#f97316","_manaFillOpacity":0.85,"_manaWeight":1.5,"_manaBorderColor":"#ffffff","_manaGroupName":"Bibliotecas de Barcelona","_manaGroupId":1,"_manaGeometryType":"point","_manaLabelStyle":{"enabled":true,"field":"_manaName","fontFamily":"DM Sans, sans-serif","fontSize":10,"fontWeight":"600","color":"#0f172a","haloWidth":3,"haloColor":"#ffffff","opacity":0.9,"placement":"auto"},"Biblioteca":"Centre Excursionista Els Blaus","Dirección":"C Cornet i Mas, 15","Distrito":"Sarrià-Sant Gervasi","Barrio":"Sarrià","Código Postal":"8017","Centro":"Centre Excursionista Els Blaus","Bibliotecas en distrito":15,"Bibliotecas por 100k hab.":10.1,"Description":"Biblioteca — Centre Excursionista Els Blaus. C Cornet i Mas, 15, Dist. Sarrià-Sant Gervasi, Sarrià (8017). 15 bibliotecas en Sarrià-Sant Gervasi.","Superficie":"Sarrià-Sant Gervasi","Dato":"15 en Sarrià-Sant Gervasi"},"geometry":{"type":"Point","coordinates":[2.123618,41.398173]}},{"type":"Feature","properties":{"_manaName":"Unió Excursionista de Catalunya - Gràcia","name":"Unió Excursionista de Catalunya - Gràcia","_manaColor":"#14b8a6","_manaFillOpacity":0.85,"_manaWeight":1.5,"_manaBorderColor":"#ffffff","_manaGroupName":"Bibliotecas de Barcelona","_manaGroupId":1,"_manaGeometryType":"point","_manaLabelStyle":{"enabled":true,"field":"_manaName","fontFamily":"DM Sans, sans-serif","fontSize":10,"fontWeight":"600","color":"#0f172a","haloWidth":3,"haloColor":"#ffffff","opacity":0.9,"placement":"auto"},"Biblioteca":"Unió Excursionista de Catalunya - Gràcia","Dirección":"C Encarnació, 131","Distrito":"Gràcia","Barrio":"el Camp d'en Grassot i Gràcia Nova","Código Postal":"8025","Centro":"Unió Excursionista de Catalunya - Gràcia","Bibliotecas en distrito":7,"Bibliotecas por 100k hab.":5.7,"Description":"Biblioteca — Unió Excursionista de Catalunya - Gràcia. C Encarnació, 131, Dist. Gràcia, el Camp d'en Grassot i Gràcia Nova (8025). 7 bibliotecas en Gràcia.","Superficie":"Gràcia","Dato":"7 en Gràcia"},"geometry":{"type":"Point","coordinates":[2.164296,41.409287]}},{"type":"Feature","properties":{"_manaName":"Biblioteca El Poble-sec – Francesc Boix","name":"Biblioteca El Poble-sec – Francesc Boix","_manaColor":"#eab308","_manaFillOpacity":0.85,"_manaWeight":1.5,"_manaBorderColor":"#ffffff","_manaGroupName":"Bibliotecas de Barcelona","_manaGroupId":1,"_manaGeometryType":"point","_manaLabelStyle":{"enabled":true,"field":"_manaName","fontFamily":"DM Sans, sans-serif","fontSize":10,"fontWeight":"600","color":"#0f172a","haloWidth":3,"haloColor":"#ffffff","opacity":0.9,"placement":"auto"},"Biblioteca":"Biblioteca El Poble-sec – Francesc Boix","Dirección":"Carrer de Blai, 34","Distrito":"Sants-Montjuïc","Barrio":"el Poble-sec","Código Postal":"8004","Centro":"—","Bibliotecas en distrito":12,"Bibliotecas por 100k hab.":6.5,"Description":"Biblioteca. Carrer de Blai, 34, Dist. Sants-Montjuïc, el Poble-sec (8004). 12 bibliotecas en Sants-Montjuïc.","Superficie":"Sants-Montjuïc","Dato":"12 en Sants-Montjuïc"},"geometry":{"type":"Point","coordinates":[2.164043,41.373953]}},{"type":"Feature","properties":{"_manaName":"Reial Acadèmia de Ciències i Arts de Barcelona","name":"Reial Acadèmia de Ciències i Arts de Barcelona","_manaColor":"#b91c1c","_manaFillOpacity":0.85,"_manaWeight":1.5,"_manaBorderColor":"#ffffff","_manaGroupName":"Bibliotecas de Barcelona","_manaGroupId":1,"_manaGeometryType":"point","_manaLabelStyle":{"enabled":true,"field":"_manaName","fontFamily":"DM Sans, sans-serif","fontSize":10,"fontWeight":"600","color":"#0f172a","haloWidth":3,"haloColor":"#ffffff","opacity":0.9,"placement":"auto"},"Biblioteca":"Reial Acadèmia de Ciències i Arts de Barcelona","Dirección":"Carrer la Rambla, 115","Distrito":"Ciutat Vella","Barrio":"el Raval","Código Postal":"8002","Centro":"Reial Acadèmia de Ciències i Arts de Barcelona","Bibliotecas en distrito":53,"Bibliotecas por 100k hab.":51.5,"Description":"Biblioteca — Reial Acadèmia de Ciències i Arts de Barcelona. Carrer la Rambla, 115, Dist. Ciutat Vella, el Raval (8002). 53 bibliotecas en Ciutat Vella.","Superficie":"Ciutat Vella","Dato":"53 en Ciutat Vella"},"geometry":{"type":"Point","coordinates":[2.170725,41.384148]}},{"type":"Feature","properties":{"_manaName":"Biblioteca El Clot - Josep Benet","name":"Biblioteca El Clot - Josep Benet","_manaColor":"#22c55e","_manaFillOpacity":0.85,"_manaWeight":1.5,"_manaBorderColor":"#ffffff","_manaGroupName":"Bibliotecas de Barcelona","_manaGroupId":1,"_manaGeometryType":"point","_manaLabelStyle":{"enabled":true,"field":"_manaName","fontFamily":"DM Sans, sans-serif","fontSize":10,"fontWeight":"600","color":"#0f172a","haloWidth":3,"haloColor":"#ffffff","opacity":0.9,"placement":"auto"},"Biblioteca":"Biblioteca El Clot - Josep Benet","Dirección":"Plaça de les Glòries Catalanes, 37","Distrito":"Sant Martí","Barrio":"el Parc i la Llacuna del Poblenou","Código Postal":"8018","Centro":"—","Bibliotecas en distrito":11,"Bibliotecas por 100k hab.":4.6,"Description":"Biblioteca. Plaça de les Glòries Catalanes, 37, Dist. Sant Martí, el Parc i la Llacuna del Poblenou (8018). 11 bibliotecas en Sant Martí.","Superficie":"Sant Martí","Dato":"11 en Sant Martí"},"geometry":{"type":"Point","coordinates":[2.18805,41.402601]}},{"type":"Feature","properties":{"_manaName":"Fundació Suñol","name":"Fundació Suñol","_manaColor":"#ea580c","_manaFillOpacity":0.85,"_manaWeight":1.5,"_manaBorderColor":"#ffffff","_manaGroupName":"Bibliotecas de Barcelona","_manaGroupId":1,"_manaGeometryType":"point","_manaLabelStyle":{"enabled":true,"field":"_manaName","fontFamily":"DM Sans, sans-serif","fontSize":10,"fontWeight":"600","color":"#0f172a","haloWidth":3,"haloColor":"#ffffff","opacity":0.9,"placement":"auto"},"Biblioteca":"Fundació Suñol","Dirección":"Carrer de Mejía Lequerica, 14","Distrito":"Les Corts","Barrio":"la Maternitat i Sant Ramon","Código Postal":"8028","Centro":"Fundació Suñol","Bibliotecas en distrito":18,"Bibliotecas por 100k hab.":22,"Description":"Biblioteca — Fundació Suñol. Carrer de Mejía Lequerica, 14, Dist. Les Corts, la Maternitat i Sant Ramon (8028). 18 bibliotecas en Les Corts.","Superficie":"Les Corts","Dato":"18 en Les Corts"},"geometry":{"type":"Point","coordinates":[2.12641,41.382652]}},{"type":"Feature","properties":{"_manaName":"Biblioteca Horta - Can Mariner","name":"Biblioteca Horta - Can Mariner","_manaColor":"#84cc16","_manaFillOpacity":0.85,"_manaWeight":1.5,"_manaBorderColor":"#ffffff","_manaGroupName":"Bibliotecas de Barcelona","_manaGroupId":1,"_manaGeometryType":"point","_manaLabelStyle":{"enabled":true,"field":"_manaName","fontFamily":"DM Sans, sans-serif","fontSize":10,"fontWeight":"600","color":"#0f172a","haloWidth":3,"haloColor":"#ffffff","opacity":0.9,"placement":"auto"},"Biblioteca":"Biblioteca Horta - Can Mariner","Dirección":"Carrer del Vent, 1","Distrito":"Horta-Guinardó","Barrio":"Horta","Código Postal":"8031","Centro":"—","Bibliotecas en distrito":12,"Bibliotecas por 100k hab.":7.3,"Description":"Biblioteca. Carrer del Vent, 1, Dist. Horta-Guinardó, Horta (8031). 12 bibliotecas en Horta-Guinardó.","Superficie":"Horta-Guinardó","Dato":"12 en Horta-Guinardó"},"geometry":{"type":"Point","coordinates":[2.160751,41.431136]}},{"type":"Feature","properties":{"_manaName":"Biblioteca La Barceloneta -  La Fraternitat","name":"Biblioteca La Barceloneta -  La Fraternitat","_manaColor":"#b91c1c","_manaFillOpacity":0.85,"_manaWeight":1.5,"_manaBorderColor":"#ffffff","_manaGroupName":"Bibliotecas de Barcelona","_manaGroupId":1,"_manaGeometryType":"point","_manaLabelStyle":{"enabled":true,"field":"_manaName","fontFamily":"DM Sans, sans-serif","fontSize":10,"fontWeight":"600","color":"#0f172a","haloWidth":3,"haloColor":"#ffffff","opacity":0.9,"placement":"auto"},"Biblioteca":"Biblioteca La Barceloneta -  La Fraternitat","Dirección":"Carrer de Felícia Fuster i Viladecans, 8","Distrito":"Ciutat Vella","Barrio":"la Barceloneta","Código Postal":"8003","Centro":"—","Bibliotecas en distrito":53,"Bibliotecas por 100k hab.":51.5,"Description":"Biblioteca. Carrer de Felícia Fuster i Viladecans, 8, Dist. Ciutat Vella, la Barceloneta (8003). 53 bibliotecas en Ciutat Vella.","Superficie":"Ciutat Vella","Dato":"53 en Ciutat Vella"},"geometry":{"type":"Point","coordinates":[2.188872,41.379233]}},{"type":"Feature","properties":{"_manaName":"Escola Oficial d'Idiomes Barcelona - Drassanes","name":"Escola Oficial d'Idiomes Barcelona - Drassanes","_manaColor":"#b91c1c","_manaFillOpacity":0.85,"_manaWeight":1.5,"_manaBorderColor":"#ffffff","_manaGroupName":"Bibliotecas de Barcelona","_manaGroupId":1,"_manaGeometryType":"point","_manaLabelStyle":{"enabled":true,"field":"_manaName","fontFamily":"DM Sans, sans-serif","fontSize":10,"fontWeight":"600","color":"#0f172a","haloWidth":3,"haloColor":"#ffffff","opacity":0.9,"placement":"auto"},"Biblioteca":"Escola Oficial d'Idiomes Barcelona - Drassanes","Dirección":"Arc del Teatre, 24","Distrito":"Ciutat Vella","Barrio":"el Raval","Código Postal":"8001","Centro":"Escola Oficial d'Idiomes Barcelona - Drassanes","Bibliotecas en distrito":53,"Bibliotecas por 100k hab.":51.5,"Description":"Biblioteca — Escola Oficial d'Idiomes Barcelona - Drassanes. Arc del Teatre, 24, Dist. Ciutat Vella, el Raval (8001). 53 bibliotecas en Ciutat Vella.","Superficie":"Ciutat Vella","Dato":"53 en Ciutat Vella"},"geometry":{"type":"Point","coordinates":[2.17353,41.377123]}},{"type":"Feature","properties":{"_manaName":"Centre Universitari EAE Business School","name":"Centre Universitari EAE Business School","_manaColor":"#dc2626","_manaFillOpacity":0.85,"_manaWeight":1.5,"_manaBorderColor":"#ffffff","_manaGroupName":"Bibliotecas de Barcelona","_manaGroupId":1,"_manaGeometryType":"point","_manaLabelStyle":{"enabled":true,"field":"_manaName","fontFamily":"DM Sans, sans-serif","fontSize":10,"fontWeight":"600","color":"#0f172a","haloWidth":3,"haloColor":"#ffffff","opacity":0.9,"placement":"auto"},"Biblioteca":"Centre Universitari EAE Business School","Dirección":"C Aragó, 55","Distrito":"Eixample","Barrio":"la Nova Esquerra de l'Eixample","Código Postal":"8015","Centro":"Centre Universitari EAE Business School","Bibliotecas en distrito":45,"Bibliotecas por 100k hab.":16.9,"Description":"Biblioteca — Centre Universitari EAE Business School. C Aragó, 55, Dist. Eixample, la Nova Esquerra de l'Eixample (8015). 45 bibliotecas en Eixample.","Superficie":"Eixample","Dato":"45 en Eixample"},"geometry":{"type":"Point","coordinates":[2.148971,41.380349]}},{"type":"Feature","properties":{"_manaName":"Col·legi d'Arquitectes de Catalunya","name":"Col·legi d'Arquitectes de Catalunya","_manaColor":"#b91c1c","_manaFillOpacity":0.85,"_manaWeight":1.5,"_manaBorderColor":"#ffffff","_manaGroupName":"Bibliotecas de Barcelona","_manaGroupId":1,"_manaGeometryType":"point","_manaLabelStyle":{"enabled":true,"field":"_manaName","fontFamily":"DM Sans, sans-serif","fontSize":10,"fontWeight":"600","color":"#0f172a","haloWidth":3,"haloColor":"#ffffff","opacity":0.9,"placement":"auto"},"Biblioteca":"Col·legi d'Arquitectes de Catalunya","Dirección":"C Arcs, 1","Distrito":"Ciutat Vella","Barrio":"el Barri Gòtic","Código Postal":"8002","Centro":"Col·legi d'Arquitectes de Catalunya","Bibliotecas en distrito":53,"Bibliotecas por 100k hab.":51.5,"Description":"Biblioteca — Col·legi d'Arquitectes de Catalunya. C Arcs, 1, Dist. Ciutat Vella, el Barri Gòtic (8002). 53 bibliotecas en Ciutat Vella.","Superficie":"Ciutat Vella","Dato":"53 en Ciutat Vella"},"geometry":{"type":"Point","coordinates":[2.174725,41.384451]}},{"type":"Feature","properties":{"_manaName":"Unió Excursionista de Catalunya de Barcelona","name":"Unió Excursionista de Catalunya de Barcelona","_manaColor":"#dc2626","_manaFillOpacity":0.85,"_manaWeight":1.5,"_manaBorderColor":"#ffffff","_manaGroupName":"Bibliotecas de Barcelona","_manaGroupId":1,"_manaGeometryType":"point","_manaLabelStyle":{"enabled":true,"field":"_manaName","fontFamily":"DM Sans, sans-serif","fontSize":10,"fontWeight":"600","color":"#0f172a","haloWidth":3,"haloColor":"#ffffff","opacity":0.9,"placement":"auto"},"Biblioteca":"Unió Excursionista de Catalunya de Barcelona","Dirección":"Carrer d'Entença, 22","Distrito":"Eixample","Barrio":"Sant Antoni","Código Postal":"8015","Centro":"Unió Excursionista de Catalunya de Barcelona","Bibliotecas en distrito":45,"Bibliotecas por 100k hab.":16.9,"Description":"Biblioteca — Unió Excursionista de Catalunya de Barcelona. Carrer d'Entença, 22, Dist. Eixample, Sant Antoni (8015). 45 bibliotecas en Eixample.","Superficie":"Eixample","Dato":"45 en Eixample"},"geometry":{"type":"Point","coordinates":[2.154945,41.376492]}},{"type":"Feature","properties":{"_manaName":"Museu de Ciències Naturals de Barcelona","name":"Museu de Ciències Naturals de Barcelona","_manaColor":"#b91c1c","_manaFillOpacity":0.85,"_manaWeight":1.5,"_manaBorderColor":"#ffffff","_manaGroupName":"Bibliotecas de Barcelona","_manaGroupId":1,"_manaGeometryType":"point","_manaLabelStyle":{"enabled":true,"field":"_manaName","fontFamily":"DM Sans, sans-serif","fontSize":10,"fontWeight":"600","color":"#0f172a","haloWidth":3,"haloColor":"#ffffff","opacity":0.9,"placement":"auto"},"Biblioteca":"Museu de Ciències Naturals de Barcelona","Dirección":"Passeig de Picasso, 5","Distrito":"Ciutat Vella","Barrio":"Sant Pere, Santa Caterina i la Ribera","Código Postal":"8003","Centro":"Museu de Ciències Naturals de Barcelona","Bibliotecas en distrito":53,"Bibliotecas por 100k hab.":51.5,"Description":"Biblioteca — Museu de Ciències Naturals de Barcelona. Passeig de Picasso, 5, Dist. Ciutat Vella, Sant Pere, Santa Caterina i la Ribera (8003). 53 bibliotecas en Ciutat Vella.","Superficie":"Ciutat Vella","Dato":"53 en Ciutat Vella"},"geometry":{"type":"Point","coordinates":[2.183036,41.388123]}},{"type":"Feature","properties":{"_manaName":"Escola Superior de Disseny i d'Art Llotja *Sant Gervasi","name":"Escola Superior de Disseny i d'Art Llotja *Sant Gervasi","_manaColor":"#f97316","_manaFillOpacity":0.85,"_manaWeight":1.5,"_manaBorderColor":"#ffffff","_manaGroupName":"Bibliotecas de Barcelona","_manaGroupId":1,"_manaGeometryType":"point","_manaLabelStyle":{"enabled":true,"field":"_manaName","fontFamily":"DM Sans, sans-serif","fontSize":10,"fontWeight":"600","color":"#0f172a","haloWidth":3,"haloColor":"#ffffff","opacity":0.9,"placement":"auto"},"Biblioteca":"Escola Superior de Disseny i d'Art Llotja *Sant Gervasi","Dirección":"Carrer de la Ciutat de Balaguer, 17","Distrito":"Sarrià-Sant Gervasi","Barrio":"Sant Gervasi - la Bonanova","Código Postal":"8022","Centro":"Escola Superior de Disseny i d'Art Llotja *Sant Gervasi","Bibliotecas en distrito":15,"Bibliotecas por 100k hab.":10.1,"Description":"Biblioteca — Escola Superior de Disseny i d'Art Llotja *Sant Gervasi. Carrer de la Ciutat de Balaguer, 17, Dist. Sarrià-Sant Gervasi, Sant Gervasi - la Bonanova (8022). 15 bibliotecas en Sarrià-Sant Gervasi.","Superficie":"Sarrià-Sant Gervasi","Dato":"15 en Sarrià-Sant Gervasi"},"geometry":{"type":"Point","coordinates":[2.13613,41.402602]}},{"type":"Feature","properties":{"_manaName":"Escola d'Administració Pública de Catalunya","name":"Escola d'Administració Pública de Catalunya","_manaColor":"#dc2626","_manaFillOpacity":0.85,"_manaWeight":1.5,"_manaBorderColor":"#ffffff","_manaGroupName":"Bibliotecas de Barcelona","_manaGroupId":1,"_manaGeometryType":"point","_manaLabelStyle":{"enabled":true,"field":"_manaName","fontFamily":"DM Sans, sans-serif","fontSize":10,"fontWeight":"600","color":"#0f172a","haloWidth":3,"haloColor":"#ffffff","opacity":0.9,"placement":"auto"},"Biblioteca":"Escola d'Administració Pública de Catalunya","Dirección":"Girona, 20","Distrito":"Eixample","Barrio":"la Dreta de l'Eixample","Código Postal":"8010","Centro":"Escola d'Administració Pública de Catalunya","Bibliotecas en distrito":45,"Bibliotecas por 100k hab.":16.9,"Description":"Biblioteca — Escola d'Administració Pública de Catalunya. Girona, 20, Dist. Eixample, la Dreta de l'Eixample (8010). 45 bibliotecas en Eixample.","Superficie":"Eixample","Dato":"45 en Eixample"},"geometry":{"type":"Point","coordinates":[2.175511,41.39169]}},{"type":"Feature","properties":{"_manaName":"Centre Cultural Euskal Etxea Barcelona","name":"Centre Cultural Euskal Etxea Barcelona","_manaColor":"#b91c1c","_manaFillOpacity":0.85,"_manaWeight":1.5,"_manaBorderColor":"#ffffff","_manaGroupName":"Bibliotecas de Barcelona","_manaGroupId":1,"_manaGeometryType":"point","_manaLabelStyle":{"enabled":true,"field":"_manaName","fontFamily":"DM Sans, sans-serif","fontSize":10,"fontWeight":"600","color":"#0f172a","haloWidth":3,"haloColor":"#ffffff","opacity":0.9,"placement":"auto"},"Biblioteca":"Centre Cultural Euskal Etxea Barcelona","Dirección":"Plta Montcada, 1","Distrito":"Ciutat Vella","Barrio":"Sant Pere, Santa Caterina i la Ribera","Código Postal":"8003","Centro":"Centre Cultural Euskal Etxea Barcelona","Bibliotecas en distrito":53,"Bibliotecas por 100k hab.":51.5,"Description":"Biblioteca — Centre Cultural Euskal Etxea Barcelona. Plta Montcada, 1, Dist. Ciutat Vella, Sant Pere, Santa Caterina i la Ribera (8003). 53 bibliotecas en Ciutat Vella.","Superficie":"Ciutat Vella","Dato":"53 en Ciutat Vella"},"geometry":{"type":"Point","coordinates":[2.182243,41.384836]}},{"type":"Feature","properties":{"_manaName":"Església dels Caputxins de Sarrià","name":"Església dels Caputxins de Sarrià","_manaColor":"#f97316","_manaFillOpacity":0.85,"_manaWeight":1.5,"_manaBorderColor":"#ffffff","_manaGroupName":"Bibliotecas de Barcelona","_manaGroupId":1,"_manaGeometryType":"point","_manaLabelStyle":{"enabled":true,"field":"_manaName","fontFamily":"DM Sans, sans-serif","fontSize":10,"fontWeight":"600","color":"#0f172a","haloWidth":3,"haloColor":"#ffffff","opacity":0.9,"placement":"auto"},"Biblioteca":"Església dels Caputxins de Sarrià","Dirección":"C Cardenal Vives i Tutó, 2","Distrito":"Sarrià-Sant Gervasi","Barrio":"Sarrià","Código Postal":"8034","Centro":"Església dels Caputxins de Sarrià","Bibliotecas en distrito":15,"Bibliotecas por 100k hab.":10.1,"Description":"Biblioteca — Església dels Caputxins de Sarrià. C Cardenal Vives i Tutó, 2, Dist. Sarrià-Sant Gervasi, Sarrià (8034). 15 bibliotecas en Sarrià-Sant Gervasi.","Superficie":"Sarrià-Sant Gervasi","Dato":"15 en Sarrià-Sant Gervasi"},"geometry":{"type":"Point","coordinates":[2.119442,41.393731]}},{"type":"Feature","properties":{"_manaName":"Museu d'Arqueologia de Catalunya","name":"Museu d'Arqueologia de Catalunya","_manaColor":"#eab308","_manaFillOpacity":0.85,"_manaWeight":1.5,"_manaBorderColor":"#ffffff","_manaGroupName":"Bibliotecas de Barcelona","_manaGroupId":1,"_manaGeometryType":"point","_manaLabelStyle":{"enabled":true,"field":"_manaName","fontFamily":"DM Sans, sans-serif","fontSize":10,"fontWeight":"600","color":"#0f172a","haloWidth":3,"haloColor":"#ffffff","opacity":0.9,"placement":"auto"},"Biblioteca":"Museu d'Arqueologia de Catalunya","Dirección":"Pg Santa Madrona, 39","Distrito":"Sants-Montjuïc","Barrio":"el Poble-sec","Código Postal":"8038","Centro":"Museu d'Arqueologia de Catalunya","Bibliotecas en distrito":12,"Bibliotecas por 100k hab.":6.5,"Description":"Biblioteca — Museu d'Arqueologia de Catalunya. Pg Santa Madrona, 39, Dist. Sants-Montjuïc, el Poble-sec (8038). 12 bibliotecas en Sants-Montjuïc.","Superficie":"Sants-Montjuïc","Dato":"12 en Sants-Montjuïc"},"geometry":{"type":"Point","coordinates":[2.157664,41.370185]}},{"type":"Feature","properties":{"_manaName":"Institut Químic de Sarrià - Campus Sarrià - IQS","name":"Institut Químic de Sarrià - Campus Sarrià - IQS","_manaColor":"#f97316","_manaFillOpacity":0.85,"_manaWeight":1.5,"_manaBorderColor":"#ffffff","_manaGroupName":"Bibliotecas de Barcelona","_manaGroupId":1,"_manaGeometryType":"point","_manaLabelStyle":{"enabled":true,"field":"_manaName","fontFamily":"DM Sans, sans-serif","fontSize":10,"fontWeight":"600","color":"#0f172a","haloWidth":3,"haloColor":"#ffffff","opacity":0.9,"placement":"auto"},"Biblioteca":"Institut Químic de Sarrià - Campus Sarrià - IQS","Dirección":"Via Augusta, 390","Distrito":"Sarrià-Sant Gervasi","Barrio":"Sarrià","Código Postal":"8017","Centro":"Institut Químic de Sarrià - Campus Sarrià - IQS","Bibliotecas en distrito":15,"Bibliotecas por 100k hab.":10.1,"Description":"Biblioteca — Institut Químic de Sarrià - Campus Sarrià - IQS. Via Augusta, 390, Dist. Sarrià-Sant Gervasi, Sarrià (8017). 15 bibliotecas en Sarrià-Sant Gervasi.","Superficie":"Sarrià-Sant Gervasi","Dato":"15 en Sarrià-Sant Gervasi"},"geometry":{"type":"Point","coordinates":[2.119461,41.403796]}},{"type":"Feature","properties":{"_manaName":"Biblioteca de Medicina *Pg. Marítim","name":"Biblioteca de Medicina *Pg. Marítim","_manaColor":"#b91c1c","_manaFillOpacity":0.85,"_manaWeight":1.5,"_manaBorderColor":"#ffffff","_manaGroupName":"Bibliotecas de Barcelona","_manaGroupId":1,"_manaGeometryType":"point","_manaLabelStyle":{"enabled":true,"field":"_manaName","fontFamily":"DM Sans, sans-serif","fontSize":10,"fontWeight":"600","color":"#0f172a","haloWidth":3,"haloColor":"#ffffff","opacity":0.9,"placement":"auto"},"Biblioteca":"Biblioteca de Medicina *Pg. Marítim","Dirección":"Passeig Marítim de la Barceloneta - Oriol Bohigas, 25","Distrito":"Ciutat Vella","Barrio":"la Barceloneta","Código Postal":"8003","Centro":"—","Bibliotecas en distrito":53,"Bibliotecas por 100k hab.":51.5,"Description":"Biblioteca. Passeig Marítim de la Barceloneta - Oriol Bohigas, 25, Dist. Ciutat Vella, la Barceloneta (8003). 53 bibliotecas en Ciutat Vella.","Superficie":"Ciutat Vella","Dato":"53 en Ciutat Vella"},"geometry":{"type":"Point","coordinates":[2.194684,41.383434]}},{"type":"Feature","properties":{"_manaName":"Biblioteca Nou Barris - Aurora Díaz Plaja","name":"Biblioteca Nou Barris - Aurora Díaz Plaja","_manaColor":"#3b82f6","_manaFillOpacity":0.85,"_manaWeight":1.5,"_manaBorderColor":"#ffffff","_manaGroupName":"Bibliotecas de Barcelona","_manaGroupId":1,"_manaGeometryType":"point","_manaLabelStyle":{"enabled":true,"field":"_manaName","fontFamily":"DM Sans, sans-serif","fontSize":10,"fontWeight":"600","color":"#0f172a","haloWidth":3,"haloColor":"#ffffff","opacity":0.9,"placement":"auto"},"Biblioteca":"Biblioteca Nou Barris - Aurora Díaz Plaja","Dirección":"Plaça Major de Nou Barris, 2","Distrito":"Nou Barris","Barrio":"la Guineueta","Código Postal":"80","Centro":"—","Bibliotecas en distrito":5,"Bibliotecas por 100k hab.":3,"Description":"Biblioteca. Plaça Major de Nou Barris, 2, Dist. Nou Barris, la Guineueta (80). 5 bibliotecas en Nou Barris.","Superficie":"Nou Barris","Dato":"5 en Nou Barris"},"geometry":{"type":"Point","coordinates":[2.17123,41.436845]}},{"type":"Feature","properties":{"_manaName":"Centre Excursionista de Catalunya - Club Alpí Català","name":"Centre Excursionista de Catalunya - Club Alpí Català","_manaColor":"#b91c1c","_manaFillOpacity":0.85,"_manaWeight":1.5,"_manaBorderColor":"#ffffff","_manaGroupName":"Bibliotecas de Barcelona","_manaGroupId":1,"_manaGeometryType":"point","_manaLabelStyle":{"enabled":true,"field":"_manaName","fontFamily":"DM Sans, sans-serif","fontSize":10,"fontWeight":"600","color":"#0f172a","haloWidth":3,"haloColor":"#ffffff","opacity":0.9,"placement":"auto"},"Biblioteca":"Centre Excursionista de Catalunya - Club Alpí Català","Dirección":"C Paradís, 10","Distrito":"Ciutat Vella","Barrio":"el Barri Gòtic","Código Postal":"8002","Centro":"Centre Excursionista de Catalunya - Club Alpí Català","Bibliotecas en distrito":53,"Bibliotecas por 100k hab.":51.5,"Description":"Biblioteca — Centre Excursionista de Catalunya - Club Alpí Català. C Paradís, 10, Dist. Ciutat Vella, el Barri Gòtic (8002). 53 bibliotecas en Ciutat Vella.","Superficie":"Ciutat Vella","Dato":"53 en Ciutat Vella"},"geometry":{"type":"Point","coordinates":[2.17719,41.383406]}},{"type":"Feature","properties":{"_manaName":"Biblioteca La Trinitat Vella – José Barbero *Tancada per obres","name":"Biblioteca La Trinitat Vella – José Barbero *Tancada per obres","_manaColor":"#06b6d4","_manaFillOpacity":0.85,"_manaWeight":1.5,"_manaBorderColor":"#ffffff","_manaGroupName":"Bibliotecas de Barcelona","_manaGroupId":1,"_manaGeometryType":"point","_manaLabelStyle":{"enabled":true,"field":"_manaName","fontFamily":"DM Sans, sans-serif","fontSize":10,"fontWeight":"600","color":"#0f172a","haloWidth":3,"haloColor":"#ffffff","opacity":0.9,"placement":"auto"},"Biblioteca":"Biblioteca La Trinitat Vella – José Barbero *Tancada per obres","Dirección":"Carrer de Galícia, 16","Distrito":"Sant Andreu","Barrio":"la Trinitat Vella","Código Postal":"8030","Centro":"—","Bibliotecas en distrito":7,"Bibliotecas por 100k hab.":4.6,"Description":"Biblioteca. Carrer de Galícia, 16, Dist. Sant Andreu, la Trinitat Vella (8030). 7 bibliotecas en Sant Andreu.","Superficie":"Sant Andreu","Dato":"7 en Sant Andreu"},"geometry":{"type":"Point","coordinates":[2.190766,41.449314]}},{"type":"Feature","properties":{"_manaName":"Facultat d'Informació i Mitjans Audiovisuals - UB","name":"Facultat d'Informació i Mitjans Audiovisuals - UB","_manaColor":"#eab308","_manaFillOpacity":0.85,"_manaWeight":1.5,"_manaBorderColor":"#ffffff","_manaGroupName":"Bibliotecas de Barcelona","_manaGroupId":1,"_manaGeometryType":"point","_manaLabelStyle":{"enabled":true,"field":"_manaName","fontFamily":"DM Sans, sans-serif","fontSize":10,"fontWeight":"600","color":"#0f172a","haloWidth":3,"haloColor":"#ffffff","opacity":0.9,"placement":"auto"},"Biblioteca":"Facultat d'Informació i Mitjans Audiovisuals - UB","Dirección":"Carrer de Melcior de Palau, 140","Distrito":"Sants-Montjuïc","Barrio":"Sants","Código Postal":"8014","Centro":"Facultat d'Informació i Mitjans Audiovisuals - UB","Bibliotecas en distrito":12,"Bibliotecas por 100k hab.":6.5,"Description":"Biblioteca — Facultat d'Informació i Mitjans Audiovisuals - UB. Carrer de Melcior de Palau, 140, Dist. Sants-Montjuïc, Sants (8014). 12 bibliotecas en Sants-Montjuïc.","Superficie":"Sants-Montjuïc","Dato":"12 en Sants-Montjuïc"},"geometry":{"type":"Point","coordinates":[2.138788,41.381286]}},{"type":"Feature","properties":{"_manaName":"Facultat de Comunicació i Relacions Internacionals Blanquerna - URL","name":"Facultat de Comunicació i Relacions Internacionals Blanquerna - URL","_manaColor":"#b91c1c","_manaFillOpacity":0.85,"_manaWeight":1.5,"_manaBorderColor":"#ffffff","_manaGroupName":"Bibliotecas de Barcelona","_manaGroupId":1,"_manaGeometryType":"point","_manaLabelStyle":{"enabled":true,"field":"_manaName","fontFamily":"DM Sans, sans-serif","fontSize":10,"fontWeight":"600","color":"#0f172a","haloWidth":3,"haloColor":"#ffffff","opacity":0.9,"placement":"auto"},"Biblioteca":"Facultat de Comunicació i Relacions Internacionals Blanquerna - URL","Dirección":"C Valldonzella, 12","Distrito":"Ciutat Vella","Barrio":"el Raval","Código Postal":"8001","Centro":"Facultat de Comunicació i Relacions Internacionals Blanquerna - URL","Bibliotecas en distrito":53,"Bibliotecas por 100k hab.":51.5,"Description":"Biblioteca — Facultat de Comunicació i Relacions Internacionals Blanquerna - URL. C Valldonzella, 12, Dist. Ciutat Vella, el Raval (8001). 53 bibliotecas en Ciutat Vella.","Superficie":"Ciutat Vella","Dato":"53 en Ciutat Vella"},"geometry":{"type":"Point","coordinates":[2.165935,41.384286]}},{"type":"Feature","properties":{"_manaName":"Biblioteca Sofia Barat","name":"Biblioteca Sofia Barat","_manaColor":"#dc2626","_manaFillOpacity":0.85,"_manaWeight":1.5,"_manaBorderColor":"#ffffff","_manaGroupName":"Bibliotecas de Barcelona","_manaGroupId":1,"_manaGeometryType":"point","_manaLabelStyle":{"enabled":true,"field":"_manaName","fontFamily":"DM Sans, sans-serif","fontSize":10,"fontWeight":"600","color":"#0f172a","haloWidth":3,"haloColor":"#ffffff","opacity":0.9,"placement":"auto"},"Biblioteca":"Biblioteca Sofia Barat","Dirección":"Carrer de Girona, 64","Distrito":"Eixample","Barrio":"la Dreta de l'Eixample","Código Postal":"8009","Centro":"—","Bibliotecas en distrito":45,"Bibliotecas por 100k hab.":16.9,"Description":"Biblioteca. Carrer de Girona, 64, Dist. Eixample, la Dreta de l'Eixample (8009). 45 bibliotecas en Eixample.","Superficie":"Eixample","Dato":"45 en Eixample"},"geometry":{"type":"Point","coordinates":[2.171522,41.394706]}},{"type":"Feature","properties":{"_manaName":"Museu Marítim de Barcelona","name":"Museu Marítim de Barcelona","_manaColor":"#b91c1c","_manaFillOpacity":0.85,"_manaWeight":1.5,"_manaBorderColor":"#ffffff","_manaGroupName":"Bibliotecas de Barcelona","_manaGroupId":1,"_manaGeometryType":"point","_manaLabelStyle":{"enabled":true,"field":"_manaName","fontFamily":"DM Sans, sans-serif","fontSize":10,"fontWeight":"600","color":"#0f172a","haloWidth":3,"haloColor":"#ffffff","opacity":0.9,"placement":"auto"},"Biblioteca":"Museu Marítim de Barcelona","Dirección":"Avinguda de les Drassanes, 1","Distrito":"Ciutat Vella","Barrio":"el Raval","Código Postal":"8001","Centro":"Museu Marítim de Barcelona","Bibliotecas en distrito":53,"Bibliotecas por 100k hab.":51.5,"Description":"Biblioteca — Museu Marítim de Barcelona. Avinguda de les Drassanes, 1, Dist. Ciutat Vella, el Raval (8001). 53 bibliotecas en Ciutat Vella.","Superficie":"Ciutat Vella","Dato":"53 en Ciutat Vella"},"geometry":{"type":"Point","coordinates":[2.176057,41.375982]}},{"type":"Feature","properties":{"_manaName":"Facultat de Matemàtiques i Informàtica - UB","name":"Facultat de Matemàtiques i Informàtica - UB","_manaColor":"#dc2626","_manaFillOpacity":0.85,"_manaWeight":1.5,"_manaBorderColor":"#ffffff","_manaGroupName":"Bibliotecas de Barcelona","_manaGroupId":1,"_manaGeometryType":"point","_manaLabelStyle":{"enabled":true,"field":"_manaName","fontFamily":"DM Sans, sans-serif","fontSize":10,"fontWeight":"600","color":"#0f172a","haloWidth":3,"haloColor":"#ffffff","opacity":0.9,"placement":"auto"},"Biblioteca":"Facultat de Matemàtiques i Informàtica - UB","Dirección":"Gran Via de les Corts Catalanes, 585","Distrito":"Eixample","Barrio":"l'Antiga Esquerra de l'Eixample","Código Postal":"8007","Centro":"Facultat de Matemàtiques i Informàtica - UB","Bibliotecas en distrito":45,"Bibliotecas por 100k hab.":16.9,"Description":"Biblioteca — Facultat de Matemàtiques i Informàtica - UB. Gran Via de les Corts Catalanes, 585, Dist. Eixample, l'Antiga Esquerra de l'Eixample (8007). 45 bibliotecas en Eixample.","Superficie":"Eixample","Dato":"45 en Eixample"},"geometry":{"type":"Point","coordinates":[2.164031,41.386577]}},{"type":"Feature","properties":{"_manaName":"Institut d'Estadística de Catalunya","name":"Institut d'Estadística de Catalunya","_manaColor":"#b91c1c","_manaFillOpacity":0.85,"_manaWeight":1.5,"_manaBorderColor":"#ffffff","_manaGroupName":"Bibliotecas de Barcelona","_manaGroupId":1,"_manaGeometryType":"point","_manaLabelStyle":{"enabled":true,"field":"_manaName","fontFamily":"DM Sans, sans-serif","fontSize":10,"fontWeight":"600","color":"#0f172a","haloWidth":3,"haloColor":"#ffffff","opacity":0.9,"placement":"auto"},"Biblioteca":"Institut d'Estadística de Catalunya","Dirección":"Via Laietana, 58","Distrito":"Ciutat Vella","Barrio":"Sant Pere, Santa Caterina i la Ribera","Código Postal":"8003","Centro":"Institut d'Estadística de Catalunya","Bibliotecas en distrito":53,"Bibliotecas por 100k hab.":51.5,"Description":"Biblioteca — Institut d'Estadística de Catalunya. Via Laietana, 58, Dist. Ciutat Vella, Sant Pere, Santa Caterina i la Ribera (8003). 53 bibliotecas en Ciutat Vella.","Superficie":"Ciutat Vella","Dato":"53 en Ciutat Vella"},"geometry":{"type":"Point","coordinates":[2.173699,41.387946]}},{"type":"Feature","properties":{"_manaName":"Institut Agrícola Català Sant Isidre","name":"Institut Agrícola Català Sant Isidre","_manaColor":"#b91c1c","_manaFillOpacity":0.85,"_manaWeight":1.5,"_manaBorderColor":"#ffffff","_manaGroupName":"Bibliotecas de Barcelona","_manaGroupId":1,"_manaGeometryType":"point","_manaLabelStyle":{"enabled":true,"field":"_manaName","fontFamily":"DM Sans, sans-serif","fontSize":10,"fontWeight":"600","color":"#0f172a","haloWidth":3,"haloColor":"#ffffff","opacity":0.9,"placement":"auto"},"Biblioteca":"Institut Agrícola Català Sant Isidre","Dirección":"Pl Sant Josep Oriol, 4","Distrito":"Ciutat Vella","Barrio":"el Barri Gòtic","Código Postal":"8002","Centro":"Institut Agrícola Català Sant Isidre","Bibliotecas en distrito":53,"Bibliotecas por 100k hab.":51.5,"Description":"Biblioteca — Institut Agrícola Català Sant Isidre. Pl Sant Josep Oriol, 4, Dist. Ciutat Vella, el Barri Gòtic (8002). 53 bibliotecas en Ciutat Vella.","Superficie":"Ciutat Vella","Dato":"53 en Ciutat Vella"},"geometry":{"type":"Point","coordinates":[2.174331,41.38252]}},{"type":"Feature","properties":{"_manaName":"Agrupació Cultural Folklòrica Barcelona","name":"Agrupació Cultural Folklòrica Barcelona","_manaColor":"#b91c1c","_manaFillOpacity":0.85,"_manaWeight":1.5,"_manaBorderColor":"#ffffff","_manaGroupName":"Bibliotecas de Barcelona","_manaGroupId":1,"_manaGeometryType":"point","_manaLabelStyle":{"enabled":true,"field":"_manaName","fontFamily":"DM Sans, sans-serif","fontSize":10,"fontWeight":"600","color":"#0f172a","haloWidth":3,"haloColor":"#ffffff","opacity":0.9,"placement":"auto"},"Biblioteca":"Agrupació Cultural Folklòrica Barcelona","Dirección":"C Pou de la Figuera, 15","Distrito":"Ciutat Vella","Barrio":"Sant Pere, Santa Caterina i la Ribera","Código Postal":"8003","Centro":"Agrupació Cultural Folklòrica Barcelona","Bibliotecas en distrito":53,"Bibliotecas por 100k hab.":51.5,"Description":"Biblioteca — Agrupació Cultural Folklòrica Barcelona. C Pou de la Figuera, 15, Dist. Ciutat Vella, Sant Pere, Santa Caterina i la Ribera (8003). 53 bibliotecas en Ciutat Vella.","Superficie":"Ciutat Vella","Dato":"53 en Ciutat Vella"},"geometry":{"type":"Point","coordinates":[2.180002,41.387792]}},{"type":"Feature","properties":{"_manaName":"Escola Institut Estudis Superiors d'Empresa de la Universitat de Navarra","name":"Escola Institut Estudis Superiors d'Empresa de la Universitat de Navarra","_manaColor":"#ea580c","_manaFillOpacity":0.85,"_manaWeight":1.5,"_manaBorderColor":"#ffffff","_manaGroupName":"Bibliotecas de Barcelona","_manaGroupId":1,"_manaGeometryType":"point","_manaLabelStyle":{"enabled":true,"field":"_manaName","fontFamily":"DM Sans, sans-serif","fontSize":10,"fontWeight":"600","color":"#0f172a","haloWidth":3,"haloColor":"#ffffff","opacity":0.9,"placement":"auto"},"Biblioteca":"Escola Institut Estudis Superiors d'Empresa de la Universitat de Navarra","Dirección":"Av Pearson, 21","Distrito":"Les Corts","Barrio":"Pedralbes","Código Postal":"8034","Centro":"Escola Institut Estudis Superiors d'Empresa de la Universitat de Navarra","Bibliotecas en distrito":18,"Bibliotecas por 100k hab.":22,"Description":"Biblioteca — Escola Institut Estudis Superiors d'Empresa de la Universitat de Navarra. Av Pearson, 21, Dist. Les Corts, Pedralbes (8034). 18 bibliotecas en Les Corts.","Superficie":"Les Corts","Dato":"18 en Les Corts"},"geometry":{"type":"Point","coordinates":[2.107975,41.393175]}},{"type":"Feature","properties":{"_manaName":"Reial Cercle Artístic - Institut Barcelonès d'Art","name":"Reial Cercle Artístic - Institut Barcelonès d'Art","_manaColor":"#b91c1c","_manaFillOpacity":0.85,"_manaWeight":1.5,"_manaBorderColor":"#ffffff","_manaGroupName":"Bibliotecas de Barcelona","_manaGroupId":1,"_manaGeometryType":"point","_manaLabelStyle":{"enabled":true,"field":"_manaName","fontFamily":"DM Sans, sans-serif","fontSize":10,"fontWeight":"600","color":"#0f172a","haloWidth":3,"haloColor":"#ffffff","opacity":0.9,"placement":"auto"},"Biblioteca":"Reial Cercle Artístic - Institut Barcelonès d'Art","Dirección":"C Arcs, 5","Distrito":"Ciutat Vella","Barrio":"el Barri Gòtic","Código Postal":"8002","Centro":"Reial Cercle Artístic - Institut Barcelonès d'Art","Bibliotecas en distrito":53,"Bibliotecas por 100k hab.":51.5,"Description":"Biblioteca — Reial Cercle Artístic - Institut Barcelonès d'Art. C Arcs, 5, Dist. Ciutat Vella, el Barri Gòtic (8002). 53 bibliotecas en Ciutat Vella.","Superficie":"Ciutat Vella","Dato":"53 en Ciutat Vella"},"geometry":{"type":"Point","coordinates":[2.174512,41.384568]}},{"type":"Feature","properties":{"_manaName":"Centro Galego de Barcelona","name":"Centro Galego de Barcelona","_manaColor":"#b91c1c","_manaFillOpacity":0.85,"_manaWeight":1.5,"_manaBorderColor":"#ffffff","_manaGroupName":"Bibliotecas de Barcelona","_manaGroupId":1,"_manaGeometryType":"point","_manaLabelStyle":{"enabled":true,"field":"_manaName","fontFamily":"DM Sans, sans-serif","fontSize":10,"fontWeight":"600","color":"#0f172a","haloWidth":3,"haloColor":"#ffffff","opacity":0.9,"placement":"auto"},"Biblioteca":"Centro Galego de Barcelona","Dirección":"C la Rambla, 35","Distrito":"Ciutat Vella","Barrio":"el Raval","Código Postal":"8002","Centro":"Centro Galego de Barcelona","Bibliotecas en distrito":53,"Bibliotecas por 100k hab.":51.5,"Description":"Biblioteca — Centro Galego de Barcelona. C la Rambla, 35, Dist. Ciutat Vella, el Raval (8002). 53 bibliotecas en Ciutat Vella.","Superficie":"Ciutat Vella","Dato":"53 en Ciutat Vella"},"geometry":{"type":"Point","coordinates":[2.174646,41.378999]}},{"type":"Feature","properties":{"_manaName":"Biblioteca Sant Pau - Santa Creu","name":"Biblioteca Sant Pau - Santa Creu","_manaColor":"#b91c1c","_manaFillOpacity":0.85,"_manaWeight":1.5,"_manaBorderColor":"#ffffff","_manaGroupName":"Bibliotecas de Barcelona","_manaGroupId":1,"_manaGeometryType":"point","_manaLabelStyle":{"enabled":true,"field":"_manaName","fontFamily":"DM Sans, sans-serif","fontSize":10,"fontWeight":"600","color":"#0f172a","haloWidth":3,"haloColor":"#ffffff","opacity":0.9,"placement":"auto"},"Biblioteca":"Biblioteca Sant Pau - Santa Creu","Dirección":"Carrer del Carme, 47","Distrito":"Ciutat Vella","Barrio":"el Raval","Código Postal":"8001","Centro":"—","Bibliotecas en distrito":53,"Bibliotecas por 100k hab.":51.5,"Description":"Biblioteca. Carrer del Carme, 47, Dist. Ciutat Vella, el Raval (8001). 53 bibliotecas en Ciutat Vella.","Superficie":"Ciutat Vella","Dato":"53 en Ciutat Vella"},"geometry":{"type":"Point","coordinates":[2.168975,41.381524]}},{"type":"Feature","properties":{"_manaName":"Fundació Privada Foto Colectania","name":"Fundació Privada Foto Colectania","_manaColor":"#b91c1c","_manaFillOpacity":0.85,"_manaWeight":1.5,"_manaBorderColor":"#ffffff","_manaGroupName":"Bibliotecas de Barcelona","_manaGroupId":1,"_manaGeometryType":"point","_manaLabelStyle":{"enabled":true,"field":"_manaName","fontFamily":"DM Sans, sans-serif","fontSize":10,"fontWeight":"600","color":"#0f172a","haloWidth":3,"haloColor":"#ffffff","opacity":0.9,"placement":"auto"},"Biblioteca":"Fundació Privada Foto Colectania","Dirección":"Pg Picasso, 14","Distrito":"Ciutat Vella","Barrio":"Sant Pere, Santa Caterina i la Ribera","Código Postal":"8003","Centro":"Fundació Privada Foto Colectania","Bibliotecas en distrito":53,"Bibliotecas por 100k hab.":51.5,"Description":"Biblioteca — Fundació Privada Foto Colectania. Pg Picasso, 14, Dist. Ciutat Vella, Sant Pere, Santa Caterina i la Ribera (8003). 53 bibliotecas en Ciutat Vella.","Superficie":"Ciutat Vella","Dato":"53 en Ciutat Vella"},"geometry":{"type":"Point","coordinates":[2.182737,41.387673]}},{"type":"Feature","properties":{"_manaName":"Biblioteca El Camp de l'Arpa - Caterina Albert","name":"Biblioteca El Camp de l'Arpa - Caterina Albert","_manaColor":"#22c55e","_manaFillOpacity":0.85,"_manaWeight":1.5,"_manaBorderColor":"#ffffff","_manaGroupName":"Bibliotecas de Barcelona","_manaGroupId":1,"_manaGeometryType":"point","_manaLabelStyle":{"enabled":true,"field":"_manaName","fontFamily":"DM Sans, sans-serif","fontSize":10,"fontWeight":"600","color":"#0f172a","haloWidth":3,"haloColor":"#ffffff","opacity":0.9,"placement":"auto"},"Biblioteca":"Biblioteca El Camp de l'Arpa - Caterina Albert","Dirección":"Carrer de la Indústria, 295","Distrito":"Sant Martí","Barrio":"el Camp de l'Arpa del Clot","Código Postal":"8041","Centro":"—","Bibliotecas en distrito":11,"Bibliotecas por 100k hab.":4.6,"Description":"Biblioteca. Carrer de la Indústria, 295, Dist. Sant Martí, el Camp de l'Arpa del Clot (8041). 11 bibliotecas en Sant Martí.","Superficie":"Sant Martí","Dato":"11 en Sant Martí"},"geometry":{"type":"Point","coordinates":[2.182298,41.415797]}},{"type":"Feature","properties":{"_manaName":"Col·legi Oficial de Psicologia de Catalunya","name":"Col·legi Oficial de Psicologia de Catalunya","_manaColor":"#dc2626","_manaFillOpacity":0.85,"_manaWeight":1.5,"_manaBorderColor":"#ffffff","_manaGroupName":"Bibliotecas de Barcelona","_manaGroupId":1,"_manaGeometryType":"point","_manaLabelStyle":{"enabled":true,"field":"_manaName","fontFamily":"DM Sans, sans-serif","fontSize":10,"fontWeight":"600","color":"#0f172a","haloWidth":3,"haloColor":"#ffffff","opacity":0.9,"placement":"auto"},"Biblioteca":"Col·legi Oficial de Psicologia de Catalunya","Dirección":"C Rocafort, 129","Distrito":"Eixample","Barrio":"la Nova Esquerra de l'Eixample","Código Postal":"8015","Centro":"Col·legi Oficial de Psicologia de Catalunya","Bibliotecas en distrito":45,"Bibliotecas por 100k hab.":16.9,"Description":"Biblioteca — Col·legi Oficial de Psicologia de Catalunya. C Rocafort, 129, Dist. Eixample, la Nova Esquerra de l'Eixample (8015). 45 bibliotecas en Eixample.","Superficie":"Eixample","Dato":"45 en Eixample"},"geometry":{"type":"Point","coordinates":[2.151307,41.380703]}},{"type":"Feature","properties":{"_manaName":"Quarter Bruc","name":"Quarter Bruc","_manaColor":"#ea580c","_manaFillOpacity":0.85,"_manaWeight":1.5,"_manaBorderColor":"#ffffff","_manaGroupName":"Bibliotecas de Barcelona","_manaGroupId":1,"_manaGeometryType":"point","_manaLabelStyle":{"enabled":true,"field":"_manaName","fontFamily":"DM Sans, sans-serif","fontSize":10,"fontWeight":"600","color":"#0f172a","haloWidth":3,"haloColor":"#ffffff","opacity":0.9,"placement":"auto"},"Biblioteca":"Quarter Bruc","Dirección":"Av Exèrcit, 1","Distrito":"Les Corts","Barrio":"Pedralbes","Código Postal":"8034","Centro":"Quarter Bruc","Bibliotecas en distrito":18,"Bibliotecas por 100k hab.":22,"Description":"Biblioteca — Quarter Bruc. Av Exèrcit, 1, Dist. Les Corts, Pedralbes (8034). 18 bibliotecas en Les Corts.","Superficie":"Les Corts","Dato":"18 en Les Corts"},"geometry":{"type":"Point","coordinates":[2.110667,41.387308]}},{"type":"Feature","properties":{"_manaName":"Agrupació Astronòmica de Barcelona","name":"Agrupació Astronòmica de Barcelona","_manaColor":"#dc2626","_manaFillOpacity":0.85,"_manaWeight":1.5,"_manaBorderColor":"#ffffff","_manaGroupName":"Bibliotecas de Barcelona","_manaGroupId":1,"_manaGeometryType":"point","_manaLabelStyle":{"enabled":true,"field":"_manaName","fontFamily":"DM Sans, sans-serif","fontSize":10,"fontWeight":"600","color":"#0f172a","haloWidth":3,"haloColor":"#ffffff","opacity":0.9,"placement":"auto"},"Biblioteca":"Agrupació Astronòmica de Barcelona","Dirección":"C Viladomat, 291","Distrito":"Eixample","Barrio":"la Nova Esquerra de l'Eixample","Código Postal":"8029","Centro":"Agrupació Astronòmica de Barcelona","Bibliotecas en distrito":45,"Bibliotecas por 100k hab.":16.9,"Description":"Biblioteca — Agrupació Astronòmica de Barcelona. C Viladomat, 291, Dist. Eixample, la Nova Esquerra de l'Eixample (8029). 45 bibliotecas en Eixample.","Superficie":"Eixample","Dato":"45 en Eixample"},"geometry":{"type":"Point","coordinates":[2.145551,41.388441]}},{"type":"Feature","properties":{"_manaName":"Escola de Música Juan Pedro Carrero","name":"Escola de Música Juan Pedro Carrero","_manaColor":"#b91c1c","_manaFillOpacity":0.85,"_manaWeight":1.5,"_manaBorderColor":"#ffffff","_manaGroupName":"Bibliotecas de Barcelona","_manaGroupId":1,"_manaGeometryType":"point","_manaLabelStyle":{"enabled":true,"field":"_manaName","fontFamily":"DM Sans, sans-serif","fontSize":10,"fontWeight":"600","color":"#0f172a","haloWidth":3,"haloColor":"#ffffff","opacity":0.9,"placement":"auto"},"Biblioteca":"Escola de Música Juan Pedro Carrero","Dirección":"Carme, 15","Distrito":"Ciutat Vella","Barrio":"el Raval","Código Postal":"8001","Centro":"Escola de Música Juan Pedro Carrero","Bibliotecas en distrito":53,"Bibliotecas por 100k hab.":51.5,"Description":"Biblioteca — Escola de Música Juan Pedro Carrero. Carme, 15, Dist. Ciutat Vella, el Raval (8001). 53 bibliotecas en Ciutat Vella.","Superficie":"Ciutat Vella","Dato":"53 en Ciutat Vella"},"geometry":{"type":"Point","coordinates":[2.170808,41.382505]}},{"type":"Feature","properties":{"_manaName":"Fundació Casa del Tibet","name":"Fundació Casa del Tibet","_manaColor":"#94a3b8","_manaFillOpacity":0.85,"_manaWeight":1.5,"_manaBorderColor":"#ffffff","_manaGroupName":"Bibliotecas de Barcelona","_manaGroupId":1,"_manaGeometryType":"point","_manaLabelStyle":{"enabled":true,"field":"_manaName","fontFamily":"DM Sans, sans-serif","fontSize":10,"fontWeight":"600","color":"#0f172a","haloWidth":3,"haloColor":"#ffffff","opacity":0.9,"placement":"auto"},"Biblioteca":"Fundació Casa del Tibet","Dirección":"—","Distrito":"—","Barrio":"—","Código Postal":"—","Centro":"Fundació Casa del Tibet","Bibliotecas en distrito":2,"Bibliotecas por 100k hab.":1.3,"Description":"Biblioteca — Fundació Casa del Tibet. 2 bibliotecas en Barcelona.","Superficie":"Barcelona","Dato":"2 en Barcelona"},"geometry":{"type":"Point","coordinates":[-1.489468,-0.001094]}},{"type":"Feature","properties":{"_manaName":"Església dels Pares Carmelites Descalços","name":"Església dels Pares Carmelites Descalços","_manaColor":"#dc2626","_manaFillOpacity":0.85,"_manaWeight":1.5,"_manaBorderColor":"#ffffff","_manaGroupName":"Bibliotecas de Barcelona","_manaGroupId":1,"_manaGeometryType":"point","_manaLabelStyle":{"enabled":true,"field":"_manaName","fontFamily":"DM Sans, sans-serif","fontSize":10,"fontWeight":"600","color":"#0f172a","haloWidth":3,"haloColor":"#ffffff","opacity":0.9,"placement":"auto"},"Biblioteca":"Església dels Pares Carmelites Descalços","Dirección":"Av Diagonal, 424","Distrito":"Eixample","Barrio":"la Dreta de l'Eixample","Código Postal":"8037","Centro":"Església dels Pares Carmelites Descalços","Bibliotecas en distrito":45,"Bibliotecas por 100k hab.":16.9,"Description":"Biblioteca — Església dels Pares Carmelites Descalços. Av Diagonal, 424, Dist. Eixample, la Dreta de l'Eixample (8037). 45 bibliotecas en Eixample.","Superficie":"Eixample","Dato":"45 en Eixample"},"geometry":{"type":"Point","coordinates":[2.162366,41.397502]}},{"type":"Feature","properties":{"_manaName":"Servei de Documentació i Accés al Coneixement  (SEDAC)","name":"Servei de Documentació i Accés al Coneixement  (SEDAC)","_manaColor":"#b91c1c","_manaFillOpacity":0.85,"_manaWeight":1.5,"_manaBorderColor":"#ffffff","_manaGroupName":"Bibliotecas de Barcelona","_manaGroupId":1,"_manaGeometryType":"point","_manaLabelStyle":{"enabled":true,"field":"_manaName","fontFamily":"DM Sans, sans-serif","fontSize":10,"fontWeight":"600","color":"#0f172a","haloWidth":3,"haloColor":"#ffffff","opacity":0.9,"placement":"auto"},"Biblioteca":"Servei de Documentació i Accés al Coneixement  (SEDAC)","Dirección":"Pl Sant Jaume, 1","Distrito":"Ciutat Vella","Barrio":"el Barri Gòtic","Código Postal":"8002","Centro":"—","Bibliotecas en distrito":53,"Bibliotecas por 100k hab.":51.5,"Description":"Biblioteca. Pl Sant Jaume, 1, Dist. Ciutat Vella, el Barri Gòtic (8002). 53 bibliotecas en Ciutat Vella.","Superficie":"Ciutat Vella","Dato":"53 en Ciutat Vella"},"geometry":{"type":"Point","coordinates":[2.177172,41.382541]}},{"type":"Feature","properties":{"_manaName":"Reial Acadèmia de Farmàcia de Catalunya","name":"Reial Acadèmia de Farmàcia de Catalunya","_manaColor":"#b91c1c","_manaFillOpacity":0.85,"_manaWeight":1.5,"_manaBorderColor":"#ffffff","_manaGroupName":"Bibliotecas de Barcelona","_manaGroupId":1,"_manaGeometryType":"point","_manaLabelStyle":{"enabled":true,"field":"_manaName","fontFamily":"DM Sans, sans-serif","fontSize":10,"fontWeight":"600","color":"#0f172a","haloWidth":3,"haloColor":"#ffffff","opacity":0.9,"placement":"auto"},"Biblioteca":"Reial Acadèmia de Farmàcia de Catalunya","Dirección":"C Hospital, 56","Distrito":"Ciutat Vella","Barrio":"el Raval","Código Postal":"8001","Centro":"Reial Acadèmia de Farmàcia de Catalunya","Bibliotecas en distrito":53,"Bibliotecas por 100k hab.":51.5,"Description":"Biblioteca — Reial Acadèmia de Farmàcia de Catalunya. C Hospital, 56, Dist. Ciutat Vella, el Raval (8001). 53 bibliotecas en Ciutat Vella.","Superficie":"Ciutat Vella","Dato":"53 en Ciutat Vella"},"geometry":{"type":"Point","coordinates":[2.169811,41.381089]}},{"type":"Feature","properties":{"_manaName":"Biblioteca Les Roquetes – Rafa Juncadella","name":"Biblioteca Les Roquetes – Rafa Juncadella","_manaColor":"#3b82f6","_manaFillOpacity":0.85,"_manaWeight":1.5,"_manaBorderColor":"#ffffff","_manaGroupName":"Bibliotecas de Barcelona","_manaGroupId":1,"_manaGeometryType":"point","_manaLabelStyle":{"enabled":true,"field":"_manaName","fontFamily":"DM Sans, sans-serif","fontSize":10,"fontWeight":"600","color":"#0f172a","haloWidth":3,"haloColor":"#ffffff","opacity":0.9,"placement":"auto"},"Biblioteca":"Biblioteca Les Roquetes – Rafa Juncadella","Dirección":"Via Favència, 288","Distrito":"Nou Barris","Barrio":"les Roquetes","Código Postal":"8042","Centro":"—","Bibliotecas en distrito":5,"Bibliotecas por 100k hab.":3,"Description":"Biblioteca. Via Favència, 288, Dist. Nou Barris, les Roquetes (8042). 5 bibliotecas en Nou Barris.","Superficie":"Nou Barris","Dato":"5 en Nou Barris"},"geometry":{"type":"Point","coordinates":[2.177121,41.445403]}},{"type":"Feature","properties":{"_manaName":"Biblioteca Collserola - Josep Miracle","name":"Biblioteca Collserola - Josep Miracle","_manaColor":"#f97316","_manaFillOpacity":0.85,"_manaWeight":1.5,"_manaBorderColor":"#ffffff","_manaGroupName":"Bibliotecas de Barcelona","_manaGroupId":1,"_manaGeometryType":"point","_manaLabelStyle":{"enabled":true,"field":"_manaName","fontFamily":"DM Sans, sans-serif","fontSize":10,"fontWeight":"600","color":"#0f172a","haloWidth":3,"haloColor":"#ffffff","opacity":0.9,"placement":"auto"},"Biblioteca":"Biblioteca Collserola - Josep Miracle","Dirección":"Carrer d'Elisa Moragas i Badia, 16","Distrito":"Sarrià-Sant Gervasi","Barrio":"Vallvidrera, el Tibidabo i les Planes","Código Postal":"8017","Centro":"—","Bibliotecas en distrito":15,"Bibliotecas por 100k hab.":10.1,"Description":"Biblioteca. Carrer d'Elisa Moragas i Badia, 16, Dist. Sarrià-Sant Gervasi, Vallvidrera, el Tibidabo i les Planes (8017). 15 bibliotecas en Sarrià-Sant Gervasi.","Superficie":"Sarrià-Sant Gervasi","Dato":"15 en Sarrià-Sant Gervasi"},"geometry":{"type":"Point","coordinates":[2.102547,41.41539]}},{"type":"Feature","properties":{"_manaName":"Museu d'Art Contemporani de Barcelona","name":"Museu d'Art Contemporani de Barcelona","_manaColor":"#b91c1c","_manaFillOpacity":0.85,"_manaWeight":1.5,"_manaBorderColor":"#ffffff","_manaGroupName":"Bibliotecas de Barcelona","_manaGroupId":1,"_manaGeometryType":"point","_manaLabelStyle":{"enabled":true,"field":"_manaName","fontFamily":"DM Sans, sans-serif","fontSize":10,"fontWeight":"600","color":"#0f172a","haloWidth":3,"haloColor":"#ffffff","opacity":0.9,"placement":"auto"},"Biblioteca":"Museu d'Art Contemporani de Barcelona","Dirección":"Plaça dels Àngels, 1","Distrito":"Ciutat Vella","Barrio":"el Raval","Código Postal":"8001","Centro":"Museu d'Art Contemporani de Barcelona","Bibliotecas en distrito":53,"Bibliotecas por 100k hab.":51.5,"Description":"Biblioteca — Museu d'Art Contemporani de Barcelona. Plaça dels Àngels, 1, Dist. Ciutat Vella, el Raval (8001). 53 bibliotecas en Ciutat Vella.","Superficie":"Ciutat Vella","Dato":"53 en Ciutat Vella"},"geometry":{"type":"Point","coordinates":[2.167849,41.383177]}},{"type":"Feature","properties":{"_manaName":"Biblioteca Nacional de Catalunya","name":"Biblioteca Nacional de Catalunya","_manaColor":"#b91c1c","_manaFillOpacity":0.85,"_manaWeight":1.5,"_manaBorderColor":"#ffffff","_manaGroupName":"Bibliotecas de Barcelona","_manaGroupId":1,"_manaGeometryType":"point","_manaLabelStyle":{"enabled":true,"field":"_manaName","fontFamily":"DM Sans, sans-serif","fontSize":10,"fontWeight":"600","color":"#0f172a","haloWidth":3,"haloColor":"#ffffff","opacity":0.9,"placement":"auto"},"Biblioteca":"Biblioteca Nacional de Catalunya","Dirección":"C Hospital, 56","Distrito":"Ciutat Vella","Barrio":"el Raval","Código Postal":"8001","Centro":"—","Bibliotecas en distrito":53,"Bibliotecas por 100k hab.":51.5,"Description":"Biblioteca. C Hospital, 56, Dist. Ciutat Vella, el Raval (8001). 53 bibliotecas en Ciutat Vella.","Superficie":"Ciutat Vella","Dato":"53 en Ciutat Vella"},"geometry":{"type":"Point","coordinates":[2.169811,41.381089]}},{"type":"Feature","properties":{"_manaName":"Biblioteca El Fort Pienc – Ana María Moix","name":"Biblioteca El Fort Pienc – Ana María Moix","_manaColor":"#dc2626","_manaFillOpacity":0.85,"_manaWeight":1.5,"_manaBorderColor":"#ffffff","_manaGroupName":"Bibliotecas de Barcelona","_manaGroupId":1,"_manaGeometryType":"point","_manaLabelStyle":{"enabled":true,"field":"_manaName","fontFamily":"DM Sans, sans-serif","fontSize":10,"fontWeight":"600","color":"#0f172a","haloWidth":3,"haloColor":"#ffffff","opacity":0.9,"placement":"auto"},"Biblioteca":"Biblioteca El Fort Pienc – Ana María Moix","Dirección":"Plaça de Fort Pienc, 4","Distrito":"Eixample","Barrio":"el Fort Pienc","Código Postal":"8007","Centro":"—","Bibliotecas en distrito":45,"Bibliotecas por 100k hab.":16.9,"Description":"Biblioteca. Plaça de Fort Pienc, 4, Dist. Eixample, el Fort Pienc (8007). 45 bibliotecas en Eixample.","Superficie":"Eixample","Dato":"45 en Eixample"},"geometry":{"type":"Point","coordinates":[2.182465,41.395587]}},{"type":"Feature","properties":{"_manaName":"Institut Français de Barcelone","name":"Institut Français de Barcelone","_manaColor":"#f97316","_manaFillOpacity":0.85,"_manaWeight":1.5,"_manaBorderColor":"#ffffff","_manaGroupName":"Bibliotecas de Barcelona","_manaGroupId":1,"_manaGeometryType":"point","_manaLabelStyle":{"enabled":true,"field":"_manaName","fontFamily":"DM Sans, sans-serif","fontSize":10,"fontWeight":"600","color":"#0f172a","haloWidth":3,"haloColor":"#ffffff","opacity":0.9,"placement":"auto"},"Biblioteca":"Institut Français de Barcelone","Dirección":"C Moià, 8","Distrito":"Sarrià-Sant Gervasi","Barrio":"Sant Gervasi - Galvany","Código Postal":"8006","Centro":"Institut Français de Barcelone","Bibliotecas en distrito":15,"Bibliotecas por 100k hab.":10.1,"Description":"Biblioteca — Institut Français de Barcelone. C Moià, 8, Dist. Sarrià-Sant Gervasi, Sant Gervasi - Galvany (8006). 15 bibliotecas en Sarrià-Sant Gervasi.","Superficie":"Sarrià-Sant Gervasi","Dato":"15 en Sarrià-Sant Gervasi"},"geometry":{"type":"Point","coordinates":[2.151795,41.395283]}},{"type":"Feature","properties":{"_manaName":"Conservatori Municipal de Música de Barcelona","name":"Conservatori Municipal de Música de Barcelona","_manaColor":"#dc2626","_manaFillOpacity":0.85,"_manaWeight":1.5,"_manaBorderColor":"#ffffff","_manaGroupName":"Bibliotecas de Barcelona","_manaGroupId":1,"_manaGeometryType":"point","_manaLabelStyle":{"enabled":true,"field":"_manaName","fontFamily":"DM Sans, sans-serif","fontSize":10,"fontWeight":"600","color":"#0f172a","haloWidth":3,"haloColor":"#ffffff","opacity":0.9,"placement":"auto"},"Biblioteca":"Conservatori Municipal de Música de Barcelona","Dirección":"Carrer del Bruc, 110","Distrito":"Eixample","Barrio":"la Dreta de l'Eixample","Código Postal":"8009","Centro":"Conservatori Municipal de Música de Barcelona","Bibliotecas en distrito":45,"Bibliotecas por 100k hab.":16.9,"Description":"Biblioteca — Conservatori Municipal de Música de Barcelona. Carrer del Bruc, 110, Dist. Eixample, la Dreta de l'Eixample (8009). 45 bibliotecas en Eixample.","Superficie":"Eixample","Dato":"45 en Eixample"},"geometry":{"type":"Point","coordinates":[2.16796,41.395646]}},{"type":"Feature","properties":{"_manaName":"Il·lustre Col·legi de l'Advocacia de Barcelona","name":"Il·lustre Col·legi de l'Advocacia de Barcelona","_manaColor":"#dc2626","_manaFillOpacity":0.85,"_manaWeight":1.5,"_manaBorderColor":"#ffffff","_manaGroupName":"Bibliotecas de Barcelona","_manaGroupId":1,"_manaGeometryType":"point","_manaLabelStyle":{"enabled":true,"field":"_manaName","fontFamily":"DM Sans, sans-serif","fontSize":10,"fontWeight":"600","color":"#0f172a","haloWidth":3,"haloColor":"#ffffff","opacity":0.9,"placement":"auto"},"Biblioteca":"Il·lustre Col·legi de l'Advocacia de Barcelona","Dirección":"C Mallorca, 283","Distrito":"Eixample","Barrio":"la Dreta de l'Eixample","Código Postal":"8037","Centro":"Il·lustre Col·legi de l'Advocacia de Barcelona","Bibliotecas en distrito":45,"Bibliotecas por 100k hab.":16.9,"Description":"Biblioteca — Il·lustre Col·legi de l'Advocacia de Barcelona. C Mallorca, 283, Dist. Eixample, la Dreta de l'Eixample (8037). 45 bibliotecas en Eixample.","Superficie":"Eixample","Dato":"45 en Eixample"},"geometry":{"type":"Point","coordinates":[2.164769,41.395659]}},{"type":"Feature","properties":{"_manaName":"Fundació Balmesiana","name":"Fundació Balmesiana","_manaColor":"#b91c1c","_manaFillOpacity":0.85,"_manaWeight":1.5,"_manaBorderColor":"#ffffff","_manaGroupName":"Bibliotecas de Barcelona","_manaGroupId":1,"_manaGeometryType":"point","_manaLabelStyle":{"enabled":true,"field":"_manaName","fontFamily":"DM Sans, sans-serif","fontSize":10,"fontWeight":"600","color":"#0f172a","haloWidth":3,"haloColor":"#ffffff","opacity":0.9,"placement":"auto"},"Biblioteca":"Fundació Balmesiana","Dirección":"C Duran i Bas, 9","Distrito":"Ciutat Vella","Barrio":"el Barri Gòtic","Código Postal":"8002","Centro":"Fundació Balmesiana","Bibliotecas en distrito":53,"Bibliotecas por 100k hab.":51.5,"Description":"Biblioteca — Fundació Balmesiana. C Duran i Bas, 9, Dist. Ciutat Vella, el Barri Gòtic (8002). 53 bibliotecas en Ciutat Vella.","Superficie":"Ciutat Vella","Dato":"53 en Ciutat Vella"},"geometry":{"type":"Point","coordinates":[2.174551,41.385665]}},{"type":"Feature","properties":{"_manaName":"Centre Esportiu Municipal Trinitat Vella","name":"Centre Esportiu Municipal Trinitat Vella","_manaColor":"#06b6d4","_manaFillOpacity":0.85,"_manaWeight":1.5,"_manaBorderColor":"#ffffff","_manaGroupName":"Bibliotecas de Barcelona","_manaGroupId":1,"_manaGeometryType":"point","_manaLabelStyle":{"enabled":true,"field":"_manaName","fontFamily":"DM Sans, sans-serif","fontSize":10,"fontWeight":"600","color":"#0f172a","haloWidth":3,"haloColor":"#ffffff","opacity":0.9,"placement":"auto"},"Biblioteca":"Centre Esportiu Municipal Trinitat Vella","Dirección":"Via Bàrcino, 84","Distrito":"Sant Andreu","Barrio":"la Trinitat Vella","Código Postal":"8033","Centro":"Centre Esportiu Municipal Trinitat Vella","Bibliotecas en distrito":7,"Bibliotecas por 100k hab.":4.6,"Description":"Biblioteca — Centre Esportiu Municipal Trinitat Vella. Via Bàrcino, 84, Dist. Sant Andreu, la Trinitat Vella (8033). 7 bibliotecas en Sant Andreu.","Superficie":"Sant Andreu","Dato":"7 en Sant Andreu"},"geometry":{"type":"Point","coordinates":[2.19313,41.451475]}},{"type":"Feature","properties":{"_manaName":"Biblioteca Sarrià – J. V. Foix","name":"Biblioteca Sarrià – J. V. Foix","_manaColor":"#f97316","_manaFillOpacity":0.85,"_manaWeight":1.5,"_manaBorderColor":"#ffffff","_manaGroupName":"Bibliotecas de Barcelona","_manaGroupId":1,"_manaGeometryType":"point","_manaLabelStyle":{"enabled":true,"field":"_manaName","fontFamily":"DM Sans, sans-serif","fontSize":10,"fontWeight":"600","color":"#0f172a","haloWidth":3,"haloColor":"#ffffff","opacity":0.9,"placement":"auto"},"Biblioteca":"Biblioteca Sarrià – J. V. Foix","Dirección":"Plaça de Sarrià, 1","Distrito":"Sarrià-Sant Gervasi","Barrio":"Sarrià","Código Postal":"8017","Centro":"—","Bibliotecas en distrito":15,"Bibliotecas por 100k hab.":10.1,"Description":"Biblioteca. Plaça de Sarrià, 1, Dist. Sarrià-Sant Gervasi, Sarrià (8017). 15 bibliotecas en Sarrià-Sant Gervasi.","Superficie":"Sarrià-Sant Gervasi","Dato":"15 en Sarrià-Sant Gervasi"},"geometry":{"type":"Point","coordinates":[2.122121,41.400011]}},{"type":"Feature","properties":{"_manaName":"Biblioteca La Vila de Gràcia – Rosa M. Arquimbau","name":"Biblioteca La Vila de Gràcia – Rosa M. Arquimbau","_manaColor":"#14b8a6","_manaFillOpacity":0.85,"_manaWeight":1.5,"_manaBorderColor":"#ffffff","_manaGroupName":"Bibliotecas de Barcelona","_manaGroupId":1,"_manaGeometryType":"point","_manaLabelStyle":{"enabled":true,"field":"_manaName","fontFamily":"DM Sans, sans-serif","fontSize":10,"fontWeight":"600","color":"#0f172a","haloWidth":3,"haloColor":"#ffffff","opacity":0.9,"placement":"auto"},"Biblioteca":"Biblioteca La Vila de Gràcia – Rosa M. Arquimbau","Dirección":"Carrer del Torrent de l'Olla, 104","Distrito":"Gràcia","Barrio":"la Vila de Gràcia","Código Postal":"8012","Centro":"—","Bibliotecas en distrito":7,"Bibliotecas por 100k hab.":5.7,"Description":"Biblioteca. Carrer del Torrent de l'Olla, 104, Dist. Gràcia, la Vila de Gràcia (8012). 7 bibliotecas en Gràcia.","Superficie":"Gràcia","Dato":"7 en Gràcia"},"geometry":{"type":"Point","coordinates":[2.158231,41.401498]}},{"type":"Feature","properties":{"_manaName":"Centre d'Estudi de les Tradicions de Saviesa","name":"Centre d'Estudi de les Tradicions de Saviesa","_manaColor":"#94a3b8","_manaFillOpacity":0.85,"_manaWeight":1.5,"_manaBorderColor":"#ffffff","_manaGroupName":"Bibliotecas de Barcelona","_manaGroupId":1,"_manaGeometryType":"point","_manaLabelStyle":{"enabled":true,"field":"_manaName","fontFamily":"DM Sans, sans-serif","fontSize":10,"fontWeight":"600","color":"#0f172a","haloWidth":3,"haloColor":"#ffffff","opacity":0.9,"placement":"auto"},"Biblioteca":"Centre d'Estudi de les Tradicions de Saviesa","Dirección":"—","Distrito":"—","Barrio":"—","Código Postal":"—","Centro":"Centre d'Estudi de les Tradicions de Saviesa","Bibliotecas en distrito":2,"Bibliotecas por 100k hab.":1.3,"Description":"Biblioteca — Centre d'Estudi de les Tradicions de Saviesa. 2 bibliotecas en Barcelona.","Superficie":"Barcelona","Dato":"2 en Barcelona"},"geometry":{"type":"Point","coordinates":[-1.489468,-0.001094]}},{"type":"Feature","properties":{"_manaName":"Biblioteca Vapor Vell","name":"Biblioteca Vapor Vell","_manaColor":"#eab308","_manaFillOpacity":0.85,"_manaWeight":1.5,"_manaBorderColor":"#ffffff","_manaGroupName":"Bibliotecas de Barcelona","_manaGroupId":1,"_manaGeometryType":"point","_manaLabelStyle":{"enabled":true,"field":"_manaName","fontFamily":"DM Sans, sans-serif","fontSize":10,"fontWeight":"600","color":"#0f172a","haloWidth":3,"haloColor":"#ffffff","opacity":0.9,"placement":"auto"},"Biblioteca":"Biblioteca Vapor Vell","Dirección":"Passatge del Vapor Vell, 1","Distrito":"Sants-Montjuïc","Barrio":"Sants","Código Postal":"8028","Centro":"—","Bibliotecas en distrito":12,"Bibliotecas por 100k hab.":6.5,"Description":"Biblioteca. Passatge del Vapor Vell, 1, Dist. Sants-Montjuïc, Sants (8028). 12 bibliotecas en Sants-Montjuïc.","Superficie":"Sants-Montjuïc","Dato":"12 en Sants-Montjuïc"},"geometry":{"type":"Point","coordinates":[2.134752,41.376929]}},{"type":"Feature","properties":{"_manaName":"Museu d'Història de Catalunya","name":"Museu d'Història de Catalunya","_manaColor":"#b91c1c","_manaFillOpacity":0.85,"_manaWeight":1.5,"_manaBorderColor":"#ffffff","_manaGroupName":"Bibliotecas de Barcelona","_manaGroupId":1,"_manaGeometryType":"point","_manaLabelStyle":{"enabled":true,"field":"_manaName","fontFamily":"DM Sans, sans-serif","fontSize":10,"fontWeight":"600","color":"#0f172a","haloWidth":3,"haloColor":"#ffffff","opacity":0.9,"placement":"auto"},"Biblioteca":"Museu d'Història de Catalunya","Dirección":"Pl Pau Vila, 3","Distrito":"Ciutat Vella","Barrio":"la Barceloneta","Código Postal":"8039","Centro":"Museu d'Història de Catalunya","Bibliotecas en distrito":53,"Bibliotecas por 100k hab.":51.5,"Description":"Biblioteca — Museu d'Història de Catalunya. Pl Pau Vila, 3, Dist. Ciutat Vella, la Barceloneta (8039). 53 bibliotecas en Ciutat Vella.","Superficie":"Ciutat Vella","Dato":"53 en Ciutat Vella"},"geometry":{"type":"Point","coordinates":[2.185521,41.3807]}},{"type":"Feature","properties":{"_manaName":"Biblioteca Joan Maragall","name":"Biblioteca Joan Maragall","_manaColor":"#f97316","_manaFillOpacity":0.85,"_manaWeight":1.5,"_manaBorderColor":"#ffffff","_manaGroupName":"Bibliotecas de Barcelona","_manaGroupId":1,"_manaGeometryType":"point","_manaLabelStyle":{"enabled":true,"field":"_manaName","fontFamily":"DM Sans, sans-serif","fontSize":10,"fontWeight":"600","color":"#0f172a","haloWidth":3,"haloColor":"#ffffff","opacity":0.9,"placement":"auto"},"Biblioteca":"Biblioteca Joan Maragall","Dirección":"Carrer de Sant Gervasi de Cassoles, 85","Distrito":"Sarrià-Sant Gervasi","Barrio":"Sant Gervasi - la Bonanova","Código Postal":"8022","Centro":"—","Bibliotecas en distrito":15,"Bibliotecas por 100k hab.":10.1,"Description":"Biblioteca. Carrer de Sant Gervasi de Cassoles, 85, Dist. Sarrià-Sant Gervasi, Sant Gervasi - la Bonanova (8022). 15 bibliotecas en Sarrià-Sant Gervasi.","Superficie":"Sarrià-Sant Gervasi","Dato":"15 en Sarrià-Sant Gervasi"},"geometry":{"type":"Point","coordinates":[2.135993,41.405955]}},{"type":"Feature","properties":{"_manaName":"Biblioteca El Besòs i el Maresme - Ramon d’Alòs-Moner","name":"Biblioteca El Besòs i el Maresme - Ramon d’Alòs-Moner","_manaColor":"#22c55e","_manaFillOpacity":0.85,"_manaWeight":1.5,"_manaBorderColor":"#ffffff","_manaGroupName":"Bibliotecas de Barcelona","_manaGroupId":1,"_manaGeometryType":"point","_manaLabelStyle":{"enabled":true,"field":"_manaName","fontFamily":"DM Sans, sans-serif","fontSize":10,"fontWeight":"600","color":"#0f172a","haloWidth":3,"haloColor":"#ffffff","opacity":0.9,"placement":"auto"},"Biblioteca":"Biblioteca El Besòs i el Maresme - Ramon d’Alòs-Moner","Dirección":"Rambla de Prim, 87","Distrito":"Sant Martí","Barrio":"el Besòs i el Maresme","Código Postal":"8019","Centro":"—","Bibliotecas en distrito":11,"Bibliotecas por 100k hab.":4.6,"Description":"Biblioteca. Rambla de Prim, 87, Dist. Sant Martí, el Besòs i el Maresme (8019). 11 bibliotecas en Sant Martí.","Superficie":"Sant Martí","Dato":"11 en Sant Martí"},"geometry":{"type":"Point","coordinates":[2.2115,41.416341]}},{"type":"Feature","properties":{"_manaName":"Biblioteca El Poblenou - Manuel Arranz","name":"Biblioteca El Poblenou - Manuel Arranz","_manaColor":"#22c55e","_manaFillOpacity":0.85,"_manaWeight":1.5,"_manaBorderColor":"#ffffff","_manaGroupName":"Bibliotecas de Barcelona","_manaGroupId":1,"_manaGeometryType":"point","_manaLabelStyle":{"enabled":true,"field":"_manaName","fontFamily":"DM Sans, sans-serif","fontSize":10,"fontWeight":"600","color":"#0f172a","haloWidth":3,"haloColor":"#ffffff","opacity":0.9,"placement":"auto"},"Biblioteca":"Biblioteca El Poblenou - Manuel Arranz","Dirección":"Carrer del Joncar, 35","Distrito":"Sant Martí","Barrio":"el Poblenou","Código Postal":"8005","Centro":"—","Bibliotecas en distrito":11,"Bibliotecas por 100k hab.":4.6,"Description":"Biblioteca. Carrer del Joncar, 35, Dist. Sant Martí, el Poblenou (8005). 11 bibliotecas en Sant Martí.","Superficie":"Sant Martí","Dato":"11 en Sant Martí"},"geometry":{"type":"Point","coordinates":[2.204543,41.401405]}},{"type":"Feature","properties":{"_manaName":"Biblioteca Pública Arús","name":"Biblioteca Pública Arús","_manaColor":"#dc2626","_manaFillOpacity":0.85,"_manaWeight":1.5,"_manaBorderColor":"#ffffff","_manaGroupName":"Bibliotecas de Barcelona","_manaGroupId":1,"_manaGeometryType":"point","_manaLabelStyle":{"enabled":true,"field":"_manaName","fontFamily":"DM Sans, sans-serif","fontSize":10,"fontWeight":"600","color":"#0f172a","haloWidth":3,"haloColor":"#ffffff","opacity":0.9,"placement":"auto"},"Biblioteca":"Biblioteca Pública Arús","Dirección":"Passeig de Sant Joan, 26","Distrito":"Eixample","Barrio":"el Fort Pienc","Código Postal":"8010","Centro":"—","Bibliotecas en distrito":45,"Bibliotecas por 100k hab.":16.9,"Description":"Biblioteca. Passeig de Sant Joan, 26, Dist. Eixample, el Fort Pienc (8010). 45 bibliotecas en Eixample.","Superficie":"Eixample","Dato":"45 en Eixample"},"geometry":{"type":"Point","coordinates":[2.178581,41.392969]}},{"type":"Feature","properties":{"_manaName":"Facultat de Física - UB","name":"Facultat de Física - UB","_manaColor":"#ea580c","_manaFillOpacity":0.85,"_manaWeight":1.5,"_manaBorderColor":"#ffffff","_manaGroupName":"Bibliotecas de Barcelona","_manaGroupId":1,"_manaGeometryType":"point","_manaLabelStyle":{"enabled":true,"field":"_manaName","fontFamily":"DM Sans, sans-serif","fontSize":10,"fontWeight":"600","color":"#0f172a","haloWidth":3,"haloColor":"#ffffff","opacity":0.9,"placement":"auto"},"Biblioteca":"Facultat de Física - UB","Dirección":"Avinguda Diagonal, 645","Distrito":"Les Corts","Barrio":"la Maternitat i Sant Ramon","Código Postal":"8028","Centro":"Facultat de Física - UB","Bibliotecas en distrito":18,"Bibliotecas por 100k hab.":22,"Description":"Biblioteca — Facultat de Física - UB. Avinguda Diagonal, 645, Dist. Les Corts, la Maternitat i Sant Ramon (8028). 18 bibliotecas en Les Corts.","Superficie":"Les Corts","Dato":"18 en Les Corts"},"geometry":{"type":"Point","coordinates":[2.117024,41.385348]}},{"type":"Feature","properties":{"_manaName":"Escola Lacaniana de Psicoanàlisi","name":"Escola Lacaniana de Psicoanàlisi","_manaColor":"#dc2626","_manaFillOpacity":0.85,"_manaWeight":1.5,"_manaBorderColor":"#ffffff","_manaGroupName":"Bibliotecas de Barcelona","_manaGroupId":1,"_manaGeometryType":"point","_manaLabelStyle":{"enabled":true,"field":"_manaName","fontFamily":"DM Sans, sans-serif","fontSize":10,"fontWeight":"600","color":"#0f172a","haloWidth":3,"haloColor":"#ffffff","opacity":0.9,"placement":"auto"},"Biblioteca":"Escola Lacaniana de Psicoanàlisi","Dirección":"Av Diagonal, 333","Distrito":"Eixample","Barrio":"la Dreta de l'Eixample","Código Postal":"8009","Centro":"Escola Lacaniana de Psicoanàlisi","Bibliotecas en distrito":45,"Bibliotecas por 100k hab.":16.9,"Description":"Biblioteca — Escola Lacaniana de Psicoanàlisi. Av Diagonal, 333, Dist. Eixample, la Dreta de l'Eixample (8009). 45 bibliotecas en Eixample.","Superficie":"Eixample","Dato":"45 en Eixample"},"geometry":{"type":"Point","coordinates":[2.169268,41.398743]}},{"type":"Feature","properties":{"_manaName":"Goethe-Institut Barcelona","name":"Goethe-Institut Barcelona","_manaColor":"#dc2626","_manaFillOpacity":0.85,"_manaWeight":1.5,"_manaBorderColor":"#ffffff","_manaGroupName":"Bibliotecas de Barcelona","_manaGroupId":1,"_manaGeometryType":"point","_manaLabelStyle":{"enabled":true,"field":"_manaName","fontFamily":"DM Sans, sans-serif","fontSize":10,"fontWeight":"600","color":"#0f172a","haloWidth":3,"haloColor":"#ffffff","opacity":0.9,"placement":"auto"},"Biblioteca":"Goethe-Institut Barcelona","Dirección":"C Roger de Flor, 224","Distrito":"Eixample","Barrio":"la Dreta de l'Eixample","Código Postal":"8025","Centro":"Goethe-Institut Barcelona","Bibliotecas en distrito":45,"Bibliotecas por 100k hab.":16.9,"Description":"Biblioteca — Goethe-Institut Barcelona. C Roger de Flor, 224, Dist. Eixample, la Dreta de l'Eixample (8025). 45 bibliotecas en Eixample.","Superficie":"Eixample","Dato":"45 en Eixample"},"geometry":{"type":"Point","coordinates":[2.170222,41.400817]}},{"type":"Feature","properties":{"_manaName":"Fundació Privada Viarany","name":"Fundació Privada Viarany","_manaColor":"#06b6d4","_manaFillOpacity":0.85,"_manaWeight":1.5,"_manaBorderColor":"#ffffff","_manaGroupName":"Bibliotecas de Barcelona","_manaGroupId":1,"_manaGeometryType":"point","_manaLabelStyle":{"enabled":true,"field":"_manaName","fontFamily":"DM Sans, sans-serif","fontSize":10,"fontWeight":"600","color":"#0f172a","haloWidth":3,"haloColor":"#ffffff","opacity":0.9,"placement":"auto"},"Biblioteca":"Fundació Privada Viarany","Dirección":"C Cardenal Tedeschini, 72","Distrito":"Sant Andreu","Barrio":"el Congrés i els Indians","Código Postal":"8027","Centro":"Fundació Privada Viarany","Bibliotecas en distrito":7,"Bibliotecas por 100k hab.":4.6,"Description":"Biblioteca — Fundació Privada Viarany. C Cardenal Tedeschini, 72, Dist. Sant Andreu, el Congrés i els Indians (8027). 7 bibliotecas en Sant Andreu.","Superficie":"Sant Andreu","Dato":"7 en Sant Andreu"},"geometry":{"type":"Point","coordinates":[2.181289,41.426481]}},{"type":"Feature","properties":{"_manaName":"Fundació Puigvert","name":"Fundació Puigvert","_manaColor":"#84cc16","_manaFillOpacity":0.85,"_manaWeight":1.5,"_manaBorderColor":"#ffffff","_manaGroupName":"Bibliotecas de Barcelona","_manaGroupId":1,"_manaGeometryType":"point","_manaLabelStyle":{"enabled":true,"field":"_manaName","fontFamily":"DM Sans, sans-serif","fontSize":10,"fontWeight":"600","color":"#0f172a","haloWidth":3,"haloColor":"#ffffff","opacity":0.9,"placement":"auto"},"Biblioteca":"Fundació Puigvert","Dirección":"C Cartagena, 350","Distrito":"Horta-Guinardó","Barrio":"el Guinardó","Código Postal":"8025","Centro":"Fundació Puigvert","Bibliotecas en distrito":12,"Bibliotecas por 100k hab.":7.3,"Description":"Biblioteca — Fundació Puigvert. C Cartagena, 350, Dist. Horta-Guinardó, el Guinardó (8025). 12 bibliotecas en Horta-Guinardó.","Superficie":"Horta-Guinardó","Dato":"12 en Horta-Guinardó"},"geometry":{"type":"Point","coordinates":[2.174377,41.414207]}},{"type":"Feature","properties":{"_manaName":"Parlament de Catalunya","name":"Parlament de Catalunya","_manaColor":"#b91c1c","_manaFillOpacity":0.85,"_manaWeight":1.5,"_manaBorderColor":"#ffffff","_manaGroupName":"Bibliotecas de Barcelona","_manaGroupId":1,"_manaGeometryType":"point","_manaLabelStyle":{"enabled":true,"field":"_manaName","fontFamily":"DM Sans, sans-serif","fontSize":10,"fontWeight":"600","color":"#0f172a","haloWidth":3,"haloColor":"#ffffff","opacity":0.9,"placement":"auto"},"Biblioteca":"Parlament de Catalunya","Dirección":"Parc de la Ciutadella","Distrito":"Ciutat Vella","Barrio":"Sant Pere, Santa Caterina i la Ribera","Código Postal":"8003","Centro":"Parlament de Catalunya","Bibliotecas en distrito":53,"Bibliotecas por 100k hab.":51.5,"Description":"Biblioteca — Parlament de Catalunya. Parc de la Ciutadella, Dist. Ciutat Vella, Sant Pere, Santa Caterina i la Ribera (8003). 53 bibliotecas en Ciutat Vella.","Superficie":"Ciutat Vella","Dato":"53 en Ciutat Vella"},"geometry":{"type":"Point","coordinates":[2.186614,41.38821]}},{"type":"Feature","properties":{"_manaName":"Biblioteca Gabriel García Márquez","name":"Biblioteca Gabriel García Márquez","_manaColor":"#22c55e","_manaFillOpacity":0.85,"_manaWeight":1.5,"_manaBorderColor":"#ffffff","_manaGroupName":"Bibliotecas de Barcelona","_manaGroupId":1,"_manaGeometryType":"point","_manaLabelStyle":{"enabled":true,"field":"_manaName","fontFamily":"DM Sans, sans-serif","fontSize":10,"fontWeight":"600","color":"#0f172a","haloWidth":3,"haloColor":"#ffffff","opacity":0.9,"placement":"auto"},"Biblioteca":"Biblioteca Gabriel García Márquez","Dirección":"Plaça de Carmen Balcells Segalà, 1","Distrito":"Sant Martí","Barrio":"Sant Martí de Provençals","Código Postal":"8020","Centro":"—","Bibliotecas en distrito":11,"Bibliotecas por 100k hab.":4.6,"Description":"Biblioteca. Plaça de Carmen Balcells Segalà, 1, Dist. Sant Martí, Sant Martí de Provençals (8020). 11 bibliotecas en Sant Martí.","Superficie":"Sant Martí","Dato":"11 en Sant Martí"},"geometry":{"type":"Point","coordinates":[2.200139,41.417075]}},{"type":"Feature","properties":{"_manaName":"Biblioteca Judicial de Barcelona - Biblioteca Penal","name":"Biblioteca Judicial de Barcelona - Biblioteca Penal","_manaColor":"#b91c1c","_manaFillOpacity":0.85,"_manaWeight":1.5,"_manaBorderColor":"#ffffff","_manaGroupName":"Bibliotecas de Barcelona","_manaGroupId":1,"_manaGeometryType":"point","_manaLabelStyle":{"enabled":true,"field":"_manaName","fontFamily":"DM Sans, sans-serif","fontSize":10,"fontWeight":"600","color":"#0f172a","haloWidth":3,"haloColor":"#ffffff","opacity":0.9,"placement":"auto"},"Biblioteca":"Biblioteca Judicial de Barcelona - Biblioteca Penal","Dirección":"Pg Lluís Companys, 3","Distrito":"Ciutat Vella","Barrio":"Sant Pere, Santa Caterina i la Ribera","Código Postal":"8003","Centro":"—","Bibliotecas en distrito":53,"Bibliotecas por 100k hab.":51.5,"Description":"Biblioteca. Pg Lluís Companys, 3, Dist. Ciutat Vella, Sant Pere, Santa Caterina i la Ribera (8003). 53 bibliotecas en Ciutat Vella.","Superficie":"Ciutat Vella","Dato":"53 en Ciutat Vella"},"geometry":{"type":"Point","coordinates":[2.182362,41.389061]}},{"type":"Feature","properties":{"_manaName":"Escola Superior d'Administració i Direcció d'Empreses - URL","name":"Escola Superior d'Administració i Direcció d'Empreses - URL","_manaColor":"#ea580c","_manaFillOpacity":0.85,"_manaWeight":1.5,"_manaBorderColor":"#ffffff","_manaGroupName":"Bibliotecas de Barcelona","_manaGroupId":1,"_manaGeometryType":"point","_manaLabelStyle":{"enabled":true,"field":"_manaName","fontFamily":"DM Sans, sans-serif","fontSize":10,"fontWeight":"600","color":"#0f172a","haloWidth":3,"haloColor":"#ffffff","opacity":0.9,"placement":"auto"},"Biblioteca":"Escola Superior d'Administració i Direcció d'Empreses - URL","Dirección":"Av Pedralbes, 60","Distrito":"Les Corts","Barrio":"Pedralbes","Código Postal":"8034","Centro":"Escola Superior d'Administració i Direcció d'Empreses - URL","Bibliotecas en distrito":18,"Bibliotecas por 100k hab.":22,"Description":"Biblioteca — Escola Superior d'Administració i Direcció d'Empreses - URL. Av Pedralbes, 60, Dist. Les Corts, Pedralbes (8034). 18 bibliotecas en Les Corts.","Superficie":"Les Corts","Dato":"18 en Les Corts"},"geometry":{"type":"Point","coordinates":[2.1145,41.393741]}},{"type":"Feature","properties":{"_manaName":"Seminari Conciliar de Barcelona","name":"Seminari Conciliar de Barcelona","_manaColor":"#dc2626","_manaFillOpacity":0.85,"_manaWeight":1.5,"_manaBorderColor":"#ffffff","_manaGroupName":"Bibliotecas de Barcelona","_manaGroupId":1,"_manaGeometryType":"point","_manaLabelStyle":{"enabled":true,"field":"_manaName","fontFamily":"DM Sans, sans-serif","fontSize":10,"fontWeight":"600","color":"#0f172a","haloWidth":3,"haloColor":"#ffffff","opacity":0.9,"placement":"auto"},"Biblioteca":"Seminari Conciliar de Barcelona","Dirección":"Carrer de la Diputació, 231","Distrito":"Eixample","Barrio":"l'Antiga Esquerra de l'Eixample","Código Postal":"8007","Centro":"Seminari Conciliar de Barcelona","Bibliotecas en distrito":45,"Bibliotecas por 100k hab.":16.9,"Description":"Biblioteca — Seminari Conciliar de Barcelona. Carrer de la Diputació, 231, Dist. Eixample, l'Antiga Esquerra de l'Eixample (8007). 45 bibliotecas en Eixample.","Superficie":"Eixample","Dato":"45 en Eixample"},"geometry":{"type":"Point","coordinates":[2.163452,41.387845]}},{"type":"Feature","properties":{"_manaName":"Església Santuari de Sant Antoni de Pàdua","name":"Església Santuari de Sant Antoni de Pàdua","_manaColor":"#f97316","_manaFillOpacity":0.85,"_manaWeight":1.5,"_manaBorderColor":"#ffffff","_manaGroupName":"Bibliotecas de Barcelona","_manaGroupId":1,"_manaGeometryType":"point","_manaLabelStyle":{"enabled":true,"field":"_manaName","fontFamily":"DM Sans, sans-serif","fontSize":10,"fontWeight":"600","color":"#0f172a","haloWidth":3,"haloColor":"#ffffff","opacity":0.9,"placement":"auto"},"Biblioteca":"Església Santuari de Sant Antoni de Pàdua","Dirección":"C Santaló, 80","Distrito":"Sarrià-Sant Gervasi","Barrio":"Sant Gervasi - Galvany","Código Postal":"8021","Centro":"Església Santuari de Sant Antoni de Pàdua","Bibliotecas en distrito":15,"Bibliotecas por 100k hab.":10.1,"Description":"Biblioteca — Església Santuari de Sant Antoni de Pàdua. C Santaló, 80, Dist. Sarrià-Sant Gervasi, Sant Gervasi - Galvany (8021). 15 bibliotecas en Sarrià-Sant Gervasi.","Superficie":"Sarrià-Sant Gervasi","Dato":"15 en Sarrià-Sant Gervasi"},"geometry":{"type":"Point","coordinates":[2.14391,41.397482]}},{"type":"Feature","properties":{"_manaName":"Centre Excursionista l'Àliga de Barcelona","name":"Centre Excursionista l'Àliga de Barcelona","_manaColor":"#dc2626","_manaFillOpacity":0.85,"_manaWeight":1.5,"_manaBorderColor":"#ffffff","_manaGroupName":"Bibliotecas de Barcelona","_manaGroupId":1,"_manaGeometryType":"point","_manaLabelStyle":{"enabled":true,"field":"_manaName","fontFamily":"DM Sans, sans-serif","fontSize":10,"fontWeight":"600","color":"#0f172a","haloWidth":3,"haloColor":"#ffffff","opacity":0.9,"placement":"auto"},"Biblioteca":"Centre Excursionista l'Àliga de Barcelona","Dirección":"C Viladomat, 152","Distrito":"Eixample","Barrio":"la Nova Esquerra de l'Eixample","Código Postal":"8015","Centro":"Centre Excursionista l'Àliga de Barcelona","Bibliotecas en distrito":45,"Bibliotecas por 100k hab.":16.9,"Description":"Biblioteca — Centre Excursionista l'Àliga de Barcelona. C Viladomat, 152, Dist. Eixample, la Nova Esquerra de l'Eixample (8015). 45 bibliotecas en Eixample.","Superficie":"Eixample","Dato":"45 en Eixample"},"geometry":{"type":"Point","coordinates":[2.153595,41.382667]}},{"type":"Feature","properties":{"_manaName":"CRAI - Biblioteca del Campus Universitari del Mar","name":"CRAI - Biblioteca del Campus Universitari del Mar","_manaColor":"#b91c1c","_manaFillOpacity":0.85,"_manaWeight":1.5,"_manaBorderColor":"#ffffff","_manaGroupName":"Bibliotecas de Barcelona","_manaGroupId":1,"_manaGeometryType":"point","_manaLabelStyle":{"enabled":true,"field":"_manaName","fontFamily":"DM Sans, sans-serif","fontSize":10,"fontWeight":"600","color":"#0f172a","haloWidth":3,"haloColor":"#ffffff","opacity":0.9,"placement":"auto"},"Biblioteca":"CRAI - Biblioteca del Campus Universitari del Mar","Dirección":"C Doctor Aiguader, 80","Distrito":"Ciutat Vella","Barrio":"la Barceloneta","Código Postal":"8003","Centro":"—","Bibliotecas en distrito":53,"Bibliotecas por 100k hab.":51.5,"Description":"Biblioteca. C Doctor Aiguader, 80, Dist. Ciutat Vella, la Barceloneta (8003). 53 bibliotecas en Ciutat Vella.","Superficie":"Ciutat Vella","Dato":"53 en Ciutat Vella"},"geometry":{"type":"Point","coordinates":[2.194023,41.383803]}},{"type":"Feature","properties":{"_manaName":"Il·lustre Col·legi de Notaris de Catalunya","name":"Il·lustre Col·legi de Notaris de Catalunya","_manaColor":"#b91c1c","_manaFillOpacity":0.85,"_manaWeight":1.5,"_manaBorderColor":"#ffffff","_manaGroupName":"Bibliotecas de Barcelona","_manaGroupId":1,"_manaGeometryType":"point","_manaLabelStyle":{"enabled":true,"field":"_manaName","fontFamily":"DM Sans, sans-serif","fontSize":10,"fontWeight":"600","color":"#0f172a","haloWidth":3,"haloColor":"#ffffff","opacity":0.9,"placement":"auto"},"Biblioteca":"Il·lustre Col·legi de Notaris de Catalunya","Dirección":"C Notariat, 4","Distrito":"Ciutat Vella","Barrio":"el Raval","Código Postal":"8001","Centro":"Il·lustre Col·legi de Notaris de Catalunya","Bibliotecas en distrito":53,"Bibliotecas por 100k hab.":51.5,"Description":"Biblioteca — Il·lustre Col·legi de Notaris de Catalunya. C Notariat, 4, Dist. Ciutat Vella, el Raval (8001). 53 bibliotecas en Ciutat Vella.","Superficie":"Ciutat Vella","Dato":"53 en Ciutat Vella"},"geometry":{"type":"Point","coordinates":[2.169143,41.383101]}},{"type":"Feature","properties":{"_manaName":"Biblioteca Mercè Rodoreda","name":"Biblioteca Mercè Rodoreda","_manaColor":"#84cc16","_manaFillOpacity":0.85,"_manaWeight":1.5,"_manaBorderColor":"#ffffff","_manaGroupName":"Bibliotecas de Barcelona","_manaGroupId":1,"_manaGeometryType":"point","_manaLabelStyle":{"enabled":true,"field":"_manaName","fontFamily":"DM Sans, sans-serif","fontSize":10,"fontWeight":"600","color":"#0f172a","haloWidth":3,"haloColor":"#ffffff","opacity":0.9,"placement":"auto"},"Biblioteca":"Biblioteca Mercè Rodoreda","Dirección":"Carrer de les Camèlies, 76","Distrito":"Horta-Guinardó","Barrio":"el Baix Guinardó","Código Postal":"8024","Centro":"—","Bibliotecas en distrito":12,"Bibliotecas por 100k hab.":7.3,"Description":"Biblioteca. Carrer de les Camèlies, 76, Dist. Horta-Guinardó, el Baix Guinardó (8024). 12 bibliotecas en Horta-Guinardó.","Superficie":"Horta-Guinardó","Dato":"12 en Horta-Guinardó"},"geometry":{"type":"Point","coordinates":[2.165336,41.414344]}},{"type":"Feature","properties":{"_manaName":"Biblioteca Judicial de Barcelona - Biblioteca Social","name":"Biblioteca Judicial de Barcelona - Biblioteca Social","_manaColor":"#dc2626","_manaFillOpacity":0.85,"_manaWeight":1.5,"_manaBorderColor":"#ffffff","_manaGroupName":"Bibliotecas de Barcelona","_manaGroupId":1,"_manaGeometryType":"point","_manaLabelStyle":{"enabled":true,"field":"_manaName","fontFamily":"DM Sans, sans-serif","fontSize":10,"fontWeight":"600","color":"#0f172a","haloWidth":3,"haloColor":"#ffffff","opacity":0.9,"placement":"auto"},"Biblioteca":"Biblioteca Judicial de Barcelona - Biblioteca Social","Dirección":"C Girona, 2","Distrito":"Eixample","Barrio":"la Dreta de l'Eixample","Código Postal":"8010","Centro":"—","Bibliotecas en distrito":45,"Bibliotecas por 100k hab.":16.9,"Description":"Biblioteca. C Girona, 2, Dist. Eixample, la Dreta de l'Eixample (8010). 45 bibliotecas en Eixample.","Superficie":"Eixample","Dato":"45 en Eixample"},"geometry":{"type":"Point","coordinates":[2.176645,41.390836]}},{"type":"Feature","properties":{"_manaName":"Biblioteca Judicial de Barcelona - TSJC Palau de Justícia","name":"Biblioteca Judicial de Barcelona - TSJC Palau de Justícia","_manaColor":"#b91c1c","_manaFillOpacity":0.85,"_manaWeight":1.5,"_manaBorderColor":"#ffffff","_manaGroupName":"Bibliotecas de Barcelona","_manaGroupId":1,"_manaGeometryType":"point","_manaLabelStyle":{"enabled":true,"field":"_manaName","fontFamily":"DM Sans, sans-serif","fontSize":10,"fontWeight":"600","color":"#0f172a","haloWidth":3,"haloColor":"#ffffff","opacity":0.9,"placement":"auto"},"Biblioteca":"Biblioteca Judicial de Barcelona - TSJC Palau de Justícia","Dirección":"Pg Lluís Companys, 1","Distrito":"Ciutat Vella","Barrio":"Sant Pere, Santa Caterina i la Ribera","Código Postal":"8003","Centro":"—","Bibliotecas en distrito":53,"Bibliotecas por 100k hab.":51.5,"Description":"Biblioteca. Pg Lluís Companys, 1, Dist. Ciutat Vella, Sant Pere, Santa Caterina i la Ribera (8003). 53 bibliotecas en Ciutat Vella.","Superficie":"Ciutat Vella","Dato":"53 en Ciutat Vella"},"geometry":{"type":"Point","coordinates":[2.182362,41.389061]}},{"type":"Feature","properties":{"_manaName":"Associació de Mestres Rosa Sensat","name":"Associació de Mestres Rosa Sensat","_manaColor":"#b91c1c","_manaFillOpacity":0.85,"_manaWeight":1.5,"_manaBorderColor":"#ffffff","_manaGroupName":"Bibliotecas de Barcelona","_manaGroupId":1,"_manaGeometryType":"point","_manaLabelStyle":{"enabled":true,"field":"_manaName","fontFamily":"DM Sans, sans-serif","fontSize":10,"fontWeight":"600","color":"#0f172a","haloWidth":3,"haloColor":"#ffffff","opacity":0.9,"placement":"auto"},"Biblioteca":"Associació de Mestres Rosa Sensat","Dirección":"Av Drassanes, 3","Distrito":"Ciutat Vella","Barrio":"el Raval","Código Postal":"8001","Centro":"Associació de Mestres Rosa Sensat","Bibliotecas en distrito":53,"Bibliotecas por 100k hab.":51.5,"Description":"Biblioteca — Associació de Mestres Rosa Sensat. Av Drassanes, 3, Dist. Ciutat Vella, el Raval (8001). 53 bibliotecas en Ciutat Vella.","Superficie":"Ciutat Vella","Dato":"53 en Ciutat Vella"},"geometry":{"type":"Point","coordinates":[2.174892,41.376149]}},{"type":"Feature","properties":{"_manaName":"Biblioteca Nacional de Catalunya (2)","name":"Biblioteca Nacional de Catalunya","_manaColor":"#b91c1c","_manaFillOpacity":0.85,"_manaWeight":1.5,"_manaBorderColor":"#ffffff","_manaGroupName":"Bibliotecas de Barcelona","_manaGroupId":1,"_manaGeometryType":"point","_manaLabelStyle":{"enabled":true,"field":"_manaName","fontFamily":"DM Sans, sans-serif","fontSize":10,"fontWeight":"600","color":"#0f172a","haloWidth":3,"haloColor":"#ffffff","opacity":0.9,"placement":"auto"},"Biblioteca":"Biblioteca Nacional de Catalunya (2)","Dirección":"Hospital, 56","Distrito":"Ciutat Vella","Barrio":"el Raval","Código Postal":"8001","Centro":"Biblioteca Nacional de Catalunya","Bibliotecas en distrito":53,"Bibliotecas por 100k hab.":51.5,"Description":"Biblioteca — Biblioteca Nacional de Catalunya. Hospital, 56, Dist. Ciutat Vella, el Raval (8001). 53 bibliotecas en Ciutat Vella.","Superficie":"Ciutat Vella","Dato":"53 en Ciutat Vella"},"geometry":{"type":"Point","coordinates":[2.169811,41.381089]}},{"type":"Feature","properties":{"_manaName":"Cercle Filatèlic i Numismàtic de Barcelona","name":"Cercle Filatèlic i Numismàtic de Barcelona","_manaColor":"#dc2626","_manaFillOpacity":0.85,"_manaWeight":1.5,"_manaBorderColor":"#ffffff","_manaGroupName":"Bibliotecas de Barcelona","_manaGroupId":1,"_manaGeometryType":"point","_manaLabelStyle":{"enabled":true,"field":"_manaName","fontFamily":"DM Sans, sans-serif","fontSize":10,"fontWeight":"600","color":"#0f172a","haloWidth":3,"haloColor":"#ffffff","opacity":0.9,"placement":"auto"},"Biblioteca":"Cercle Filatèlic i Numismàtic de Barcelona","Dirección":"C Rosselló, 183","Distrito":"Eixample","Barrio":"l'Antiga Esquerra de l'Eixample","Código Postal":"8036","Centro":"Cercle Filatèlic i Numismàtic de Barcelona","Bibliotecas en distrito":45,"Bibliotecas por 100k hab.":16.9,"Description":"Biblioteca — Cercle Filatèlic i Numismàtic de Barcelona. C Rosselló, 183, Dist. Eixample, l'Antiga Esquerra de l'Eixample (8036). 45 bibliotecas en Eixample.","Superficie":"Eixample","Dato":"45 en Eixample"},"geometry":{"type":"Point","coordinates":[2.154579,41.391379]}},{"type":"Feature","properties":{"_manaName":"Societat Rectora Borsa de Barcelona","name":"Societat Rectora Borsa de Barcelona","_manaColor":"#dc2626","_manaFillOpacity":0.85,"_manaWeight":1.5,"_manaBorderColor":"#ffffff","_manaGroupName":"Bibliotecas de Barcelona","_manaGroupId":1,"_manaGeometryType":"point","_manaLabelStyle":{"enabled":true,"field":"_manaName","fontFamily":"DM Sans, sans-serif","fontSize":10,"fontWeight":"600","color":"#0f172a","haloWidth":3,"haloColor":"#ffffff","opacity":0.9,"placement":"auto"},"Biblioteca":"Societat Rectora Borsa de Barcelona","Dirección":"Pg Gràcia, 19","Distrito":"Eixample","Barrio":"la Dreta de l'Eixample","Código Postal":"8007","Centro":"Societat Rectora Borsa de Barcelona","Bibliotecas en distrito":45,"Bibliotecas por 100k hab.":16.9,"Description":"Biblioteca — Societat Rectora Borsa de Barcelona. Pg Gràcia, 19, Dist. Eixample, la Dreta de l'Eixample (8007). 45 bibliotecas en Eixample.","Superficie":"Eixample","Dato":"45 en Eixample"},"geometry":{"type":"Point","coordinates":[2.167178,41.389946]}},{"type":"Feature","properties":{"_manaName":"Facultat de Filologia i Comunicació - UB","name":"Facultat de Filologia i Comunicació - UB","_manaColor":"#dc2626","_manaFillOpacity":0.85,"_manaWeight":1.5,"_manaBorderColor":"#ffffff","_manaGroupName":"Bibliotecas de Barcelona","_manaGroupId":1,"_manaGeometryType":"point","_manaLabelStyle":{"enabled":true,"field":"_manaName","fontFamily":"DM Sans, sans-serif","fontSize":10,"fontWeight":"600","color":"#0f172a","haloWidth":3,"haloColor":"#ffffff","opacity":0.9,"placement":"auto"},"Biblioteca":"Facultat de Filologia i Comunicació - UB","Dirección":"Gran Via de les Corts Catalanes, 585","Distrito":"Eixample","Barrio":"l'Antiga Esquerra de l'Eixample","Código Postal":"8007","Centro":"Facultat de Filologia i Comunicació - UB","Bibliotecas en distrito":45,"Bibliotecas por 100k hab.":16.9,"Description":"Biblioteca — Facultat de Filologia i Comunicació - UB. Gran Via de les Corts Catalanes, 585, Dist. Eixample, l'Antiga Esquerra de l'Eixample (8007). 45 bibliotecas en Eixample.","Superficie":"Eixample","Dato":"45 en Eixample"},"geometry":{"type":"Point","coordinates":[2.164031,41.386577]}},{"type":"Feature","properties":{"_manaName":"Associació Amics de la UNESCO de Barcelona","name":"Associació Amics de la UNESCO de Barcelona","_manaColor":"#dc2626","_manaFillOpacity":0.85,"_manaWeight":1.5,"_manaBorderColor":"#ffffff","_manaGroupName":"Bibliotecas de Barcelona","_manaGroupId":1,"_manaGeometryType":"point","_manaLabelStyle":{"enabled":true,"field":"_manaName","fontFamily":"DM Sans, sans-serif","fontSize":10,"fontWeight":"600","color":"#0f172a","haloWidth":3,"haloColor":"#ffffff","opacity":0.9,"placement":"auto"},"Biblioteca":"Associació Amics de la UNESCO de Barcelona","Dirección":"C Mallorca, 207","Distrito":"Eixample","Barrio":"l'Antiga Esquerra de l'Eixample","Código Postal":"8036","Centro":"Associació Amics de la UNESCO de Barcelona","Bibliotecas en distrito":45,"Bibliotecas por 100k hab.":16.9,"Description":"Biblioteca — Associació Amics de la UNESCO de Barcelona. C Mallorca, 207, Dist. Eixample, l'Antiga Esquerra de l'Eixample (8036). 45 bibliotecas en Eixample.","Superficie":"Eixample","Dato":"45 en Eixample"},"geometry":{"type":"Point","coordinates":[2.157959,41.390524]}},{"type":"Feature","properties":{"_manaName":"Àrea Metropolitana de Barcelona","name":"Àrea Metropolitana de Barcelona","_manaColor":"#eab308","_manaFillOpacity":0.85,"_manaWeight":1.5,"_manaBorderColor":"#ffffff","_manaGroupName":"Bibliotecas de Barcelona","_manaGroupId":1,"_manaGeometryType":"point","_manaLabelStyle":{"enabled":true,"field":"_manaName","fontFamily":"DM Sans, sans-serif","fontSize":10,"fontWeight":"600","color":"#0f172a","haloWidth":3,"haloColor":"#ffffff","opacity":0.9,"placement":"auto"},"Biblioteca":"Àrea Metropolitana de Barcelona","Dirección":"C Número 62 Zona Franca, 16","Distrito":"Sants-Montjuïc","Barrio":"la Marina del Prat Vermell","Código Postal":"8040","Centro":"Àrea Metropolitana de Barcelona","Bibliotecas en distrito":12,"Bibliotecas por 100k hab.":6.5,"Description":"Biblioteca — Àrea Metropolitana de Barcelona. C Número 62 Zona Franca, 16, Dist. Sants-Montjuïc, la Marina del Prat Vermell (8040). 12 bibliotecas en Sants-Montjuïc.","Superficie":"Sants-Montjuïc","Dato":"12 en Sants-Montjuïc"},"geometry":{"type":"Point","coordinates":[2.142102,41.346349]}},{"type":"Feature","properties":{"_manaName":"Filmoteca de Catalunya","name":"Filmoteca de Catalunya","_manaColor":"#b91c1c","_manaFillOpacity":0.85,"_manaWeight":1.5,"_manaBorderColor":"#ffffff","_manaGroupName":"Bibliotecas de Barcelona","_manaGroupId":1,"_manaGeometryType":"point","_manaLabelStyle":{"enabled":true,"field":"_manaName","fontFamily":"DM Sans, sans-serif","fontSize":10,"fontWeight":"600","color":"#0f172a","haloWidth":3,"haloColor":"#ffffff","opacity":0.9,"placement":"auto"},"Biblioteca":"Filmoteca de Catalunya","Dirección":"Pl Salvador Seguí, 1","Distrito":"Ciutat Vella","Barrio":"el Raval","Código Postal":"8001","Centro":"Filmoteca de Catalunya","Bibliotecas en distrito":53,"Bibliotecas por 100k hab.":51.5,"Description":"Biblioteca — Filmoteca de Catalunya. Pl Salvador Seguí, 1, Dist. Ciutat Vella, el Raval (8001). 53 bibliotecas en Ciutat Vella.","Superficie":"Ciutat Vella","Dato":"53 en Ciutat Vella"},"geometry":{"type":"Point","coordinates":[2.171027,41.378634]}},{"type":"Feature","properties":{"_manaName":"Escola Tècnica Superior d'Arquitectura de Barcelona - UPC","name":"Escola Tècnica Superior d'Arquitectura de Barcelona - UPC","_manaColor":"#ea580c","_manaFillOpacity":0.85,"_manaWeight":1.5,"_manaBorderColor":"#ffffff","_manaGroupName":"Bibliotecas de Barcelona","_manaGroupId":1,"_manaGeometryType":"point","_manaLabelStyle":{"enabled":true,"field":"_manaName","fontFamily":"DM Sans, sans-serif","fontSize":10,"fontWeight":"600","color":"#0f172a","haloWidth":3,"haloColor":"#ffffff","opacity":0.9,"placement":"auto"},"Biblioteca":"Escola Tècnica Superior d'Arquitectura de Barcelona - UPC","Dirección":"Avinguda Diagonal, 649","Distrito":"Les Corts","Barrio":"la Maternitat i Sant Ramon","Código Postal":"8028","Centro":"Escola Tècnica Superior d'Arquitectura de Barcelona - UPC","Bibliotecas en distrito":18,"Bibliotecas por 100k hab.":22,"Description":"Biblioteca — Escola Tècnica Superior d'Arquitectura de Barcelona - UPC. Avinguda Diagonal, 649, Dist. Les Corts, la Maternitat i Sant Ramon (8028). 18 bibliotecas en Les Corts.","Superficie":"Les Corts","Dato":"18 en Les Corts"},"geometry":{"type":"Point","coordinates":[2.113371,41.384424]}},{"type":"Feature","properties":{"_manaName":"Facultat d'Economia i Empresa - UB","name":"Facultat d'Economia i Empresa - UB","_manaColor":"#ea580c","_manaFillOpacity":0.85,"_manaWeight":1.5,"_manaBorderColor":"#ffffff","_manaGroupName":"Bibliotecas de Barcelona","_manaGroupId":1,"_manaGeometryType":"point","_manaLabelStyle":{"enabled":true,"field":"_manaName","fontFamily":"DM Sans, sans-serif","fontSize":10,"fontWeight":"600","color":"#0f172a","haloWidth":3,"haloColor":"#ffffff","opacity":0.9,"placement":"auto"},"Biblioteca":"Facultat d'Economia i Empresa - UB","Dirección":"Av Diagonal, 690","Distrito":"Les Corts","Barrio":"Pedralbes","Código Postal":"8034","Centro":"Facultat d'Economia i Empresa - UB","Bibliotecas en distrito":18,"Bibliotecas por 100k hab.":22,"Description":"Biblioteca — Facultat d'Economia i Empresa - UB. Av Diagonal, 690, Dist. Les Corts, Pedralbes (8034). 18 bibliotecas en Les Corts.","Superficie":"Les Corts","Dato":"18 en Les Corts"},"geometry":{"type":"Point","coordinates":[2.114968,41.385692]}},{"type":"Feature","properties":{"_manaName":"Biblioteca Vallcarca i els Penitents - M. Antonieta Cot","name":"Biblioteca Vallcarca i els Penitents - M. Antonieta Cot","_manaColor":"#14b8a6","_manaFillOpacity":0.85,"_manaWeight":1.5,"_manaBorderColor":"#ffffff","_manaGroupName":"Bibliotecas de Barcelona","_manaGroupId":1,"_manaGeometryType":"point","_manaLabelStyle":{"enabled":true,"field":"_manaName","fontFamily":"DM Sans, sans-serif","fontSize":10,"fontWeight":"600","color":"#0f172a","haloWidth":3,"haloColor":"#ffffff","opacity":0.9,"placement":"auto"},"Biblioteca":"Biblioteca Vallcarca i els Penitents - M. Antonieta Cot","Dirección":"Passeig de la Vall d'Hebron, 65","Distrito":"Gràcia","Barrio":"Vallcarca i els Penitents","Código Postal":"8000","Centro":"—","Bibliotecas en distrito":7,"Bibliotecas por 100k hab.":5.7,"Description":"Biblioteca. Passeig de la Vall d'Hebron, 65, Dist. Gràcia, Vallcarca i els Penitents (8000). 7 bibliotecas en Gràcia.","Superficie":"Gràcia","Dato":"7 en Gràcia"},"geometry":{"type":"Point","coordinates":[2.139675,41.420039]}},{"type":"Feature","properties":{"_manaName":"Biblioteca La Sagrera - Marina Clotet","name":"Biblioteca La Sagrera - Marina Clotet","_manaColor":"#06b6d4","_manaFillOpacity":0.85,"_manaWeight":1.5,"_manaBorderColor":"#ffffff","_manaGroupName":"Bibliotecas de Barcelona","_manaGroupId":1,"_manaGeometryType":"point","_manaLabelStyle":{"enabled":true,"field":"_manaName","fontFamily":"DM Sans, sans-serif","fontSize":10,"fontWeight":"600","color":"#0f172a","haloWidth":3,"haloColor":"#ffffff","opacity":0.9,"placement":"auto"},"Biblioteca":"Biblioteca La Sagrera - Marina Clotet","Dirección":"Carrer de Josep Soldevila, 9","Distrito":"Sant Andreu","Barrio":"la Sagrera","Código Postal":"8027","Centro":"—","Bibliotecas en distrito":7,"Bibliotecas por 100k hab.":4.6,"Description":"Biblioteca. Carrer de Josep Soldevila, 9, Dist. Sant Andreu, la Sagrera (8027). 7 bibliotecas en Sant Andreu.","Superficie":"Sant Andreu","Dato":"7 en Sant Andreu"},"geometry":{"type":"Point","coordinates":[2.193744,41.425646]}},{"type":"Feature","properties":{"_manaName":"Disseny Hub Barcelona","name":"Disseny Hub Barcelona","_manaColor":"#22c55e","_manaFillOpacity":0.85,"_manaWeight":1.5,"_manaBorderColor":"#ffffff","_manaGroupName":"Bibliotecas de Barcelona","_manaGroupId":1,"_manaGeometryType":"point","_manaLabelStyle":{"enabled":true,"field":"_manaName","fontFamily":"DM Sans, sans-serif","fontSize":10,"fontWeight":"600","color":"#0f172a","haloWidth":3,"haloColor":"#ffffff","opacity":0.9,"placement":"auto"},"Biblioteca":"Disseny Hub Barcelona","Dirección":"Pl Glòries Catalanes, 37","Distrito":"Sant Martí","Barrio":"el Parc i la Llacuna del Poblenou","Código Postal":"8038","Centro":"Disseny Hub Barcelona","Bibliotecas en distrito":11,"Bibliotecas por 100k hab.":4.6,"Description":"Biblioteca — Disseny Hub Barcelona. Pl Glòries Catalanes, 37, Dist. Sant Martí, el Parc i la Llacuna del Poblenou (8038). 11 bibliotecas en Sant Martí.","Superficie":"Sant Martí","Dato":"11 en Sant Martí"},"geometry":{"type":"Point","coordinates":[2.18805,41.402601]}},{"type":"Feature","properties":{"_manaName":"Fundació Centre d'Estudis i Documentació Internacionals de Barcelona","name":"Fundació Centre d'Estudis i Documentació Internacionals de Barcelona","_manaColor":"#b91c1c","_manaFillOpacity":0.85,"_manaWeight":1.5,"_manaBorderColor":"#ffffff","_manaGroupName":"Bibliotecas de Barcelona","_manaGroupId":1,"_manaGeometryType":"point","_manaLabelStyle":{"enabled":true,"field":"_manaName","fontFamily":"DM Sans, sans-serif","fontSize":10,"fontWeight":"600","color":"#0f172a","haloWidth":3,"haloColor":"#ffffff","opacity":0.9,"placement":"auto"},"Biblioteca":"Fundació Centre d'Estudis i Documentació Internacionals de Barcelona","Dirección":"C Elisabets, 12","Distrito":"Ciutat Vella","Barrio":"el Raval","Código Postal":"8001","Centro":"Fundació Centre d'Estudis i Documentació Internacionals de Barcelona","Bibliotecas en distrito":53,"Bibliotecas por 100k hab.":51.5,"Description":"Biblioteca — Fundació Centre d'Estudis i Documentació Internacionals de Barcelona. C Elisabets, 12, Dist. Ciutat Vella, el Raval (8001). 53 bibliotecas en Ciutat Vella.","Superficie":"Ciutat Vella","Dato":"53 en Ciutat Vella"},"geometry":{"type":"Point","coordinates":[2.168352,41.384184]}},{"type":"Feature","properties":{"_manaName":"Fundació Intermón-Oxfam","name":"Fundació Intermón-Oxfam","_manaColor":"#22c55e","_manaFillOpacity":0.85,"_manaWeight":1.5,"_manaBorderColor":"#ffffff","_manaGroupName":"Bibliotecas de Barcelona","_manaGroupId":1,"_manaGeometryType":"point","_manaLabelStyle":{"enabled":true,"field":"_manaName","fontFamily":"DM Sans, sans-serif","fontSize":10,"fontWeight":"600","color":"#0f172a","haloWidth":3,"haloColor":"#ffffff","opacity":0.9,"placement":"auto"},"Biblioteca":"Fundació Intermón-Oxfam","Dirección":"Carrer del Treball, 100","Distrito":"Sant Martí","Barrio":"Provençals del Poblenou","Código Postal":"8019","Centro":"Fundació Intermón-Oxfam","Bibliotecas en distrito":11,"Bibliotecas por 100k hab.":4.6,"Description":"Biblioteca — Fundació Intermón-Oxfam. Carrer del Treball, 100, Dist. Sant Martí, Provençals del Poblenou (8019). 11 bibliotecas en Sant Martí.","Superficie":"Sant Martí","Dato":"11 en Sant Martí"},"geometry":{"type":"Point","coordinates":[2.206742,41.412422]}},{"type":"Feature","properties":{"_manaName":"Organización Nacional de Ciegos de España","name":"Organización Nacional de Ciegos de España","_manaColor":"#dc2626","_manaFillOpacity":0.85,"_manaWeight":1.5,"_manaBorderColor":"#ffffff","_manaGroupName":"Bibliotecas de Barcelona","_manaGroupId":1,"_manaGeometryType":"point","_manaLabelStyle":{"enabled":true,"field":"_manaName","fontFamily":"DM Sans, sans-serif","fontSize":10,"fontWeight":"600","color":"#0f172a","haloWidth":3,"haloColor":"#ffffff","opacity":0.9,"placement":"auto"},"Biblioteca":"Organización Nacional de Ciegos de España","Dirección":"C Sepúlveda, 1","Distrito":"Eixample","Barrio":"Sant Antoni","Código Postal":"8015","Centro":"Organización Nacional de Ciegos de España","Bibliotecas en distrito":45,"Bibliotecas por 100k hab.":16.9,"Description":"Biblioteca — Organización Nacional de Ciegos de España. C Sepúlveda, 1, Dist. Eixample, Sant Antoni (8015). 45 bibliotecas en Eixample.","Superficie":"Eixample","Dato":"45 en Eixample"},"geometry":{"type":"Point","coordinates":[2.15192,41.375511]}},{"type":"Feature","properties":{"_manaName":"Espai de Fotografia Francesc Català-Roca","name":"Espai de Fotografia Francesc Català-Roca","_manaColor":"#dc2626","_manaFillOpacity":0.85,"_manaWeight":1.5,"_manaBorderColor":"#ffffff","_manaGroupName":"Bibliotecas de Barcelona","_manaGroupId":1,"_manaGeometryType":"point","_manaLabelStyle":{"enabled":true,"field":"_manaName","fontFamily":"DM Sans, sans-serif","fontSize":10,"fontWeight":"600","color":"#0f172a","haloWidth":3,"haloColor":"#ffffff","opacity":0.9,"placement":"auto"},"Biblioteca":"Espai de Fotografia Francesc Català-Roca","Dirección":"G.V. Corts Catalanes, 491","Distrito":"Eixample","Barrio":"la Nova Esquerra de l'Eixample","Código Postal":"8015","Centro":"Espai de Fotografia Francesc Català-Roca","Bibliotecas en distrito":45,"Bibliotecas por 100k hab.":16.9,"Description":"Biblioteca — Espai de Fotografia Francesc Català-Roca. G.V. Corts Catalanes, 491, Dist. Eixample, la Nova Esquerra de l'Eixample (8015). 45 bibliotecas en Eixample.","Superficie":"Eixample","Dato":"45 en Eixample"},"geometry":{"type":"Point","coordinates":[2.156407,41.380849]}},{"type":"Feature","properties":{"_manaName":"Consell Superior d'Investigacions Científiques","name":"Consell Superior d'Investigacions Científiques","_manaColor":"#ea580c","_manaFillOpacity":0.85,"_manaWeight":1.5,"_manaBorderColor":"#ffffff","_manaGroupName":"Bibliotecas de Barcelona","_manaGroupId":1,"_manaGeometryType":"point","_manaLabelStyle":{"enabled":true,"field":"_manaName","fontFamily":"DM Sans, sans-serif","fontSize":10,"fontWeight":"600","color":"#0f172a","haloWidth":3,"haloColor":"#ffffff","opacity":0.9,"placement":"auto"},"Biblioteca":"Consell Superior d'Investigacions Científiques","Dirección":"C Jordi Girona, 18","Distrito":"Les Corts","Barrio":"Pedralbes","Código Postal":"8034","Centro":"Consell Superior d'Investigacions Científiques","Bibliotecas en distrito":18,"Bibliotecas por 100k hab.":22,"Description":"Biblioteca — Consell Superior d'Investigacions Científiques. C Jordi Girona, 18, Dist. Les Corts, Pedralbes (8034). 18 bibliotecas en Les Corts.","Superficie":"Les Corts","Dato":"18 en Les Corts"},"geometry":{"type":"Point","coordinates":[2.114945,41.387707]}},{"type":"Feature","properties":{"_manaName":"Institut Nacional d'Estadística","name":"Institut Nacional d'Estadística","_manaColor":"#b91c1c","_manaFillOpacity":0.85,"_manaWeight":1.5,"_manaBorderColor":"#ffffff","_manaGroupName":"Bibliotecas de Barcelona","_manaGroupId":1,"_manaGeometryType":"point","_manaLabelStyle":{"enabled":true,"field":"_manaName","fontFamily":"DM Sans, sans-serif","fontSize":10,"fontWeight":"600","color":"#0f172a","haloWidth":3,"haloColor":"#ffffff","opacity":0.9,"placement":"auto"},"Biblioteca":"Institut Nacional d'Estadística","Dirección":"Via Laietana, 8","Distrito":"Ciutat Vella","Barrio":"Sant Pere, Santa Caterina i la Ribera","Código Postal":"8003","Centro":"Institut Nacional d'Estadística","Bibliotecas en distrito":53,"Bibliotecas por 100k hab.":51.5,"Description":"Biblioteca — Institut Nacional d'Estadística. Via Laietana, 8, Dist. Ciutat Vella, Sant Pere, Santa Caterina i la Ribera (8003). 53 bibliotecas en Ciutat Vella.","Superficie":"Ciutat Vella","Dato":"53 en Ciutat Vella"},"geometry":{"type":"Point","coordinates":[2.180585,41.382746]}},{"type":"Feature","properties":{"_manaName":"Museu de la Música  -  L'Auditori","name":"Museu de la Música  -  L'Auditori","_manaColor":"#dc2626","_manaFillOpacity":0.85,"_manaWeight":1.5,"_manaBorderColor":"#ffffff","_manaGroupName":"Bibliotecas de Barcelona","_manaGroupId":1,"_manaGeometryType":"point","_manaLabelStyle":{"enabled":true,"field":"_manaName","fontFamily":"DM Sans, sans-serif","fontSize":10,"fontWeight":"600","color":"#0f172a","haloWidth":3,"haloColor":"#ffffff","opacity":0.9,"placement":"auto"},"Biblioteca":"Museu de la Música  -  L'Auditori","Dirección":"C Lepant, 150","Distrito":"Eixample","Barrio":"el Fort Pienc","Código Postal":"8013","Centro":"Museu de la Música  -  L'Auditori","Bibliotecas en distrito":45,"Bibliotecas por 100k hab.":16.9,"Description":"Biblioteca — Museu de la Música  -  L'Auditori. C Lepant, 150, Dist. Eixample, el Fort Pienc (8013). 45 bibliotecas en Eixample.","Superficie":"Eixample","Dato":"45 en Eixample"},"geometry":{"type":"Point","coordinates":[2.184885,41.398398]}},{"type":"Feature","properties":{"_manaName":"Facultat d'Economia i Empresa - UB (2)","name":"Facultat d'Economia i Empresa - UB","_manaColor":"#ea580c","_manaFillOpacity":0.85,"_manaWeight":1.5,"_manaBorderColor":"#ffffff","_manaGroupName":"Bibliotecas de Barcelona","_manaGroupId":1,"_manaGeometryType":"point","_manaLabelStyle":{"enabled":true,"field":"_manaName","fontFamily":"DM Sans, sans-serif","fontSize":10,"fontWeight":"600","color":"#0f172a","haloWidth":3,"haloColor":"#ffffff","opacity":0.9,"placement":"auto"},"Biblioteca":"Facultat d'Economia i Empresa - UB (2)","Dirección":"Carrer de John M. Keynes, 1","Distrito":"Les Corts","Barrio":"Pedralbes","Código Postal":"8034","Centro":"Facultat d'Economia i Empresa - UB","Bibliotecas en distrito":18,"Bibliotecas por 100k hab.":22,"Description":"Biblioteca — Facultat d'Economia i Empresa - UB. Carrer de John M. Keynes, 1, Dist. Les Corts, Pedralbes (8034). 18 bibliotecas en Les Corts.","Superficie":"Les Corts","Dato":"18 en Les Corts"},"geometry":{"type":"Point","coordinates":[2.115961,41.38706]}},{"type":"Feature","properties":{"_manaName":"Amics dels Jardins","name":"Amics dels Jardins","_manaColor":"#dc2626","_manaFillOpacity":0.85,"_manaWeight":1.5,"_manaBorderColor":"#ffffff","_manaGroupName":"Bibliotecas de Barcelona","_manaGroupId":1,"_manaGeometryType":"point","_manaLabelStyle":{"enabled":true,"field":"_manaName","fontFamily":"DM Sans, sans-serif","fontSize":10,"fontWeight":"600","color":"#0f172a","haloWidth":3,"haloColor":"#ffffff","opacity":0.9,"placement":"auto"},"Biblioteca":"Amics dels Jardins","Dirección":"C Roger de Llúria, 46","Distrito":"Eixample","Barrio":"la Dreta de l'Eixample","Código Postal":"8009","Centro":"Amics dels Jardins","Bibliotecas en distrito":45,"Bibliotecas por 100k hab.":16.9,"Description":"Biblioteca — Amics dels Jardins. C Roger de Llúria, 46, Dist. Eixample, la Dreta de l'Eixample (8009). 45 bibliotecas en Eixample.","Superficie":"Eixample","Dato":"45 en Eixample"},"geometry":{"type":"Point","coordinates":[2.170146,41.392331]}},{"type":"Feature","properties":{"_manaName":"Museu Picasso","name":"Museu Picasso","_manaColor":"#b91c1c","_manaFillOpacity":0.85,"_manaWeight":1.5,"_manaBorderColor":"#ffffff","_manaGroupName":"Bibliotecas de Barcelona","_manaGroupId":1,"_manaGeometryType":"point","_manaLabelStyle":{"enabled":true,"field":"_manaName","fontFamily":"DM Sans, sans-serif","fontSize":10,"fontWeight":"600","color":"#0f172a","haloWidth":3,"haloColor":"#ffffff","opacity":0.9,"placement":"auto"},"Biblioteca":"Museu Picasso","Dirección":"C Montcada, 15","Distrito":"Ciutat Vella","Barrio":"Sant Pere, Santa Caterina i la Ribera","Código Postal":"8003","Centro":"Museu Picasso","Bibliotecas en distrito":53,"Bibliotecas por 100k hab.":51.5,"Description":"Biblioteca — Museu Picasso. C Montcada, 15, Dist. Ciutat Vella, Sant Pere, Santa Caterina i la Ribera (8003). 53 bibliotecas en Ciutat Vella.","Superficie":"Ciutat Vella","Dato":"53 en Ciutat Vella"},"geometry":{"type":"Point","coordinates":[2.180852,41.385184]}},{"type":"Feature","properties":{"_manaName":"Associació Numismàtica Espanyola","name":"Associació Numismàtica Espanyola","_manaColor":"#dc2626","_manaFillOpacity":0.85,"_manaWeight":1.5,"_manaBorderColor":"#ffffff","_manaGroupName":"Bibliotecas de Barcelona","_manaGroupId":1,"_manaGeometryType":"point","_manaLabelStyle":{"enabled":true,"field":"_manaName","fontFamily":"DM Sans, sans-serif","fontSize":10,"fontWeight":"600","color":"#0f172a","haloWidth":3,"haloColor":"#ffffff","opacity":0.9,"placement":"auto"},"Biblioteca":"Associació Numismàtica Espanyola","Dirección":"C Diputació, 297","Distrito":"Eixample","Barrio":"la Dreta de l'Eixample","Código Postal":"8009","Centro":"Associació Numismàtica Espanyola","Bibliotecas en distrito":45,"Bibliotecas por 100k hab.":16.9,"Description":"Biblioteca — Associació Numismàtica Espanyola. C Diputació, 297, Dist. Eixample, la Dreta de l'Eixample (8009). 45 bibliotecas en Eixample.","Superficie":"Eixample","Dato":"45 en Eixample"},"geometry":{"type":"Point","coordinates":[2.169287,41.392241]}},{"type":"Feature","properties":{"_manaName":"Centre d'Història Contemporània de Catalunya","name":"Centre d'Història Contemporània de Catalunya","_manaColor":"#b91c1c","_manaFillOpacity":0.85,"_manaWeight":1.5,"_manaBorderColor":"#ffffff","_manaGroupName":"Bibliotecas de Barcelona","_manaGroupId":1,"_manaGeometryType":"point","_manaLabelStyle":{"enabled":true,"field":"_manaName","fontFamily":"DM Sans, sans-serif","fontSize":10,"fontWeight":"600","color":"#0f172a","haloWidth":3,"haloColor":"#ffffff","opacity":0.9,"placement":"auto"},"Biblioteca":"Centre d'Història Contemporània de Catalunya","Dirección":"Pl Pau Vila, 3","Distrito":"Ciutat Vella","Barrio":"la Barceloneta","Código Postal":"8003","Centro":"Centre d'Història Contemporània de Catalunya","Bibliotecas en distrito":53,"Bibliotecas por 100k hab.":51.5,"Description":"Biblioteca — Centre d'Història Contemporània de Catalunya. Pl Pau Vila, 3, Dist. Ciutat Vella, la Barceloneta (8003). 53 bibliotecas en Ciutat Vella.","Superficie":"Ciutat Vella","Dato":"53 en Ciutat Vella"},"geometry":{"type":"Point","coordinates":[2.185874,41.380839]}},{"type":"Feature","properties":{"_manaName":"Biblioteca Canyelles - M. Àngels Rivas","name":"Biblioteca Canyelles - M. Àngels Rivas","_manaColor":"#3b82f6","_manaFillOpacity":0.85,"_manaWeight":1.5,"_manaBorderColor":"#ffffff","_manaGroupName":"Bibliotecas de Barcelona","_manaGroupId":1,"_manaGeometryType":"point","_manaLabelStyle":{"enabled":true,"field":"_manaName","fontFamily":"DM Sans, sans-serif","fontSize":10,"fontWeight":"600","color":"#0f172a","haloWidth":3,"haloColor":"#ffffff","opacity":0.9,"placement":"auto"},"Biblioteca":"Biblioteca Canyelles - M. Àngels Rivas","Dirección":"Ronda de la Guineueta Vella, 34","Distrito":"Nou Barris","Barrio":"Canyelles","Código Postal":"8042","Centro":"—","Bibliotecas en distrito":5,"Bibliotecas por 100k hab.":3,"Description":"Biblioteca. Ronda de la Guineueta Vella, 34, Dist. Nou Barris, Canyelles (8042). 5 bibliotecas en Nou Barris.","Superficie":"Nou Barris","Dato":"5 en Nou Barris"},"geometry":{"type":"Point","coordinates":[2.16434,41.443804]}},{"type":"Feature","properties":{"_manaName":"Reial Acadèmia de Medicina de Catalunya","name":"Reial Acadèmia de Medicina de Catalunya","_manaColor":"#b91c1c","_manaFillOpacity":0.85,"_manaWeight":1.5,"_manaBorderColor":"#ffffff","_manaGroupName":"Bibliotecas de Barcelona","_manaGroupId":1,"_manaGeometryType":"point","_manaLabelStyle":{"enabled":true,"field":"_manaName","fontFamily":"DM Sans, sans-serif","fontSize":10,"fontWeight":"600","color":"#0f172a","haloWidth":3,"haloColor":"#ffffff","opacity":0.9,"placement":"auto"},"Biblioteca":"Reial Acadèmia de Medicina de Catalunya","Dirección":"Carme, 47","Distrito":"Ciutat Vella","Barrio":"el Raval","Código Postal":"8001","Centro":"Reial Acadèmia de Medicina de Catalunya","Bibliotecas en distrito":53,"Bibliotecas por 100k hab.":51.5,"Description":"Biblioteca — Reial Acadèmia de Medicina de Catalunya. Carme, 47, Dist. Ciutat Vella, el Raval (8001). 53 bibliotecas en Ciutat Vella.","Superficie":"Ciutat Vella","Dato":"53 en Ciutat Vella"},"geometry":{"type":"Point","coordinates":[2.168975,41.381524]}},{"type":"Feature","properties":{"_manaName":"Facultat de Matemàtiques i Estadística - UPC","name":"Facultat de Matemàtiques i Estadística - UPC","_manaColor":"#ea580c","_manaFillOpacity":0.85,"_manaWeight":1.5,"_manaBorderColor":"#ffffff","_manaGroupName":"Bibliotecas de Barcelona","_manaGroupId":1,"_manaGeometryType":"point","_manaLabelStyle":{"enabled":true,"field":"_manaName","fontFamily":"DM Sans, sans-serif","fontSize":10,"fontWeight":"600","color":"#0f172a","haloWidth":3,"haloColor":"#ffffff","opacity":0.9,"placement":"auto"},"Biblioteca":"Facultat de Matemàtiques i Estadística - UPC","Dirección":"Carrer de Pau Gargallo, 10","Distrito":"Les Corts","Barrio":"la Maternitat i Sant Ramon","Código Postal":"8028","Centro":"Facultat de Matemàtiques i Estadística - UPC","Bibliotecas en distrito":18,"Bibliotecas por 100k hab.":22,"Description":"Biblioteca — Facultat de Matemàtiques i Estadística - UPC. Carrer de Pau Gargallo, 10, Dist. Les Corts, la Maternitat i Sant Ramon (8028). 18 bibliotecas en Les Corts.","Superficie":"Les Corts","Dato":"18 en Les Corts"},"geometry":{"type":"Point","coordinates":[2.115744,41.383575]}},{"type":"Feature","properties":{"_manaName":"Museu Nacional d'Art de Catalunya","name":"Museu Nacional d'Art de Catalunya","_manaColor":"#eab308","_manaFillOpacity":0.85,"_manaWeight":1.5,"_manaBorderColor":"#ffffff","_manaGroupName":"Bibliotecas de Barcelona","_manaGroupId":1,"_manaGeometryType":"point","_manaLabelStyle":{"enabled":true,"field":"_manaName","fontFamily":"DM Sans, sans-serif","fontSize":10,"fontWeight":"600","color":"#0f172a","haloWidth":3,"haloColor":"#ffffff","opacity":0.9,"placement":"auto"},"Biblioteca":"Museu Nacional d'Art de Catalunya","Dirección":"C Mirador Palau Nacional, 6","Distrito":"Sants-Montjuïc","Barrio":"el Poble-sec","Código Postal":"8004","Centro":"Museu Nacional d'Art de Catalunya","Bibliotecas en distrito":12,"Bibliotecas por 100k hab.":6.5,"Description":"Biblioteca — Museu Nacional d'Art de Catalunya. C Mirador Palau Nacional, 6, Dist. Sants-Montjuïc, el Poble-sec (8004). 12 bibliotecas en Sants-Montjuïc.","Superficie":"Sants-Montjuïc","Dato":"12 en Sants-Montjuïc"},"geometry":{"type":"Point","coordinates":[2.153381,41.368885]}},{"type":"Feature","properties":{"_manaName":"Biblioteca la Dreta de l'Eixample","name":"Biblioteca la Dreta de l'Eixample","_manaColor":"#dc2626","_manaFillOpacity":0.85,"_manaWeight":1.5,"_manaBorderColor":"#ffffff","_manaGroupName":"Bibliotecas de Barcelona","_manaGroupId":1,"_manaGeometryType":"point","_manaLabelStyle":{"enabled":true,"field":"_manaName","fontFamily":"DM Sans, sans-serif","fontSize":10,"fontWeight":"600","color":"#0f172a","haloWidth":3,"haloColor":"#ffffff","opacity":0.9,"placement":"auto"},"Biblioteca":"Biblioteca la Dreta de l'Eixample","Dirección":"Carrer de València, 284","Distrito":"Eixample","Barrio":"la Dreta de l'Eixample","Código Postal":"8007","Centro":"—","Bibliotecas en distrito":45,"Bibliotecas por 100k hab.":16.9,"Description":"Biblioteca. Carrer de València, 284, Dist. Eixample, la Dreta de l'Eixample (8007). 45 bibliotecas en Eixample.","Superficie":"Eixample","Dato":"45 en Eixample"},"geometry":{"type":"Point","coordinates":[2.164754,41.393658]}},{"type":"Feature","properties":{"_manaName":"Biblioteca de l'Institut Universitari d'Història Jaume Vicens Vives","name":"Biblioteca de l'Institut Universitari d'Història Jaume Vicens Vives","_manaColor":"#22c55e","_manaFillOpacity":0.85,"_manaWeight":1.5,"_manaBorderColor":"#ffffff","_manaGroupName":"Bibliotecas de Barcelona","_manaGroupId":1,"_manaGeometryType":"point","_manaLabelStyle":{"enabled":true,"field":"_manaName","fontFamily":"DM Sans, sans-serif","fontSize":10,"fontWeight":"600","color":"#0f172a","haloWidth":3,"haloColor":"#ffffff","opacity":0.9,"placement":"auto"},"Biblioteca":"Biblioteca de l'Institut Universitari d'Història Jaume Vicens Vives","Dirección":"C Ramon Trias Fargas, 25","Distrito":"Sant Martí","Barrio":"la Vila Olímpica del Poblenou","Código Postal":"8005","Centro":"—","Bibliotecas en distrito":11,"Bibliotecas por 100k hab.":4.6,"Description":"Biblioteca. C Ramon Trias Fargas, 25, Dist. Sant Martí, la Vila Olímpica del Poblenou (8005). 11 bibliotecas en Sant Martí.","Superficie":"Sant Martí","Dato":"11 en Sant Martí"},"geometry":{"type":"Point","coordinates":[2.190872,41.39003]}},{"type":"Feature","properties":{"_manaName":"Biblioteca La Sagrada Família – Josep Maria Ainaud de Lasarte","name":"Biblioteca La Sagrada Família – Josep Maria Ainaud de Lasarte","_manaColor":"#dc2626","_manaFillOpacity":0.85,"_manaWeight":1.5,"_manaBorderColor":"#ffffff","_manaGroupName":"Bibliotecas de Barcelona","_manaGroupId":1,"_manaGeometryType":"point","_manaLabelStyle":{"enabled":true,"field":"_manaName","fontFamily":"DM Sans, sans-serif","fontSize":10,"fontWeight":"600","color":"#0f172a","haloWidth":3,"haloColor":"#ffffff","opacity":0.9,"placement":"auto"},"Biblioteca":"Biblioteca La Sagrada Família – Josep Maria Ainaud de Lasarte","Dirección":"Carrer de Provença, 480","Distrito":"Eixample","Barrio":"la Sagrada Família","Código Postal":"8025","Centro":"—","Bibliotecas en distrito":45,"Bibliotecas por 100k hab.":16.9,"Description":"Biblioteca. Carrer de Provença, 480, Dist. Eixample, la Sagrada Família (8025). 45 bibliotecas en Eixample.","Superficie":"Eixample","Dato":"45 en Eixample"},"geometry":{"type":"Point","coordinates":[2.176775,41.405416]}},{"type":"Feature","properties":{"_manaName":"Fundació Salut i Envelliment UAB","name":"Fundació Salut i Envelliment UAB","_manaColor":"#84cc16","_manaFillOpacity":0.85,"_manaWeight":1.5,"_manaBorderColor":"#ffffff","_manaGroupName":"Bibliotecas de Barcelona","_manaGroupId":1,"_manaGeometryType":"point","_manaLabelStyle":{"enabled":true,"field":"_manaName","fontFamily":"DM Sans, sans-serif","fontSize":10,"fontWeight":"600","color":"#0f172a","haloWidth":3,"haloColor":"#ffffff","opacity":0.9,"placement":"auto"},"Biblioteca":"Fundació Salut i Envelliment UAB","Dirección":"C Sant Antoni Maria Claret, 171","Distrito":"Horta-Guinardó","Barrio":"el Guinardó","Código Postal":"8041","Centro":"Fundació Salut i Envelliment UAB","Bibliotecas en distrito":12,"Bibliotecas por 100k hab.":7.3,"Description":"Biblioteca — Fundació Salut i Envelliment UAB. C Sant Antoni Maria Claret, 171, Dist. Horta-Guinardó, el Guinardó (8041). 12 bibliotecas en Horta-Guinardó.","Superficie":"Horta-Guinardó","Dato":"12 en Horta-Guinardó"},"geometry":{"type":"Point","coordinates":[2.175759,41.412415]}},{"type":"Feature","properties":{"_manaName":"Fundació Catalana de Síndrome de Down","name":"Fundació Catalana de Síndrome de Down","_manaColor":"#dc2626","_manaFillOpacity":0.85,"_manaWeight":1.5,"_manaBorderColor":"#ffffff","_manaGroupName":"Bibliotecas de Barcelona","_manaGroupId":1,"_manaGeometryType":"point","_manaLabelStyle":{"enabled":true,"field":"_manaName","fontFamily":"DM Sans, sans-serif","fontSize":10,"fontWeight":"600","color":"#0f172a","haloWidth":3,"haloColor":"#ffffff","opacity":0.9,"placement":"auto"},"Biblioteca":"Fundació Catalana de Síndrome de Down","Dirección":"C Comte Borrell, 201","Distrito":"Eixample","Barrio":"la Nova Esquerra de l'Eixample","Código Postal":"8029","Centro":"Fundació Catalana de Síndrome de Down","Bibliotecas en distrito":45,"Bibliotecas por 100k hab.":16.9,"Description":"Biblioteca — Fundació Catalana de Síndrome de Down. C Comte Borrell, 201, Dist. Eixample, la Nova Esquerra de l'Eixample (8029). 45 bibliotecas en Eixample.","Superficie":"Eixample","Dato":"45 en Eixample"},"geometry":{"type":"Point","coordinates":[2.152214,41.384961]}},{"type":"Feature","properties":{"_manaName":"Espeleo Club Gràcia","name":"Espeleo Club Gràcia","_manaColor":"#14b8a6","_manaFillOpacity":0.85,"_manaWeight":1.5,"_manaBorderColor":"#ffffff","_manaGroupName":"Bibliotecas de Barcelona","_manaGroupId":1,"_manaGeometryType":"point","_manaLabelStyle":{"enabled":true,"field":"_manaName","fontFamily":"DM Sans, sans-serif","fontSize":10,"fontWeight":"600","color":"#0f172a","haloWidth":3,"haloColor":"#ffffff","opacity":0.9,"placement":"auto"},"Biblioteca":"Espeleo Club Gràcia","Dirección":"C Astúries, 83","Distrito":"Gràcia","Barrio":"la Vila de Gràcia","Código Postal":"8024","Centro":"Espeleo Club Gràcia","Bibliotecas en distrito":7,"Bibliotecas por 100k hab.":5.7,"Description":"Biblioteca — Espeleo Club Gràcia. C Astúries, 83, Dist. Gràcia, la Vila de Gràcia (8024). 7 bibliotecas en Gràcia.","Superficie":"Gràcia","Dato":"7 en Gràcia"},"geometry":{"type":"Point","coordinates":[2.156423,41.404734]}},{"type":"Feature","properties":{"_manaName":"Associació per a les Nacions Unides a Espanya","name":"Associació per a les Nacions Unides a Espanya","_manaColor":"#b91c1c","_manaFillOpacity":0.85,"_manaWeight":1.5,"_manaBorderColor":"#ffffff","_manaGroupName":"Bibliotecas de Barcelona","_manaGroupId":1,"_manaGeometryType":"point","_manaLabelStyle":{"enabled":true,"field":"_manaName","fontFamily":"DM Sans, sans-serif","fontSize":10,"fontWeight":"600","color":"#0f172a","haloWidth":3,"haloColor":"#ffffff","opacity":0.9,"placement":"auto"},"Biblioteca":"Associació per a les Nacions Unides a Espanya","Dirección":"Via Laietana, 51","Distrito":"Ciutat Vella","Barrio":"el Barri Gòtic","Código Postal":"8003","Centro":"Associació per a les Nacions Unides a Espanya","Bibliotecas en distrito":53,"Bibliotecas por 100k hab.":51.5,"Description":"Biblioteca — Associació per a les Nacions Unides a Espanya. Via Laietana, 51, Dist. Ciutat Vella, el Barri Gòtic (8003). 53 bibliotecas en Ciutat Vella.","Superficie":"Ciutat Vella","Dato":"53 en Ciutat Vella"},"geometry":{"type":"Point","coordinates":[2.174157,41.387325]}},{"type":"Feature","properties":{"_manaName":"CRAI  Ciutadella - Biblioteca General Jaume I i Dipòsit de les Aigües","name":"CRAI  Ciutadella - Biblioteca General Jaume I i Dipòsit de les Aigües","_manaColor":"#22c55e","_manaFillOpacity":0.85,"_manaWeight":1.5,"_manaBorderColor":"#ffffff","_manaGroupName":"Bibliotecas de Barcelona","_manaGroupId":1,"_manaGeometryType":"point","_manaLabelStyle":{"enabled":true,"field":"_manaName","fontFamily":"DM Sans, sans-serif","fontSize":10,"fontWeight":"600","color":"#0f172a","haloWidth":3,"haloColor":"#ffffff","opacity":0.9,"placement":"auto"},"Biblioteca":"CRAI  Ciutadella - Biblioteca General Jaume I i Dipòsit de les Aigües","Dirección":"C Ramon Trias Fargas, 25","Distrito":"Sant Martí","Barrio":"la Vila Olímpica del Poblenou","Código Postal":"8005","Centro":"—","Bibliotecas en distrito":11,"Bibliotecas por 100k hab.":4.6,"Description":"Biblioteca. C Ramon Trias Fargas, 25, Dist. Sant Martí, la Vila Olímpica del Poblenou (8005). 11 bibliotecas en Sant Martí.","Superficie":"Sant Martí","Dato":"11 en Sant Martí"},"geometry":{"type":"Point","coordinates":[2.190872,41.39003]}},{"type":"Feature","properties":{"_manaName":"Escola Massana Centre Municipal d'Art i Disseny","name":"Escola Massana Centre Municipal d'Art i Disseny","_manaColor":"#b91c1c","_manaFillOpacity":0.85,"_manaWeight":1.5,"_manaBorderColor":"#ffffff","_manaGroupName":"Bibliotecas de Barcelona","_manaGroupId":1,"_manaGeometryType":"point","_manaLabelStyle":{"enabled":true,"field":"_manaName","fontFamily":"DM Sans, sans-serif","fontSize":10,"fontWeight":"600","color":"#0f172a","haloWidth":3,"haloColor":"#ffffff","opacity":0.9,"placement":"auto"},"Biblioteca":"Escola Massana Centre Municipal d'Art i Disseny","Dirección":"Plaça de la Gardunya, 9","Distrito":"Ciutat Vella","Barrio":"el Raval","Código Postal":"8001","Centro":"Escola Massana Centre Municipal d'Art i Disseny","Bibliotecas en distrito":53,"Bibliotecas por 100k hab.":51.5,"Description":"Biblioteca — Escola Massana Centre Municipal d'Art i Disseny. Plaça de la Gardunya, 9, Dist. Ciutat Vella, el Raval (8001). 53 bibliotecas en Ciutat Vella.","Superficie":"Ciutat Vella","Dato":"53 en Ciutat Vella"},"geometry":{"type":"Point","coordinates":[2.170805,41.380954]}},{"type":"Feature","properties":{"_manaName":"Biblioteca Clarà","name":"Biblioteca Clarà","_manaColor":"#f97316","_manaFillOpacity":0.85,"_manaWeight":1.5,"_manaBorderColor":"#ffffff","_manaGroupName":"Bibliotecas de Barcelona","_manaGroupId":1,"_manaGeometryType":"point","_manaLabelStyle":{"enabled":true,"field":"_manaName","fontFamily":"DM Sans, sans-serif","fontSize":10,"fontWeight":"600","color":"#0f172a","haloWidth":3,"haloColor":"#ffffff","opacity":0.9,"placement":"auto"},"Biblioteca":"Biblioteca Clarà","Dirección":"Carrer del Doctor Carulla, 22","Distrito":"Sarrià-Sant Gervasi","Barrio":"les Tres Torres","Código Postal":"8017","Centro":"—","Bibliotecas en distrito":15,"Bibliotecas por 100k hab.":10.1,"Description":"Biblioteca. Carrer del Doctor Carulla, 22, Dist. Sarrià-Sant Gervasi, les Tres Torres (8017). 15 bibliotecas en Sarrià-Sant Gervasi.","Superficie":"Sarrià-Sant Gervasi","Dato":"15 en Sarrià-Sant Gervasi"},"geometry":{"type":"Point","coordinates":[2.129474,41.39994]}},{"type":"Feature","properties":{"_manaName":"Museu Tàpies","name":"Museu Tàpies","_manaColor":"#dc2626","_manaFillOpacity":0.85,"_manaWeight":1.5,"_manaBorderColor":"#ffffff","_manaGroupName":"Bibliotecas de Barcelona","_manaGroupId":1,"_manaGeometryType":"point","_manaLabelStyle":{"enabled":true,"field":"_manaName","fontFamily":"DM Sans, sans-serif","fontSize":10,"fontWeight":"600","color":"#0f172a","haloWidth":3,"haloColor":"#ffffff","opacity":0.9,"placement":"auto"},"Biblioteca":"Museu Tàpies","Dirección":"Carrer d'Aragó, 255","Distrito":"Eixample","Barrio":"la Dreta de l'Eixample","Código Postal":"8007","Centro":"Museu Tàpies","Bibliotecas en distrito":45,"Bibliotecas por 100k hab.":16.9,"Description":"Biblioteca — Museu Tàpies. Carrer d'Aragó, 255, Dist. Eixample, la Dreta de l'Eixample (8007). 45 bibliotecas en Eixample.","Superficie":"Eixample","Dato":"45 en Eixample"},"geometry":{"type":"Point","coordinates":[2.163775,41.391554]}},{"type":"Feature","properties":{"_manaName":"Consell Alimentari de la Mediterrània","name":"Consell Alimentari de la Mediterrània","_manaColor":"#eab308","_manaFillOpacity":0.85,"_manaWeight":1.5,"_manaBorderColor":"#ffffff","_manaGroupName":"Bibliotecas de Barcelona","_manaGroupId":1,"_manaGeometryType":"point","_manaLabelStyle":{"enabled":true,"field":"_manaName","fontFamily":"DM Sans, sans-serif","fontSize":10,"fontWeight":"600","color":"#0f172a","haloWidth":3,"haloColor":"#ffffff","opacity":0.9,"placement":"auto"},"Biblioteca":"Consell Alimentari de la Mediterrània","Dirección":"C Guadiana, 13","Distrito":"Sants-Montjuïc","Barrio":"Sants","Código Postal":"8014","Centro":"Consell Alimentari de la Mediterrània","Bibliotecas en distrito":12,"Bibliotecas por 100k hab.":6.5,"Description":"Biblioteca — Consell Alimentari de la Mediterrània. C Guadiana, 13, Dist. Sants-Montjuïc, Sants (8014). 12 bibliotecas en Sants-Montjuïc.","Superficie":"Sants-Montjuïc","Dato":"12 en Sants-Montjuïc"},"geometry":{"type":"Point","coordinates":[2.139276,41.374468]}},{"type":"Feature","properties":{"_manaName":"Institut del Teatre","name":"Institut del Teatre","_manaColor":"#eab308","_manaFillOpacity":0.85,"_manaWeight":1.5,"_manaBorderColor":"#ffffff","_manaGroupName":"Bibliotecas de Barcelona","_manaGroupId":1,"_manaGeometryType":"point","_manaLabelStyle":{"enabled":true,"field":"_manaName","fontFamily":"DM Sans, sans-serif","fontSize":10,"fontWeight":"600","color":"#0f172a","haloWidth":3,"haloColor":"#ffffff","opacity":0.9,"placement":"auto"},"Biblioteca":"Institut del Teatre","Dirección":"Pl Margarida Xirgu, 1","Distrito":"Sants-Montjuïc","Barrio":"el Poble-sec","Código Postal":"8004","Centro":"Institut del Teatre","Bibliotecas en distrito":12,"Bibliotecas por 100k hab.":6.5,"Description":"Biblioteca — Institut del Teatre. Pl Margarida Xirgu, 1, Dist. Sants-Montjuïc, el Poble-sec (8004). 12 bibliotecas en Sants-Montjuïc.","Superficie":"Sants-Montjuïc","Dato":"12 en Sants-Montjuïc"},"geometry":{"type":"Point","coordinates":[2.157449,41.370679]}},{"type":"Feature","properties":{"_manaName":"Institut d'Estudis Fotogràfics Catalunya","name":"Institut d'Estudis Fotogràfics Catalunya","_manaColor":"#dc2626","_manaFillOpacity":0.85,"_manaWeight":1.5,"_manaBorderColor":"#ffffff","_manaGroupName":"Bibliotecas de Barcelona","_manaGroupId":1,"_manaGeometryType":"point","_manaLabelStyle":{"enabled":true,"field":"_manaName","fontFamily":"DM Sans, sans-serif","fontSize":10,"fontWeight":"600","color":"#0f172a","haloWidth":3,"haloColor":"#ffffff","opacity":0.9,"placement":"auto"},"Biblioteca":"Institut d'Estudis Fotogràfics Catalunya","Dirección":"C Comte d'Urgell, 187","Distrito":"Eixample","Barrio":"la Nova Esquerra de l'Eixample","Código Postal":"8036","Centro":"Institut d'Estudis Fotogràfics Catalunya","Bibliotecas en distrito":45,"Bibliotecas por 100k hab.":16.9,"Description":"Biblioteca — Institut d'Estudis Fotogràfics Catalunya. C Comte d'Urgell, 187, Dist. Eixample, la Nova Esquerra de l'Eixample (8036). 45 bibliotecas en Eixample.","Superficie":"Eixample","Dato":"45 en Eixample"},"geometry":{"type":"Point","coordinates":[2.147541,41.388287]}},{"type":"Feature","properties":{"_manaName":"Espai Francesca Bonnemaison","name":"Espai Francesca Bonnemaison","_manaColor":"#b91c1c","_manaFillOpacity":0.85,"_manaWeight":1.5,"_manaBorderColor":"#ffffff","_manaGroupName":"Bibliotecas de Barcelona","_manaGroupId":1,"_manaGeometryType":"point","_manaLabelStyle":{"enabled":true,"field":"_manaName","fontFamily":"DM Sans, sans-serif","fontSize":10,"fontWeight":"600","color":"#0f172a","haloWidth":3,"haloColor":"#ffffff","opacity":0.9,"placement":"auto"},"Biblioteca":"Espai Francesca Bonnemaison","Dirección":"Carrer de Sant Pere Més Baix, 7","Distrito":"Ciutat Vella","Barrio":"Sant Pere, Santa Caterina i la Ribera","Código Postal":"8003","Centro":"Espai Francesca Bonnemaison","Bibliotecas en distrito":53,"Bibliotecas por 100k hab.":51.5,"Description":"Biblioteca — Espai Francesca Bonnemaison. Carrer de Sant Pere Més Baix, 7, Dist. Ciutat Vella, Sant Pere, Santa Caterina i la Ribera (8003). 53 bibliotecas en Ciutat Vella.","Superficie":"Ciutat Vella","Dato":"53 en Ciutat Vella"},"geometry":{"type":"Point","coordinates":[2.175808,41.386968]}},{"type":"Feature","properties":{"_manaName":"Fundació Orfeó Català-Palau de la Música Catalana","name":"Fundació Orfeó Català-Palau de la Música Catalana","_manaColor":"#b91c1c","_manaFillOpacity":0.85,"_manaWeight":1.5,"_manaBorderColor":"#ffffff","_manaGroupName":"Bibliotecas de Barcelona","_manaGroupId":1,"_manaGeometryType":"point","_manaLabelStyle":{"enabled":true,"field":"_manaName","fontFamily":"DM Sans, sans-serif","fontSize":10,"fontWeight":"600","color":"#0f172a","haloWidth":3,"haloColor":"#ffffff","opacity":0.9,"placement":"auto"},"Biblioteca":"Fundació Orfeó Català-Palau de la Música Catalana","Dirección":"C Palau de la Música, 4","Distrito":"Ciutat Vella","Barrio":"Sant Pere, Santa Caterina i la Ribera","Código Postal":"8003","Centro":"Fundació Orfeó Català-Palau de la Música Catalana","Bibliotecas en distrito":53,"Bibliotecas por 100k hab.":51.5,"Description":"Biblioteca — Fundació Orfeó Català-Palau de la Música Catalana. C Palau de la Música, 4, Dist. Ciutat Vella, Sant Pere, Santa Caterina i la Ribera (8003). 53 bibliotecas en Ciutat Vella.","Superficie":"Ciutat Vella","Dato":"53 en Ciutat Vella"},"geometry":{"type":"Point","coordinates":[2.175054,41.387475]}},{"type":"Feature","properties":{"_manaName":"Institut Italià de Cultura de Barcelona","name":"Institut Italià de Cultura de Barcelona","_manaColor":"#dc2626","_manaFillOpacity":0.85,"_manaWeight":1.5,"_manaBorderColor":"#ffffff","_manaGroupName":"Bibliotecas de Barcelona","_manaGroupId":1,"_manaGeometryType":"point","_manaLabelStyle":{"enabled":true,"field":"_manaName","fontFamily":"DM Sans, sans-serif","fontSize":10,"fontWeight":"600","color":"#0f172a","haloWidth":3,"haloColor":"#ffffff","opacity":0.9,"placement":"auto"},"Biblioteca":"Institut Italià de Cultura de Barcelona","Dirección":"Ptge Méndez Vigo, 5","Distrito":"Eixample","Barrio":"la Dreta de l'Eixample","Código Postal":"8009","Centro":"Institut Italià de Cultura de Barcelona","Bibliotecas en distrito":45,"Bibliotecas por 100k hab.":16.9,"Description":"Biblioteca — Institut Italià de Cultura de Barcelona. Ptge Méndez Vigo, 5, Dist. Eixample, la Dreta de l'Eixample (8009). 45 bibliotecas en Eixample.","Superficie":"Eixample","Dato":"45 en Eixample"},"geometry":{"type":"Point","coordinates":[2.167468,41.393377]}},{"type":"Feature","properties":{"_manaName":"Fundació Roca Galès","name":"Fundació Roca Galès","_manaColor":"#dc2626","_manaFillOpacity":0.85,"_manaWeight":1.5,"_manaBorderColor":"#ffffff","_manaGroupName":"Bibliotecas de Barcelona","_manaGroupId":1,"_manaGeometryType":"point","_manaLabelStyle":{"enabled":true,"field":"_manaName","fontFamily":"DM Sans, sans-serif","fontSize":10,"fontWeight":"600","color":"#0f172a","haloWidth":3,"haloColor":"#ffffff","opacity":0.9,"placement":"auto"},"Biblioteca":"Fundació Roca Galès","Dirección":"C Aragó, 281","Distrito":"Eixample","Barrio":"la Dreta de l'Eixample","Código Postal":"8009","Centro":"Fundació Roca Galès","Bibliotecas en distrito":45,"Bibliotecas por 100k hab.":16.9,"Description":"Biblioteca — Fundació Roca Galès. C Aragó, 281, Dist. Eixample, la Dreta de l'Eixample (8009). 45 bibliotecas en Eixample.","Superficie":"Eixample","Dato":"45 en Eixample"},"geometry":{"type":"Point","coordinates":[2.166035,41.393254]}},{"type":"Feature","properties":{"_manaName":"Biblioteca Ignasi Iglésias - Can Fabra","name":"Biblioteca Ignasi Iglésias - Can Fabra","_manaColor":"#06b6d4","_manaFillOpacity":0.85,"_manaWeight":1.5,"_manaBorderColor":"#ffffff","_manaGroupName":"Bibliotecas de Barcelona","_manaGroupId":1,"_manaGeometryType":"point","_manaLabelStyle":{"enabled":true,"field":"_manaName","fontFamily":"DM Sans, sans-serif","fontSize":10,"fontWeight":"600","color":"#0f172a","haloWidth":3,"haloColor":"#ffffff","opacity":0.9,"placement":"auto"},"Biblioteca":"Biblioteca Ignasi Iglésias - Can Fabra","Dirección":"Carrer del Segre, 24","Distrito":"Sant Andreu","Barrio":"Sant Andreu","Código Postal":"8030","Centro":"—","Bibliotecas en distrito":7,"Bibliotecas por 100k hab.":4.6,"Description":"Biblioteca. Carrer del Segre, 24, Dist. Sant Andreu, Sant Andreu (8030). 7 bibliotecas en Sant Andreu.","Superficie":"Sant Andreu","Dato":"7 en Sant Andreu"},"geometry":{"type":"Point","coordinates":[2.190888,41.434512]}},{"type":"Feature","properties":{"_manaName":"Biblioteca Vilapicina i la Torre Llobeta - Carmen Laforet","name":"Biblioteca Vilapicina i la Torre Llobeta - Carmen Laforet","_manaColor":"#3b82f6","_manaFillOpacity":0.85,"_manaWeight":1.5,"_manaBorderColor":"#ffffff","_manaGroupName":"Bibliotecas de Barcelona","_manaGroupId":1,"_manaGeometryType":"point","_manaLabelStyle":{"enabled":true,"field":"_manaName","fontFamily":"DM Sans, sans-serif","fontSize":10,"fontWeight":"600","color":"#0f172a","haloWidth":3,"haloColor":"#ffffff","opacity":0.9,"placement":"auto"},"Biblioteca":"Biblioteca Vilapicina i la Torre Llobeta - Carmen Laforet","Dirección":"Plaça de Carmen Laforet, 11","Distrito":"Nou Barris","Barrio":"Vilapicina i la Torre Llobeta","Código Postal":"8016","Centro":"—","Bibliotecas en distrito":5,"Bibliotecas por 100k hab.":3,"Description":"Biblioteca. Plaça de Carmen Laforet, 11, Dist. Nou Barris, Vilapicina i la Torre Llobeta (8016). 5 bibliotecas en Nou Barris.","Superficie":"Nou Barris","Dato":"5 en Nou Barris"},"geometry":{"type":"Point","coordinates":[2.17647,41.426916]}},{"type":"Feature","properties":{"_manaName":"Escola de Música Taller de Músics","name":"Escola de Música Taller de Músics","_manaColor":"#b91c1c","_manaFillOpacity":0.85,"_manaWeight":1.5,"_manaBorderColor":"#ffffff","_manaGroupName":"Bibliotecas de Barcelona","_manaGroupId":1,"_manaGeometryType":"point","_manaLabelStyle":{"enabled":true,"field":"_manaName","fontFamily":"DM Sans, sans-serif","fontSize":10,"fontWeight":"600","color":"#0f172a","haloWidth":3,"haloColor":"#ffffff","opacity":0.9,"placement":"auto"},"Biblioteca":"Escola de Música Taller de Músics","Dirección":"C Requesens, 5","Distrito":"Ciutat Vella","Barrio":"el Raval","Código Postal":"8001","Centro":"Escola de Música Taller de Músics","Bibliotecas en distrito":53,"Bibliotecas por 100k hab.":51.5,"Description":"Biblioteca — Escola de Música Taller de Músics. C Requesens, 5, Dist. Ciutat Vella, el Raval (8001). 53 bibliotecas en Ciutat Vella.","Superficie":"Ciutat Vella","Dato":"53 en Ciutat Vella"},"geometry":{"type":"Point","coordinates":[2.16397,41.379695]}},{"type":"Feature","properties":{"_manaName":"Biblioteca Universitària de Medicina i Infermeria de la Vall d'Hebrón","name":"Biblioteca Universitària de Medicina i Infermeria de la Vall d'Hebrón","_manaColor":"#84cc16","_manaFillOpacity":0.85,"_manaWeight":1.5,"_manaBorderColor":"#ffffff","_manaGroupName":"Bibliotecas de Barcelona","_manaGroupId":1,"_manaGeometryType":"point","_manaLabelStyle":{"enabled":true,"field":"_manaName","fontFamily":"DM Sans, sans-serif","fontSize":10,"fontWeight":"600","color":"#0f172a","haloWidth":3,"haloColor":"#ffffff","opacity":0.9,"placement":"auto"},"Biblioteca":"Biblioteca Universitària de Medicina i Infermeria de la Vall d'Hebrón","Dirección":"Pg Vall d'Hebron, 119","Distrito":"Horta-Guinardó","Barrio":"Montbau","Código Postal":"8035","Centro":"—","Bibliotecas en distrito":12,"Bibliotecas por 100k hab.":7.3,"Description":"Biblioteca. Pg Vall d'Hebron, 119, Dist. Horta-Guinardó, Montbau (8035). 12 bibliotecas en Horta-Guinardó.","Superficie":"Horta-Guinardó","Dato":"12 en Horta-Guinardó"},"geometry":{"type":"Point","coordinates":[2.14345,41.428049]}},{"type":"Feature","properties":{"_manaName":"Centre Español de Plàsticos","name":"Centre Español de Plàsticos","_manaColor":"#dc2626","_manaFillOpacity":0.85,"_manaWeight":1.5,"_manaBorderColor":"#ffffff","_manaGroupName":"Bibliotecas de Barcelona","_manaGroupId":1,"_manaGeometryType":"point","_manaLabelStyle":{"enabled":true,"field":"_manaName","fontFamily":"DM Sans, sans-serif","fontSize":10,"fontWeight":"600","color":"#0f172a","haloWidth":3,"haloColor":"#ffffff","opacity":0.9,"placement":"auto"},"Biblioteca":"Centre Español de Plàsticos","Dirección":"C Enric Granados, 99","Distrito":"Eixample","Barrio":"l'Antiga Esquerra de l'Eixample","Código Postal":"8008","Centro":"Centre Español de Plàsticos","Bibliotecas en distrito":45,"Bibliotecas por 100k hab.":16.9,"Description":"Biblioteca — Centre Español de Plàsticos. C Enric Granados, 99, Dist. Eixample, l'Antiga Esquerra de l'Eixample (8008). 45 bibliotecas en Eixample.","Superficie":"Eixample","Dato":"45 en Eixample"},"geometry":{"type":"Point","coordinates":[2.155744,41.392714]}},{"type":"Feature","properties":{"_manaName":"Centre Educatiu CETT - Escola d'Hoteleria i Turisme","name":"Centre Educatiu CETT - Escola d'Hoteleria i Turisme","_manaColor":"#84cc16","_manaFillOpacity":0.85,"_manaWeight":1.5,"_manaBorderColor":"#ffffff","_manaGroupName":"Bibliotecas de Barcelona","_manaGroupId":1,"_manaGeometryType":"point","_manaLabelStyle":{"enabled":true,"field":"_manaName","fontFamily":"DM Sans, sans-serif","fontSize":10,"fontWeight":"600","color":"#0f172a","haloWidth":3,"haloColor":"#ffffff","opacity":0.9,"placement":"auto"},"Biblioteca":"Centre Educatiu CETT - Escola d'Hoteleria i Turisme","Dirección":"Av Can Marcet, 36","Distrito":"Horta-Guinardó","Barrio":"la Vall d'Hebron","Código Postal":"8035","Centro":"Centre Educatiu CETT - Escola d'Hoteleria i Turisme","Bibliotecas en distrito":12,"Bibliotecas por 100k hab.":7.3,"Description":"Biblioteca — Centre Educatiu CETT - Escola d'Hoteleria i Turisme. Av Can Marcet, 36, Dist. Horta-Guinardó, la Vall d'Hebron (8035). 12 bibliotecas en Horta-Guinardó.","Superficie":"Horta-Guinardó","Dato":"12 en Horta-Guinardó"},"geometry":{"type":"Point","coordinates":[2.148156,41.434851]}},{"type":"Feature","properties":{"_manaName":"Fundació Europea del Terapeuta - Heilpraktiker Institut","name":"Fundació Europea del Terapeuta - Heilpraktiker Institut","_manaColor":"#dc2626","_manaFillOpacity":0.85,"_manaWeight":1.5,"_manaBorderColor":"#ffffff","_manaGroupName":"Bibliotecas de Barcelona","_manaGroupId":1,"_manaGeometryType":"point","_manaLabelStyle":{"enabled":true,"field":"_manaName","fontFamily":"DM Sans, sans-serif","fontSize":10,"fontWeight":"600","color":"#0f172a","haloWidth":3,"haloColor":"#ffffff","opacity":0.9,"placement":"auto"},"Biblioteca":"Fundació Europea del Terapeuta - Heilpraktiker Institut","Dirección":"Pg Gràcia, 59","Distrito":"Eixample","Barrio":"la Dreta de l'Eixample","Código Postal":"8007","Centro":"Fundació Europea del Terapeuta - Heilpraktiker Institut","Bibliotecas en distrito":45,"Bibliotecas por 100k hab.":16.9,"Description":"Biblioteca — Fundació Europea del Terapeuta - Heilpraktiker Institut. Pg Gràcia, 59, Dist. Eixample, la Dreta de l'Eixample (8007). 45 bibliotecas en Eixample.","Superficie":"Eixample","Dato":"45 en Eixample"},"geometry":{"type":"Point","coordinates":[2.163754,41.392716]}},{"type":"Feature","properties":{"_manaName":"Biblioteca El Bon Pastor –  Josefina Castellví","name":"Biblioteca El Bon Pastor –  Josefina Castellví","_manaColor":"#06b6d4","_manaFillOpacity":0.85,"_manaWeight":1.5,"_manaBorderColor":"#ffffff","_manaGroupName":"Bibliotecas de Barcelona","_manaGroupId":1,"_manaGeometryType":"point","_manaLabelStyle":{"enabled":true,"field":"_manaName","fontFamily":"DM Sans, sans-serif","fontSize":10,"fontWeight":"600","color":"#0f172a","haloWidth":3,"haloColor":"#ffffff","opacity":0.9,"placement":"auto"},"Biblioteca":"Biblioteca El Bon Pastor –  Josefina Castellví","Dirección":"Carrer d'Estadella, 64","Distrito":"Sant Andreu","Barrio":"el Bon Pastor","Código Postal":"8030","Centro":"—","Bibliotecas en distrito":7,"Bibliotecas por 100k hab.":4.6,"Description":"Biblioteca. Carrer d'Estadella, 64, Dist. Sant Andreu, el Bon Pastor (8030). 7 bibliotecas en Sant Andreu.","Superficie":"Sant Andreu","Dato":"7 en Sant Andreu"},"geometry":{"type":"Point","coordinates":[2.204677,41.435195]}},{"type":"Feature","properties":{"_manaName":"Centre de Formació del Laberint","name":"Centre de Formació del Laberint","_manaColor":"#84cc16","_manaFillOpacity":0.85,"_manaWeight":1.5,"_manaBorderColor":"#ffffff","_manaGroupName":"Bibliotecas de Barcelona","_manaGroupId":1,"_manaGeometryType":"point","_manaLabelStyle":{"enabled":true,"field":"_manaName","fontFamily":"DM Sans, sans-serif","fontSize":10,"fontWeight":"600","color":"#0f172a","haloWidth":3,"haloColor":"#ffffff","opacity":0.9,"placement":"auto"},"Biblioteca":"Centre de Formació del Laberint","Dirección":"Parc del Laberint","Distrito":"Horta-Guinardó","Barrio":"Horta","Código Postal":"8035","Centro":"Centre de Formació del Laberint","Bibliotecas en distrito":12,"Bibliotecas por 100k hab.":7.3,"Description":"Biblioteca — Centre de Formació del Laberint. Parc del Laberint, Dist. Horta-Guinardó, Horta (8035). 12 bibliotecas en Horta-Guinardó.","Superficie":"Horta-Guinardó","Dato":"12 en Horta-Guinardó"},"geometry":{"type":"Point","coordinates":[2.146423,41.440219]}},{"type":"Feature","properties":{"_manaName":"UOC Seu de Barcelona","name":"UOC Seu de Barcelona","_manaColor":"#dc2626","_manaFillOpacity":0.85,"_manaWeight":1.5,"_manaBorderColor":"#ffffff","_manaGroupName":"Bibliotecas de Barcelona","_manaGroupId":1,"_manaGeometryType":"point","_manaLabelStyle":{"enabled":true,"field":"_manaName","fontFamily":"DM Sans, sans-serif","fontSize":10,"fontWeight":"600","color":"#0f172a","haloWidth":3,"haloColor":"#ffffff","opacity":0.9,"placement":"auto"},"Biblioteca":"UOC Seu de Barcelona","Dirección":"Rbla Catalunya, 6","Distrito":"Eixample","Barrio":"la Dreta de l'Eixample","Código Postal":"8007","Centro":"UOC Seu de Barcelona","Bibliotecas en distrito":45,"Bibliotecas por 100k hab.":16.9,"Description":"Biblioteca — UOC Seu de Barcelona. Rbla Catalunya, 6, Dist. Eixample, la Dreta de l'Eixample (8007). 45 bibliotecas en Eixample.","Superficie":"Eixample","Dato":"45 en Eixample"},"geometry":{"type":"Point","coordinates":[2.168178,41.387859]}},{"type":"Feature","properties":{"_manaName":"Foment del Treball Nacional","name":"Foment del Treball Nacional","_manaColor":"#b91c1c","_manaFillOpacity":0.85,"_manaWeight":1.5,"_manaBorderColor":"#ffffff","_manaGroupName":"Bibliotecas de Barcelona","_manaGroupId":1,"_manaGeometryType":"point","_manaLabelStyle":{"enabled":true,"field":"_manaName","fontFamily":"DM Sans, sans-serif","fontSize":10,"fontWeight":"600","color":"#0f172a","haloWidth":3,"haloColor":"#ffffff","opacity":0.9,"placement":"auto"},"Biblioteca":"Foment del Treball Nacional","Dirección":"Via Laietana, 32","Distrito":"Ciutat Vella","Barrio":"Sant Pere, Santa Caterina i la Ribera","Código Postal":"8003","Centro":"Foment del Treball Nacional","Bibliotecas en distrito":53,"Bibliotecas por 100k hab.":51.5,"Description":"Biblioteca — Foment del Treball Nacional. Via Laietana, 32, Dist. Ciutat Vella, Sant Pere, Santa Caterina i la Ribera (8003). 53 bibliotecas en Ciutat Vella.","Superficie":"Ciutat Vella","Dato":"53 en Ciutat Vella"},"geometry":{"type":"Point","coordinates":[2.177337,41.3852]}},{"type":"Feature","properties":{"_manaName":"Col·legi Oficial d'Infermeres i Infermers de Barcelona","name":"Col·legi Oficial d'Infermeres i Infermers de Barcelona","_manaColor":"#22c55e","_manaFillOpacity":0.85,"_manaWeight":1.5,"_manaBorderColor":"#ffffff","_manaGroupName":"Bibliotecas de Barcelona","_manaGroupId":1,"_manaGeometryType":"point","_manaLabelStyle":{"enabled":true,"field":"_manaName","fontFamily":"DM Sans, sans-serif","fontSize":10,"fontWeight":"600","color":"#0f172a","haloWidth":3,"haloColor":"#ffffff","opacity":0.9,"placement":"auto"},"Biblioteca":"Col·legi Oficial d'Infermeres i Infermers de Barcelona","Dirección":"C Pujades, 350","Distrito":"Sant Martí","Barrio":"Diagonal Mar i el Front Marítim del Poblenou","Código Postal":"8019","Centro":"Col·legi Oficial d'Infermeres i Infermers de Barcelona","Bibliotecas en distrito":11,"Bibliotecas por 100k hab.":4.6,"Description":"Biblioteca — Col·legi Oficial d'Infermeres i Infermers de Barcelona. C Pujades, 350, Dist. Sant Martí, Diagonal Mar i el Front Marítim del Poblenou (8019). 11 bibliotecas en Sant Martí.","Superficie":"Sant Martí","Dato":"11 en Sant Martí"},"geometry":{"type":"Point","coordinates":[2.209071,41.40777]}},{"type":"Feature","properties":{"_manaName":"EADA Business School  *Campus Aragó","name":"EADA Business School  *Campus Aragó","_manaColor":"#dc2626","_manaFillOpacity":0.85,"_manaWeight":1.5,"_manaBorderColor":"#ffffff","_manaGroupName":"Bibliotecas de Barcelona","_manaGroupId":1,"_manaGeometryType":"point","_manaLabelStyle":{"enabled":true,"field":"_manaName","fontFamily":"DM Sans, sans-serif","fontSize":10,"fontWeight":"600","color":"#0f172a","haloWidth":3,"haloColor":"#ffffff","opacity":0.9,"placement":"auto"},"Biblioteca":"EADA Business School  *Campus Aragó","Dirección":"Aragó, 204","Distrito":"Eixample","Barrio":"l'Antiga Esquerra de l'Eixample","Código Postal":"8011","Centro":"EADA Business School  *Campus Aragó","Bibliotecas en distrito":45,"Bibliotecas por 100k hab.":16.9,"Description":"Biblioteca — EADA Business School  *Campus Aragó. Aragó, 204, Dist. Eixample, l'Antiga Esquerra de l'Eixample (8011). 45 bibliotecas en Eixample.","Superficie":"Eixample","Dato":"45 en Eixample"},"geometry":{"type":"Point","coordinates":[2.158895,41.387481]}},{"type":"Feature","properties":{"_manaName":"Ateneu Enciclopèdic Popular- Centre de Documentació Histórico-Social","name":"Ateneu Enciclopèdic Popular- Centre de Documentació Histórico-Social","_manaColor":"#dc2626","_manaFillOpacity":0.85,"_manaWeight":1.5,"_manaBorderColor":"#ffffff","_manaGroupName":"Bibliotecas de Barcelona","_manaGroupId":1,"_manaGeometryType":"point","_manaLabelStyle":{"enabled":true,"field":"_manaName","fontFamily":"DM Sans, sans-serif","fontSize":10,"fontWeight":"600","color":"#0f172a","haloWidth":3,"haloColor":"#ffffff","opacity":0.9,"placement":"auto"},"Biblioteca":"Ateneu Enciclopèdic Popular- Centre de Documentació Histórico-Social","Dirección":"Pg Sant Joan, 26","Distrito":"Eixample","Barrio":"el Fort Pienc","Código Postal":"8010","Centro":"Ateneu Enciclopèdic Popular- Centre de Documentació Histórico-Social","Bibliotecas en distrito":45,"Bibliotecas por 100k hab.":16.9,"Description":"Biblioteca — Ateneu Enciclopèdic Popular- Centre de Documentació Histórico-Social. Pg Sant Joan, 26, Dist. Eixample, el Fort Pienc (8010). 45 bibliotecas en Eixample.","Superficie":"Eixample","Dato":"45 en Eixample"},"geometry":{"type":"Point","coordinates":[2.178581,41.392969]}},{"type":"Feature","properties":{"_manaName":"Institut Amatller d'Art Hispànic","name":"Institut Amatller d'Art Hispànic","_manaColor":"#dc2626","_manaFillOpacity":0.85,"_manaWeight":1.5,"_manaBorderColor":"#ffffff","_manaGroupName":"Bibliotecas de Barcelona","_manaGroupId":1,"_manaGeometryType":"point","_manaLabelStyle":{"enabled":true,"field":"_manaName","fontFamily":"DM Sans, sans-serif","fontSize":10,"fontWeight":"600","color":"#0f172a","haloWidth":3,"haloColor":"#ffffff","opacity":0.9,"placement":"auto"},"Biblioteca":"Institut Amatller d'Art Hispànic","Dirección":"Passeig de Gràcia, 41","Distrito":"Eixample","Barrio":"la Dreta de l'Eixample","Código Postal":"8007","Centro":"Institut Amatller d'Art Hispànic","Bibliotecas en distrito":45,"Bibliotecas por 100k hab.":16.9,"Description":"Biblioteca — Institut Amatller d'Art Hispànic. Passeig de Gràcia, 41, Dist. Eixample, la Dreta de l'Eixample (8007). 45 bibliotecas en Eixample.","Superficie":"Eixample","Dato":"45 en Eixample"},"geometry":{"type":"Point","coordinates":[2.165102,41.391587]}},{"type":"Feature","properties":{"_manaName":"Biblioteca El Gòtic - Andreu Nin","name":"Biblioteca El Gòtic - Andreu Nin","_manaColor":"#b91c1c","_manaFillOpacity":0.85,"_manaWeight":1.5,"_manaBorderColor":"#ffffff","_manaGroupName":"Bibliotecas de Barcelona","_manaGroupId":1,"_manaGeometryType":"point","_manaLabelStyle":{"enabled":true,"field":"_manaName","fontFamily":"DM Sans, sans-serif","fontSize":10,"fontWeight":"600","color":"#0f172a","haloWidth":3,"haloColor":"#ffffff","opacity":0.9,"placement":"auto"},"Biblioteca":"Biblioteca El Gòtic - Andreu Nin","Dirección":"Carrer la Rambla, 30","Distrito":"Ciutat Vella","Barrio":"el Barri Gòtic","Código Postal":"8002","Centro":"—","Bibliotecas en distrito":53,"Bibliotecas por 100k hab.":51.5,"Description":"Biblioteca. Carrer la Rambla, 30, Dist. Ciutat Vella, el Barri Gòtic (8002). 53 bibliotecas en Ciutat Vella.","Superficie":"Ciutat Vella","Dato":"53 en Ciutat Vella"},"geometry":{"type":"Point","coordinates":[2.176065,41.37849]}},{"type":"Feature","properties":{"_manaName":"Biblioteca L'Esquerra de l'Eixample - Agustí Centelles","name":"Biblioteca L'Esquerra de l'Eixample - Agustí Centelles","_manaColor":"#dc2626","_manaFillOpacity":0.85,"_manaWeight":1.5,"_manaBorderColor":"#ffffff","_manaGroupName":"Bibliotecas de Barcelona","_manaGroupId":1,"_manaGeometryType":"point","_manaLabelStyle":{"enabled":true,"field":"_manaName","fontFamily":"DM Sans, sans-serif","fontSize":10,"fontWeight":"600","color":"#0f172a","haloWidth":3,"haloColor":"#ffffff","opacity":0.9,"placement":"auto"},"Biblioteca":"Biblioteca L'Esquerra de l'Eixample - Agustí Centelles","Dirección":"Carrer del Comte d'Urgell, 145","Distrito":"Eixample","Barrio":"la Nova Esquerra de l'Eixample","Código Postal":"8036","Centro":"—","Bibliotecas en distrito":45,"Bibliotecas por 100k hab.":16.9,"Description":"Biblioteca. Carrer del Comte d'Urgell, 145, Dist. Eixample, la Nova Esquerra de l'Eixample (8036). 45 bibliotecas en Eixample.","Superficie":"Eixample","Dato":"45 en Eixample"},"geometry":{"type":"Point","coordinates":[2.15205,41.386895]}},{"type":"Feature","properties":{"_manaName":"Biblioteca Judicial de Barcelona - TSJC Sala Contenciosa Administrativa","name":"Biblioteca Judicial de Barcelona - TSJC Sala Contenciosa Administrativa","_manaColor":"#b91c1c","_manaFillOpacity":0.85,"_manaWeight":1.5,"_manaBorderColor":"#ffffff","_manaGroupName":"Bibliotecas de Barcelona","_manaGroupId":1,"_manaGeometryType":"point","_manaLabelStyle":{"enabled":true,"field":"_manaName","fontFamily":"DM Sans, sans-serif","fontSize":10,"fontWeight":"600","color":"#0f172a","haloWidth":3,"haloColor":"#ffffff","opacity":0.9,"placement":"auto"},"Biblioteca":"Biblioteca Judicial de Barcelona - TSJC Sala Contenciosa Administrativa","Dirección":"Via Laietana, 56","Distrito":"Ciutat Vella","Barrio":"Sant Pere, Santa Caterina i la Ribera","Código Postal":"8003","Centro":"—","Bibliotecas en distrito":53,"Bibliotecas por 100k hab.":51.5,"Description":"Biblioteca. Via Laietana, 56, Dist. Ciutat Vella, Sant Pere, Santa Caterina i la Ribera (8003). 53 bibliotecas en Ciutat Vella.","Superficie":"Ciutat Vella","Dato":"53 en Ciutat Vella"},"geometry":{"type":"Point","coordinates":[2.173989,41.387728]}},{"type":"Feature","properties":{"_manaName":"CRAI - Biblioteca de Filosofia i Geografia i Història de la Universitat de Barcelona","name":"CRAI - Biblioteca de Filosofia i Geografia i Història de la Universitat de Barcelona","_manaColor":"#b91c1c","_manaFillOpacity":0.85,"_manaWeight":1.5,"_manaBorderColor":"#ffffff","_manaGroupName":"Bibliotecas de Barcelona","_manaGroupId":1,"_manaGeometryType":"point","_manaLabelStyle":{"enabled":true,"field":"_manaName","fontFamily":"DM Sans, sans-serif","fontSize":10,"fontWeight":"600","color":"#0f172a","haloWidth":3,"haloColor":"#ffffff","opacity":0.9,"placement":"auto"},"Biblioteca":"CRAI - Biblioteca de Filosofia i Geografia i Història de la Universitat de Barcelona","Dirección":"Carrer de Montalegre, 6","Distrito":"Ciutat Vella","Barrio":"el Raval","Código Postal":"8001","Centro":"—","Bibliotecas en distrito":53,"Bibliotecas por 100k hab.":51.5,"Description":"Biblioteca. Carrer de Montalegre, 6, Dist. Ciutat Vella, el Raval (8001). 53 bibliotecas en Ciutat Vella.","Superficie":"Ciutat Vella","Dato":"53 en Ciutat Vella"},"geometry":{"type":"Point","coordinates":[2.166865,41.384039]}},{"type":"Feature","properties":{"_manaName":"Casa Àsia","name":"Casa Àsia","_manaColor":"#b91c1c","_manaFillOpacity":0.85,"_manaWeight":1.5,"_manaBorderColor":"#ffffff","_manaGroupName":"Bibliotecas de Barcelona","_manaGroupId":1,"_manaGeometryType":"point","_manaLabelStyle":{"enabled":true,"field":"_manaName","fontFamily":"DM Sans, sans-serif","fontSize":10,"fontWeight":"600","color":"#0f172a","haloWidth":3,"haloColor":"#ffffff","opacity":0.9,"placement":"auto"},"Biblioteca":"Casa Àsia","Dirección":"Carrer d'Elisabets, 24","Distrito":"Ciutat Vella","Barrio":"el Raval","Código Postal":"8001","Centro":"Casa Àsia","Bibliotecas en distrito":53,"Bibliotecas por 100k hab.":51.5,"Description":"Biblioteca — Casa Àsia. Carrer d'Elisabets, 24, Dist. Ciutat Vella, el Raval (8001). 53 bibliotecas en Ciutat Vella.","Superficie":"Ciutat Vella","Dato":"53 en Ciutat Vella"},"geometry":{"type":"Point","coordinates":[2.167901,41.382969]}},{"type":"Feature","properties":{"_manaName":"Biblioteca El Carmel - Juan Marsé","name":"Biblioteca El Carmel - Juan Marsé","_manaColor":"#84cc16","_manaFillOpacity":0.85,"_manaWeight":1.5,"_manaBorderColor":"#ffffff","_manaGroupName":"Bibliotecas de Barcelona","_manaGroupId":1,"_manaGeometryType":"point","_manaLabelStyle":{"enabled":true,"field":"_manaName","fontFamily":"DM Sans, sans-serif","fontSize":10,"fontWeight":"600","color":"#0f172a","haloWidth":3,"haloColor":"#ffffff","opacity":0.9,"placement":"auto"},"Biblioteca":"Biblioteca El Carmel - Juan Marsé","Dirección":"Carrer de la Murtra, 135","Distrito":"Horta-Guinardó","Barrio":"el Carmel","Código Postal":"8032","Centro":"—","Bibliotecas en distrito":12,"Bibliotecas por 100k hab.":7.3,"Description":"Biblioteca. Carrer de la Murtra, 135, Dist. Horta-Guinardó, el Carmel (8032). 12 bibliotecas en Horta-Guinardó.","Superficie":"Horta-Guinardó","Dato":"12 en Horta-Guinardó"},"geometry":{"type":"Point","coordinates":[2.155116,41.421028]}},{"type":"Feature","properties":{"_manaName":"Facultat de Medicina i Ciències de la Salut - UB","name":"Facultat de Medicina i Ciències de la Salut - UB","_manaColor":"#dc2626","_manaFillOpacity":0.85,"_manaWeight":1.5,"_manaBorderColor":"#ffffff","_manaGroupName":"Bibliotecas de Barcelona","_manaGroupId":1,"_manaGeometryType":"point","_manaLabelStyle":{"enabled":true,"field":"_manaName","fontFamily":"DM Sans, sans-serif","fontSize":10,"fontWeight":"600","color":"#0f172a","haloWidth":3,"haloColor":"#ffffff","opacity":0.9,"placement":"auto"},"Biblioteca":"Facultat de Medicina i Ciències de la Salut - UB","Dirección":"Carrer de Casanova, 143","Distrito":"Eixample","Barrio":"l'Antiga Esquerra de l'Eixample","Código Postal":"8036","Centro":"Facultat de Medicina i Ciències de la Salut - UB","Bibliotecas en distrito":45,"Bibliotecas por 100k hab.":16.9,"Description":"Biblioteca — Facultat de Medicina i Ciències de la Salut - UB. Carrer de Casanova, 143, Dist. Eixample, l'Antiga Esquerra de l'Eixample (8036). 45 bibliotecas en Eixample.","Superficie":"Eixample","Dato":"45 en Eixample"},"geometry":{"type":"Point","coordinates":[2.152194,41.389555]}},{"type":"Feature","properties":{"_manaName":"Biblioteca Montbau - Albert Pérez Baró","name":"Biblioteca Montbau - Albert Pérez Baró","_manaColor":"#84cc16","_manaFillOpacity":0.85,"_manaWeight":1.5,"_manaBorderColor":"#ffffff","_manaGroupName":"Bibliotecas de Barcelona","_manaGroupId":1,"_manaGeometryType":"point","_manaLabelStyle":{"enabled":true,"field":"_manaName","fontFamily":"DM Sans, sans-serif","fontSize":10,"fontWeight":"600","color":"#0f172a","haloWidth":3,"haloColor":"#ffffff","opacity":0.9,"placement":"auto"},"Biblioteca":"Biblioteca Montbau - Albert Pérez Baró","Dirección":"Carrer de l'Arquitectura, 8","Distrito":"Horta-Guinardó","Barrio":"Montbau","Código Postal":"8035","Centro":"—","Bibliotecas en distrito":12,"Bibliotecas por 100k hab.":7.3,"Description":"Biblioteca. Carrer de l'Arquitectura, 8, Dist. Horta-Guinardó, Montbau (8035). 12 bibliotecas en Horta-Guinardó.","Superficie":"Horta-Guinardó","Dato":"12 en Horta-Guinardó"},"geometry":{"type":"Point","coordinates":[2.14197,41.429182]}},{"type":"Feature","properties":{"_manaName":"CRAI - Biblioteca del Pavelló de la República","name":"CRAI - Biblioteca del Pavelló de la República","_manaColor":"#84cc16","_manaFillOpacity":0.85,"_manaWeight":1.5,"_manaBorderColor":"#ffffff","_manaGroupName":"Bibliotecas de Barcelona","_manaGroupId":1,"_manaGeometryType":"point","_manaLabelStyle":{"enabled":true,"field":"_manaName","fontFamily":"DM Sans, sans-serif","fontSize":10,"fontWeight":"600","color":"#0f172a","haloWidth":3,"haloColor":"#ffffff","opacity":0.9,"placement":"auto"},"Biblioteca":"CRAI - Biblioteca del Pavelló de la República","Dirección":"Av Cardenal Vidal i Barraquer, 34","Distrito":"Horta-Guinardó","Barrio":"la Vall d'Hebron","Código Postal":"8035","Centro":"—","Bibliotecas en distrito":12,"Bibliotecas por 100k hab.":7.3,"Description":"Biblioteca. Av Cardenal Vidal i Barraquer, 34, Dist. Horta-Guinardó, la Vall d'Hebron (8035). 12 bibliotecas en Horta-Guinardó.","Superficie":"Horta-Guinardó","Dato":"12 en Horta-Guinardó"},"geometry":{"type":"Point","coordinates":[2.151177,41.430602]}},{"type":"Feature","properties":{"_manaName":"CRAI - Biblioteca Campus Mundet de la Universitat de Barcelona","name":"CRAI - Biblioteca Campus Mundet de la Universitat de Barcelona","_manaColor":"#84cc16","_manaFillOpacity":0.85,"_manaWeight":1.5,"_manaBorderColor":"#ffffff","_manaGroupName":"Bibliotecas de Barcelona","_manaGroupId":1,"_manaGeometryType":"point","_manaLabelStyle":{"enabled":true,"field":"_manaName","fontFamily":"DM Sans, sans-serif","fontSize":10,"fontWeight":"600","color":"#0f172a","haloWidth":3,"haloColor":"#ffffff","opacity":0.9,"placement":"auto"},"Biblioteca":"CRAI - Biblioteca Campus Mundet de la Universitat de Barcelona","Dirección":"Pg Vall d'Hebron, 171","Distrito":"Horta-Guinardó","Barrio":"Montbau","Código Postal":"8035","Centro":"—","Bibliotecas en distrito":12,"Bibliotecas por 100k hab.":7.3,"Description":"Biblioteca. Pg Vall d'Hebron, 171, Dist. Horta-Guinardó, Montbau (8035). 12 bibliotecas en Horta-Guinardó.","Superficie":"Horta-Guinardó","Dato":"12 en Horta-Guinardó"},"geometry":{"type":"Point","coordinates":[2.147163,41.43576]}},{"type":"Feature","properties":{"_manaName":"Universitat Abat Oliba CEU","name":"Universitat Abat Oliba CEU","_manaColor":"#f97316","_manaFillOpacity":0.85,"_manaWeight":1.5,"_manaBorderColor":"#ffffff","_manaGroupName":"Bibliotecas de Barcelona","_manaGroupId":1,"_manaGeometryType":"point","_manaLabelStyle":{"enabled":true,"field":"_manaName","fontFamily":"DM Sans, sans-serif","fontSize":10,"fontWeight":"600","color":"#0f172a","haloWidth":3,"haloColor":"#ffffff","opacity":0.9,"placement":"auto"},"Biblioteca":"Universitat Abat Oliba CEU","Dirección":"Bellesguard, 30","Distrito":"Sarrià-Sant Gervasi","Barrio":"Sant Gervasi - la Bonanova","Código Postal":"8022","Centro":"Universitat Abat Oliba CEU","Bibliotecas en distrito":15,"Bibliotecas por 100k hab.":10.1,"Description":"Biblioteca — Universitat Abat Oliba CEU. Bellesguard, 30, Dist. Sarrià-Sant Gervasi, Sant Gervasi - la Bonanova (8022). 15 bibliotecas en Sarrià-Sant Gervasi.","Superficie":"Sarrià-Sant Gervasi","Dato":"15 en Sarrià-Sant Gervasi"},"geometry":{"type":"Point","coordinates":[2.126812,41.410352]}},{"type":"Feature","properties":{"_manaName":"Facultat de Farmàcia i Ciències de l'Alimentació - UB","name":"Facultat de Farmàcia i Ciències de l'Alimentació - UB","_manaColor":"#ea580c","_manaFillOpacity":0.85,"_manaWeight":1.5,"_manaBorderColor":"#ffffff","_manaGroupName":"Bibliotecas de Barcelona","_manaGroupId":1,"_manaGeometryType":"point","_manaLabelStyle":{"enabled":true,"field":"_manaName","fontFamily":"DM Sans, sans-serif","fontSize":10,"fontWeight":"600","color":"#0f172a","haloWidth":3,"haloColor":"#ffffff","opacity":0.9,"placement":"auto"},"Biblioteca":"Facultat de Farmàcia i Ciències de l'Alimentació - UB","Dirección":"Avinguda de Joan XXIII, 27","Distrito":"Les Corts","Barrio":"la Maternitat i Sant Ramon","Código Postal":"8028","Centro":"Facultat de Farmàcia i Ciències de l'Alimentació - UB","Bibliotecas en distrito":18,"Bibliotecas por 100k hab.":22,"Description":"Biblioteca — Facultat de Farmàcia i Ciències de l'Alimentació - UB. Avinguda de Joan XXIII, 27, Dist. Les Corts, la Maternitat i Sant Ramon (8028). 18 bibliotecas en Les Corts.","Superficie":"Les Corts","Dato":"18 en Les Corts"},"geometry":{"type":"Point","coordinates":[2.122319,41.385523]}},{"type":"Feature","properties":{"_manaName":"Institut Botànic de Barcelona","name":"Institut Botànic de Barcelona","_manaColor":"#eab308","_manaFillOpacity":0.85,"_manaWeight":1.5,"_manaBorderColor":"#ffffff","_manaGroupName":"Bibliotecas de Barcelona","_manaGroupId":1,"_manaGeometryType":"point","_manaLabelStyle":{"enabled":true,"field":"_manaName","fontFamily":"DM Sans, sans-serif","fontSize":10,"fontWeight":"600","color":"#0f172a","haloWidth":3,"haloColor":"#ffffff","opacity":0.9,"placement":"auto"},"Biblioteca":"Institut Botànic de Barcelona","Dirección":"Passeig del Migdia, 187","Distrito":"Sants-Montjuïc","Barrio":"el Poble-sec","Código Postal":"8038","Centro":"Institut Botànic de Barcelona","Bibliotecas en distrito":12,"Bibliotecas por 100k hab.":6.5,"Description":"Biblioteca — Institut Botànic de Barcelona. Passeig del Migdia, 187, Dist. Sants-Montjuïc, el Poble-sec (8038). 12 bibliotecas en Sants-Montjuïc.","Superficie":"Sants-Montjuïc","Dato":"12 en Sants-Montjuïc"},"geometry":{"type":"Point","coordinates":[2.161017,41.362012]}},{"type":"Feature","properties":{"_manaName":"Institut de Sostenibilitat i Medi Ambient de Barcelona","name":"Institut de Sostenibilitat i Medi Ambient de Barcelona","_manaColor":"#06b6d4","_manaFillOpacity":0.85,"_manaWeight":1.5,"_manaBorderColor":"#ffffff","_manaGroupName":"Bibliotecas de Barcelona","_manaGroupId":1,"_manaGeometryType":"point","_manaLabelStyle":{"enabled":true,"field":"_manaName","fontFamily":"DM Sans, sans-serif","fontSize":10,"fontWeight":"600","color":"#0f172a","haloWidth":3,"haloColor":"#ffffff","opacity":0.9,"placement":"auto"},"Biblioteca":"Institut de Sostenibilitat i Medi Ambient de Barcelona","Dirección":"Pg Mollerussa, 71","Distrito":"Sant Andreu","Barrio":"el Bon Pastor","Código Postal":"8030","Centro":"Institut de Sostenibilitat i Medi Ambient de Barcelona","Bibliotecas en distrito":7,"Bibliotecas por 100k hab.":4.6,"Description":"Biblioteca — Institut de Sostenibilitat i Medi Ambient de Barcelona. Pg Mollerussa, 71, Dist. Sant Andreu, el Bon Pastor (8030). 7 bibliotecas en Sant Andreu.","Superficie":"Sant Andreu","Dato":"7 en Sant Andreu"},"geometry":{"type":"Point","coordinates":[2.207001,41.439076]}},{"type":"Feature","properties":{"_manaName":"Biblioteca Joan Miró","name":"Biblioteca Joan Miró","_manaColor":"#dc2626","_manaFillOpacity":0.85,"_manaWeight":1.5,"_manaBorderColor":"#ffffff","_manaGroupName":"Bibliotecas de Barcelona","_manaGroupId":1,"_manaGeometryType":"point","_manaLabelStyle":{"enabled":true,"field":"_manaName","fontFamily":"DM Sans, sans-serif","fontSize":10,"fontWeight":"600","color":"#0f172a","haloWidth":3,"haloColor":"#ffffff","opacity":0.9,"placement":"auto"},"Biblioteca":"Biblioteca Joan Miró","Dirección":"Carrer de Vilamarí, 61","Distrito":"Eixample","Barrio":"la Nova Esquerra de l'Eixample","Código Postal":"8015","Centro":"—","Bibliotecas en distrito":45,"Bibliotecas por 100k hab.":16.9,"Description":"Biblioteca. Carrer de Vilamarí, 61, Dist. Eixample, la Nova Esquerra de l'Eixample (8015). 45 bibliotecas en Eixample.","Superficie":"Eixample","Dato":"45 en Eixample"},"geometry":{"type":"Point","coordinates":[2.149248,41.378848]}},{"type":"Feature","properties":{"_manaName":"Fundació Joan Miró","name":"Fundació Joan Miró","_manaColor":"#eab308","_manaFillOpacity":0.85,"_manaWeight":1.5,"_manaBorderColor":"#ffffff","_manaGroupName":"Bibliotecas de Barcelona","_manaGroupId":1,"_manaGeometryType":"point","_manaLabelStyle":{"enabled":true,"field":"_manaName","fontFamily":"DM Sans, sans-serif","fontSize":10,"fontWeight":"600","color":"#0f172a","haloWidth":3,"haloColor":"#ffffff","opacity":0.9,"placement":"auto"},"Biblioteca":"Fundació Joan Miró","Dirección":"Av Miramar, 1","Distrito":"Sants-Montjuïc","Barrio":"el Poble-sec","Código Postal":"8038","Centro":"Fundació Joan Miró","Bibliotecas en distrito":12,"Bibliotecas por 100k hab.":6.5,"Description":"Biblioteca — Fundació Joan Miró. Av Miramar, 1, Dist. Sants-Montjuïc, el Poble-sec (8038). 12 bibliotecas en Sants-Montjuïc.","Superficie":"Sants-Montjuïc","Dato":"12 en Sants-Montjuïc"},"geometry":{"type":"Point","coordinates":[2.160149,41.368292]}},{"type":"Feature","properties":{"_manaName":"Biblioteca Jaume Fuster","name":"Biblioteca Jaume Fuster","_manaColor":"#14b8a6","_manaFillOpacity":0.85,"_manaWeight":1.5,"_manaBorderColor":"#ffffff","_manaGroupName":"Bibliotecas de Barcelona","_manaGroupId":1,"_manaGeometryType":"point","_manaLabelStyle":{"enabled":true,"field":"_manaName","fontFamily":"DM Sans, sans-serif","fontSize":10,"fontWeight":"600","color":"#0f172a","haloWidth":3,"haloColor":"#ffffff","opacity":0.9,"placement":"auto"},"Biblioteca":"Biblioteca Jaume Fuster","Dirección":"Plaça de Lesseps, 20","Distrito":"Gràcia","Barrio":"Vallcarca i els Penitents","Código Postal":"8023","Centro":"—","Bibliotecas en distrito":7,"Bibliotecas por 100k hab.":5.7,"Description":"Biblioteca. Plaça de Lesseps, 20, Dist. Gràcia, Vallcarca i els Penitents (8023). 7 bibliotecas en Gràcia.","Superficie":"Gràcia","Dato":"7 en Gràcia"},"geometry":{"type":"Point","coordinates":[2.149775,41.407491]}},{"type":"Feature","properties":{"_manaName":"Biblioteca La Maternitat i Sant Ramon – Miquel Llongueras","name":"Biblioteca La Maternitat i Sant Ramon – Miquel Llongueras","_manaColor":"#ea580c","_manaFillOpacity":0.85,"_manaWeight":1.5,"_manaBorderColor":"#ffffff","_manaGroupName":"Bibliotecas de Barcelona","_manaGroupId":1,"_manaGeometryType":"point","_manaLabelStyle":{"enabled":true,"field":"_manaName","fontFamily":"DM Sans, sans-serif","fontSize":10,"fontWeight":"600","color":"#0f172a","haloWidth":3,"haloColor":"#ffffff","opacity":0.9,"placement":"auto"},"Biblioteca":"Biblioteca La Maternitat i Sant Ramon – Miquel Llongueras","Dirección":"Travessera de les Corts, 58","Distrito":"Les Corts","Barrio":"la Maternitat i Sant Ramon","Código Postal":"8028","Centro":"—","Bibliotecas en distrito":18,"Bibliotecas por 100k hab.":22,"Description":"Biblioteca. Travessera de les Corts, 58, Dist. Les Corts, la Maternitat i Sant Ramon (8028). 18 bibliotecas en Les Corts.","Superficie":"Les Corts","Dato":"18 en Les Corts"},"geometry":{"type":"Point","coordinates":[2.121842,41.378006]}},{"type":"Feature","properties":{"_manaName":"Hospital de la Santa Creu i Sant Pau","name":"Hospital de la Santa Creu i Sant Pau","_manaColor":"#84cc16","_manaFillOpacity":0.85,"_manaWeight":1.5,"_manaBorderColor":"#ffffff","_manaGroupName":"Bibliotecas de Barcelona","_manaGroupId":1,"_manaGeometryType":"point","_manaLabelStyle":{"enabled":true,"field":"_manaName","fontFamily":"DM Sans, sans-serif","fontSize":10,"fontWeight":"600","color":"#0f172a","haloWidth":3,"haloColor":"#ffffff","opacity":0.9,"placement":"auto"},"Biblioteca":"Hospital de la Santa Creu i Sant Pau","Dirección":"C Sant Antoni Maria Claret, 167","Distrito":"Horta-Guinardó","Barrio":"el Guinardó","Código Postal":"8025","Centro":"Hospital de la Santa Creu i Sant Pau","Bibliotecas en distrito":12,"Bibliotecas por 100k hab.":7.3,"Description":"Biblioteca — Hospital de la Santa Creu i Sant Pau. C Sant Antoni Maria Claret, 167, Dist. Horta-Guinardó, el Guinardó (8025). 12 bibliotecas en Horta-Guinardó.","Superficie":"Horta-Guinardó","Dato":"12 en Horta-Guinardó"},"geometry":{"type":"Point","coordinates":[2.17576,41.412416]}},{"type":"Feature","properties":{"_manaName":"Escola Orlandai","name":"Escola Orlandai","_manaColor":"#f97316","_manaFillOpacity":0.85,"_manaWeight":1.5,"_manaBorderColor":"#ffffff","_manaGroupName":"Bibliotecas de Barcelona","_manaGroupId":1,"_manaGeometryType":"point","_manaLabelStyle":{"enabled":true,"field":"_manaName","fontFamily":"DM Sans, sans-serif","fontSize":10,"fontWeight":"600","color":"#0f172a","haloWidth":3,"haloColor":"#ffffff","opacity":0.9,"placement":"auto"},"Biblioteca":"Escola Orlandai","Dirección":"C Domínguez i Miralles, 1","Distrito":"Sarrià-Sant Gervasi","Barrio":"Sarrià","Código Postal":"8034","Centro":"Escola Orlandai","Bibliotecas en distrito":15,"Bibliotecas por 100k hab.":10.1,"Description":"Biblioteca — Escola Orlandai. C Domínguez i Miralles, 1, Dist. Sarrià-Sant Gervasi, Sarrià (8034). 15 bibliotecas en Sarrià-Sant Gervasi.","Superficie":"Sarrià-Sant Gervasi","Dato":"15 en Sarrià-Sant Gervasi"},"geometry":{"type":"Point","coordinates":[2.119283,41.397392]}}],"_bbox":[-1.499468,-0.011094,2.2215,41.471267999999995]}