{"type":"FeatureCollection","features":[{"type":"Feature","properties":{"_manaName":"Terremoto de Valdivia de 1960 (Chile)","name":"Terremoto de Valdivia de 1960 (Chile)","_manaColor":"#7b0a0a","_manaFillOpacity":0.9,"_manaWeight":1.2,"_manaBorderColor":"#ffffff","_manaGeometryType":"point","_manaGroupName":"Terremotos de magnitud ≥ 8","_manaGroupId":1,"markerType":"emoji_collision","_manaMarkerType":"emoji_collision","_manaEmojiSize":66,"_manaLabelStyle":{"enabled":true,"field":"_manaName","fontFamily":"monospace","fontSize":10,"fontWeight":"600","color":"#0f172a","haloWidth":3,"haloColor":"#ffffff","opacity":0.9,"placement":"auto"},"Magnitud":9.5,"Profundidad (km)":25,"Año":1960,"Fecha":"1960-05-22","Lugar (USGS)":"1960 Great Chilean Earthquake (Valdivia Earthquake)","Tsunami":"No","Código USGS":"official19600522191120_30","Dato":"M 9,5 · 25 km · 1960","Description":"Terremoto de magnitud 9,5 con epicentro real cerca de 1960 Great Chilean Earthquake (Valdivia Earthquake). Profundidad focal: 25 km. Fecha: 22 de mayo de 1960. Tsunami: No. Es el terremoto más potente jamás registrado por instrumentos. Generó un tsunami que cruzó el Pacífico hasta Japón."},"geometry":{"type":"Point","coordinates":[-73.407,-38.143]}},{"type":"Feature","properties":{"_manaName":"Terremoto del Príncipe William Sound de 1964 (Alaska)","name":"Terremoto del Príncipe William Sound de 1964 (Alaska)","_manaColor":"#7b0a0a","_manaFillOpacity":0.9,"_manaWeight":1.2,"_manaBorderColor":"#ffffff","_manaGeometryType":"point","_manaGroupName":"Terremotos de magnitud ≥ 8","_manaGroupId":1,"markerType":"emoji_collision","_manaMarkerType":"emoji_collision","_manaEmojiSize":57,"_manaLabelStyle":{"enabled":true,"field":"_manaName","fontFamily":"monospace","fontSize":10,"fontWeight":"600","color":"#0f172a","haloWidth":3,"haloColor":"#ffffff","opacity":0.9,"placement":"auto"},"Magnitud":9.2,"Profundidad (km)":25,"Año":1964,"Fecha":"1964-03-28","Lugar (USGS)":"The 1964 Prince William Sound, Alaska Earthquake","Tsunami":"No","Código USGS":"official19640328033616_30","Dato":"M 9,2 · 25 km · 1964","Description":"Terremoto de magnitud 9,2 con epicentro real cerca de The 1964 Prince William Sound, Alaska Earthquake. Profundidad focal: 25 km. Fecha: 28 de marzo de 1964. Tsunami: No. El «Viernes Santo» de Alaska: el sismo más potente registrado en América del Norte, con tsunami local."},"geometry":{"type":"Point","coordinates":[-147.339,60.908]}},{"type":"Feature","properties":{"_manaName":"Terremoto del Índico de 2004 (Sumatra)","name":"Terremoto del Índico de 2004 (Sumatra)","_manaColor":"#7b0a0a","_manaFillOpacity":0.9,"_manaWeight":1.2,"_manaBorderColor":"#ffffff","_manaGeometryType":"point","_manaGroupName":"Terremotos de magnitud ≥ 8","_manaGroupId":1,"markerType":"emoji_collision","_manaMarkerType":"emoji_collision","_manaEmojiSize":54,"_manaLabelStyle":{"enabled":true,"field":"_manaName","fontFamily":"monospace","fontSize":10,"fontWeight":"600","color":"#0f172a","haloWidth":3,"haloColor":"#ffffff","opacity":0.9,"placement":"auto"},"Magnitud":9.1,"Profundidad (km)":30,"Año":2004,"Fecha":"2004-12-26","Lugar (USGS)":"2004 Sumatra - Andaman Islands Earthquake","Tsunami":"No","Código USGS":"official20041226005853450_30","Dato":"M 9,1 · 30 km · 2004","Description":"Terremoto de magnitud 9,1 con epicentro real cerca de 2004 Sumatra - Andaman Islands Earthquake. Profundidad focal: 30 km. Fecha: 26 de diciembre de 2004. Tsunami: No. Desencadenó el tsunami del océano Índico del 26 de diciembre de 2004, uno de los desastres naturales más mortíferos de la historia."},"geometry":{"type":"Point","coordinates":[95.982,3.295]}},{"type":"Feature","properties":{"_manaName":"Terremoto de Tōhoku de 2011 (Japón)","name":"Terremoto de Tōhoku de 2011 (Japón)","_manaColor":"#7b0a0a","_manaFillOpacity":0.9,"_manaWeight":1.2,"_manaBorderColor":"#ffffff","_manaGeometryType":"point","_manaGroupName":"Terremotos de magnitud ≥ 8","_manaGroupId":1,"markerType":"emoji_collision","_manaMarkerType":"emoji_collision","_manaEmojiSize":54,"_manaLabelStyle":{"enabled":true,"field":"_manaName","fontFamily":"monospace","fontSize":10,"fontWeight":"600","color":"#0f172a","haloWidth":3,"haloColor":"#ffffff","opacity":0.9,"placement":"auto"},"Magnitud":9.1,"Profundidad (km)":29,"Año":2011,"Fecha":"2011-03-11","Lugar (USGS)":"2011 Great Tohoku Earthquake, Japan","Tsunami":"No","Código USGS":"official20110311054624120_30","Dato":"M 9,1 · 29 km · 2011","Description":"Terremoto de magnitud 9,1 con epicentro real cerca de 2011 Great Tohoku Earthquake, Japan. Profundidad focal: 29 km. Fecha: 11 de marzo de 2011. Tsunami: No. Provocó el accidente nuclear de Fukushima y un tsunami devastador en la costa japonesa."},"geometry":{"type":"Point","coordinates":[142.373,38.297]}},{"type":"Feature","properties":{"_manaName":"Terremoto de Cascadia de 1700","name":"Terremoto de Cascadia de 1700","_manaColor":"#7b0a0a","_manaFillOpacity":0.9,"_manaWeight":1.2,"_manaBorderColor":"#ffffff","_manaGeometryType":"point","_manaGroupName":"Terremotos de magnitud ≥ 8","_manaGroupId":1,"markerType":"emoji_collision","_manaMarkerType":"emoji_collision","_manaEmojiSize":51,"_manaLabelStyle":{"enabled":true,"field":"_manaName","fontFamily":"monospace","fontSize":10,"fontWeight":"600","color":"#0f172a","haloWidth":3,"haloColor":"#ffffff","opacity":0.9,"placement":"auto"},"Magnitud":9,"Profundidad (km)":null,"Año":1700,"Fecha":"1700-01-27","Lugar (USGS)":"The 1700 Cascadia Earthquake","Tsunami":"No","Código USGS":"official17000127050000000","Dato":"M 9 · desconocida · 1700","Description":"Terremoto de magnitud 9 con epicentro real cerca de The 1700 Cascadia Earthquake. Profundidad focal: desconocida. Fecha: 27 de enero de 1700. Tsunami: No. Sismo histórico de la zona de subducción de Cascadia; su tsunami llegó hasta Japón y quedó registrado en crónicas locales."},"geometry":{"type":"Point","coordinates":[-125,45]}},{"type":"Feature","properties":{"_manaName":"Terremoto de Kamchatka de 1952","name":"Terremoto de Kamchatka de 1952","_manaColor":"#7b0a0a","_manaFillOpacity":0.9,"_manaWeight":1.2,"_manaBorderColor":"#ffffff","_manaGeometryType":"point","_manaGroupName":"Terremotos de magnitud ≥ 8","_manaGroupId":1,"markerType":"emoji_collision","_manaMarkerType":"emoji_collision","_manaEmojiSize":51,"_manaLabelStyle":{"enabled":true,"field":"_manaName","fontFamily":"monospace","fontSize":10,"fontWeight":"600","color":"#0f172a","haloWidth":3,"haloColor":"#ffffff","opacity":0.9,"placement":"auto"},"Magnitud":9,"Profundidad (km)":21.6,"Año":1952,"Fecha":"1952-11-04","Lugar (USGS)":"89 km ESE of Petropavlovsk-Kamchatsky, Russia","Tsunami":"No","Código USGS":"official19521104165830_30","Dato":"M 9 · 21,6 km · 1952","Description":"Terremoto de magnitud 9 con epicentro real cerca de 89 km ESE of Petropavlovsk-Kamchatsky, Russia. Profundidad focal: 21,6 km. Fecha: 4 de noviembre de 1952. Tsunami: No. Generó un tsunami transpacífico que alcanzó Hawái y la costa oeste de Estados Unidos."},"geometry":{"type":"Point","coordinates":[159.779,52.623]}},{"type":"Feature","properties":{"_manaName":"Terremoto de Kamchatka de 2025","name":"Terremoto de Kamchatka de 2025","_manaColor":"#7b0a0a","_manaFillOpacity":0.9,"_manaWeight":1.2,"_manaBorderColor":"#ffffff","_manaGeometryType":"point","_manaGroupName":"Terremotos de magnitud ≥ 8","_manaGroupId":1,"markerType":"emoji_collision","_manaMarkerType":"emoji_collision","_manaEmojiSize":45,"_manaLabelStyle":{"enabled":true,"field":"_manaName","fontFamily":"monospace","fontSize":10,"fontWeight":"600","color":"#0f172a","haloWidth":3,"haloColor":"#ffffff","opacity":0.9,"placement":"auto"},"Magnitud":8.8,"Profundidad (km)":35,"Año":2025,"Fecha":"2025-07-29","Lugar (USGS)":"2025 Kamchatka Peninsula, Russia Earthquake","Tsunami":"Sí","Código USGS":"us6000qw60","Dato":"M 8,8 · 35 km · 2025","Description":"Terremoto de magnitud 8,8 con epicentro real cerca de 2025 Kamchatka Peninsula, Russia Earthquake. Profundidad focal: 35 km. Fecha: 29 de julio de 2025. Tsunami: Sí. Sismo de 2025 en la península de Kamchatka; generó avisos de tsunami en todo el Pacífico."},"geometry":{"type":"Point","coordinates":[160.2395,52.4948]}},{"type":"Feature","properties":{"_manaName":"Terremoto de Ecuador y Colombia de 1906","name":"Terremoto de Ecuador y Colombia de 1906","_manaColor":"#7b0a0a","_manaFillOpacity":0.9,"_manaWeight":1.2,"_manaBorderColor":"#ffffff","_manaGeometryType":"point","_manaGroupName":"Terremotos de magnitud ≥ 8","_manaGroupId":1,"markerType":"emoji_collision","_manaMarkerType":"emoji_collision","_manaEmojiSize":45,"_manaLabelStyle":{"enabled":true,"field":"_manaName","fontFamily":"monospace","fontSize":10,"fontWeight":"600","color":"#0f172a","haloWidth":3,"haloColor":"#ffffff","opacity":0.9,"placement":"auto"},"Magnitud":8.8,"Profundidad (km)":20,"Año":1906,"Fecha":"1906-01-31","Lugar (USGS)":"1906 Ecuador-Colombia Earthquake","Tsunami":"No","Código USGS":"official19060131153610_30","Dato":"M 8,8 · 20 km · 1906","Description":"Terremoto de magnitud 8,8 con epicentro real cerca de 1906 Ecuador-Colombia Earthquake. Profundidad focal: 20 km. Fecha: 31 de enero de 1906. Tsunami: No."},"geometry":{"type":"Point","coordinates":[-79.369,0.955]}},{"type":"Feature","properties":{"_manaName":"Terremoto del Maule de 2010 (Chile)","name":"Terremoto del Maule de 2010 (Chile)","_manaColor":"#7b0a0a","_manaFillOpacity":0.9,"_manaWeight":1.2,"_manaBorderColor":"#ffffff","_manaGeometryType":"point","_manaGroupName":"Terremotos de magnitud ≥ 8","_manaGroupId":1,"markerType":"emoji_collision","_manaMarkerType":"emoji_collision","_manaEmojiSize":45,"_manaLabelStyle":{"enabled":true,"field":"_manaName","fontFamily":"monospace","fontSize":10,"fontWeight":"600","color":"#0f172a","haloWidth":3,"haloColor":"#ffffff","opacity":0.9,"placement":"auto"},"Magnitud":8.8,"Profundidad (km)":22.9,"Año":2010,"Fecha":"2010-02-27","Lugar (USGS)":"2010 Maule, Chile Earthquake","Tsunami":"No","Código USGS":"official20100227063411530_30","Dato":"M 8,8 · 22,9 km · 2010","Description":"Terremoto de magnitud 8,8 con epicentro real cerca de 2010 Maule, Chile Earthquake. Profundidad focal: 22,9 km. Fecha: 27 de febrero de 2010. Tsunami: No. Uno de los terremotos más largos jamás registrados (más de 3 minutos); generó un tsunami en el Pacífico."},"geometry":{"type":"Point","coordinates":[-72.898,-36.122]}},{"type":"Feature","properties":{"_manaName":"Terremoto de Aleutianas de 1965","name":"Terremoto de Aleutianas de 1965","_manaColor":"#7b0a0a","_manaFillOpacity":0.9,"_manaWeight":1.2,"_manaBorderColor":"#ffffff","_manaGeometryType":"point","_manaGroupName":"Terremotos de magnitud ≥ 8","_manaGroupId":1,"markerType":"emoji_collision","_manaMarkerType":"emoji_collision","_manaEmojiSize":43,"_manaLabelStyle":{"enabled":true,"field":"_manaName","fontFamily":"monospace","fontSize":10,"fontWeight":"600","color":"#0f172a","haloWidth":3,"haloColor":"#ffffff","opacity":0.9,"placement":"auto"},"Magnitud":8.7,"Profundidad (km)":30.3,"Año":1965,"Fecha":"1965-02-04","Lugar (USGS)":"1965 Western Aleutian Islands (Hawadax/Rat Islands) Earthquake","Tsunami":"No","Código USGS":"official19650204050122_30","Dato":"M 8,7 · 30,3 km · 1965","Description":"Terremoto de magnitud 8,7 con epicentro real cerca de 1965 Western Aleutian Islands (Hawadax/Rat Islands) Earthquake. Profundidad focal: 30,3 km. Fecha: 4 de febrero de 1965. Tsunami: No. Epicentro en las Rat Islands (Aleutianas); generó un tsunami que se propagó por todo el Pacífico."},"geometry":{"type":"Point","coordinates":[178.715,51.251]}},{"type":"Feature","properties":{"_manaName":"Terremoto de Unimak de 1946 (Alaska)","name":"Terremoto de Unimak de 1946 (Alaska)","_manaColor":"#7b0a0a","_manaFillOpacity":0.9,"_manaWeight":1.2,"_manaBorderColor":"#ffffff","_manaGeometryType":"point","_manaGroupName":"Terremotos de magnitud ≥ 8","_manaGroupId":1,"markerType":"emoji_collision","_manaMarkerType":"emoji_collision","_manaEmojiSize":40,"_manaLabelStyle":{"enabled":true,"field":"_manaName","fontFamily":"monospace","fontSize":10,"fontWeight":"600","color":"#0f172a","haloWidth":3,"haloColor":"#ffffff","opacity":0.9,"placement":"auto"},"Magnitud":8.6,"Profundidad (km)":15,"Año":1946,"Fecha":"1946-04-01","Lugar (USGS)":"The 1946 Unimak Island, Alaska Earthquake","Tsunami":"No","Código USGS":"official19460401122901_30","Dato":"M 8,6 · 15 km · 1946","Description":"Terremoto de magnitud 8,6 con epicentro real cerca de The 1946 Unimak Island, Alaska Earthquake. Profundidad focal: 15 km. Fecha: 1 de abril de 1946. Tsunami: No."},"geometry":{"type":"Point","coordinates":[-162.832,53.492]}},{"type":"Feature","properties":{"_manaName":"Terremoto de Assam y Tíbet de 1950","name":"Terremoto de Assam y Tíbet de 1950","_manaColor":"#7b0a0a","_manaFillOpacity":0.9,"_manaWeight":1.2,"_manaBorderColor":"#ffffff","_manaGeometryType":"point","_manaGroupName":"Terremotos de magnitud ≥ 8","_manaGroupId":1,"markerType":"emoji_collision","_manaMarkerType":"emoji_collision","_manaEmojiSize":40,"_manaLabelStyle":{"enabled":true,"field":"_manaName","fontFamily":"monospace","fontSize":10,"fontWeight":"600","color":"#0f172a","haloWidth":3,"haloColor":"#ffffff","opacity":0.9,"placement":"auto"},"Magnitud":8.6,"Profundidad (km)":15,"Año":1950,"Fecha":"1950-08-15","Lugar (USGS)":"1950 Assam-Tibet Earthquake","Tsunami":"No","Código USGS":"official19500815140934_30","Dato":"M 8,6 · 15 km · 1950","Description":"Terremoto de magnitud 8,6 con epicentro real cerca de 1950 Assam-Tibet Earthquake. Profundidad focal: 15 km. Fecha: 15 de agosto de 1950. Tsunami: No. Uno de los terremotos continentales más potentes del siglo XX, en la zona tectónica entre Assam y el Tíbet."},"geometry":{"type":"Point","coordinates":[96.445,28.363]}},{"type":"Feature","properties":{"_manaName":"Terremoto de Wharton de 2012","name":"Terremoto de Wharton de 2012","_manaColor":"#7b0a0a","_manaFillOpacity":0.9,"_manaWeight":1.2,"_manaBorderColor":"#ffffff","_manaGeometryType":"point","_manaGroupName":"Terremotos de magnitud ≥ 8","_manaGroupId":1,"markerType":"emoji_collision","_manaMarkerType":"emoji_collision","_manaEmojiSize":40,"_manaLabelStyle":{"enabled":true,"field":"_manaName","fontFamily":"monospace","fontSize":10,"fontWeight":"600","color":"#0f172a","haloWidth":3,"haloColor":"#ffffff","opacity":0.9,"placement":"auto"},"Magnitud":8.6,"Profundidad (km)":20,"Año":2012,"Fecha":"2012-04-11","Lugar (USGS)":"2012 Wharton Basin Earthquake","Tsunami":"No","Código USGS":"official20120411083836720_20","Dato":"M 8,6 · 20 km · 2012","Description":"Terremoto de magnitud 8,6 con epicentro real cerca de 2012 Wharton Basin Earthquake. Profundidad focal: 20 km. Fecha: 11 de abril de 2012. Tsunami: No."},"geometry":{"type":"Point","coordinates":[93.063,2.327]}},{"type":"Feature","properties":{"_manaName":"Terremoto de Singkil de 2005 (Indonesia)","name":"Terremoto de Singkil de 2005 (Indonesia)","_manaColor":"#7b0a0a","_manaFillOpacity":0.9,"_manaWeight":1.2,"_manaBorderColor":"#ffffff","_manaGeometryType":"point","_manaGroupName":"Terremotos de magnitud ≥ 8","_manaGroupId":1,"markerType":"emoji_collision","_manaMarkerType":"emoji_collision","_manaEmojiSize":40,"_manaLabelStyle":{"enabled":true,"field":"_manaName","fontFamily":"monospace","fontSize":10,"fontWeight":"600","color":"#0f172a","haloWidth":3,"haloColor":"#ffffff","opacity":0.9,"placement":"auto"},"Magnitud":8.6,"Profundidad (km)":30,"Año":2005,"Fecha":"2005-03-28","Lugar (USGS)":"78 km WSW of Singkil, Indonesia","Tsunami":"No","Código USGS":"official20050328160936530_30","Dato":"M 8,6 · 30 km · 2005","Description":"Terremoto de magnitud 8,6 con epicentro real cerca de 78 km WSW of Singkil, Indonesia. Profundidad focal: 30 km. Fecha: 28 de marzo de 2005. Tsunami: No."},"geometry":{"type":"Point","coordinates":[97.108,2.085]}},{"type":"Feature","properties":{"_manaName":"Terremoto de Atka de 1957 (Alaska)","name":"Terremoto de Atka de 1957 (Alaska)","_manaColor":"#7b0a0a","_manaFillOpacity":0.9,"_manaWeight":1.2,"_manaBorderColor":"#ffffff","_manaGeometryType":"point","_manaGroupName":"Terremotos de magnitud ≥ 8","_manaGroupId":1,"markerType":"emoji_collision","_manaMarkerType":"emoji_collision","_manaEmojiSize":40,"_manaLabelStyle":{"enabled":true,"field":"_manaName","fontFamily":"monospace","fontSize":10,"fontWeight":"600","color":"#0f172a","haloWidth":3,"haloColor":"#ffffff","opacity":0.9,"placement":"auto"},"Magnitud":8.6,"Profundidad (km)":25,"Año":1957,"Fecha":"1957-03-09","Lugar (USGS)":"1957 Atka, Alaska Earthquake","Tsunami":"No","Código USGS":"official19570309142233_30","Dato":"M 8,6 · 25 km · 1957","Description":"Terremoto de magnitud 8,6 con epicentro real cerca de 1957 Atka, Alaska Earthquake. Profundidad focal: 25 km. Fecha: 9 de marzo de 1957. Tsunami: No."},"geometry":{"type":"Point","coordinates":[-175.626,51.499]}},{"type":"Feature","properties":{"_manaName":"Terremoto de Guadalupe de 1843","name":"Terremoto de Guadalupe de 1843","_manaColor":"#af1515","_manaFillOpacity":0.9,"_manaWeight":1.2,"_manaBorderColor":"#ffffff","_manaGeometryType":"point","_manaGroupName":"Terremotos de magnitud ≥ 8","_manaGroupId":1,"markerType":"emoji_collision","_manaMarkerType":"emoji_collision","_manaEmojiSize":37,"_manaLabelStyle":{"enabled":true,"field":"_manaName","fontFamily":"monospace","fontSize":10,"fontWeight":"600","color":"#0f172a","haloWidth":3,"haloColor":"#ffffff","opacity":0.9,"placement":"auto"},"Magnitud":8.5,"Profundidad (km)":40,"Año":1843,"Fecha":"1843-02-08","Lugar (USGS)":"1843 Grand-Terre, Guadeloupe Earthquake","Tsunami":"No","Código USGS":"official18430208145000000","Dato":"M 8,5 · 40 km · 1843","Description":"Terremoto de magnitud 8,5 con epicentro real cerca de 1843 Grand-Terre, Guadeloupe Earthquake. Profundidad focal: 40 km. Fecha: 8 de febrero de 1843. Tsunami: No."},"geometry":{"type":"Point","coordinates":[-61.17,16.73]}},{"type":"Feature","properties":{"_manaName":"Terremoto de Vallenar de 1922 (Chile)","name":"Terremoto de Vallenar de 1922 (Chile)","_manaColor":"#af1515","_manaFillOpacity":0.9,"_manaWeight":1.2,"_manaBorderColor":"#ffffff","_manaGeometryType":"point","_manaGroupName":"Terremotos de magnitud ≥ 8","_manaGroupId":1,"markerType":"emoji_collision","_manaMarkerType":"emoji_collision","_manaEmojiSize":37,"_manaLabelStyle":{"enabled":true,"field":"_manaName","fontFamily":"monospace","fontSize":10,"fontWeight":"600","color":"#0f172a","haloWidth":3,"haloColor":"#ffffff","opacity":0.9,"placement":"auto"},"Magnitud":8.5,"Profundidad (km)":70,"Año":1922,"Fecha":"1922-11-11","Lugar (USGS)":"94 km ENE of Vallenar, Chile","Tsunami":"No","Código USGS":"official19221111043251_30","Dato":"M 8,5 · 70 km · 1922","Description":"Terremoto de magnitud 8,5 con epicentro real cerca de 94 km ENE of Vallenar, Chile. Profundidad focal: 70 km. Fecha: 11 de noviembre de 1922. Tsunami: No."},"geometry":{"type":"Point","coordinates":[-69.852,-28.293]}},{"type":"Feature","properties":{"_manaName":"Terremoto de Banda de 1938","name":"Terremoto de Banda de 1938","_manaColor":"#af1515","_manaFillOpacity":0.9,"_manaWeight":1.2,"_manaBorderColor":"#ffffff","_manaGeometryType":"point","_manaGroupName":"Terremotos de magnitud ≥ 8","_manaGroupId":1,"markerType":"emoji_collision","_manaMarkerType":"emoji_collision","_manaEmojiSize":37,"_manaLabelStyle":{"enabled":true,"field":"_manaName","fontFamily":"monospace","fontSize":10,"fontWeight":"600","color":"#0f172a","haloWidth":3,"haloColor":"#ffffff","opacity":0.9,"placement":"auto"},"Magnitud":8.5,"Profundidad (km)":25,"Año":1938,"Fecha":"1938-02-01","Lugar (USGS)":"1938 Banda Sea Earthquake","Tsunami":"No","Código USGS":"official19380201190422_30","Dato":"M 8,5 · 25 km · 1938","Description":"Terremoto de magnitud 8,5 con epicentro real cerca de 1938 Banda Sea Earthquake. Profundidad focal: 25 km. Fecha: 1 de febrero de 1938. Tsunami: No."},"geometry":{"type":"Point","coordinates":[131.614,-5.045]}},{"type":"Feature","properties":{"_manaName":"Terremoto de Kuriles de 1963","name":"Terremoto de Kuriles de 1963","_manaColor":"#af1515","_manaFillOpacity":0.9,"_manaWeight":1.2,"_manaBorderColor":"#ffffff","_manaGeometryType":"point","_manaGroupName":"Terremotos de magnitud ≥ 8","_manaGroupId":1,"markerType":"emoji_collision","_manaMarkerType":"emoji_collision","_manaEmojiSize":37,"_manaLabelStyle":{"enabled":true,"field":"_manaName","fontFamily":"monospace","fontSize":10,"fontWeight":"600","color":"#0f172a","haloWidth":3,"haloColor":"#ffffff","opacity":0.9,"placement":"auto"},"Magnitud":8.5,"Profundidad (km)":35,"Año":1963,"Fecha":"1963-10-13","Lugar (USGS)":"1963 Kuril Islands Earthquake","Tsunami":"No","Código USGS":"official19631013051759_30","Dato":"M 8,5 · 35 km · 1963","Description":"Terremoto de magnitud 8,5 con epicentro real cerca de 1963 Kuril Islands Earthquake. Profundidad focal: 35 km. Fecha: 13 de octubre de 1963. Tsunami: No."},"geometry":{"type":"Point","coordinates":[149.483,44.872]}},{"type":"Feature","properties":{"_manaName":"Terremoto de Kamchatka de 1923","name":"Terremoto de Kamchatka de 1923","_manaColor":"#af1515","_manaFillOpacity":0.9,"_manaWeight":1.2,"_manaBorderColor":"#ffffff","_manaGeometryType":"point","_manaGroupName":"Terremotos de magnitud ≥ 8","_manaGroupId":1,"markerType":"emoji_collision","_manaMarkerType":"emoji_collision","_manaEmojiSize":34,"_manaLabelStyle":{"enabled":true,"field":"_manaName","fontFamily":"monospace","fontSize":10,"fontWeight":"600","color":"#0f172a","haloWidth":3,"haloColor":"#ffffff","opacity":0.9,"placement":"auto"},"Magnitud":8.4,"Profundidad (km)":15,"Año":1923,"Fecha":"1923-02-03","Lugar (USGS)":"1923 Kamchatka, Russia Earthquake","Tsunami":"No","Código USGS":"official19230203160150_30","Dato":"M 8,4 · 15 km · 1923","Description":"Terremoto de magnitud 8,4 con epicentro real cerca de 1923 Kamchatka, Russia Earthquake. Profundidad focal: 15 km. Fecha: 3 de febrero de 1923. Tsunami: No."},"geometry":{"type":"Point","coordinates":[160.472,54.486]}},{"type":"Feature","properties":{"_manaName":"Terremoto de Atico de 2001 (Perú)","name":"Terremoto de Atico de 2001 (Perú)","_manaColor":"#af1515","_manaFillOpacity":0.9,"_manaWeight":1.2,"_manaBorderColor":"#ffffff","_manaGeometryType":"point","_manaGroupName":"Terremotos de magnitud ≥ 8","_manaGroupId":1,"markerType":"emoji_collision","_manaMarkerType":"emoji_collision","_manaEmojiSize":34,"_manaLabelStyle":{"enabled":true,"field":"_manaName","fontFamily":"monospace","fontSize":10,"fontWeight":"600","color":"#0f172a","haloWidth":3,"haloColor":"#ffffff","opacity":0.9,"placement":"auto"},"Magnitud":8.4,"Profundidad (km)":33,"Año":2001,"Fecha":"2001-06-23","Lugar (USGS)":"6 km SSW of Atico, Peru","Tsunami":"No","Código USGS":"official20010623203314130_33","Dato":"M 8,4 · 33 km · 2001","Description":"Terremoto de magnitud 8,4 con epicentro real cerca de 6 km SSW of Atico, Peru. Profundidad focal: 33 km. Fecha: 23 de junio de 2001. Tsunami: No."},"geometry":{"type":"Point","coordinates":[-73.641,-16.265]}},{"type":"Feature","properties":{"_manaName":"Terremoto de Sanriku de 1933 (Japón)","name":"Terremoto de Sanriku de 1933 (Japón)","_manaColor":"#af1515","_manaFillOpacity":0.9,"_manaWeight":1.2,"_manaBorderColor":"#ffffff","_manaGeometryType":"point","_manaGroupName":"Terremotos de magnitud ≥ 8","_manaGroupId":1,"markerType":"emoji_collision","_manaMarkerType":"emoji_collision","_manaEmojiSize":34,"_manaLabelStyle":{"enabled":true,"field":"_manaName","fontFamily":"monospace","fontSize":10,"fontWeight":"600","color":"#0f172a","haloWidth":3,"haloColor":"#ffffff","opacity":0.9,"placement":"auto"},"Magnitud":8.4,"Profundidad (km)":15,"Año":1933,"Fecha":"1933-03-02","Lugar (USGS)":"1933 Sanriku (Sanriku-oki) Earthquake, Japan","Tsunami":"No","Código USGS":"official19330302173100_30","Dato":"M 8,4 · 15 km · 1933","Description":"Terremoto de magnitud 8,4 con epicentro real cerca de 1933 Sanriku (Sanriku-oki) Earthquake, Japan. Profundidad focal: 15 km. Fecha: 2 de marzo de 1933. Tsunami: No."},"geometry":{"type":"Point","coordinates":[144.59,39.209]}},{"type":"Feature","properties":{"_manaName":"Terremoto de Bengkulu de 2007 (Indonesia)","name":"Terremoto de Bengkulu de 2007 (Indonesia)","_manaColor":"#af1515","_manaFillOpacity":0.9,"_manaWeight":1.2,"_manaBorderColor":"#ffffff","_manaGeometryType":"point","_manaGroupName":"Terremotos de magnitud ≥ 8","_manaGroupId":1,"markerType":"emoji_collision","_manaMarkerType":"emoji_collision","_manaEmojiSize":34,"_manaLabelStyle":{"enabled":true,"field":"_manaName","fontFamily":"monospace","fontSize":10,"fontWeight":"600","color":"#0f172a","haloWidth":3,"haloColor":"#ffffff","opacity":0.9,"placement":"auto"},"Magnitud":8.4,"Profundidad (km)":34,"Año":2007,"Fecha":"2007-09-12","Lugar (USGS)":"122 km SW of Bengkulu, Indonesia","Tsunami":"No","Código USGS":"official20070912111026830_34","Dato":"M 8,4 · 34 km · 2007","Description":"Terremoto de magnitud 8,4 con epicentro real cerca de 122 km SW of Bengkulu, Indonesia. Profundidad focal: 34 km. Fecha: 12 de septiembre de 2007. Tsunami: No."},"geometry":{"type":"Point","coordinates":[101.367,-4.438]}},{"type":"Feature","properties":{"_manaName":"Terremoto de Bulnay de 1905 (Mongolia)","name":"Terremoto de Bulnay de 1905 (Mongolia)","_manaColor":"#af1515","_manaFillOpacity":0.9,"_manaWeight":1.2,"_manaBorderColor":"#ffffff","_manaGeometryType":"point","_manaGroupName":"Terremotos de magnitud ≥ 8","_manaGroupId":1,"markerType":"emoji_collision","_manaMarkerType":"emoji_collision","_manaEmojiSize":32,"_manaLabelStyle":{"enabled":true,"field":"_manaName","fontFamily":"monospace","fontSize":10,"fontWeight":"600","color":"#0f172a","haloWidth":3,"haloColor":"#ffffff","opacity":0.9,"placement":"auto"},"Magnitud":8.33,"Profundidad (km)":15,"Año":1905,"Fecha":"1905-07-23","Lugar (USGS)":"The 1905 Bulnay (Bolnai), Mongolia Earthquake","Tsunami":"No","Código USGS":"iscgem16957865","Dato":"M 8,3 · 15 km · 1905","Description":"Terremoto de magnitud 8,3 con epicentro real cerca de The 1905 Bulnay (Bolnai), Mongolia Earthquake. Profundidad focal: 15 km. Fecha: 23 de julio de 1905. Tsunami: No."},"geometry":{"type":"Point","coordinates":[96.843,49.292]}},{"type":"Feature","properties":{"_manaName":"Terremoto de Mindanao de 1918 (Filipinas)","name":"Terremoto de Mindanao de 1918 (Filipinas)","_manaColor":"#af1515","_manaFillOpacity":0.9,"_manaWeight":1.2,"_manaBorderColor":"#ffffff","_manaGeometryType":"point","_manaGroupName":"Terremotos de magnitud ≥ 8","_manaGroupId":1,"markerType":"emoji_collision","_manaMarkerType":"emoji_collision","_manaEmojiSize":31,"_manaLabelStyle":{"enabled":true,"field":"_manaName","fontFamily":"monospace","fontSize":10,"fontWeight":"600","color":"#0f172a","haloWidth":3,"haloColor":"#ffffff","opacity":0.9,"placement":"auto"},"Magnitud":8.3,"Profundidad (km)":20,"Año":1918,"Fecha":"1918-08-15","Lugar (USGS)":"1918 Mindanao, Philippines Earthquake","Tsunami":"No","Código USGS":"iscgem913230","Dato":"M 8,3 · 20 km · 1918","Description":"Terremoto de magnitud 8,3 con epicentro real cerca de 1918 Mindanao, Philippines Earthquake. Profundidad focal: 20 km. Fecha: 15 de agosto de 1918. Tsunami: No."},"geometry":{"type":"Point","coordinates":[123.994,5.538]}},{"type":"Feature","properties":{"_manaName":"Terremoto de Illapel de 2015 (Chile)","name":"Terremoto de Illapel de 2015 (Chile)","_manaColor":"#af1515","_manaFillOpacity":0.9,"_manaWeight":1.2,"_manaBorderColor":"#ffffff","_manaGeometryType":"point","_manaGroupName":"Terremotos de magnitud ≥ 8","_manaGroupId":1,"markerType":"emoji_collision","_manaMarkerType":"emoji_collision","_manaEmojiSize":31,"_manaLabelStyle":{"enabled":true,"field":"_manaName","fontFamily":"monospace","fontSize":10,"fontWeight":"600","color":"#0f172a","haloWidth":3,"haloColor":"#ffffff","opacity":0.9,"placement":"auto"},"Magnitud":8.3,"Profundidad (km)":22.44,"Año":2015,"Fecha":"2015-09-16","Lugar (USGS)":"48 km W of Illapel, Chile","Tsunami":"Sí","Código USGS":"us20003k7a","Dato":"M 8,3 · 22,4 km · 2015","Description":"Terremoto de magnitud 8,3 con epicentro real cerca de 48 km W of Illapel, Chile. Profundidad focal: 22,4 km. Fecha: 16 de septiembre de 2015. Tsunami: Sí."},"geometry":{"type":"Point","coordinates":[-71.6744,-31.5729]}},{"type":"Feature","properties":{"_manaName":"Terremoto de Kuriles de 2006","name":"Terremoto de Kuriles de 2006","_manaColor":"#af1515","_manaFillOpacity":0.9,"_manaWeight":1.2,"_manaBorderColor":"#ffffff","_manaGeometryType":"point","_manaGroupName":"Terremotos de magnitud ≥ 8","_manaGroupId":1,"markerType":"emoji_collision","_manaMarkerType":"emoji_collision","_manaEmojiSize":31,"_manaLabelStyle":{"enabled":true,"field":"_manaName","fontFamily":"monospace","fontSize":10,"fontWeight":"600","color":"#0f172a","haloWidth":3,"haloColor":"#ffffff","opacity":0.9,"placement":"auto"},"Magnitud":8.3,"Profundidad (km)":10,"Año":2006,"Fecha":"2006-11-15","Lugar (USGS)":"2006 Kuril Islands Earthquake","Tsunami":"No","Código USGS":"usp000exfn","Dato":"M 8,3 · 10 km · 2006","Description":"Terremoto de magnitud 8,3 con epicentro real cerca de 2006 Kuril Islands Earthquake. Profundidad focal: 10 km. Fecha: 15 de noviembre de 2006. Tsunami: No."},"geometry":{"type":"Point","coordinates":[153.266,46.592]}},{"type":"Feature","properties":{"_manaName":"Terremoto de Aleutianas de 1906","name":"Terremoto de Aleutianas de 1906","_manaColor":"#af1515","_manaFillOpacity":0.9,"_manaWeight":1.2,"_manaBorderColor":"#ffffff","_manaGeometryType":"point","_manaGroupName":"Terremotos de magnitud ≥ 8","_manaGroupId":1,"markerType":"emoji_collision","_manaMarkerType":"emoji_collision","_manaEmojiSize":31,"_manaLabelStyle":{"enabled":true,"field":"_manaName","fontFamily":"monospace","fontSize":10,"fontWeight":"600","color":"#0f172a","haloWidth":3,"haloColor":"#ffffff","opacity":0.9,"placement":"auto"},"Magnitud":8.3,"Profundidad (km)":110,"Año":1906,"Fecha":"1906-08-17","Lugar (USGS)":"1906 Western Aleutian Islands (Hawadax/Rat Islands) Earthquake","Tsunami":"No","Código USGS":"iscgem16957912","Dato":"M 8,3 · 110 km · 1906","Description":"Terremoto de magnitud 8,3 con epicentro real cerca de 1906 Western Aleutian Islands (Hawadax/Rat Islands) Earthquake. Profundidad focal: 110 km. Fecha: 17 de agosto de 1906. Tsunami: No."},"geometry":{"type":"Point","coordinates":[178.18,51.853]}},{"type":"Feature","properties":{"_manaName":"Terremoto de Kuriles de 1958","name":"Terremoto de Kuriles de 1958","_manaColor":"#af1515","_manaFillOpacity":0.9,"_manaWeight":1.2,"_manaBorderColor":"#ffffff","_manaGeometryType":"point","_manaGroupName":"Terremotos de magnitud ≥ 8","_manaGroupId":1,"markerType":"emoji_collision","_manaMarkerType":"emoji_collision","_manaEmojiSize":31,"_manaLabelStyle":{"enabled":true,"field":"_manaName","fontFamily":"monospace","fontSize":10,"fontWeight":"600","color":"#0f172a","haloWidth":3,"haloColor":"#ffffff","opacity":0.9,"placement":"auto"},"Magnitud":8.3,"Profundidad (km)":35,"Año":1958,"Fecha":"1958-11-06","Lugar (USGS)":"1958 Kuril Islands Earthquake","Tsunami":"No","Código USGS":"official19581106225809_30","Dato":"M 8,3 · 35 km · 1958","Description":"Terremoto de magnitud 8,3 con epicentro real cerca de 1958 Kuril Islands Earthquake. Profundidad focal: 35 km. Fecha: 6 de noviembre de 1958. Tsunami: No."},"geometry":{"type":"Point","coordinates":[148.485,44.479]}},{"type":"Feature","properties":{"_manaName":"Terremoto de Shikotan de 1946","name":"Terremoto de Shikotan de 1946","_manaColor":"#af1515","_manaFillOpacity":0.9,"_manaWeight":1.2,"_manaBorderColor":"#ffffff","_manaGeometryType":"point","_manaGroupName":"Terremotos de magnitud ≥ 8","_manaGroupId":1,"markerType":"emoji_collision","_manaMarkerType":"emoji_collision","_manaEmojiSize":31,"_manaLabelStyle":{"enabled":true,"field":"_manaName","fontFamily":"monospace","fontSize":10,"fontWeight":"600","color":"#0f172a","haloWidth":3,"haloColor":"#ffffff","opacity":0.9,"placement":"auto"},"Magnitud":8.3,"Profundidad (km)":15,"Año":1946,"Fecha":"1946-12-20","Lugar (USGS)":"68 km S of Shing?, Japan","Tsunami":"No","Código USGS":"iscgem898698","Dato":"M 8,3 · 15 km · 1946","Description":"Terremoto de magnitud 8,3 con epicentro real cerca de 68 km S of Shing?, Japan. Profundidad focal: 15 km. Fecha: 20 de diciembre de 1946. Tsunami: No."},"geometry":{"type":"Point","coordinates":[135.905,33.123]}},{"type":"Feature","properties":{"_manaName":"Terremoto de Sumba de 1977 (Indonesia)","name":"Terremoto de Sumba de 1977 (Indonesia)","_manaColor":"#af1515","_manaFillOpacity":0.9,"_manaWeight":1.2,"_manaBorderColor":"#ffffff","_manaGeometryType":"point","_manaGroupName":"Terremotos de magnitud ≥ 8","_manaGroupId":1,"markerType":"emoji_collision","_manaMarkerType":"emoji_collision","_manaEmojiSize":31,"_manaLabelStyle":{"enabled":true,"field":"_manaName","fontFamily":"monospace","fontSize":10,"fontWeight":"600","color":"#0f172a","haloWidth":3,"haloColor":"#ffffff","opacity":0.9,"placement":"auto"},"Magnitud":8.3,"Profundidad (km)":15.9,"Año":1977,"Fecha":"1977-08-19","Lugar (USGS)":"1977 Sumba, Indonesia Earthquake","Tsunami":"No","Código USGS":"iscgem694739","Dato":"M 8,3 · 15,9 km · 1977","Description":"Terremoto de magnitud 8,3 con epicentro real cerca de 1977 Sumba, Indonesia Earthquake. Profundidad focal: 15,9 km. Fecha: 19 de agosto de 1977. Tsunami: No."},"geometry":{"type":"Point","coordinates":[118.385,-11.154]}},{"type":"Feature","properties":{"_manaName":"Terremoto de Shikotan de 1994 (Rusia)","name":"Terremoto de Shikotan de 1994 (Rusia)","_manaColor":"#af1515","_manaFillOpacity":0.9,"_manaWeight":1.2,"_manaBorderColor":"#ffffff","_manaGeometryType":"point","_manaGroupName":"Terremotos de magnitud ≥ 8","_manaGroupId":1,"markerType":"emoji_collision","_manaMarkerType":"emoji_collision","_manaEmojiSize":31,"_manaLabelStyle":{"enabled":true,"field":"_manaName","fontFamily":"monospace","fontSize":10,"fontWeight":"600","color":"#0f172a","haloWidth":3,"haloColor":"#ffffff","opacity":0.9,"placement":"auto"},"Magnitud":8.3,"Profundidad (km)":14,"Año":1994,"Fecha":"1994-10-04","Lugar (USGS)":"48 km E of Shikotan, Russia","Tsunami":"No","Código USGS":"usp0006kdp","Dato":"M 8,3 · 14 km · 1994","Description":"Terremoto de magnitud 8,3 con epicentro real cerca de 48 km E of Shikotan, Russia. Profundidad focal: 14 km. Fecha: 4 de octubre de 1994. Tsunami: No."},"geometry":{"type":"Point","coordinates":[147.321,43.773]}},{"type":"Feature","properties":{"_manaName":"Terremoto de Ojotsk de 2013","name":"Terremoto de Ojotsk de 2013","_manaColor":"#af1515","_manaFillOpacity":0.9,"_manaWeight":1.2,"_manaBorderColor":"#ffffff","_manaGeometryType":"point","_manaGroupName":"Terremotos de magnitud ≥ 8","_manaGroupId":1,"markerType":"emoji_collision","_manaMarkerType":"emoji_collision","_manaEmojiSize":31,"_manaLabelStyle":{"enabled":true,"field":"_manaName","fontFamily":"monospace","fontSize":10,"fontWeight":"600","color":"#0f172a","haloWidth":3,"haloColor":"#ffffff","opacity":0.9,"placement":"auto"},"Magnitud":8.3,"Profundidad (km)":598.1,"Año":2013,"Fecha":"2013-05-24","Lugar (USGS)":"2013 Sea of Okhotsk Earthquake","Tsunami":"Sí","Código USGS":"usb000h4jh","Dato":"M 8,3 · 598,1 km · 2013","Description":"Terremoto de magnitud 8,3 con epicentro real cerca de 2013 Sea of Okhotsk Earthquake. Profundidad focal: 598,1 km. Fecha: 24 de mayo de 2013. Tsunami: Sí."},"geometry":{"type":"Point","coordinates":[153.221,54.892]}},{"type":"Feature","properties":{"_manaName":"Terremoto de Hualien de 1920 (Taiwán)","name":"Terremoto de Hualien de 1920 (Taiwán)","_manaColor":"#dd2626","_manaFillOpacity":0.9,"_manaWeight":1.2,"_manaBorderColor":"#ffffff","_manaGeometryType":"point","_manaGroupName":"Terremotos de magnitud ≥ 8","_manaGroupId":1,"markerType":"emoji_collision","_manaMarkerType":"emoji_collision","_manaEmojiSize":29,"_manaLabelStyle":{"enabled":true,"field":"_manaName","fontFamily":"monospace","fontSize":10,"fontWeight":"600","color":"#0f172a","haloWidth":3,"haloColor":"#ffffff","opacity":0.9,"placement":"auto"},"Magnitud":8.23,"Profundidad (km)":20,"Año":1920,"Fecha":"1920-06-05","Lugar (USGS)":"1920 Hualien, Taiwan Earthquake","Tsunami":"No","Código USGS":"iscgem912519","Dato":"M 8,2 · 20 km · 1920","Description":"Terremoto de magnitud 8,2 con epicentro real cerca de 1920 Hualien, Taiwan Earthquake. Profundidad focal: 20 km. Fecha: 5 de junio de 1920. Tsunami: No."},"geometry":{"type":"Point","coordinates":[121.954,23.688]}},{"type":"Feature","properties":{"_manaName":"Terremoto de Semidi de 1938 (Alaska)","name":"Terremoto de Semidi de 1938 (Alaska)","_manaColor":"#dd2626","_manaFillOpacity":0.9,"_manaWeight":1.2,"_manaBorderColor":"#ffffff","_manaGeometryType":"point","_manaGroupName":"Terremotos de magnitud ≥ 8","_manaGroupId":1,"markerType":"emoji_collision","_manaMarkerType":"emoji_collision","_manaEmojiSize":29,"_manaLabelStyle":{"enabled":true,"field":"_manaName","fontFamily":"monospace","fontSize":10,"fontWeight":"600","color":"#0f172a","haloWidth":3,"haloColor":"#ffffff","opacity":0.9,"placement":"auto"},"Magnitud":8.23,"Profundidad (km)":35,"Año":1938,"Fecha":"1938-11-10","Lugar (USGS)":"1938 Semidi Islands, Alaska Earthquake","Tsunami":"No","Código USGS":"official19381110201849000_35","Dato":"M 8,2 · 35 km · 1938","Description":"Terremoto de magnitud 8,2 con epicentro real cerca de 1938 Semidi Islands, Alaska Earthquake. Profundidad focal: 35 km. Fecha: 10 de noviembre de 1938. Tsunami: No."},"geometry":{"type":"Point","coordinates":[-158.181,55.178]}},{"type":"Feature","properties":{"_manaName":"Terremoto de Chignik de 2021 (Alaska)","name":"Terremoto de Chignik de 2021 (Alaska)","_manaColor":"#dd2626","_manaFillOpacity":0.9,"_manaWeight":1.2,"_manaBorderColor":"#ffffff","_manaGeometryType":"point","_manaGroupName":"Terremotos de magnitud ≥ 8","_manaGroupId":1,"markerType":"emoji_collision","_manaMarkerType":"emoji_collision","_manaEmojiSize":28,"_manaLabelStyle":{"enabled":true,"field":"_manaName","fontFamily":"monospace","fontSize":10,"fontWeight":"600","color":"#0f172a","haloWidth":3,"haloColor":"#ffffff","opacity":0.9,"placement":"auto"},"Magnitud":8.2,"Profundidad (km)":35,"Año":2021,"Fecha":"2021-07-29","Lugar (USGS)":"2021 Chignik, Alaska Earthquake","Tsunami":"Sí","Código USGS":"ak0219neiszm","Dato":"M 8,2 · 35 km · 2021","Description":"Terremoto de magnitud 8,2 con epicentro real cerca de 2021 Chignik, Alaska Earthquake. Profundidad focal: 35 km. Fecha: 29 de julio de 2021. Tsunami: Sí."},"geometry":{"type":"Point","coordinates":[-157.8876,55.3635]}},{"type":"Feature","properties":{"_manaName":"Terremoto al este de Hokkaido de 1969 (Japón)","name":"Terremoto al este de Hokkaido de 1969 (Japón)","_manaColor":"#dd2626","_manaFillOpacity":0.9,"_manaWeight":1.2,"_manaBorderColor":"#ffffff","_manaGeometryType":"point","_manaGroupName":"Terremotos de magnitud ≥ 8","_manaGroupId":1,"markerType":"emoji_collision","_manaMarkerType":"emoji_collision","_manaEmojiSize":28,"_manaLabelStyle":{"enabled":true,"field":"_manaName","fontFamily":"monospace","fontSize":10,"fontWeight":"600","color":"#0f172a","haloWidth":3,"haloColor":"#ffffff","opacity":0.9,"placement":"auto"},"Magnitud":8.2,"Profundidad (km)":28.6,"Año":1969,"Fecha":"1969-08-11","Lugar (USGS)":"1969 Hokkaido Toho-oki Earthquake","Tsunami":"No","Código USGS":"iscgem805430","Dato":"M 8,2 · 28,6 km · 1969","Description":"Terremoto de magnitud 8,2 con epicentro real cerca de 1969 Hokkaido Toho-oki Earthquake. Profundidad focal: 28,6 km. Fecha: 11 de agosto de 1969. Tsunami: No."},"geometry":{"type":"Point","coordinates":[147.787,43.465]}},{"type":"Feature","properties":{"_manaName":"Terremoto de Kermadec de 1917 (Nueva Zelanda)","name":"Terremoto de Kermadec de 1917 (Nueva Zelanda)","_manaColor":"#dd2626","_manaFillOpacity":0.9,"_manaWeight":1.2,"_manaBorderColor":"#ffffff","_manaGeometryType":"point","_manaGroupName":"Terremotos de magnitud ≥ 8","_manaGroupId":1,"markerType":"emoji_collision","_manaMarkerType":"emoji_collision","_manaEmojiSize":28,"_manaLabelStyle":{"enabled":true,"field":"_manaName","fontFamily":"monospace","fontSize":10,"fontWeight":"600","color":"#0f172a","haloWidth":3,"haloColor":"#ffffff","opacity":0.9,"placement":"auto"},"Magnitud":8.2,"Profundidad (km)":15,"Año":1917,"Fecha":"1917-05-01","Lugar (USGS)":"1917 Kermadec Islands, New Zealand Earthquake","Tsunami":"No","Código USGS":"iscgem913483","Dato":"M 8,2 · 15 km · 1917","Description":"Terremoto de magnitud 8,2 con epicentro real cerca de 1917 Kermadec Islands, New Zealand Earthquake. Profundidad focal: 15 km. Fecha: 1 de mayo de 1917. Tsunami: No."},"geometry":{"type":"Point","coordinates":[-176.653,-31.195]}},{"type":"Feature","properties":{"_manaName":"Terremoto de Huacho de 1940 (Perú)","name":"Terremoto de Huacho de 1940 (Perú)","_manaColor":"#dd2626","_manaFillOpacity":0.9,"_manaWeight":1.2,"_manaBorderColor":"#ffffff","_manaGeometryType":"point","_manaGroupName":"Terremotos de magnitud ≥ 8","_manaGroupId":1,"markerType":"emoji_collision","_manaMarkerType":"emoji_collision","_manaEmojiSize":28,"_manaLabelStyle":{"enabled":true,"field":"_manaName","fontFamily":"monospace","fontSize":10,"fontWeight":"600","color":"#0f172a","haloWidth":3,"haloColor":"#ffffff","opacity":0.9,"placement":"auto"},"Magnitud":8.2,"Profundidad (km)":45,"Año":1940,"Fecha":"1940-05-24","Lugar (USGS)":"21 km SE of Huacho, Peru","Tsunami":"No","Código USGS":"iscgem901374","Dato":"M 8,2 · 45 km · 1940","Description":"Terremoto de magnitud 8,2 con epicentro real cerca de 21 km SE of Huacho, Peru. Profundidad focal: 45 km. Fecha: 24 de mayo de 1940. Tsunami: No."},"geometry":{"type":"Point","coordinates":[-77.438,-11.217]}},{"type":"Feature","properties":{"_manaName":"Terremoto de Valparaíso de 1906 (Chile)","name":"Terremoto de Valparaíso de 1906 (Chile)","_manaColor":"#dd2626","_manaFillOpacity":0.9,"_manaWeight":1.2,"_manaBorderColor":"#ffffff","_manaGeometryType":"point","_manaGroupName":"Terremotos de magnitud ≥ 8","_manaGroupId":1,"markerType":"emoji_collision","_manaMarkerType":"emoji_collision","_manaEmojiSize":28,"_manaLabelStyle":{"enabled":true,"field":"_manaName","fontFamily":"monospace","fontSize":10,"fontWeight":"600","color":"#0f172a","haloWidth":3,"haloColor":"#ffffff","opacity":0.9,"placement":"auto"},"Magnitud":8.2,"Profundidad (km)":35,"Año":1906,"Fecha":"1906-08-17","Lugar (USGS)":"The 1906 Valparaiso, Chile Earthquake","Tsunami":"No","Código USGS":"iscgemsup16957911","Dato":"M 8,2 · 35 km · 1906","Description":"Terremoto de magnitud 8,2 con epicentro real cerca de The 1906 Valparaiso, Chile Earthquake. Profundidad focal: 35 km. Fecha: 17 de agosto de 1906. Tsunami: No."},"geometry":{"type":"Point","coordinates":[-71.4,-32.4]}},{"type":"Feature","properties":{"_manaName":"Terremoto de Tokachi de 1968 (Japón)","name":"Terremoto de Tokachi de 1968 (Japón)","_manaColor":"#dd2626","_manaFillOpacity":0.9,"_manaWeight":1.2,"_manaBorderColor":"#ffffff","_manaGeometryType":"point","_manaGroupName":"Terremotos de magnitud ≥ 8","_manaGroupId":1,"markerType":"emoji_collision","_manaMarkerType":"emoji_collision","_manaEmojiSize":28,"_manaLabelStyle":{"enabled":true,"field":"_manaName","fontFamily":"monospace","fontSize":10,"fontWeight":"600","color":"#0f172a","haloWidth":3,"haloColor":"#ffffff","opacity":0.9,"placement":"auto"},"Magnitud":8.2,"Profundidad (km)":26.9,"Año":1968,"Fecha":"1968-05-16","Lugar (USGS)":"1968 Tokachi-Oki Earthquake","Tsunami":"No","Código USGS":"iscgem821946","Dato":"M 8,2 · 26,9 km · 1968","Description":"Terremoto de magnitud 8,2 con epicentro real cerca de 1968 Tokachi-Oki Earthquake. Profundidad focal: 26,9 km. Fecha: 16 de mayo de 1968. Tsunami: No."},"geometry":{"type":"Point","coordinates":[143.362,40.89]}},{"type":"Feature","properties":{"_manaName":"Terremoto de Antofagasta de 1950 (Chile)","name":"Terremoto de Antofagasta de 1950 (Chile)","_manaColor":"#dd2626","_manaFillOpacity":0.9,"_manaWeight":1.2,"_manaBorderColor":"#ffffff","_manaGeometryType":"point","_manaGroupName":"Terremotos de magnitud ≥ 8","_manaGroupId":1,"markerType":"emoji_collision","_manaMarkerType":"emoji_collision","_manaEmojiSize":28,"_manaLabelStyle":{"enabled":true,"field":"_manaName","fontFamily":"monospace","fontSize":10,"fontWeight":"600","color":"#0f172a","haloWidth":3,"haloColor":"#ffffff","opacity":0.9,"placement":"auto"},"Magnitud":8.2,"Profundidad (km)":113.9,"Año":1950,"Fecha":"1950-12-09","Lugar (USGS)":"121 km SSE of San Pedro de Atacama, Chile","Tsunami":"No","Código USGS":"iscgem896170","Dato":"M 8,2 · 113,9 km · 1950","Description":"Terremoto de magnitud 8,2 con epicentro real cerca de 121 km SSE of San Pedro de Atacama, Chile. Profundidad focal: 113,9 km. Fecha: 9 de diciembre de 1950. Tsunami: No."},"geometry":{"type":"Point","coordinates":[-67.912,-23.977]}},{"type":"Feature","properties":{"_manaName":"Terremoto de Ceram de 1965","name":"Terremoto de Ceram de 1965","_manaColor":"#dd2626","_manaFillOpacity":0.9,"_manaWeight":1.2,"_manaBorderColor":"#ffffff","_manaGeometryType":"point","_manaGroupName":"Terremotos de magnitud ≥ 8","_manaGroupId":1,"markerType":"emoji_collision","_manaMarkerType":"emoji_collision","_manaEmojiSize":28,"_manaLabelStyle":{"enabled":true,"field":"_manaName","fontFamily":"monospace","fontSize":10,"fontWeight":"600","color":"#0f172a","haloWidth":3,"haloColor":"#ffffff","opacity":0.9,"placement":"auto"},"Magnitud":8.2,"Profundidad (km)":28.3,"Año":1965,"Fecha":"1965-01-24","Lugar (USGS)":"1965 Ceram Sea Earthquake","Tsunami":"No","Código USGS":"iscgem861299","Dato":"M 8,2 · 28,3 km · 1965","Description":"Terremoto de magnitud 8,2 con epicentro real cerca de 1965 Ceram Sea Earthquake. Profundidad focal: 28,3 km. Fecha: 24 de enero de 1965. Tsunami: No."},"geometry":{"type":"Point","coordinates":[125.961,-2.633]}},{"type":"Feature","properties":{"_manaName":"Terremoto de Sumatra de 1907","name":"Terremoto de Sumatra de 1907","_manaColor":"#dd2626","_manaFillOpacity":0.9,"_manaWeight":1.2,"_manaBorderColor":"#ffffff","_manaGeometryType":"point","_manaGroupName":"Terremotos de magnitud ≥ 8","_manaGroupId":1,"markerType":"emoji_collision","_manaMarkerType":"emoji_collision","_manaEmojiSize":28,"_manaLabelStyle":{"enabled":true,"field":"_manaName","fontFamily":"monospace","fontSize":10,"fontWeight":"600","color":"#0f172a","haloWidth":3,"haloColor":"#ffffff","opacity":0.9,"placement":"auto"},"Magnitud":8.2,"Profundidad (km)":25,"Año":1907,"Fecha":"1907-01-04","Lugar (USGS)":"The 1907 Sumatra Earthquake and Tsunami","Tsunami":"No","Código USGS":"iscgem16957943","Dato":"M 8,2 · 25 km · 1907","Description":"Terremoto de magnitud 8,2 con epicentro real cerca de The 1907 Sumatra Earthquake and Tsunami. Profundidad focal: 25 km. Fecha: 4 de enero de 1907. Tsunami: No."},"geometry":{"type":"Point","coordinates":[95.53,2.681]}},{"type":"Feature","properties":{"_manaName":"Terremoto de Reyes de 1994 (Bolivia)","name":"Terremoto de Reyes de 1994 (Bolivia)","_manaColor":"#dd2626","_manaFillOpacity":0.9,"_manaWeight":1.2,"_manaBorderColor":"#ffffff","_manaGeometryType":"point","_manaGroupName":"Terremotos de magnitud ≥ 8","_manaGroupId":1,"markerType":"emoji_collision","_manaMarkerType":"emoji_collision","_manaEmojiSize":28,"_manaLabelStyle":{"enabled":true,"field":"_manaName","fontFamily":"monospace","fontSize":10,"fontWeight":"600","color":"#0f172a","haloWidth":3,"haloColor":"#ffffff","opacity":0.9,"placement":"auto"},"Magnitud":8.2,"Profundidad (km)":631.3,"Año":1994,"Fecha":"1994-06-09","Lugar (USGS)":"55 km NNW of Reyes, Bolivia","Tsunami":"No","Código USGS":"usp0006dzc","Dato":"M 8,2 · 631,3 km · 1994","Description":"Terremoto de magnitud 8,2 con epicentro real cerca de 55 km NNW of Reyes, Bolivia. Profundidad focal: 631,3 km. Fecha: 9 de junio de 1994. Tsunami: No."},"geometry":{"type":"Point","coordinates":[-67.553,-13.841]}},{"type":"Feature","properties":{"_manaName":"Terremoto de Fiyi de 2018","name":"Terremoto de Fiyi de 2018","_manaColor":"#dd2626","_manaFillOpacity":0.9,"_manaWeight":1.2,"_manaBorderColor":"#ffffff","_manaGeometryType":"point","_manaGroupName":"Terremotos de magnitud ≥ 8","_manaGroupId":1,"markerType":"emoji_collision","_manaMarkerType":"emoji_collision","_manaEmojiSize":28,"_manaLabelStyle":{"enabled":true,"field":"_manaName","fontFamily":"monospace","fontSize":10,"fontWeight":"600","color":"#0f172a","haloWidth":3,"haloColor":"#ffffff","opacity":0.9,"placement":"auto"},"Magnitud":8.2,"Profundidad (km)":600,"Año":2018,"Fecha":"2018-08-19","Lugar (USGS)":"2018 Fiji Earthquake","Tsunami":"Sí","Código USGS":"us1000gcii","Dato":"M 8,2 · 600 km · 2018","Description":"Terremoto de magnitud 8,2 con epicentro real cerca de 2018 Fiji Earthquake. Profundidad focal: 600 km. Fecha: 19 de agosto de 2018. Tsunami: Sí."},"geometry":{"type":"Point","coordinates":[-178.153,-18.1125]}},{"type":"Feature","properties":{"_manaName":"Terremoto de Tehuantepec de 2017 (México)","name":"Terremoto de Tehuantepec de 2017 (México)","_manaColor":"#dd2626","_manaFillOpacity":0.9,"_manaWeight":1.2,"_manaBorderColor":"#ffffff","_manaGeometryType":"point","_manaGroupName":"Terremotos de magnitud ≥ 8","_manaGroupId":1,"markerType":"emoji_collision","_manaMarkerType":"emoji_collision","_manaEmojiSize":28,"_manaLabelStyle":{"enabled":true,"field":"_manaName","fontFamily":"monospace","fontSize":10,"fontWeight":"600","color":"#0f172a","haloWidth":3,"haloColor":"#ffffff","opacity":0.9,"placement":"auto"},"Magnitud":8.2,"Profundidad (km)":47.39,"Año":2017,"Fecha":"2017-09-08","Lugar (USGS)":"2017 Tehuantepec, Mexico Earthquake","Tsunami":"Sí","Código USGS":"us2000ahv0","Dato":"M 8,2 · 47,4 km · 2017","Description":"Terremoto de magnitud 8,2 con epicentro real cerca de 2017 Tehuantepec, Mexico Earthquake. Profundidad focal: 47,4 km. Fecha: 8 de septiembre de 2017. Tsunami: Sí."},"geometry":{"type":"Point","coordinates":[-93.8993,15.0222]}},{"type":"Feature","properties":{"_manaName":"Réplica de Wharton de 2012","name":"Réplica de Wharton de 2012","_manaColor":"#dd2626","_manaFillOpacity":0.9,"_manaWeight":1.2,"_manaBorderColor":"#ffffff","_manaGeometryType":"point","_manaGroupName":"Terremotos de magnitud ≥ 8","_manaGroupId":1,"markerType":"emoji_collision","_manaMarkerType":"emoji_collision","_manaEmojiSize":28,"_manaLabelStyle":{"enabled":true,"field":"_manaName","fontFamily":"monospace","fontSize":10,"fontWeight":"600","color":"#0f172a","haloWidth":3,"haloColor":"#ffffff","opacity":0.9,"placement":"auto"},"Magnitud":8.2,"Profundidad (km)":25.1,"Año":2012,"Fecha":"2012-04-11","Lugar (USGS)":"2012 Wharton Basin Aftershock","Tsunami":"No","Código USGS":"usp000jhjb","Dato":"M 8,2 · 25,1 km · 2012","Description":"Terremoto de magnitud 8,2 con epicentro real cerca de 2012 Wharton Basin Aftershock. Profundidad focal: 25,1 km. Fecha: 11 de abril de 2012. Tsunami: No. Réplica gigante de la secuencia de Wharton de 2012, con mecanismo de falla inversa en la corteza oceánica."},"geometry":{"type":"Point","coordinates":[92.463,0.802]}},{"type":"Feature","properties":{"_manaName":"Terremoto de Iquique de 2014 (Chile)","name":"Terremoto de Iquique de 2014 (Chile)","_manaColor":"#dd2626","_manaFillOpacity":0.9,"_manaWeight":1.2,"_manaBorderColor":"#ffffff","_manaGeometryType":"point","_manaGroupName":"Terremotos de magnitud ≥ 8","_manaGroupId":1,"markerType":"emoji_collision","_manaMarkerType":"emoji_collision","_manaEmojiSize":28,"_manaLabelStyle":{"enabled":true,"field":"_manaName","fontFamily":"monospace","fontSize":10,"fontWeight":"600","color":"#0f172a","haloWidth":3,"haloColor":"#ffffff","opacity":0.9,"placement":"auto"},"Magnitud":8.2,"Profundidad (km)":25,"Año":2014,"Fecha":"2014-04-01","Lugar (USGS)":"93 km NW of Iquique, Chile","Tsunami":"Sí","Código USGS":"usc000nzvd","Dato":"M 8,2 · 25 km · 2014","Description":"Terremoto de magnitud 8,2 con epicentro real cerca de 93 km NW of Iquique, Chile. Profundidad focal: 25 km. Fecha: 1 de abril de 2014. Tsunami: Sí."},"geometry":{"type":"Point","coordinates":[-70.7691,-19.6097]}},{"type":"Feature","properties":{"_manaName":"Terremoto de Yakutat de 1899 (Alaska, primer gran sismo)","name":"Terremoto de Yakutat de 1899 (Alaska, primer gran sismo)","_manaColor":"#dd2626","_manaFillOpacity":0.9,"_manaWeight":1.2,"_manaBorderColor":"#ffffff","_manaGeometryType":"point","_manaGroupName":"Terremotos de magnitud ≥ 8","_manaGroupId":1,"markerType":"emoji_collision","_manaMarkerType":"emoji_collision","_manaEmojiSize":27,"_manaLabelStyle":{"enabled":true,"field":"_manaName","fontFamily":"monospace","fontSize":10,"fontWeight":"600","color":"#0f172a","haloWidth":3,"haloColor":"#ffffff","opacity":0.9,"placement":"auto"},"Magnitud":8.16,"Profundidad (km)":null,"Año":1899,"Fecha":"1899-09-04","Lugar (USGS)":"The 1899 Yakutat Bay, Alaska Earthquakes (First Major Event)","Tsunami":"No","Código USGS":"official18990904002200000","Dato":"M 8,2 · desconocida · 1899","Description":"Terremoto de magnitud 8,2 con epicentro real cerca de The 1899 Yakutat Bay, Alaska Earthquakes (First Major Event). Profundidad focal: desconocida. Fecha: 4 de septiembre de 1899. Tsunami: No. Primer gran sismo de la secuencia de Yakutat Bay de 1899 (Alaska), registrada por mareógrafos y observadores de la época."},"geometry":{"type":"Point","coordinates":[-143.05,59.43]}},{"type":"Feature","properties":{"_manaName":"Terremoto de Yakutat de 1899 (Alaska, sismo principal)","name":"Terremoto de Yakutat de 1899 (Alaska, sismo principal)","_manaColor":"#dd2626","_manaFillOpacity":0.9,"_manaWeight":1.2,"_manaBorderColor":"#ffffff","_manaGeometryType":"point","_manaGroupName":"Terremotos de magnitud ≥ 8","_manaGroupId":1,"markerType":"emoji_collision","_manaMarkerType":"emoji_collision","_manaEmojiSize":27,"_manaLabelStyle":{"enabled":true,"field":"_manaName","fontFamily":"monospace","fontSize":10,"fontWeight":"600","color":"#0f172a","haloWidth":3,"haloColor":"#ffffff","opacity":0.9,"placement":"auto"},"Magnitud":8.16,"Profundidad (km)":null,"Año":1899,"Fecha":"1899-09-10","Lugar (USGS)":"The 1899 Yakutat Bay, Alaska Earthquakes (Largest Major Event)","Tsunami":"No","Código USGS":"official18990910214100000","Dato":"M 8,2 · desconocida · 1899","Description":"Terremoto de magnitud 8,2 con epicentro real cerca de The 1899 Yakutat Bay, Alaska Earthquakes (Largest Major Event). Profundidad focal: desconocida. Fecha: 10 de septiembre de 1899. Tsunami: No. Sismo principal de la secuencia de Yakutat Bay de 1899 (Alaska): levantó y hundió tierras costeras de forma medible."},"geometry":{"type":"Point","coordinates":[-139.5,59.39]}},{"type":"Feature","properties":{"_manaName":"Terremoto de Tokachi de 2003 (Japón)","name":"Terremoto de Tokachi de 2003 (Japón)","_manaColor":"#dd2626","_manaFillOpacity":0.9,"_manaWeight":1.2,"_manaBorderColor":"#ffffff","_manaGeometryType":"point","_manaGroupName":"Terremotos de magnitud ≥ 8","_manaGroupId":1,"markerType":"emoji_collision","_manaMarkerType":"emoji_collision","_manaEmojiSize":27,"_manaLabelStyle":{"enabled":true,"field":"_manaName","fontFamily":"monospace","fontSize":10,"fontWeight":"600","color":"#0f172a","haloWidth":3,"haloColor":"#ffffff","opacity":0.9,"placement":"auto"},"Magnitud":8.16,"Profundidad (km)":27,"Año":2003,"Fecha":"2003-09-25","Lugar (USGS)":"2003 Tokachi-Oki Earthquake","Tsunami":"No","Código USGS":"official20030925195006360_27","Dato":"M 8,2 · 27 km · 2003","Description":"Terremoto de magnitud 8,2 con epicentro real cerca de 2003 Tokachi-Oki Earthquake. Profundidad focal: 27 km. Fecha: 25 de septiembre de 2003. Tsunami: No."},"geometry":{"type":"Point","coordinates":[143.91,41.815]}},{"type":"Feature","properties":{"_manaName":"Terremoto de Biak de 1914 (Indonesia)","name":"Terremoto de Biak de 1914 (Indonesia)","_manaColor":"#e06262","_manaFillOpacity":0.9,"_manaWeight":1.2,"_manaBorderColor":"#ffffff","_manaGeometryType":"point","_manaGroupName":"Terremotos de magnitud ≥ 8","_manaGroupId":1,"markerType":"emoji_collision","_manaMarkerType":"emoji_collision","_manaEmojiSize":26,"_manaLabelStyle":{"enabled":true,"field":"_manaName","fontFamily":"monospace","fontSize":10,"fontWeight":"600","color":"#0f172a","haloWidth":3,"haloColor":"#ffffff","opacity":0.9,"placement":"auto"},"Magnitud":8.15,"Profundidad (km)":15,"Año":1914,"Fecha":"1914-05-26","Lugar (USGS)":"1914 Biak Earthquake","Tsunami":"No","Código USGS":"iscgem913984","Dato":"M 8,2 · 15 km · 1914","Description":"Terremoto de magnitud 8,2 con epicentro real cerca de 1914 Biak Earthquake. Profundidad focal: 15 km. Fecha: 26 de mayo de 1914. Tsunami: No."},"geometry":{"type":"Point","coordinates":[136.944,-1.98]}},{"type":"Feature","properties":{"_manaName":"Terremoto de Papúa Nueva Guinea de 1919","name":"Terremoto de Papúa Nueva Guinea de 1919","_manaColor":"#e06262","_manaFillOpacity":0.9,"_manaWeight":1.2,"_manaBorderColor":"#ffffff","_manaGeometryType":"point","_manaGroupName":"Terremotos de magnitud ≥ 8","_manaGroupId":1,"markerType":"emoji_collision","_manaMarkerType":"emoji_collision","_manaEmojiSize":26,"_manaLabelStyle":{"enabled":true,"field":"_manaName","fontFamily":"monospace","fontSize":10,"fontWeight":"600","color":"#0f172a","haloWidth":3,"haloColor":"#ffffff","opacity":0.9,"placement":"auto"},"Magnitud":8.15,"Profundidad (km)":35,"Año":1919,"Fecha":"1919-05-06","Lugar (USGS)":"1919 Papua New Guinea Earthquake","Tsunami":"No","Código USGS":"iscgem912783","Dato":"M 8,2 · 35 km · 1919","Description":"Terremoto de magnitud 8,2 con epicentro real cerca de 1919 Papua New Guinea Earthquake. Profundidad focal: 35 km. Fecha: 6 de mayo de 1919. Tsunami: No."},"geometry":{"type":"Point","coordinates":[153.859,-4.806]}},{"type":"Feature","properties":{"_manaName":"Terremoto de Mindanao de 1924 (Filipinas)","name":"Terremoto de Mindanao de 1924 (Filipinas)","_manaColor":"#e06262","_manaFillOpacity":0.9,"_manaWeight":1.2,"_manaBorderColor":"#ffffff","_manaGeometryType":"point","_manaGroupName":"Terremotos de magnitud ≥ 8","_manaGroupId":1,"markerType":"emoji_collision","_manaMarkerType":"emoji_collision","_manaEmojiSize":26,"_manaLabelStyle":{"enabled":true,"field":"_manaName","fontFamily":"monospace","fontSize":10,"fontWeight":"600","color":"#0f172a","haloWidth":3,"haloColor":"#ffffff","opacity":0.9,"placement":"auto"},"Magnitud":8.12,"Profundidad (km)":15,"Año":1924,"Fecha":"1924-04-14","Lugar (USGS)":"1924 Mindanao, Philippines Earthquake","Tsunami":"No","Código USGS":"iscgem910911","Dato":"M 8,1 · 15 km · 1924","Description":"Terremoto de magnitud 8,1 con epicentro real cerca de 1924 Mindanao, Philippines Earthquake. Profundidad focal: 15 km. Fecha: 14 de abril de 1924. Tsunami: No."},"geometry":{"type":"Point","coordinates":[126.167,6.625]}},{"type":"Feature","properties":{"_manaName":"Terremoto de Sandwich del Sur de 2021","name":"Terremoto de Sandwich del Sur de 2021","_manaColor":"#e06262","_manaFillOpacity":0.9,"_manaWeight":1.2,"_manaBorderColor":"#ffffff","_manaGeometryType":"point","_manaGroupName":"Terremotos de magnitud ≥ 8","_manaGroupId":1,"markerType":"emoji_collision","_manaMarkerType":"emoji_collision","_manaEmojiSize":25,"_manaLabelStyle":{"enabled":true,"field":"_manaName","fontFamily":"monospace","fontSize":10,"fontWeight":"600","color":"#0f172a","haloWidth":3,"haloColor":"#ffffff","opacity":0.9,"placement":"auto"},"Magnitud":8.1,"Profundidad (km)":22.79,"Año":2021,"Fecha":"2021-08-12","Lugar (USGS)":"2021 South Sandwich Islands Earthquake","Tsunami":"No","Código USGS":"us6000f53e","Dato":"M 8,1 · 22,8 km · 2021","Description":"Terremoto de magnitud 8,1 con epicentro real cerca de 2021 South Sandwich Islands Earthquake. Profundidad focal: 22,8 km. Fecha: 12 de agosto de 2021. Tsunami: No."},"geometry":{"type":"Point","coordinates":[-25.2637,-58.3753]}},{"type":"Feature","properties":{"_manaName":"Terremoto de Kermadec de 2021 (Nueva Zelanda)","name":"Terremoto de Kermadec de 2021 (Nueva Zelanda)","_manaColor":"#e06262","_manaFillOpacity":0.9,"_manaWeight":1.2,"_manaBorderColor":"#ffffff","_manaGeometryType":"point","_manaGroupName":"Terremotos de magnitud ≥ 8","_manaGroupId":1,"markerType":"emoji_collision","_manaMarkerType":"emoji_collision","_manaEmojiSize":25,"_manaLabelStyle":{"enabled":true,"field":"_manaName","fontFamily":"monospace","fontSize":10,"fontWeight":"600","color":"#0f172a","haloWidth":3,"haloColor":"#ffffff","opacity":0.9,"placement":"auto"},"Magnitud":8.1,"Profundidad (km)":28.93,"Año":2021,"Fecha":"2021-03-04","Lugar (USGS)":"2021 Kermadec Islands, New Zealand Earthquake","Tsunami":"Sí","Código USGS":"us7000dflf","Dato":"M 8,1 · 28,9 km · 2021","Description":"Terremoto de magnitud 8,1 con epicentro real cerca de 2021 Kermadec Islands, New Zealand Earthquake. Profundidad focal: 28,9 km. Fecha: 4 de marzo de 2021. Tsunami: Sí."},"geometry":{"type":"Point","coordinates":[-177.2794,-29.7228]}},{"type":"Feature","properties":{"_manaName":"Terremoto de Tonga de 1919","name":"Terremoto de Tonga de 1919","_manaColor":"#e06262","_manaFillOpacity":0.9,"_manaWeight":1.2,"_manaBorderColor":"#ffffff","_manaGeometryType":"point","_manaGroupName":"Terremotos de magnitud ≥ 8","_manaGroupId":1,"markerType":"emoji_collision","_manaMarkerType":"emoji_collision","_manaEmojiSize":25,"_manaLabelStyle":{"enabled":true,"field":"_manaName","fontFamily":"monospace","fontSize":10,"fontWeight":"600","color":"#0f172a","haloWidth":3,"haloColor":"#ffffff","opacity":0.9,"placement":"auto"},"Magnitud":8.1,"Profundidad (km)":25,"Año":1919,"Fecha":"1919-04-30","Lugar (USGS)":"1919 Tonga Earthquake","Tsunami":"No","Código USGS":"iscgem912773","Dato":"M 8,1 · 25 km · 1919","Description":"Terremoto de magnitud 8,1 con epicentro real cerca de 1919 Tonga Earthquake. Profundidad focal: 25 km. Fecha: 30 de abril de 1919. Tsunami: No."},"geometry":{"type":"Point","coordinates":[-172.442,-18.322]}},{"type":"Feature","properties":{"_manaName":"Terremoto de Kuriles de 1918","name":"Terremoto de Kuriles de 1918","_manaColor":"#e06262","_manaFillOpacity":0.9,"_manaWeight":1.2,"_manaBorderColor":"#ffffff","_manaGeometryType":"point","_manaGroupName":"Terremotos de magnitud ≥ 8","_manaGroupId":1,"markerType":"emoji_collision","_manaMarkerType":"emoji_collision","_manaEmojiSize":25,"_manaLabelStyle":{"enabled":true,"field":"_manaName","fontFamily":"monospace","fontSize":10,"fontWeight":"600","color":"#0f172a","haloWidth":3,"haloColor":"#ffffff","opacity":0.9,"placement":"auto"},"Magnitud":8.1,"Profundidad (km)":15,"Año":1918,"Fecha":"1918-09-07","Lugar (USGS)":"1918 Kuril Islands Earthquake","Tsunami":"No","Código USGS":"iscgem913260","Dato":"M 8,1 · 15 km · 1918","Description":"Terremoto de magnitud 8,1 con epicentro real cerca de 1918 Kuril Islands Earthquake. Profundidad focal: 15 km. Fecha: 7 de septiembre de 1918. Tsunami: No."},"geometry":{"type":"Point","coordinates":[152.32,44.998]}},{"type":"Feature","properties":{"_manaName":"Terremoto de Sandwich del Sur de 1929","name":"Terremoto de Sandwich del Sur de 1929","_manaColor":"#e06262","_manaFillOpacity":0.9,"_manaWeight":1.2,"_manaBorderColor":"#ffffff","_manaGeometryType":"point","_manaGroupName":"Terremotos de magnitud ≥ 8","_manaGroupId":1,"markerType":"emoji_collision","_manaMarkerType":"emoji_collision","_manaEmojiSize":25,"_manaLabelStyle":{"enabled":true,"field":"_manaName","fontFamily":"monospace","fontSize":10,"fontWeight":"600","color":"#0f172a","haloWidth":3,"haloColor":"#ffffff","opacity":0.9,"placement":"auto"},"Magnitud":8.1,"Profundidad (km)":15,"Año":1929,"Fecha":"1929-06-27","Lugar (USGS)":"1929 South Sandwich Islands Earthquake","Tsunami":"No","Código USGS":"iscgem908171","Dato":"M 8,1 · 15 km · 1929","Description":"Terremoto de magnitud 8,1 con epicentro real cerca de 1929 South Sandwich Islands Earthquake. Profundidad focal: 15 km. Fecha: 27 de junio de 1929. Tsunami: No."},"geometry":{"type":"Point","coordinates":[-29.345,-55.373]}},{"type":"Feature","properties":{"_manaName":"Terremoto de Tōankai de 1944 (Japón)","name":"Terremoto de Tōankai de 1944 (Japón)","_manaColor":"#e06262","_manaFillOpacity":0.9,"_manaWeight":1.2,"_manaBorderColor":"#ffffff","_manaGeometryType":"point","_manaGroupName":"Terremotos de magnitud ≥ 8","_manaGroupId":1,"markerType":"emoji_collision","_manaMarkerType":"emoji_collision","_manaEmojiSize":25,"_manaLabelStyle":{"enabled":true,"field":"_manaName","fontFamily":"monospace","fontSize":10,"fontWeight":"600","color":"#0f172a","haloWidth":3,"haloColor":"#ffffff","opacity":0.9,"placement":"auto"},"Magnitud":8.1,"Profundidad (km)":15,"Año":1944,"Fecha":"1944-12-07","Lugar (USGS)":"1944 Toankai Earthquake","Tsunami":"No","Código USGS":"iscgem899647","Dato":"M 8,1 · 15 km · 1944","Description":"Terremoto de magnitud 8,1 con epicentro real cerca de 1944 Toankai Earthquake. Profundidad focal: 15 km. Fecha: 7 de diciembre de 1944. Tsunami: No."},"geometry":{"type":"Point","coordinates":[136.2,33.73]}},{"type":"Feature","properties":{"_manaName":"Terremoto del Altái mongol de 1957","name":"Terremoto del Altái mongol de 1957","_manaColor":"#e06262","_manaFillOpacity":0.9,"_manaWeight":1.2,"_manaBorderColor":"#ffffff","_manaGeometryType":"point","_manaGroupName":"Terremotos de magnitud ≥ 8","_manaGroupId":1,"markerType":"emoji_collision","_manaMarkerType":"emoji_collision","_manaEmojiSize":25,"_manaLabelStyle":{"enabled":true,"field":"_manaName","fontFamily":"monospace","fontSize":10,"fontWeight":"600","color":"#0f172a","haloWidth":3,"haloColor":"#ffffff","opacity":0.9,"placement":"auto"},"Magnitud":8.1,"Profundidad (km)":30,"Año":1957,"Fecha":"1957-12-04","Lugar (USGS)":"1957 Gobi-Altay, Mongolia Earthquake","Tsunami":"No","Código USGS":"iscgem887636","Dato":"M 8,1 · 30 km · 1957","Description":"Terremoto de magnitud 8,1 con epicentro real cerca de 1957 Gobi-Altay, Mongolia Earthquake. Profundidad focal: 30 km. Fecha: 4 de diciembre de 1957. Tsunami: No."},"geometry":{"type":"Point","coordinates":[99.368,45.189]}},{"type":"Feature","properties":{"_manaName":"Terremoto de Illapel de 1943 (Chile)","name":"Terremoto de Illapel de 1943 (Chile)","_manaColor":"#e06262","_manaFillOpacity":0.9,"_manaWeight":1.2,"_manaBorderColor":"#ffffff","_manaGeometryType":"point","_manaGroupName":"Terremotos de magnitud ≥ 8","_manaGroupId":1,"markerType":"emoji_collision","_manaMarkerType":"emoji_collision","_manaEmojiSize":25,"_manaLabelStyle":{"enabled":true,"field":"_manaName","fontFamily":"monospace","fontSize":10,"fontWeight":"600","color":"#0f172a","haloWidth":3,"haloColor":"#ffffff","opacity":0.9,"placement":"auto"},"Magnitud":8.1,"Profundidad (km)":35,"Año":1943,"Fecha":"1943-04-06","Lugar (USGS)":"45 km NNW of Illapel, Chile","Tsunami":"No","Código USGS":"iscgem899789","Dato":"M 8,1 · 35 km · 1943","Description":"Terremoto de magnitud 8,1 con epicentro real cerca de 45 km NNW of Illapel, Chile. Profundidad focal: 35 km. Fecha: 6 de abril de 1943. Tsunami: No."},"geometry":{"type":"Point","coordinates":[-71.368,-31.262]}},{"type":"Feature","properties":{"_manaName":"Terremoto de Makrán de 1945","name":"Terremoto de Makrán de 1945","_manaColor":"#e06262","_manaFillOpacity":0.9,"_manaWeight":1.2,"_manaBorderColor":"#ffffff","_manaGeometryType":"point","_manaGroupName":"Terremotos de magnitud ≥ 8","_manaGroupId":1,"markerType":"emoji_collision","_manaMarkerType":"emoji_collision","_manaEmojiSize":25,"_manaLabelStyle":{"enabled":true,"field":"_manaName","fontFamily":"monospace","fontSize":10,"fontWeight":"600","color":"#0f172a","haloWidth":3,"haloColor":"#ffffff","opacity":0.9,"placement":"auto"},"Magnitud":8.1,"Profundidad (km)":15,"Año":1945,"Fecha":"1945-11-27","Lugar (USGS)":"1945 Makran Subduction Zone Earthquake","Tsunami":"No","Código USGS":"iscgem899220","Dato":"M 8,1 · 15 km · 1945","Description":"Terremoto de magnitud 8,1 con epicentro real cerca de 1945 Makran Subduction Zone Earthquake. Profundidad focal: 15 km. Fecha: 27 de noviembre de 1945. Tsunami: No."},"geometry":{"type":"Point","coordinates":[63.675,24.978]}},{"type":"Feature","properties":{"_manaName":"Terremoto de Taiwán de 1910","name":"Terremoto de Taiwán de 1910","_manaColor":"#e06262","_manaFillOpacity":0.9,"_manaWeight":1.2,"_manaBorderColor":"#ffffff","_manaGeometryType":"point","_manaGroupName":"Terremotos de magnitud ≥ 8","_manaGroupId":1,"markerType":"emoji_collision","_manaMarkerType":"emoji_collision","_manaEmojiSize":25,"_manaLabelStyle":{"enabled":true,"field":"_manaName","fontFamily":"monospace","fontSize":10,"fontWeight":"600","color":"#0f172a","haloWidth":3,"haloColor":"#ffffff","opacity":0.9,"placement":"auto"},"Magnitud":8.1,"Profundidad (km)":235,"Año":1910,"Fecha":"1910-04-12","Lugar (USGS)":"1910 Taiwan Earthquake","Tsunami":"No","Código USGS":"iscgem16958079","Dato":"M 8,1 · 235 km · 1910","Description":"Terremoto de magnitud 8,1 con epicentro real cerca de 1910 Taiwan Earthquake. Profundidad focal: 235 km. Fecha: 12 de abril de 1910. Tsunami: No."},"geometry":{"type":"Point","coordinates":[124.304,25.967]}},{"type":"Feature","properties":{"_manaName":"Terremoto de Minas de Marcona de 1942 (Perú)","name":"Terremoto de Minas de Marcona de 1942 (Perú)","_manaColor":"#e06262","_manaFillOpacity":0.9,"_manaWeight":1.2,"_manaBorderColor":"#ffffff","_manaGeometryType":"point","_manaGroupName":"Terremotos de magnitud ≥ 8","_manaGroupId":1,"markerType":"emoji_collision","_manaMarkerType":"emoji_collision","_manaEmojiSize":25,"_manaLabelStyle":{"enabled":true,"field":"_manaName","fontFamily":"monospace","fontSize":10,"fontWeight":"600","color":"#0f172a","haloWidth":3,"haloColor":"#ffffff","opacity":0.9,"placement":"auto"},"Magnitud":8.1,"Profundidad (km)":30,"Año":1942,"Fecha":"1942-08-24","Lugar (USGS)":"21 km NNE of Minas de Marcona, Peru","Tsunami":"No","Código USGS":"iscgem900444","Dato":"M 8,1 · 30 km · 1942","Description":"Terremoto de magnitud 8,1 con epicentro real cerca de 21 km NNE of Minas de Marcona, Peru. Profundidad focal: 30 km. Fecha: 24 de agosto de 1942. Tsunami: No."},"geometry":{"type":"Point","coordinates":[-75.025,-15.041]}},{"type":"Feature","properties":{"_manaName":"Terremoto de Bougainville de 1971","name":"Terremoto de Bougainville de 1971","_manaColor":"#e06262","_manaFillOpacity":0.9,"_manaWeight":1.2,"_manaBorderColor":"#ffffff","_manaGeometryType":"point","_manaGroupName":"Terremotos de magnitud ≥ 8","_manaGroupId":1,"markerType":"emoji_collision","_manaMarkerType":"emoji_collision","_manaEmojiSize":25,"_manaLabelStyle":{"enabled":true,"field":"_manaName","fontFamily":"monospace","fontSize":10,"fontWeight":"600","color":"#0f172a","haloWidth":3,"haloColor":"#ffffff","opacity":0.9,"placement":"auto"},"Magnitud":8.1,"Profundidad (km)":51.5,"Año":1971,"Fecha":"1971-07-26","Lugar (USGS)":"1971 Bougainville Earthquake","Tsunami":"No","Código USGS":"iscgem782684","Dato":"M 8,1 · 51,5 km · 1971","Description":"Terremoto de magnitud 8,1 con epicentro real cerca de 1971 Bougainville Earthquake. Profundidad focal: 51,5 km. Fecha: 26 de julio de 1971. Tsunami: No."},"geometry":{"type":"Point","coordinates":[153.182,-4.868]}},{"type":"Feature","properties":{"_manaName":"Terremoto de Balleny de 1998","name":"Terremoto de Balleny de 1998","_manaColor":"#e06262","_manaFillOpacity":0.9,"_manaWeight":1.2,"_manaBorderColor":"#ffffff","_manaGeometryType":"point","_manaGroupName":"Terremotos de magnitud ≥ 8","_manaGroupId":1,"markerType":"emoji_collision","_manaMarkerType":"emoji_collision","_manaEmojiSize":25,"_manaLabelStyle":{"enabled":true,"field":"_manaName","fontFamily":"monospace","fontSize":10,"fontWeight":"600","color":"#0f172a","haloWidth":3,"haloColor":"#ffffff","opacity":0.9,"placement":"auto"},"Magnitud":8.1,"Profundidad (km)":10,"Año":1998,"Fecha":"1998-03-25","Lugar (USGS)":"1998 Balleny Islands Earthquake","Tsunami":"No","Código USGS":"usp0008hzd","Dato":"M 8,1 · 10 km · 1998","Description":"Terremoto de magnitud 8,1 con epicentro real cerca de 1998 Balleny Islands Earthquake. Profundidad focal: 10 km. Fecha: 25 de marzo de 1998. Tsunami: No. Sismo oceánico profundo en las islas Balleny, al sur del círculo polar antártico."},"geometry":{"type":"Point","coordinates":[149.527,-62.877]}},{"type":"Feature","properties":{"_manaName":"Terremoto de Salomón de 2007","name":"Terremoto de Salomón de 2007","_manaColor":"#e06262","_manaFillOpacity":0.9,"_manaWeight":1.2,"_manaBorderColor":"#ffffff","_manaGeometryType":"point","_manaGroupName":"Terremotos de magnitud ≥ 8","_manaGroupId":1,"markerType":"emoji_collision","_manaMarkerType":"emoji_collision","_manaEmojiSize":25,"_manaLabelStyle":{"enabled":true,"field":"_manaName","fontFamily":"monospace","fontSize":10,"fontWeight":"600","color":"#0f172a","haloWidth":3,"haloColor":"#ffffff","opacity":0.9,"placement":"auto"},"Magnitud":8.1,"Profundidad (km)":24,"Año":2007,"Fecha":"2007-04-01","Lugar (USGS)":"2007 Solomon Islands Earthquake","Tsunami":"No","Código USGS":"usp000f83m","Dato":"M 8,1 · 24 km · 2007","Description":"Terremoto de magnitud 8,1 con epicentro real cerca de 2007 Solomon Islands Earthquake. Profundidad focal: 24 km. Fecha: 1 de abril de 2007. Tsunami: No."},"geometry":{"type":"Point","coordinates":[157.043,-8.466]}},{"type":"Feature","properties":{"_manaName":"Terremoto de Jalisco de 1932 (México)","name":"Terremoto de Jalisco de 1932 (México)","_manaColor":"#e06262","_manaFillOpacity":0.9,"_manaWeight":1.2,"_manaBorderColor":"#ffffff","_manaGeometryType":"point","_manaGroupName":"Terremotos de magnitud ≥ 8","_manaGroupId":1,"markerType":"emoji_collision","_manaMarkerType":"emoji_collision","_manaEmojiSize":25,"_manaLabelStyle":{"enabled":true,"field":"_manaName","fontFamily":"monospace","fontSize":10,"fontWeight":"600","color":"#0f172a","haloWidth":3,"haloColor":"#ffffff","opacity":0.9,"placement":"auto"},"Magnitud":8.1,"Profundidad (km)":35,"Año":1932,"Fecha":"1932-06-03","Lugar (USGS)":"1932 Jalisco, Mexico Earthquake","Tsunami":"No","Código USGS":"iscgem906183","Dato":"M 8,1 · 35 km · 1932","Description":"Terremoto de magnitud 8,1 con epicentro real cerca de 1932 Jalisco, Mexico Earthquake. Profundidad focal: 35 km. Fecha: 3 de junio de 1932. Tsunami: No."},"geometry":{"type":"Point","coordinates":[-103.931,19.795]}},{"type":"Feature","properties":{"_manaName":"Terremoto de Célebes de 1939 (Indonesia)","name":"Terremoto de Célebes de 1939 (Indonesia)","_manaColor":"#e06262","_manaFillOpacity":0.9,"_manaWeight":1.2,"_manaBorderColor":"#ffffff","_manaGeometryType":"point","_manaGroupName":"Terremotos de magnitud ≥ 8","_manaGroupId":1,"markerType":"emoji_collision","_manaMarkerType":"emoji_collision","_manaEmojiSize":25,"_manaLabelStyle":{"enabled":true,"field":"_manaName","fontFamily":"monospace","fontSize":10,"fontWeight":"600","color":"#0f172a","haloWidth":3,"haloColor":"#ffffff","opacity":0.9,"placement":"auto"},"Magnitud":8.1,"Profundidad (km)":150,"Año":1939,"Fecha":"1939-12-21","Lugar (USGS)":"1939 Sulawesi Earthquake","Tsunami":"No","Código USGS":"iscgem902275","Dato":"M 8,1 · 150 km · 1939","Description":"Terremoto de magnitud 8,1 con epicentro real cerca de 1939 Sulawesi Earthquake. Profundidad focal: 150 km. Fecha: 21 de diciembre de 1939. Tsunami: No."},"geometry":{"type":"Point","coordinates":[122.793,-0.018]}},{"type":"Feature","properties":{"_manaName":"Terremoto de Tokachi de 1952 (Japón)","name":"Terremoto de Tokachi de 1952 (Japón)","_manaColor":"#e06262","_manaFillOpacity":0.9,"_manaWeight":1.2,"_manaBorderColor":"#ffffff","_manaGeometryType":"point","_manaGroupName":"Terremotos de magnitud ≥ 8","_manaGroupId":1,"markerType":"emoji_collision","_manaMarkerType":"emoji_collision","_manaEmojiSize":25,"_manaLabelStyle":{"enabled":true,"field":"_manaName","fontFamily":"monospace","fontSize":10,"fontWeight":"600","color":"#0f172a","haloWidth":3,"haloColor":"#ffffff","opacity":0.9,"placement":"auto"},"Magnitud":8.1,"Profundidad (km)":45,"Año":1952,"Fecha":"1952-03-04","Lugar (USGS)":"1952 Tokachi-Oki Earthquake","Tsunami":"No","Código USGS":"iscgem892540","Dato":"M 8,1 · 45 km · 1952","Description":"Terremoto de magnitud 8,1 con epicentro real cerca de 1952 Tokachi-Oki Earthquake. Profundidad focal: 45 km. Fecha: 4 de marzo de 1952. Tsunami: No."},"geometry":{"type":"Point","coordinates":[143.899,42.084]}},{"type":"Feature","properties":{"_manaName":"Terremoto de Banda de 1963","name":"Terremoto de Banda de 1963","_manaColor":"#e06262","_manaFillOpacity":0.9,"_manaWeight":1.2,"_manaBorderColor":"#ffffff","_manaGeometryType":"point","_manaGroupName":"Terremotos de magnitud ≥ 8","_manaGroupId":1,"markerType":"emoji_collision","_manaMarkerType":"emoji_collision","_manaEmojiSize":25,"_manaLabelStyle":{"enabled":true,"field":"_manaName","fontFamily":"monospace","fontSize":10,"fontWeight":"600","color":"#0f172a","haloWidth":3,"haloColor":"#ffffff","opacity":0.9,"placement":"auto"},"Magnitud":8.1,"Profundidad (km)":110,"Año":1963,"Fecha":"1963-11-04","Lugar (USGS)":"1963 Banda Sea Earthquake","Tsunami":"No","Código USGS":"iscgem17294492","Dato":"M 8,1 · 110 km · 1963","Description":"Terremoto de magnitud 8,1 con epicentro real cerca de 1963 Banda Sea Earthquake. Profundidad focal: 110 km. Fecha: 4 de noviembre de 1963. Tsunami: No."},"geometry":{"type":"Point","coordinates":[129.605,-6.957]}},{"type":"Feature","properties":{"_manaName":"Predecesor del terremoto de Valdivia de 1960 (Cañete, Chile)","name":"Predecesor del terremoto de Valdivia de 1960 (Cañete, Chile)","_manaColor":"#e06262","_manaFillOpacity":0.9,"_manaWeight":1.2,"_manaBorderColor":"#ffffff","_manaGeometryType":"point","_manaGroupName":"Terremotos de magnitud ≥ 8","_manaGroupId":1,"markerType":"emoji_collision","_manaMarkerType":"emoji_collision","_manaEmojiSize":25,"_manaLabelStyle":{"enabled":true,"field":"_manaName","fontFamily":"monospace","fontSize":10,"fontWeight":"600","color":"#0f172a","haloWidth":3,"haloColor":"#ffffff","opacity":0.9,"placement":"auto"},"Magnitud":8.1,"Profundidad (km)":25,"Año":1960,"Fecha":"1960-05-21","Lugar (USGS)":"4 km ESE of Cañete, Chile","Tsunami":"No","Código USGS":"iscgem879106","Dato":"M 8,1 · 25 km · 1960","Description":"Terremoto de magnitud 8,1 con epicentro real cerca de 4 km ESE of Cañete, Chile. Profundidad focal: 25 km. Fecha: 21 de mayo de 1960. Tsunami: No. El sismo previo al gran terremoto de Valdivia del 22 de mayo de 1960: muchos lo sintieron como el «terremoto» y no anticiparon el de 9,5 que vino al día siguiente."},"geometry":{"type":"Point","coordinates":[-73.353,-37.824]}},{"type":"Feature","properties":{"_manaName":"Terremoto de Paramonga de 1966 (Perú)","name":"Terremoto de Paramonga de 1966 (Perú)","_manaColor":"#e06262","_manaFillOpacity":0.9,"_manaWeight":1.2,"_manaBorderColor":"#ffffff","_manaGeometryType":"point","_manaGroupName":"Terremotos de magnitud ≥ 8","_manaGroupId":1,"markerType":"emoji_collision","_manaMarkerType":"emoji_collision","_manaEmojiSize":25,"_manaLabelStyle":{"enabled":true,"field":"_manaName","fontFamily":"monospace","fontSize":10,"fontWeight":"600","color":"#0f172a","haloWidth":3,"haloColor":"#ffffff","opacity":0.9,"placement":"auto"},"Magnitud":8.1,"Profundidad (km)":37.4,"Año":1966,"Fecha":"1966-10-17","Lugar (USGS)":"67 km W of Paramonga, Peru","Tsunami":"No","Código USGS":"iscgem842581","Dato":"M 8,1 · 37,4 km · 1966","Description":"Terremoto de magnitud 8,1 con epicentro real cerca de 67 km W of Paramonga, Peru. Profundidad focal: 37,4 km. Fecha: 17 de octubre de 1966. Tsunami: No."},"geometry":{"type":"Point","coordinates":[-78.448,-10.704]}},{"type":"Feature","properties":{"_manaName":"Terremoto de Tasmania de 2004","name":"Terremoto de Tasmania de 2004","_manaColor":"#e06262","_manaFillOpacity":0.9,"_manaWeight":1.2,"_manaBorderColor":"#ffffff","_manaGeometryType":"point","_manaGroupName":"Terremotos de magnitud ≥ 8","_manaGroupId":1,"markerType":"emoji_collision","_manaMarkerType":"emoji_collision","_manaEmojiSize":25,"_manaLabelStyle":{"enabled":true,"field":"_manaName","fontFamily":"monospace","fontSize":10,"fontWeight":"600","color":"#0f172a","haloWidth":3,"haloColor":"#ffffff","opacity":0.9,"placement":"auto"},"Magnitud":8.1,"Profundidad (km)":10,"Año":2004,"Fecha":"2004-12-23","Lugar (USGS)":"2004 Tasman Sea Earthquake","Tsunami":"No","Código USGS":"usp000db93","Dato":"M 8,1 · 10 km · 2004","Description":"Terremoto de magnitud 8,1 con epicentro real cerca de 2004 Tasman Sea Earthquake. Profundidad focal: 10 km. Fecha: 23 de diciembre de 2004. Tsunami: No."},"geometry":{"type":"Point","coordinates":[161.345,-49.312]}},{"type":"Feature","properties":{"_manaName":"Terremoto de Kuriles de 2007","name":"Terremoto de Kuriles de 2007","_manaColor":"#e06262","_manaFillOpacity":0.9,"_manaWeight":1.2,"_manaBorderColor":"#ffffff","_manaGeometryType":"point","_manaGroupName":"Terremotos de magnitud ≥ 8","_manaGroupId":1,"markerType":"emoji_collision","_manaMarkerType":"emoji_collision","_manaEmojiSize":25,"_manaLabelStyle":{"enabled":true,"field":"_manaName","fontFamily":"monospace","fontSize":10,"fontWeight":"600","color":"#0f172a","haloWidth":3,"haloColor":"#ffffff","opacity":0.9,"placement":"auto"},"Magnitud":8.1,"Profundidad (km)":10,"Año":2007,"Fecha":"2007-01-13","Lugar (USGS)":"2007 Kuril Islands Earthquake","Tsunami":"No","Código USGS":"usp000f2ab","Dato":"M 8,1 · 10 km · 2007","Description":"Terremoto de magnitud 8,1 con epicentro real cerca de 2007 Kuril Islands Earthquake. Profundidad focal: 10 km. Fecha: 13 de enero de 2007. Tsunami: No."},"geometry":{"type":"Point","coordinates":[154.524,46.243]}},{"type":"Feature","properties":{"_manaName":"Terremoto de Samoa de 2009","name":"Terremoto de Samoa de 2009","_manaColor":"#e06262","_manaFillOpacity":0.9,"_manaWeight":1.2,"_manaBorderColor":"#ffffff","_manaGeometryType":"point","_manaGroupName":"Terremotos de magnitud ≥ 8","_manaGroupId":1,"markerType":"emoji_collision","_manaMarkerType":"emoji_collision","_manaEmojiSize":25,"_manaLabelStyle":{"enabled":true,"field":"_manaName","fontFamily":"monospace","fontSize":10,"fontWeight":"600","color":"#0f172a","haloWidth":3,"haloColor":"#ffffff","opacity":0.9,"placement":"auto"},"Magnitud":8.1,"Profundidad (km)":18,"Año":2009,"Fecha":"2009-09-29","Lugar (USGS)":"2009 Samoa Earthquake","Tsunami":"No","Código USGS":"usp000h1ys","Dato":"M 8,1 · 18 km · 2009","Description":"Terremoto de magnitud 8,1 con epicentro real cerca de 2009 Samoa Earthquake. Profundidad focal: 18 km. Fecha: 29 de septiembre de 2009. Tsunami: No."},"geometry":{"type":"Point","coordinates":[-172.095,-15.489]}},{"type":"Feature","properties":{"_manaName":"Terremoto de Vanuatu de 1920","name":"Terremoto de Vanuatu de 1920","_manaColor":"#e79b9b","_manaFillOpacity":0.9,"_manaWeight":1.2,"_manaBorderColor":"#ffffff","_manaGeometryType":"point","_manaGroupName":"Terremotos de magnitud ≥ 8","_manaGroupId":1,"markerType":"emoji_collision","_manaMarkerType":"emoji_collision","_manaEmojiSize":25,"_manaLabelStyle":{"enabled":true,"field":"_manaName","fontFamily":"monospace","fontSize":10,"fontWeight":"600","color":"#0f172a","haloWidth":3,"haloColor":"#ffffff","opacity":0.9,"placement":"auto"},"Magnitud":8.09,"Profundidad (km)":25,"Año":1920,"Fecha":"1920-09-20","Lugar (USGS)":"1920 Vanuatu Earthquake","Tsunami":"No","Código USGS":"iscgem912618","Dato":"M 8,1 · 25 km · 1920","Description":"Terremoto de magnitud 8,1 con epicentro real cerca de 1920 Vanuatu Earthquake. Profundidad focal: 25 km. Fecha: 20 de septiembre de 1920. Tsunami: No."},"geometry":{"type":"Point","coordinates":[168.478,-19.982]}},{"type":"Feature","properties":{"_manaName":"Terremoto de Biak de 1996 (Indonesia)","name":"Terremoto de Biak de 1996 (Indonesia)","_manaColor":"#e79b9b","_manaFillOpacity":0.9,"_manaWeight":1.2,"_manaBorderColor":"#ffffff","_manaGeometryType":"point","_manaGroupName":"Terremotos de magnitud ≥ 8","_manaGroupId":1,"markerType":"emoji_collision","_manaMarkerType":"emoji_collision","_manaEmojiSize":25,"_manaLabelStyle":{"enabled":true,"field":"_manaName","fontFamily":"monospace","fontSize":10,"fontWeight":"600","color":"#0f172a","haloWidth":3,"haloColor":"#ffffff","opacity":0.9,"placement":"auto"},"Magnitud":8.09,"Profundidad (km)":33,"Año":1996,"Fecha":"1996-02-17","Lugar (USGS)":"1996 Biak, Indonesia Earthquake","Tsunami":"No","Código USGS":"official19960217055930550_33","Dato":"M 8,1 · 33 km · 1996","Description":"Terremoto de magnitud 8,1 con epicentro real cerca de 1996 Biak, Indonesia Earthquake. Profundidad focal: 33 km. Fecha: 17 de febrero de 1996. Tsunami: No."},"geometry":{"type":"Point","coordinates":[136.952,-0.891]}},{"type":"Feature","properties":{"_manaName":"Terremoto de Hyūganada de 1941 (Japón)","name":"Terremoto de Hyūganada de 1941 (Japón)","_manaColor":"#e79b9b","_manaFillOpacity":0.9,"_manaWeight":1.2,"_manaBorderColor":"#ffffff","_manaGeometryType":"point","_manaGroupName":"Terremotos de magnitud ≥ 8","_manaGroupId":1,"markerType":"emoji_collision","_manaMarkerType":"emoji_collision","_manaEmojiSize":23,"_manaLabelStyle":{"enabled":true,"field":"_manaName","fontFamily":"monospace","fontSize":10,"fontWeight":"600","color":"#0f172a","haloWidth":3,"haloColor":"#ffffff","opacity":0.9,"placement":"auto"},"Magnitud":8.02,"Profundidad (km)":35,"Año":1941,"Fecha":"1941-11-18","Lugar (USGS)":"1941 Hyuganada Earthquake","Tsunami":"No","Código USGS":"iscgem901083","Dato":"M 8 · 35 km · 1941","Description":"Terremoto de magnitud 8 con epicentro real cerca de 1941 Hyuganada Earthquake. Profundidad focal: 35 km. Fecha: 18 de noviembre de 1941. Tsunami: No."},"geometry":{"type":"Point","coordinates":[131.944,32.129]}},{"type":"Feature","properties":{"_manaName":"Terremoto de Kemin de 1911 (Kirguistán)","name":"Terremoto de Kemin de 1911 (Kirguistán)","_manaColor":"#e79b9b","_manaFillOpacity":0.9,"_manaWeight":1.2,"_manaBorderColor":"#ffffff","_manaGeometryType":"point","_manaGroupName":"Terremotos de magnitud ≥ 8","_manaGroupId":1,"markerType":"emoji_collision","_manaMarkerType":"emoji_collision","_manaEmojiSize":23,"_manaLabelStyle":{"enabled":true,"field":"_manaName","fontFamily":"monospace","fontSize":10,"fontWeight":"600","color":"#0f172a","haloWidth":3,"haloColor":"#ffffff","opacity":0.9,"placement":"auto"},"Magnitud":8.02,"Profundidad (km)":20,"Año":1911,"Fecha":"1911-01-03","Lugar (USGS)":"The 1911 Kemin Earthquake, Kyrgyzstan","Tsunami":"No","Código USGS":"iscgem16958130","Dato":"M 8 · 20 km · 1911","Description":"Terremoto de magnitud 8 con epicentro real cerca de The 1911 Kemin Earthquake, Kyrgyzstan. Profundidad focal: 20 km. Fecha: 3 de enero de 1911. Tsunami: No."},"geometry":{"type":"Point","coordinates":[76.808,42.919]}},{"type":"Feature","properties":{"_manaName":"Terremoto de la dorsal Macquarie de 1989","name":"Terremoto de la dorsal Macquarie de 1989","_manaColor":"#e79b9b","_manaFillOpacity":0.9,"_manaWeight":1.2,"_manaBorderColor":"#ffffff","_manaGeometryType":"point","_manaGroupName":"Terremotos de magnitud ≥ 8","_manaGroupId":1,"markerType":"emoji_collision","_manaMarkerType":"emoji_collision","_manaEmojiSize":23,"_manaLabelStyle":{"enabled":true,"field":"_manaName","fontFamily":"monospace","fontSize":10,"fontWeight":"600","color":"#0f172a","haloWidth":3,"haloColor":"#ffffff","opacity":0.9,"placement":"auto"},"Magnitud":8.02,"Profundidad (km)":10,"Año":1989,"Fecha":"1989-05-23","Lugar (USGS)":"1989 Macquarie Ridge Earthquake","Tsunami":"No","Código USGS":"official19890523105446320_10","Dato":"M 8 · 10 km · 1989","Description":"Terremoto de magnitud 8 con epicentro real cerca de 1989 Macquarie Ridge Earthquake. Profundidad focal: 10 km. Fecha: 23 de mayo de 1989. Tsunami: No. Sismo profundo en la dorsal de Macquarie, al sur de Nueva Zelanda."},"geometry":{"type":"Point","coordinates":[160.568,-52.341]}},{"type":"Feature","properties":{"_manaName":"Terremoto de Diego de Almagro de 1918 (Chile)","name":"Terremoto de Diego de Almagro de 1918 (Chile)","_manaColor":"#e79b9b","_manaFillOpacity":0.9,"_manaWeight":1.2,"_manaBorderColor":"#ffffff","_manaGeometryType":"point","_manaGroupName":"Terremotos de magnitud ≥ 8","_manaGroupId":1,"markerType":"emoji_collision","_manaMarkerType":"emoji_collision","_manaEmojiSize":22,"_manaLabelStyle":{"enabled":true,"field":"_manaName","fontFamily":"monospace","fontSize":10,"fontWeight":"600","color":"#0f172a","haloWidth":3,"haloColor":"#ffffff","opacity":0.9,"placement":"auto"},"Magnitud":8.01,"Profundidad (km)":40,"Año":1918,"Fecha":"1918-12-04","Lugar (USGS)":"60 km W of Diego de Almagro, Chile","Tsunami":"No","Código USGS":"iscgem913362","Dato":"M 8 · 40 km · 1918","Description":"Terremoto de magnitud 8 con epicentro real cerca de 60 km W of Diego de Almagro, Chile. Profundidad focal: 40 km. Fecha: 4 de diciembre de 1918. Tsunami: No."},"geometry":{"type":"Point","coordinates":[-70.65,-26.462]}},{"type":"Feature","properties":{"_manaName":"Terremoto profundo de Tonga de 1903","name":"Terremoto profundo de Tonga de 1903","_manaColor":"#e79b9b","_manaFillOpacity":0.9,"_manaWeight":1.2,"_manaBorderColor":"#ffffff","_manaGeometryType":"point","_manaGroupName":"Terremotos de magnitud ≥ 8","_manaGroupId":1,"markerType":"emoji_collision","_manaMarkerType":"emoji_collision","_manaEmojiSize":22,"_manaLabelStyle":{"enabled":true,"field":"_manaName","fontFamily":"monospace","fontSize":10,"fontWeight":"600","color":"#0f172a","haloWidth":3,"haloColor":"#ffffff","opacity":0.9,"placement":"auto"},"Magnitud":8,"Profundidad (km)":400,"Año":1903,"Fecha":"1903-01-04","Lugar (USGS)":"Tonga","Tsunami":"No","Código USGS":"cent19030104050700000","Dato":"M 8 · 400 km · 1903","Description":"Terremoto de magnitud 8 con epicentro real cerca de Tonga. Profundidad focal: 400 km. Fecha: 4 de enero de 1903. Tsunami: No. Sismo profundo en Tonga (≈400 km): uno de los registros históricos más profundos del catálogo USGS."},"geometry":{"type":"Point","coordinates":[-175,-20]}},{"type":"Feature","properties":{"_manaName":"Terremoto de Valparaíso de 1985 (Chile)","name":"Terremoto de Valparaíso de 1985 (Chile)","_manaColor":"#e79b9b","_manaFillOpacity":0.9,"_manaWeight":1.2,"_manaBorderColor":"#ffffff","_manaGeometryType":"point","_manaGroupName":"Terremotos de magnitud ≥ 8","_manaGroupId":1,"markerType":"emoji_collision","_manaMarkerType":"emoji_collision","_manaEmojiSize":22,"_manaLabelStyle":{"enabled":true,"field":"_manaName","fontFamily":"monospace","fontSize":10,"fontWeight":"600","color":"#0f172a","haloWidth":3,"haloColor":"#ffffff","opacity":0.9,"placement":"auto"},"Magnitud":8,"Profundidad (km)":33,"Año":1985,"Fecha":"1985-03-03","Lugar (USGS)":"25 km WSW of Valparaíso, Chile","Tsunami":"No","Código USGS":"usp0002ccz","Dato":"M 8 · 33 km · 1985","Description":"Terremoto de magnitud 8 con epicentro real cerca de 25 km WSW of Valparaíso, Chile. Profundidad focal: 33 km. Fecha: 3 de marzo de 1985. Tsunami: No."},"geometry":{"type":"Point","coordinates":[-71.871,-33.135]}},{"type":"Feature","properties":{"_manaName":"Terremoto de la dorsal del Sudoeste de la India de 1942","name":"Terremoto de la dorsal del Sudoeste de la India de 1942","_manaColor":"#e79b9b","_manaFillOpacity":0.9,"_manaWeight":1.2,"_manaBorderColor":"#ffffff","_manaGeometryType":"point","_manaGroupName":"Terremotos de magnitud ≥ 8","_manaGroupId":1,"markerType":"emoji_collision","_manaMarkerType":"emoji_collision","_manaEmojiSize":22,"_manaLabelStyle":{"enabled":true,"field":"_manaName","fontFamily":"monospace","fontSize":10,"fontWeight":"600","color":"#0f172a","haloWidth":3,"haloColor":"#ffffff","opacity":0.9,"placement":"auto"},"Magnitud":8,"Profundidad (km)":10,"Año":1942,"Fecha":"1942-11-10","Lugar (USGS)":"1942 Southwest Indian Ridge Earthquake","Tsunami":"No","Código USGS":"iscgem900536","Dato":"M 8 · 10 km · 1942","Description":"Terremoto de magnitud 8 con epicentro real cerca de 1942 Southwest Indian Ridge Earthquake. Profundidad focal: 10 km. Fecha: 10 de noviembre de 1942. Tsunami: No."},"geometry":{"type":"Point","coordinates":[30.465,-49.885]}},{"type":"Feature","properties":{"_manaName":"Terremoto de Samoa y Tonga de 1917","name":"Terremoto de Samoa y Tonga de 1917","_manaColor":"#e79b9b","_manaFillOpacity":0.9,"_manaWeight":1.2,"_manaBorderColor":"#ffffff","_manaGeometryType":"point","_manaGroupName":"Terremotos de magnitud ≥ 8","_manaGroupId":1,"markerType":"emoji_collision","_manaMarkerType":"emoji_collision","_manaEmojiSize":22,"_manaLabelStyle":{"enabled":true,"field":"_manaName","fontFamily":"monospace","fontSize":10,"fontWeight":"600","color":"#0f172a","haloWidth":3,"haloColor":"#ffffff","opacity":0.9,"placement":"auto"},"Magnitud":8,"Profundidad (km)":15,"Año":1917,"Fecha":"1917-06-26","Lugar (USGS)":"The 1917 Samoa-Tonga Earthquake","Tsunami":"No","Código USGS":"iscgem913548","Dato":"M 8 · 15 km · 1917","Description":"Terremoto de magnitud 8 con epicentro real cerca de The 1917 Samoa-Tonga Earthquake. Profundidad focal: 15 km. Fecha: 26 de junio de 1917. Tsunami: No."},"geometry":{"type":"Point","coordinates":[-173.27,-14.996]}},{"type":"Feature","properties":{"_manaName":"Terremoto de Bihar y Nepal de 1934","name":"Terremoto de Bihar y Nepal de 1934","_manaColor":"#e79b9b","_manaFillOpacity":0.9,"_manaWeight":1.2,"_manaBorderColor":"#ffffff","_manaGeometryType":"point","_manaGroupName":"Terremotos de magnitud ≥ 8","_manaGroupId":1,"markerType":"emoji_collision","_manaMarkerType":"emoji_collision","_manaEmojiSize":22,"_manaLabelStyle":{"enabled":true,"field":"_manaName","fontFamily":"monospace","fontSize":10,"fontWeight":"600","color":"#0f172a","haloWidth":3,"haloColor":"#ffffff","opacity":0.9,"placement":"auto"},"Magnitud":8,"Profundidad (km)":15,"Año":1934,"Fecha":"1934-01-15","Lugar (USGS)":"1934 Bihar-Nepal Earthquake","Tsunami":"No","Código USGS":"iscgem904745","Dato":"M 8 · 15 km · 1934","Description":"Terremoto de magnitud 8 con epicentro real cerca de 1934 Bihar-Nepal Earthquake. Profundidad focal: 15 km. Fecha: 15 de enero de 1934. Tsunami: No."},"geometry":{"type":"Point","coordinates":[86.941,27.275]}},{"type":"Feature","properties":{"_manaName":"Terremoto de Antofagasta de 1995 (Chile)","name":"Terremoto de Antofagasta de 1995 (Chile)","_manaColor":"#e79b9b","_manaFillOpacity":0.9,"_manaWeight":1.2,"_manaBorderColor":"#ffffff","_manaGeometryType":"point","_manaGroupName":"Terremotos de magnitud ≥ 8","_manaGroupId":1,"markerType":"emoji_collision","_manaMarkerType":"emoji_collision","_manaEmojiSize":22,"_manaLabelStyle":{"enabled":true,"field":"_manaName","fontFamily":"monospace","fontSize":10,"fontWeight":"600","color":"#0f172a","haloWidth":3,"haloColor":"#ffffff","opacity":0.9,"placement":"auto"},"Magnitud":8,"Profundidad (km)":45.6,"Año":1995,"Fecha":"1995-07-30","Lugar (USGS)":"36 km NNE of Antofagasta, Chile","Tsunami":"No","Código USGS":"usp000714t","Dato":"M 8 · 45,6 km · 1995","Description":"Terremoto de magnitud 8 con epicentro real cerca de 36 km NNE of Antofagasta, Chile. Profundidad focal: 45,6 km. Fecha: 30 de julio de 1995. Tsunami: No."},"geometry":{"type":"Point","coordinates":[-70.294,-23.34]}},{"type":"Feature","properties":{"_manaName":"Terremoto de Papúa Nueva Guinea de 1906","name":"Terremoto de Papúa Nueva Guinea de 1906","_manaColor":"#e79b9b","_manaFillOpacity":0.9,"_manaWeight":1.2,"_manaBorderColor":"#ffffff","_manaGeometryType":"point","_manaGroupName":"Terremotos de magnitud ≥ 8","_manaGroupId":1,"markerType":"emoji_collision","_manaMarkerType":"emoji_collision","_manaEmojiSize":22,"_manaLabelStyle":{"enabled":true,"field":"_manaName","fontFamily":"monospace","fontSize":10,"fontWeight":"600","color":"#0f172a","haloWidth":3,"haloColor":"#ffffff","opacity":0.9,"placement":"auto"},"Magnitud":8,"Profundidad (km)":35,"Año":1906,"Fecha":"1906-09-14","Lugar (USGS)":"1906 Papua New Guinea Earthquake","Tsunami":"No","Código USGS":"iscgem16957920","Dato":"M 8 · 35 km · 1906","Description":"Terremoto de magnitud 8 con epicentro real cerca de 1906 Papua New Guinea Earthquake. Profundidad focal: 35 km. Fecha: 14 de septiembre de 1906. Tsunami: No."},"geometry":{"type":"Point","coordinates":[147.216,-6.252]}},{"type":"Feature","properties":{"_manaName":"Terremoto de Mindanao de 1972 (Filipinas)","name":"Terremoto de Mindanao de 1972 (Filipinas)","_manaColor":"#e79b9b","_manaFillOpacity":0.9,"_manaWeight":1.2,"_manaBorderColor":"#ffffff","_manaGeometryType":"point","_manaGroupName":"Terremotos de magnitud ≥ 8","_manaGroupId":1,"markerType":"emoji_collision","_manaMarkerType":"emoji_collision","_manaEmojiSize":22,"_manaLabelStyle":{"enabled":true,"field":"_manaName","fontFamily":"monospace","fontSize":10,"fontWeight":"600","color":"#0f172a","haloWidth":3,"haloColor":"#ffffff","opacity":0.9,"placement":"auto"},"Magnitud":8,"Profundidad (km)":51.3,"Año":1972,"Fecha":"1972-12-02","Lugar (USGS)":"1972 Mindanao, Philippines Earthquake","Tsunami":"No","Código USGS":"iscgem765501","Dato":"M 8 · 51,3 km · 1972","Description":"Terremoto de magnitud 8 con epicentro real cerca de 1972 Mindanao, Philippines Earthquake. Profundidad focal: 51,3 km. Fecha: 2 de diciembre de 1972. Tsunami: No."},"geometry":{"type":"Point","coordinates":[126.665,6.43]}},{"type":"Feature","properties":{"_manaName":"Terremoto de Colima-Jalisco de 1995 (México)","name":"Terremoto de Colima-Jalisco de 1995 (México)","_manaColor":"#e79b9b","_manaFillOpacity":0.9,"_manaWeight":1.2,"_manaBorderColor":"#ffffff","_manaGeometryType":"point","_manaGroupName":"Terremotos de magnitud ≥ 8","_manaGroupId":1,"markerType":"emoji_collision","_manaMarkerType":"emoji_collision","_manaEmojiSize":22,"_manaLabelStyle":{"enabled":true,"field":"_manaName","fontFamily":"monospace","fontSize":10,"fontWeight":"600","color":"#0f172a","haloWidth":3,"haloColor":"#ffffff","opacity":0.9,"placement":"auto"},"Magnitud":8,"Profundidad (km)":33,"Año":1995,"Fecha":"1995-10-09","Lugar (USGS)":"1995 Colima-Jalisco, Mexico Earthquake","Tsunami":"No","Código USGS":"usp00074vc","Dato":"M 8 · 33 km · 1995","Description":"Terremoto de magnitud 8 con epicentro real cerca de 1995 Colima-Jalisco, Mexico Earthquake. Profundidad focal: 33 km. Fecha: 9 de octubre de 1995. Tsunami: No."},"geometry":{"type":"Point","coordinates":[-104.205,19.055]}},{"type":"Feature","properties":{"_manaName":"Terremoto profundo de Perú de 1970","name":"Terremoto profundo de Perú de 1970","_manaColor":"#e79b9b","_manaFillOpacity":0.9,"_manaWeight":1.2,"_manaBorderColor":"#ffffff","_manaGeometryType":"point","_manaGroupName":"Terremotos de magnitud ≥ 8","_manaGroupId":1,"markerType":"emoji_collision","_manaMarkerType":"emoji_collision","_manaEmojiSize":22,"_manaLabelStyle":{"enabled":true,"field":"_manaName","fontFamily":"monospace","fontSize":10,"fontWeight":"600","color":"#0f172a","haloWidth":3,"haloColor":"#ffffff","opacity":0.9,"placement":"auto"},"Magnitud":8,"Profundidad (km)":644.8,"Año":1970,"Fecha":"1970-07-31","Lugar (USGS)":"95 km N of San Antonio del Estrecho, Peru","Tsunami":"No","Código USGS":"iscgem794176","Dato":"M 8 · 644,8 km · 1970","Description":"Terremoto de magnitud 8 con epicentro real cerca de 95 km N of San Antonio del Estrecho, Peru. Profundidad focal: 644,8 km. Fecha: 31 de julio de 1970. Tsunami: No."},"geometry":{"type":"Point","coordinates":[-72.532,-1.597]}},{"type":"Feature","properties":{"_manaName":"Terremoto de Nueva Bretaña de 1971","name":"Terremoto de Nueva Bretaña de 1971","_manaColor":"#e79b9b","_manaFillOpacity":0.9,"_manaWeight":1.2,"_manaBorderColor":"#ffffff","_manaGeometryType":"point","_manaGroupName":"Terremotos de magnitud ≥ 8","_manaGroupId":1,"markerType":"emoji_collision","_manaMarkerType":"emoji_collision","_manaEmojiSize":22,"_manaLabelStyle":{"enabled":true,"field":"_manaName","fontFamily":"monospace","fontSize":10,"fontWeight":"600","color":"#0f172a","haloWidth":3,"haloColor":"#ffffff","opacity":0.9,"placement":"auto"},"Magnitud":8,"Profundidad (km)":15,"Año":1971,"Fecha":"1971-07-14","Lugar (USGS)":"1971 New Britain Earthquake","Tsunami":"No","Código USGS":"iscgem782181","Dato":"M 8 · 15 km · 1971","Description":"Terremoto de magnitud 8 con epicentro real cerca de 1971 New Britain Earthquake. Profundidad focal: 15 km. Fecha: 14 de julio de 1971. Tsunami: No."},"geometry":{"type":"Point","coordinates":[153.864,-5.467]}},{"type":"Feature","properties":{"_manaName":"Terremoto de Tonga de 2006","name":"Terremoto de Tonga de 2006","_manaColor":"#e79b9b","_manaFillOpacity":0.9,"_manaWeight":1.2,"_manaBorderColor":"#ffffff","_manaGeometryType":"point","_manaGroupName":"Terremotos de magnitud ≥ 8","_manaGroupId":1,"markerType":"emoji_collision","_manaMarkerType":"emoji_collision","_manaEmojiSize":22,"_manaLabelStyle":{"enabled":true,"field":"_manaName","fontFamily":"monospace","fontSize":10,"fontWeight":"600","color":"#0f172a","haloWidth":3,"haloColor":"#ffffff","opacity":0.9,"placement":"auto"},"Magnitud":8,"Profundidad (km)":55,"Año":2006,"Fecha":"2006-05-03","Lugar (USGS)":"2006 Tonga Earthquake","Tsunami":"No","Código USGS":"usp000eg5g","Dato":"M 8 · 55 km · 2006","Description":"Terremoto de magnitud 8 con epicentro real cerca de 2006 Tonga Earthquake. Profundidad focal: 55 km. Fecha: 3 de mayo de 2006. Tsunami: No."},"geometry":{"type":"Point","coordinates":[-174.123,-20.187]}},{"type":"Feature","properties":{"_manaName":"Terremoto de Kermadec de 1976 (Nueva Zelanda)","name":"Terremoto de Kermadec de 1976 (Nueva Zelanda)","_manaColor":"#e79b9b","_manaFillOpacity":0.9,"_manaWeight":1.2,"_manaBorderColor":"#ffffff","_manaGeometryType":"point","_manaGroupName":"Terremotos de magnitud ≥ 8","_manaGroupId":1,"markerType":"emoji_collision","_manaMarkerType":"emoji_collision","_manaEmojiSize":22,"_manaLabelStyle":{"enabled":true,"field":"_manaName","fontFamily":"monospace","fontSize":10,"fontWeight":"600","color":"#0f172a","haloWidth":3,"haloColor":"#ffffff","opacity":0.9,"placement":"auto"},"Magnitud":8,"Profundidad (km)":33,"Año":1976,"Fecha":"1976-01-14","Lugar (USGS)":"1976 Kermadec Islands, New Zealand Earthquake","Tsunami":"No","Código USGS":"usp0000ee7","Dato":"M 8 · 33 km · 1976","Description":"Terremoto de magnitud 8 con epicentro real cerca de 1976 Kermadec Islands, New Zealand Earthquake. Profundidad focal: 33 km. Fecha: 14 de enero de 1976. Tsunami: No."},"geometry":{"type":"Point","coordinates":[-177.657,-28.427]}},{"type":"Feature","properties":{"_manaName":"Terremoto de Nueva Irlanda de 2000","name":"Terremoto de Nueva Irlanda de 2000","_manaColor":"#e79b9b","_manaFillOpacity":0.9,"_manaWeight":1.2,"_manaBorderColor":"#ffffff","_manaGeometryType":"point","_manaGroupName":"Terremotos de magnitud ≥ 8","_manaGroupId":1,"markerType":"emoji_collision","_manaMarkerType":"emoji_collision","_manaEmojiSize":22,"_manaLabelStyle":{"enabled":true,"field":"_manaName","fontFamily":"monospace","fontSize":10,"fontWeight":"600","color":"#0f172a","haloWidth":3,"haloColor":"#ffffff","opacity":0.9,"placement":"auto"},"Magnitud":8,"Profundidad (km)":33,"Año":2000,"Fecha":"2000-11-16","Lugar (USGS)":"2000 New Ireland Earthquake","Tsunami":"No","Código USGS":"usp000a3qq","Dato":"M 8 · 33 km · 2000","Description":"Terremoto de magnitud 8 con epicentro real cerca de 2000 New Ireland Earthquake. Profundidad focal: 33 km. Fecha: 16 de noviembre de 2000. Tsunami: No."},"geometry":{"type":"Point","coordinates":[152.169,-3.98]}},{"type":"Feature","properties":{"_manaName":"Terremoto de Michoacán de 1985 (México)","name":"Terremoto de Michoacán de 1985 (México)","_manaColor":"#e79b9b","_manaFillOpacity":0.9,"_manaWeight":1.2,"_manaBorderColor":"#ffffff","_manaGeometryType":"point","_manaGroupName":"Terremotos de magnitud ≥ 8","_manaGroupId":1,"markerType":"emoji_collision","_manaMarkerType":"emoji_collision","_manaEmojiSize":22,"_manaLabelStyle":{"enabled":true,"field":"_manaName","fontFamily":"monospace","fontSize":10,"fontWeight":"600","color":"#0f172a","haloWidth":3,"haloColor":"#ffffff","opacity":0.9,"placement":"auto"},"Magnitud":8,"Profundidad (km)":27.9,"Año":1985,"Fecha":"1985-09-19","Lugar (USGS)":"1985 Michoacan, Mexico Earthquake","Tsunami":"No","Código USGS":"usp0002jwe","Dato":"M 8 · 27,9 km · 1985","Description":"Terremoto de magnitud 8 con epicentro real cerca de 1985 Michoacan, Mexico Earthquake. Profundidad focal: 27,9 km. Fecha: 19 de septiembre de 1985. Tsunami: No."},"geometry":{"type":"Point","coordinates":[-102.533,18.19]}},{"type":"Feature","properties":{"_manaName":"Terremoto de Haida Gwaii de 1949 (Canadá)","name":"Terremoto de Haida Gwaii de 1949 (Canadá)","_manaColor":"#e79b9b","_manaFillOpacity":0.9,"_manaWeight":1.2,"_manaBorderColor":"#ffffff","_manaGeometryType":"point","_manaGroupName":"Terremotos de magnitud ≥ 8","_manaGroupId":1,"markerType":"emoji_collision","_manaMarkerType":"emoji_collision","_manaEmojiSize":22,"_manaLabelStyle":{"enabled":true,"field":"_manaName","fontFamily":"monospace","fontSize":10,"fontWeight":"600","color":"#0f172a","haloWidth":3,"haloColor":"#ffffff","opacity":0.9,"placement":"auto"},"Magnitud":8,"Profundidad (km)":10,"Año":1949,"Fecha":"1949-08-22","Lugar (USGS)":"The 1949 Haida Gwaii, Canada Earthquake","Tsunami":"No","Código USGS":"official19490822040118000_10","Dato":"M 8 · 10 km · 1949","Description":"Terremoto de magnitud 8 con epicentro real cerca de The 1949 Haida Gwaii, Canada Earthquake. Profundidad focal: 10 km. Fecha: 22 de agosto de 1949. Tsunami: No."},"geometry":{"type":"Point","coordinates":[-133.015,53.673]}},{"type":"Feature","properties":{"_manaName":"Terremoto de San Vicente de Cañete de 2007 (Perú)","name":"Terremoto de San Vicente de Cañete de 2007 (Perú)","_manaColor":"#e79b9b","_manaFillOpacity":0.9,"_manaWeight":1.2,"_manaBorderColor":"#ffffff","_manaGeometryType":"point","_manaGroupName":"Terremotos de magnitud ≥ 8","_manaGroupId":1,"markerType":"emoji_collision","_manaMarkerType":"emoji_collision","_manaEmojiSize":22,"_manaLabelStyle":{"enabled":true,"field":"_manaName","fontFamily":"monospace","fontSize":10,"fontWeight":"600","color":"#0f172a","haloWidth":3,"haloColor":"#ffffff","opacity":0.9,"placement":"auto"},"Magnitud":8,"Profundidad (km)":39,"Año":2007,"Fecha":"2007-08-15","Lugar (USGS)":"41 km SW of San Vicente de Cañete, Peru","Tsunami":"No","Código USGS":"usp000fjta","Dato":"M 8 · 39 km · 2007","Description":"Terremoto de magnitud 8 con epicentro real cerca de 41 km SW of San Vicente de Cañete, Peru. Profundidad focal: 39 km. Fecha: 15 de agosto de 2007. Tsunami: No."},"geometry":{"type":"Point","coordinates":[-76.603,-13.386]}},{"type":"Feature","properties":{"_manaName":"Terremoto de Navarro de 2019 (Perú)","name":"Terremoto de Navarro de 2019 (Perú)","_manaColor":"#e79b9b","_manaFillOpacity":0.9,"_manaWeight":1.2,"_manaBorderColor":"#ffffff","_manaGeometryType":"point","_manaGroupName":"Terremotos de magnitud ≥ 8","_manaGroupId":1,"markerType":"emoji_collision","_manaMarkerType":"emoji_collision","_manaEmojiSize":22,"_manaLabelStyle":{"enabled":true,"field":"_manaName","fontFamily":"monospace","fontSize":10,"fontWeight":"600","color":"#0f172a","haloWidth":3,"haloColor":"#ffffff","opacity":0.9,"placement":"auto"},"Magnitud":8,"Profundidad (km)":122.57,"Año":2019,"Fecha":"2019-05-26","Lugar (USGS)":"78 km NE of Navarro, Peru","Tsunami":"Sí","Código USGS":"us60003sc0","Dato":"M 8 · 122,6 km · 2019","Description":"Terremoto de magnitud 8 con epicentro real cerca de 78 km NE of Navarro, Peru. Profundidad focal: 122,6 km. Fecha: 26 de mayo de 2019. Tsunami: Sí."},"geometry":{"type":"Point","coordinates":[-75.2697,-5.8119]}},{"type":"Feature","properties":{"_manaName":"Terremoto de Atka de 1986 (Alaska)","name":"Terremoto de Atka de 1986 (Alaska)","_manaColor":"#e79b9b","_manaFillOpacity":0.9,"_manaWeight":1.2,"_manaBorderColor":"#ffffff","_manaGeometryType":"point","_manaGroupName":"Terremotos de magnitud ≥ 8","_manaGroupId":1,"markerType":"emoji_collision","_manaMarkerType":"emoji_collision","_manaEmojiSize":22,"_manaLabelStyle":{"enabled":true,"field":"_manaName","fontFamily":"monospace","fontSize":10,"fontWeight":"600","color":"#0f172a","haloWidth":3,"haloColor":"#ffffff","opacity":0.9,"placement":"auto"},"Magnitud":8,"Profundidad (km)":33,"Año":1986,"Fecha":"1986-05-07","Lugar (USGS)":"1986 Atka, Alaska Earthquake","Tsunami":"No","Código USGS":"usp0002tmu","Dato":"M 8 · 33 km · 1986","Description":"Terremoto de magnitud 8 con epicentro real cerca de 1986 Atka, Alaska Earthquake. Profundidad focal: 33 km. Fecha: 7 de mayo de 1986. Tsunami: No."},"geometry":{"type":"Point","coordinates":[-174.776,51.52]}},{"type":"Feature","properties":{"_manaName":"Terremoto de Santa Cruz de 2013","name":"Terremoto de Santa Cruz de 2013","_manaColor":"#e79b9b","_manaFillOpacity":0.9,"_manaWeight":1.2,"_manaBorderColor":"#ffffff","_manaGeometryType":"point","_manaGroupName":"Terremotos de magnitud ≥ 8","_manaGroupId":1,"markerType":"emoji_collision","_manaMarkerType":"emoji_collision","_manaEmojiSize":22,"_manaLabelStyle":{"enabled":true,"field":"_manaName","fontFamily":"monospace","fontSize":10,"fontWeight":"600","color":"#0f172a","haloWidth":3,"haloColor":"#ffffff","opacity":0.9,"placement":"auto"},"Magnitud":8,"Profundidad (km)":24,"Año":2013,"Fecha":"2013-02-06","Lugar (USGS)":"2013 Santa Cruz Islands Earthquake","Tsunami":"Sí","Código USGS":"usc000f1s0","Dato":"M 8 · 24 km · 2013","Description":"Terremoto de magnitud 8 con epicentro real cerca de 2013 Santa Cruz Islands Earthquake. Profundidad focal: 24 km. Fecha: 6 de febrero de 2013. Tsunami: Sí."},"geometry":{"type":"Point","coordinates":[165.114,-10.799]}}]}