{"type":"FeatureCollection","features":[{"type":"Feature","properties":{"_manaName":"Groenlandia","name":"Greenland","_manaColor":"#1e40af","_manaFillOpacity":0.85,"_manaWeight":1.5,"_manaBorderColor":"#ffffff","_manaGroupName":"Islas más grandes del mundo","_manaGroupId":1,"_manaGeometryType":"polygon","_manaLabelStyle":{"enabled":true,"field":"_manaName","fontFamily":"Noto Sans, sans-serif","fontSize":10,"color":"#0f172a","fontWeight":"700","fontStyle":"normal","haloWidth":3,"haloColor":"#ffffff","opacity":0.95,"offsetX":0,"offsetY":0,"placement":"auto"},"Superficie":"2.166.086 km²","Población":"~56.000 hab.","País":"Dinamarca","Descripción":"La isla más grande del mundo. Territorio autónomo danés con gobierno propio desde 1979. Casi el 80% está cubierta por hielo.","Ranking":"#1","superficie_km2":2166086,"superficie_bucket":"> 1,000,000 km²"},"geometry":{"type":"Polygon","coordinates":[[[-29.952880859375,83.56484375],[-28.99199218749999,83.50478515625],[-28.483789062499994,83.434912109375],[-28.377050781250006,83.43720703125],[-27.688378906249994,83.410400390625],[-27.034423828125,83.376904296875],[-25.947412109374994,83.2896484375],[-25.795068359374994,83.260986328125],[-25.912451171874977,83.2375],[-26.182714843749977,83.22138671875],[-27.571875000000006,83.192626953125],[-30.091992187499983,83.157421875],[-31.53398437499999,83.088916015625],[-31.99267578125,83.0853515625],[-32.03271484375,82.983447265625],[-31.836767578125006,82.977880859375],[-31.515576171874983,82.991650390625],[-30.38603515624999,83.093701171875],[-29.963574218749983,83.110498046875],[-29.174999999999983,83.102001953125],[-28.151464843750006,83.063720703125],[-27.738525390625,83.077197265625],[-27.002050781250006,83.0671875],[-26.140820312499983,83.096435546875],[-25.123388671874977,83.159619140625],[-24.845166015624983,83.0185546875],[-24.470312499999977,82.877392578125],[-24.17363281249999,82.893017578125],[-23.919531249999977,82.885107421875],[-23.83354492187499,82.83876953125],[-23.69462890624999,82.819140625],[-23.406933593749983,82.8296875],[-22.52490234375,82.78916015625],[-21.919677734375,82.71640625],[-21.691796874999994,82.68251953125],[-21.58251953125,82.6341796875],[-21.520654296874994,82.59541015625],[-21.61577148437499,82.547705078125],[-21.99394531249999,82.46279296875],[-22.472558593749994,82.384716796875],[-23.118066406249994,82.32470703125],[-23.862207031249994,82.287060546875],[-29.57939453124999,82.161181640625],[-29.77275390624999,82.13125],[-29.887402343749983,82.054833984375],[-29.810986328124983,81.95546875],[-29.543847656249994,81.93994140625],[-28.91943359375,81.9958984375],[-27.839501953124994,82.048876953125],[-27.04594726562499,82.046337890625],[-25.148828124999994,82.001123046875],[-24.58916015624999,81.8828125],[-24.293066406249977,81.7009765625],[-23.63652343749999,81.741845703125],[-23.49614257812499,81.773046875],[-23.392968749999994,81.827197265625],[-23.310546875,81.885302734375],[-23.248779296875,81.947265625],[-23.179833984374994,81.989453125],[-23.103710937499983,82.01181640625],[-22.940087890624994,82.030517578125],[-22.563378906249994,82.05302734375],[-21.575537109374977,82.074951171875],[-21.337988281249977,82.068701171875],[-21.167382812499994,81.983837890625],[-21.130322265624983,81.934228515625],[-21.11796874999999,81.86962890625],[-21.123437499999994,81.78994140625],[-21.146582031249977,81.695166015625],[-21.23051757812499,81.6013671875],[-21.50390625,81.4375],[-21.7236328125,81.3482421875],[-21.96074218749999,81.283935546875],[-22.415283203125,81.137109375],[-22.57275390625,81.097900390625],[-23.072460937499983,80.926708984375],[-23.196386718749977,80.84736328125],[-23.20366210937499,80.7892578125],[-23.11772460937499,80.778173828125],[-22.972851562499983,80.8328125],[-22.9189453125,80.871826171875],[-22.82568359375,80.912646484375],[-22.08940429687499,81.02021484375],[-21.931347656249983,81.0501953125],[-21.44975585937499,81.178173828125],[-21.142431640624977,81.226171875],[-20.889746093749977,81.2763671875],[-20.755859375,81.31201171875],[-20.015722656249977,81.56435546875],[-19.62993164062499,81.639892578125],[-19.224755859374994,81.6400390625],[-19.152978515624994,81.51220703125],[-18.667382812499994,81.492431640625],[-18.45654296875,81.49794921875],[-18.117871093749983,81.466845703125],[-17.969384765624994,81.441162109375],[-17.716650390624977,81.428173828125],[-17.4560546875,81.397705078125],[-17.226220703124994,81.430419921875],[-17.159033203124977,81.450927734375],[-16.93706054687499,81.543896484375],[-16.637109374999994,81.626220703125],[-16.358984374999977,81.729052734375],[-16.266796874999983,81.753955078125],[-16.120703124999977,81.776611328125],[-15.968896484374994,81.785498046875],[-15.555517578124977,81.83359375],[-15.450634765624983,81.836962890625],[-15.227490234374983,81.82177734375],[-14.241992187499989,81.8138671875],[-13.704492187499994,81.7890625],[-12.956005859374983,81.72021484375],[-12.434423828124977,81.68251953125],[-12.19287109375,81.64912109375],[-11.841113281249989,81.5775390625],[-11.557470703124977,81.50263671875],[-11.425537109375,81.480615234375],[-11.4306640625,81.4568359375],[-11.52880859375,81.4240234375],[-12.231347656249994,81.309228515625],[-12.461230468749989,81.23251953125],[-13.126220703125,81.08779296875],[-13.451171875,81.0380859375],[-13.804296874999977,81.018603515625],[-14.197363281249977,81.013916015625],[-14.452343749999983,80.993115234375],[-14.490136718749994,80.973291015625],[-14.308496093749994,80.913232421875],[-14.228564453124989,80.870458984375],[-14.240185546874983,80.832421875],[-14.431249999999977,80.77607421875],[-14.503564453124994,80.76328125],[-15.194238281249994,80.721435546875],[-15.542675781249983,80.650390625],[-15.997509765624983,80.64169921875],[-16.318945312499977,80.6498046875],[-16.760595703124977,80.573388671875],[-16.587792968749994,80.51123046875],[-16.429443359375,80.484228515625],[-15.937255859375,80.42763671875],[-15.9326171875,80.3951171875],[-16.16777343749999,80.32939453125],[-16.48876953125,80.251953125],[-16.868408203125,80.1982421875],[-17.011132812499994,80.190185546875],[-17.191162109375,80.203662109375],[-17.35722656249999,80.20078125],[-17.722851562499983,80.176025390625],[-18.070947265624994,80.1720703125],[-18.692578124999983,80.207080078125],[-19.029003906249983,80.247607421875],[-19.206005859374983,80.26162109375],[-19.42919921875,80.25771484375],[-19.515039062499994,80.24140625],[-19.866796874999977,80.1447265625],[-20.039501953124983,80.0787109375],[-20.150146484375,80.01123046875],[-20.197412109374994,79.937646484375],[-20.181347656249983,79.857958984375],[-20.13847656249999,79.803369140625],[-20.06884765625,79.773779296875],[-19.98540039062499,79.755859375],[-19.839306640624983,79.746484375],[-19.51787109374999,79.75537109375],[-19.391503906249994,79.750341796875],[-19.35302734375,79.7341796875],[-19.283593749999994,79.683154296875],[-19.295996093749977,79.635009765625],[-19.354199218749983,79.567333984375],[-19.399316406249994,79.48837890625],[-19.43120117187499,79.39814453125],[-19.414013671874983,79.348828125],[-19.28398437499999,79.338037109375],[-19.22294921874999,79.3416015625],[-19.152197265624977,79.325390625],[-19.07177734375,79.289453125],[-19.011328124999977,79.25146484375],[-18.970800781249977,79.211376953125],[-18.99199218749999,79.178369140625],[-19.074951171875,79.15234375],[-19.26220703125,79.122998046875],[-19.723046874999994,79.0650390625],[-19.76982421874999,79.04736328125],[-19.806054687499994,79.012109375],[-19.83159179687499,78.959130859375],[-19.88720703125,78.9109375],[-19.972900390625,78.867626953125],[-20.050488281249983,78.841796875],[-20.199902343749983,78.830322265625],[-20.395703124999983,78.82880859375],[-20.615576171874977,78.80390625],[-21.133740234374983,78.658642578125],[-21.141455078124977,78.642529296875],[-20.947460937499983,78.5958984375],[-20.955664062499977,78.555029296875],[-21.194775390624983,78.379833984375],[-21.260205078124983,78.293017578125],[-21.31201171875,78.173974609375],[-21.39726562499999,78.073583984375],[-21.515966796874977,77.991845703125],[-21.632666015624977,77.8974609375],[-21.74755859375,77.790625],[-21.729589843749977,77.708544921875],[-21.57890624999999,77.6513671875],[-21.37968749999999,77.69755859375],[-21.13188476562499,77.847216796875],[-20.86259765624999,77.911865234375],[-20.57182617187499,77.891552734375],[-20.318603515625,77.861962890625],[-19.9951171875,77.80341796875],[-19.724316406249983,77.766943359375],[-19.490429687499983,77.718896484375],[-19.393994140624983,77.678369140625],[-19.296875,77.6212890625],[-19.296093749999983,77.58525390625],[-19.467529296875,77.5658203125],[-19.524121093749983,77.57197265625],[-19.953222656249977,77.666357421875],[-20.162060546874983,77.68984375],[-20.439208984375,77.66162109375],[-20.680810546874994,77.618994140625],[-20.463769531249994,77.447314453125],[-20.23193359375,77.368408203125],[-19.80864257812499,77.332373046875],[-19.587597656249983,77.29443359375],[-19.426416015624994,77.24599609375],[-19.30029296875,77.22236328125],[-19.131005859374994,77.232763671875],[-18.903417968749977,77.28046875],[-18.585888671874983,77.283056640625],[-18.442626953125,77.259375],[-18.339013671874994,77.215283203125],[-18.292382812499994,77.132861328125],[-18.302734375,77.012109375],[-18.337255859374977,76.92119140625],[-18.39604492187499,76.86005859375],[-18.51030273437499,76.778173828125],[-18.60576171874999,76.76328125],[-18.74028320312499,76.767724609375],[-18.865332031249977,76.784521484375],[-18.98100585937499,76.81376953125],[-19.156347656249977,76.836572265625],[-19.5087890625,76.861083984375],[-19.864941406249983,76.914404296875],[-20.064355468749994,76.927587890625],[-20.486718749999994,76.92080078125],[-20.942089843749983,76.88701171875],[-20.959912109374983,76.84267578125],[-21.614697265624983,76.687890625],[-21.7490234375,76.689990234375],[-21.930810546874994,76.7431640625],[-22.185253906249983,76.794091796875],[-22.334326171874977,76.793701171875],[-22.554541015624977,76.729248046875],[-22.609326171874983,76.704296875],[-22.606640624999983,76.68076171875],[-22.444433593749977,76.625048828125],[-22.378613281249983,76.61220703125],[-22.294873046874983,76.60146484375],[-22.00371093749999,76.5880859375],[-21.877343749999994,76.573486328125],[-21.75810546874999,76.400537109375],[-21.569091796875,76.293701171875],[-21.488232421874983,76.271875],[-21.416845703124977,76.264013671875],[-21.185449218749994,76.26796875],[-20.887402343749983,76.30400390625],[-20.783300781249977,76.275146484375],[-20.563818359374977,76.23984375],[-20.435400390624977,76.2310546875],[-20.279296875,76.232470703125],[-20.103613281249977,76.219091796875],[-19.862890624999977,76.120654296875],[-19.957714843749983,75.9966796875],[-19.806884765625,75.89736328125],[-19.566015624999977,75.794970703125],[-19.508984374999983,75.75751953125],[-19.485693359374977,75.689599609375],[-19.48027343749999,75.644775390625],[-19.462158203125,75.603857421875],[-19.43144531249999,75.56689453125],[-19.399511718749977,75.49443359375],[-19.366455078125,75.38642578125],[-19.37529296874999,75.298193359375],[-19.425976562499983,75.229833984375],[-19.5263671875,75.180224609375],[-19.67626953125,75.149365234375],[-19.798486328124994,75.157470703125],[-19.893164062499977,75.204541015625],[-20.026562499999983,75.2546875],[-20.198681640624983,75.307958984375],[-20.484960937499977,75.3142578125],[-20.905859374999977,75.15693359375],[-21.093847656249977,75.149072265625],[-21.246533203124983,75.1333984375],[-21.409423828125,75.064794921875],[-21.649316406249994,75.0234375],[-21.861035156249983,75.03984375],[-22.232861328124983,75.1197265625],[-22.097753906249977,75.066357421875],[-21.90434570312499,75.00390625],[-21.783935546875,74.971484375],[-21.69511718749999,74.964453125],[-21.59765625,74.97197265625],[-21.45732421874999,74.99755859375],[-21.140576171874983,75.0685546875],[-21.05668945312499,75.07939453125],[-20.985791015624983,75.074365234375],[-20.92778320312499,75.05341796875],[-20.861083984375,74.992578125],[-20.78569335937499,74.891748046875],[-20.795312499999994,74.80595703125],[-20.889990234374977,74.735205078125],[-20.97099609374999,74.68984375],[-21.038281249999983,74.669873046875],[-21.038476562499994,74.654150390625],[-20.861572265625,74.6359375],[-20.61113281249999,74.72822265625],[-20.53173828125,74.842919921875],[-20.417089843749977,74.9751953125],[-20.214257812499994,75.01923828125],[-19.98491210937499,74.9751953125],[-19.799707031249994,74.851708984375],[-19.537792968749983,74.624560546875],[-19.427343749999977,74.600927734375],[-19.287011718749994,74.54638671875],[-19.22509765625,74.4794921875],[-19.241650390624983,74.4001953125],[-19.271582031249977,74.342626953125],[-19.31494140625,74.306787109375],[-19.369140625,74.284033203125],[-19.466748046874983,74.269482421875],[-19.646240234375,74.257958984375],[-20.047558593749983,74.282275390625],[-20.256445312499977,74.2828125],[-20.230566406249977,74.204638671875],[-20.65312499999999,74.137353515625],[-21.12944335937499,74.110888671875],[-21.58056640625,74.1634765625],[-21.954931640624977,74.244287109375],[-21.83203125,74.357275390625],[-21.761962890625,74.482763671875],[-21.94291992187499,74.56572265625],[-21.982617187499983,74.56748046875],[-21.920166015625,74.439208984375],[-21.97270507812499,74.3900390625],[-22.177197265624983,74.33017578125],[-22.32158203124999,74.3025390625],[-22.334326171874977,74.286376953125],[-22.263525390624977,74.272412109375],[-22.21733398437499,74.2455078125],[-22.195654296874977,74.205712890625],[-22.22001953124999,74.16552734375],[-22.29057617187499,74.125],[-22.328955078124977,74.090966796875],[-22.33525390624999,74.063427734375],[-22.27055664062499,74.0298828125],[-22.13481445312499,73.990478515625],[-21.987695312499994,73.97099609375],[-21.298291015624983,73.962451171875],[-21.022216796875,73.941259765625],[-20.367285156249977,73.8482421875],[-20.337988281249977,73.819677734375],[-20.448925781249983,73.65302734375],[-20.509667968749994,73.49287109375],[-20.63671875,73.46357421875],[-21.325878906249983,73.456640625],[-21.547998046874994,73.431689453125],[-21.87285156249999,73.35810546875],[-22.18505859375,73.269873046875],[-22.346874999999983,73.26923828125],[-22.987499999999983,73.346240234375],[-23.23320312499999,73.397705078125],[-23.760595703124977,73.543115234375],[-24.15771484375,73.764453125],[-24.33989257812499,73.672412109375],[-24.451269531249977,73.628515625],[-24.566308593749994,73.60576171875],[-24.67724609375,73.602197265625],[-24.7841796875,73.617919921875],[-24.905468749999983,73.652783203125],[-25.108837890624983,73.73369140625],[-25.351464843749994,73.813623046875],[-25.52128906249999,73.851611328125],[-25.527734374999994,73.8408203125],[-25.427441406249983,73.793798828125],[-25.280517578125,73.739599609375],[-24.908886718749983,73.58017578125],[-24.7783203125,73.539892578125],[-24.791259765625,73.511279296875],[-25.02587890625,73.485791015625],[-25.310742187499983,73.431005859375],[-25.450097656249994,73.390673828125],[-25.665429687499994,73.292822265625],[-25.740185546874983,73.27763671875],[-26.06230468749999,73.25302734375],[-26.168554687499977,73.259033203125],[-26.40673828125,73.312939453125],[-26.765478515625006,73.348193359375],[-26.976708984374994,73.379541015625],[-27.270410156249994,73.436279296875],[-27.169384765624983,73.374169921875],[-26.603613281250006,73.2794921875],[-26.541845703125006,73.248974609375],[-26.657617187499994,73.192138671875],[-26.728613281250006,73.17138671875],[-26.86333007812499,73.1669921875],[-27.061865234375006,73.17890625],[-27.264892578125,73.17646484375],[-27.472363281249983,73.159814453125],[-27.561621093750006,73.1384765625],[-27.532568359375006,73.112548828125],[-27.483154296875,73.088916015625],[-27.413330078125,73.067626953125],[-27.348046874999994,73.067822265625],[-27.189892578124983,73.132421875],[-27.070019531249983,73.13701171875],[-26.75322265624999,73.12109375],[-26.432861328125,73.171484375],[-26.202001953124977,73.193212890625],[-26.028759765624983,73.198779296875],[-25.399023437499977,73.27578125],[-25.268310546875,73.361962890625],[-25.057031249999994,73.396484375],[-24.58720703124999,73.42294921875],[-24.132666015624977,73.409375],[-23.89897460937499,73.398291015625],[-23.709619140624994,73.316796875],[-23.455761718749983,73.25908203125],[-23.244091796874983,73.19326171875],[-22.996044921874983,73.17158203125],[-22.852294921875,73.083984375],[-22.4501953125,72.986083984375],[-22.194238281249994,72.9650390625],[-22.036328124999983,72.91845703125],[-22.02348632812499,72.72080078125],[-22.006738281249994,72.63544921875],[-22.074804687499977,72.39921875],[-22.280224609374983,72.344775390625],[-22.2392578125,72.220263671875],[-22.293212890625,72.11953125],[-22.497509765624983,72.157763671875],[-22.70683593749999,72.22392578125],[-23.2080078125,72.3265625],[-23.67436523437499,72.392578125],[-23.855566406249977,72.45244140625],[-24.069042968749983,72.49873046875],[-24.358593749999983,72.6873046875],[-24.547216796874977,72.921728515625],[-24.629980468749977,73.037646484375],[-24.78857421875,73.044140625],[-24.99248046874999,73.0130859375],[-25.170556640624994,72.9802734375],[-25.255859375,72.92412109375],[-25.86083984375,72.846875],[-26.080468749999994,72.793994140625],[-26.205761718749983,72.795556640625],[-26.657617187499994,72.7158203125],[-26.4765625,72.67763671875],[-26.39208984375,72.672802734375],[-26.20947265625,72.694384765625],[-26.099804687499983,72.721923828125],[-25.68798828125,72.79736328125],[-25.357421875,72.81025390625],[-25.237499999999983,72.8427734375],[-24.984814453124983,72.889208984375],[-24.813330078124977,72.901513671875],[-24.789453124999994,72.88974609375],[-24.77104492187499,72.86865234375],[-24.649999999999977,72.58251953125],[-24.70068359375,72.50634765625],[-24.8369140625,72.47333984375],[-25.128027343749977,72.419189453125],[-25.203710937499977,72.39296875],[-25.117871093749983,72.34697265625],[-24.844189453124983,72.39033203125],[-24.666845703124977,72.437353515625],[-24.572363281249977,72.42021484375],[-24.417187499999983,72.3482421875],[-24.242285156249977,72.311328125],[-23.797705078124977,72.200732421875],[-23.587109374999983,72.139794921875],[-23.290917968749994,72.081005859375],[-22.955761718749983,71.9994140625],[-22.868505859374977,71.970654296875],[-22.562158203124994,71.928271484375],[-22.49687499999999,71.913818359375],[-22.370214843749977,71.76982421875],[-22.264501953124977,71.75380859375],[-21.959667968749983,71.744677734375],[-22.013330078124994,71.688818359375],[-22.31103515625,71.56455078125],[-22.464990234374994,71.52490234375],[-22.50322265624999,71.500439453125],[-22.48857421874999,71.456689453125],[-22.479638671874994,71.383447265625],[-22.417578124999977,71.248681640625],[-22.347753906249977,71.373486328125],[-22.299023437499983,71.43232421875],[-22.233789062499994,71.449951171875],[-22.169580078124994,71.4525390625],[-21.96142578125,71.508203125],[-21.75224609374999,71.4783203125],[-21.697949218749983,71.337451171875],[-21.67119140624999,71.20595703125],[-21.689648437499983,71.0923828125],[-21.666601562499977,70.915869140625],[-21.674511718749983,70.856298828125],[-21.625146484374994,70.804638671875],[-21.573925781249983,70.590478515625],[-21.522656249999983,70.526220703125],[-21.62553710937499,70.4685546875],[-21.943505859374994,70.44345703125],[-22.069287109374983,70.471875],[-22.384130859374977,70.46240234375],[-22.384521484375,70.513134765625],[-22.399853515624983,70.5712890625],[-22.401123046875,70.6119140625],[-22.422119140625,70.648681640625],[-22.43701171875,70.860009765625],[-22.526074218749983,70.8078125],[-22.531347656249977,70.764990234375],[-22.555029296874977,70.721435546875],[-22.60966796874999,70.493310546875],[-22.690673828125,70.4373046875],[-22.942578124999983,70.45078125],[-23.190624999999983,70.44248046875],[-23.327832031249983,70.4509765625],[-23.79179687499999,70.55517578125],[-23.971386718749983,70.649462890625],[-24.13037109375,70.791064453125],[-24.228515625,70.923388671875],[-24.265722656249977,71.046337890625],[-24.37700195312499,71.14638671875],[-24.562207031249983,71.22353515625],[-24.781005859375,71.286083984375],[-25.033398437499983,71.333935546875],[-25.254980468749977,71.395703125],[-25.44580078125,71.471240234375],[-25.655859374999977,71.530029296875],[-25.885156249999994,71.571923828125],[-26.21142578125,71.58994140625],[-26.68852539062499,71.583349609375],[-27.010644531249994,71.63056640625],[-27.08720703124999,71.6265625],[-27.162304687499983,71.602197265625],[-27.107031250000006,71.532666015625],[-26.737207031249994,71.50078125],[-26.452001953125006,71.493505859375],[-26.074072265624977,71.498046875],[-25.842724609374983,71.48017578125],[-25.7578125,71.43994140625],[-25.699414062499983,71.368310546875],[-25.667578124999977,71.26533203125],[-25.74223632812499,71.18359375],[-26.014111328124983,71.092822265625],[-26.15751953124999,71.05029296875],[-26.57597656249999,70.968701171875],[-26.717919921874994,70.95048828125],[-27.067333984374983,70.944921875],[-27.335693359375,70.952783203125],[-27.68876953124999,70.99345703125],[-27.888916015625,71.001708984375],[-28.303124999999994,71.007177734375],[-28.3984375,70.992919921875],[-28.29155273437499,70.94931640625],[-28.115869140624994,70.924609375],[-27.9921875,70.89521484375],[-27.97929687499999,70.839501953125],[-28.023876953124983,70.756787109375],[-28.06987304687499,70.6990234375],[-28.145654296874994,70.6556640625],[-28.41748046875,70.57353515625],[-28.53007812499999,70.54755859375],[-29.036816406249983,70.4615234375],[-29.07207031249999,70.444970703125],[-28.953466796875006,70.447216796875],[-28.63310546874999,70.477783203125],[-28.540917968749994,70.476904296875],[-28.015039062499994,70.40224609375],[-27.596093749999994,70.406689453125],[-26.747265624999983,70.475537109375],[-26.677490234375,70.47421875],[-26.621777343749983,70.46337890625],[-26.5654296875,70.437548828125],[-26.508398437500006,70.396630859375],[-26.576806640624994,70.357080078125],[-26.770654296874994,70.318896484375],[-27.072509765625,70.281201171875],[-27.203222656250006,70.255712890625],[-27.328125,70.217138671875],[-27.56083984374999,70.124462890625],[-27.628857421874983,70.02822265625],[-27.384179687499994,69.9916015625],[-27.27421874999999,70.037939453125],[-27.144482421874983,70.1408203125],[-27.027734374999994,70.201220703125],[-26.752148437499983,70.2421875],[-26.415673828124994,70.221337890625],[-26.155712890624983,70.24560546875],[-25.624853515624977,70.34697265625],[-25.529882812499977,70.353173828125],[-24.74882812499999,70.295068359375],[-24.041015625,70.181201171875],[-23.667333984374977,70.139306640625],[-23.173242187499994,70.114599609375],[-22.28447265624999,70.125830078125],[-22.20659179687499,70.10791015625],[-22.235449218749977,70.067578125],[-22.287060546874983,70.0333984375],[-22.43510742187499,69.9857421875],[-22.614941406249983,69.954248046875],[-22.726220703124994,69.945361328125],[-22.820898437499977,69.9228515625],[-23.033642578124983,69.900830078125],[-23.088232421874977,69.882958984375],[-23.014550781249994,69.804833984375],[-23.049560546875,69.792724609375],[-23.236962890624994,69.791455078125],[-23.55253906249999,69.74052734375],[-23.811621093749977,69.744189453125],[-23.86572265625,69.73671875],[-23.816552734374994,69.717822265625],[-23.764257812499977,69.68134765625],[-23.708984375,69.62724609375],[-23.739404296874994,69.588623046875],[-23.855566406249977,69.565576171875],[-23.94365234374999,69.558056640625],[-24.247509765624983,69.590380859375],[-24.29667968749999,69.585546875],[-24.252294921874977,69.562353515625],[-24.22705078125,69.526953125],[-24.220898437499983,69.479296875],[-24.295556640624994,69.439306640625],[-24.451074218749994,69.407080078125],[-24.740576171874977,69.318408203125],[-24.866601562499994,69.29306640625],[-25.132519531249983,69.272119140625],[-25.188574218749977,69.260546875],[-25.080468749999994,69.19248046875],[-25.092431640624994,69.165185546875],[-25.272216796875,69.0916015625],[-25.544042968749977,69.045703125],[-25.581152343749977,69.020947265625],[-25.606347656249994,68.954443359375],[-25.626123046874994,68.927978515625],[-25.697998046875,68.889892578125],[-25.95585937499999,68.81728515625],[-26.138623046874983,68.78115234375],[-26.229248046875,68.7515625],[-26.341406249999977,68.7021484375],[-26.48291015625,68.675927734375],[-26.653710937499994,68.6728515625],[-26.815332031249994,68.654345703125],[-27.081152343750006,68.601806640625],[-27.266259765624994,68.584326171875],[-27.851220703124994,68.493505859375],[-28.12646484375,68.47900390625],[-28.36455078124999,68.446533203125],[-28.854345703125006,68.359814453125],[-29.08769531249999,68.33193359375],[-29.24951171875,68.298779296875],[-29.426220703124983,68.289306640625],[-29.713574218749983,68.31083984375],[-29.868505859375006,68.311572265625],[-29.963769531249994,68.29853515625],[-30.051123046875006,68.271923828125],[-30.195507812499983,68.198974609375],[-30.318115234375,68.193310546875],[-30.72001953124999,68.251171875],[-30.711865234374983,68.224951171875],[-30.605664062499983,68.162353515625],[-30.610742187499994,68.117919921875],[-30.849755859374994,68.0728515625],[-30.97856445312499,68.061328125],[-31.16845703125,68.079833984375],[-31.41948242187499,68.128466796875],[-31.74199218749999,68.22998046875],[-32.13725585937499,68.384912109375],[-32.32744140624999,68.4373046875],[-32.31367187499998,68.38759765625],[-32.269628906250006,68.339013671875],[-32.195214843749994,68.291650390625],[-32.18012695312498,68.257275390625],[-32.224218750000006,68.235986328125],[-32.282373046874994,68.225244140625],[-32.354589843750006,68.22509765625],[-32.366845703124994,68.213037109375],[-32.248925781249994,68.139111328125],[-32.15595703124998,68.06318359375],[-32.16455078125,67.99111328125],[-32.274804687499994,67.9228515625],[-32.369531249999994,67.882763671875],[-32.44873046875,67.870947265625],[-32.91801757812499,67.70068359375],[-33.048730468749994,67.679248046875],[-33.108154296875,67.658203125],[-33.156982421875,67.626708984375],[-33.293603515624994,67.4857421875],[-33.348876953125,67.442724609375],[-33.45849609375,67.38671875],[-33.50444335937499,67.377001953125],[-33.517578125,67.35419921875],[-33.49775390624998,67.3181640625],[-33.527978515624994,67.258154296875],[-33.60820312499999,67.17421875],[-33.88134765625,66.94228515625],[-34.101660156250006,66.725927734375],[-34.1982421875,66.655078125],[-34.268896484375006,66.625048828125],[-34.313623046874994,66.635791015625],[-34.4228515625,66.63017578125],[-34.47587890624999,66.592138671875],[-34.52392578125,66.52333984375],[-34.576269531250006,66.4708984375],[-34.6328125,66.434765625],[-35.07465820312498,66.279150390625],[-35.188574218750006,66.25029296875],[-35.290869140625006,66.2685546875],[-35.411718750000006,66.2615234375],[-35.66206054687498,66.34375],[-35.705468749999994,66.373974609375],[-35.86723632812499,66.44140625],[-35.86186523437499,66.40625],[-35.834716796875,66.386865234375],[-35.812109375000006,66.3583984375],[-35.755517578124994,66.32353515625],[-35.63007812499998,66.13994140625],[-35.72929687499999,66.10224609375],[-35.81791992187499,66.059228515625],[-36.044189453125,65.98662109375],[-36.288720703124994,65.86484375],[-36.37919921874999,65.830810546875],[-36.39921874999999,65.930078125],[-36.38896484374999,65.959716796875],[-36.527246093749994,66.00771484375],[-36.52275390624999,65.97314453125],[-36.537011718749994,65.940869140625],[-36.63725585937499,65.8123046875],[-36.665185546874994,65.790087890625],[-36.714501953124994,65.795068359375],[-36.822167968749994,65.771337890625],[-36.93242187499999,65.782568359375],[-37.02587890625,65.84111328125],[-37.06279296874999,65.871435546875],[-37.23320312499999,65.7880859375],[-37.316015625000006,65.790234375],[-37.329833984375,65.720166015625],[-37.410058593749994,65.65634765625],[-37.51606445312498,65.6287109375],[-37.66376953124998,65.630859375],[-37.75419921874999,65.59306640625],[-37.95478515624998,65.63359375],[-38.00126953124999,65.709619140625],[-37.84228515625,65.813818359375],[-37.79736328125,65.856787109375],[-37.826513671875006,65.90966796875],[-37.787841796875,65.977978515625],[-37.484472656250006,66.19462890625],[-37.278710937499994,66.30439453125],[-37.290673828124994,66.32392578125],[-37.569921875000006,66.3478515625],[-37.81391601562498,66.385498046875],[-38.051660156249994,66.3984375],[-38.156640624999994,66.385595703125],[-37.989160156249994,66.32265625],[-37.752343749999994,66.2615234375],[-37.868896484375,66.203125],[-37.96943359374998,66.14111328125],[-38.07343749999998,65.97255859375],[-38.13994140624999,65.903515625],[-38.39814453124998,65.982861328125],[-38.520361328125006,66.00966796875],[-38.44267578124999,65.9216796875],[-38.21635742187499,65.838330078125],[-38.20185546874998,65.810888671875],[-38.203369140625,65.71171875],[-38.63671875,65.624365234375],[-39.088964843750006,65.6111328125],[-39.41337890624999,65.586279296875],[-39.9609375,65.556201171875],[-40.17353515624998,65.55615234375],[-40.191552734374994,65.522509765625],[-39.65595703124998,65.368896484375],[-39.57792968749999,65.340771484375],[-39.65253906249998,65.287841796875],[-39.76318359375,65.254931640625],[-39.937255859375,65.1416015625],[-40.02802734374998,65.1025390625],[-40.25312499999998,65.048876953125],[-40.667578125000006,65.108740234375],[-40.88056640624998,65.081982421875],[-41.08442382812498,65.100830078125],[-41.08867187499999,65.0353515625],[-41.027734374999994,64.987548828125],[-40.96601562499998,64.86884765625],[-40.82929687499998,64.878076171875],[-40.65546874999998,64.91533203125],[-40.521093750000006,64.82548828125],[-40.432714843750006,64.673193359375],[-40.278417968750006,64.595947265625],[-40.209863281249994,64.536279296875],[-40.182226562500006,64.479931640625],[-40.278466796874994,64.423828125],[-40.477636718750006,64.34443359375],[-40.69853515624999,64.329736328125],[-40.686425781249994,64.266943359375],[-40.78173828125,64.22177734375],[-40.98457031249998,64.235009765625],[-41.07939453124999,64.26650390625],[-41.177734375,64.2814453125],[-41.58100585937498,64.29833984375],[-41.17499999999998,64.177392578125],[-41.03056640624999,64.121044921875],[-40.96630859375,64.154443359375],[-40.82568359375,64.162548828125],[-40.617773437500006,64.13173828125],[-40.65234375,63.927734375],[-40.561279296875,63.762353515624994],[-40.550390625000006,63.725244140624994],[-40.77153320312499,63.626171875],[-40.77519531249999,63.533642578125],[-40.906835937500006,63.507861328125],[-41.048730468749994,63.513818359374994],[-41.05615234375,63.412255859374994],[-41.152246093749994,63.34892578125],[-41.13520507812498,63.30927734375],[-41.10771484374999,63.273779296875],[-41.195458984374994,63.209228515625],[-41.27470703124999,63.1306640625],[-41.38789062499998,63.061865234375],[-41.447851562500006,63.0689453125],[-41.6279296875,63.064501953125],[-41.844482421875,63.070263671875],[-42.01972656249998,63.159619140625],[-42.092382812500006,63.189355468749994],[-42.17451171874998,63.2087890625],[-42.142968749999994,63.151318359375],[-42.093994140625,63.116748046875],[-41.932275390624994,63.05224609375],[-41.63447265624998,62.9724609375],[-41.64360351562499,62.915869140625],[-41.723242187500006,62.891259765624994],[-41.90898437499999,62.737109375],[-41.97490234374999,62.733789062499994],[-42.058251953124994,62.693994140624994],[-42.31562499999998,62.70732421875],[-42.423730468749994,62.72314453125],[-42.741113281249994,62.713037109374994],[-42.84907226562498,62.72666015625],[-42.941650390625,62.72021484375],[-42.85527343749999,62.676708984375],[-42.673681640625006,62.6375],[-42.467138671875006,62.598193359375],[-42.152978515624994,62.56845703125],[-42.16435546874999,62.51220703125],[-42.2431640625,62.466064453125],[-42.19794921874998,62.397119140624994],[-42.23310546874998,62.347705078125],[-42.248144531250006,62.2890625],[-42.32148437499998,62.152734374999994],[-42.23613281249999,62.0591796875],[-42.14306640625,62.013525390625],[-42.15385742187499,61.95341796875],[-42.110205078125006,61.8572265625],[-42.24970703124998,61.771386718749994],[-42.36542968749998,61.774609375],[-42.530419921874994,61.755322265625],[-42.585302734375006,61.71748046875],[-42.323632812499994,61.68173828125],[-42.34736328124998,61.617431640625],[-42.41874999999999,61.537011718749994],[-42.493750000000006,61.36279296875],[-42.64599609375,61.064111328124994],[-42.717041015625,60.767480468749994],[-43.044091796874994,60.523681640625],[-43.15996093749999,60.516943359375],[-43.189062500000006,60.507275390625],[-43.34833984374998,60.519775390625],[-43.59833984374998,60.576025390625],[-43.7919921875,60.594580078125],[-43.922705078125006,60.595361328124994],[-43.939550781250006,60.5673828125],[-43.831152343750006,60.52197265625],[-43.66547851562498,60.502978515625],[-43.533056640625006,60.472998046875],[-43.295654296875,60.444970703124994],[-43.212988281250006,60.390673828125],[-43.156494140625,60.332861328125],[-43.16484374999999,60.301025390625],[-43.16533203124999,60.263427734375],[-43.122900390625006,60.06123046875],[-43.23481445312498,59.99130859375],[-43.32011718749999,59.928124999999994],[-43.61689453124998,59.936914062499994],[-43.66850585937499,59.958935546875],[-43.95502929687498,60.02548828125],[-43.937402343749994,59.99423828125],[-43.730126953124994,59.903759765625],[-43.65791015624998,59.858642578125],[-43.706201171874994,59.84931640625],[-43.78984374999999,59.845947265625],[-43.90654296874999,59.815478515625],[-44.11699218749999,59.831933593749994],[-44.10541992187498,59.877734375],[-44.06547851562499,59.9248046875],[-44.161718750000006,59.916796875],[-44.268945312499994,59.892919921875],[-44.33124999999998,59.901708984375],[-44.38359374999999,59.899072265624994],[-44.412939453125006,59.922607421875],[-44.453466796875006,60.014550781249994],[-44.404931640624994,60.060791015625],[-44.231347656249994,60.1802734375],[-44.176123046875006,60.244384765625],[-44.224365234375,60.27353515625],[-44.34833984374998,60.20478515625],[-44.47636718749999,60.0955078125],[-44.53315429687498,60.0294921875],[-44.61328125,60.016650390625],[-44.81220703124998,60.04990234375],[-45.379248046875006,60.2029296875],[-45.36235351562499,60.295947265625],[-45.367773437500006,60.372949218749994],[-45.202490234375006,60.382714843749994],[-45.082275390625,60.4162109375],[-44.974707031250006,60.4572265625],[-44.853515625,60.53193359375],[-44.742431640625,60.6552734375],[-44.756738281249994,60.664599609375],[-45.08271484374998,60.507177734375],[-45.283300781250006,60.454541015625],[-45.380517578124994,60.444921875],[-45.428857421874994,60.46826171875],[-45.59028320312498,60.51884765625],[-45.695214843749994,60.541845703125],[-45.934326171875,60.579443359375],[-45.97651367187498,60.59970703125],[-46.046630859375,60.61572265625],[-46.141943359375006,60.776513671874994],[-46.018652343750006,60.97177734375],[-45.933740234374994,61.02841796875],[-45.8798828125,61.094140624999994],[-45.84941406249999,61.18115234375],[-45.870214843750006,61.218310546875],[-45.942285156249994,61.20556640625],[-45.975683593750006,61.17578125],[-45.97041015624998,61.12919921875],[-46.01171875,61.096826171874994],[-46.29667968749999,61.022363281249994],[-46.582421874999994,60.962060546874994],[-46.7177734375,60.904931640624994],[-46.8056640625,60.860302734375],[-46.87446289062498,60.81640625],[-46.97968749999998,60.820361328125],[-47.124853515625006,60.811328125],[-47.22441406249999,60.782861328124994],[-47.369726562500006,60.800341796875],[-47.46464843749999,60.842626953125],[-47.57905273437498,60.8474609375],[-47.70747070312498,60.827099609375],[-47.796240234375006,60.828857421875],[-47.78886718749999,60.800146484375],[-47.72993164062498,60.7294921875],[-47.82792968749999,60.724755859374994],[-48.01396484374999,60.72197265625],[-48.107519531250006,60.742431640625],[-48.180810546874994,60.76923828125],[-48.241943359375,60.8068359375],[-48.205175781250006,60.855908203125],[-47.90595703124998,60.945751953125],[-47.77031249999999,60.99775390625],[-47.858789062499994,61.015673828125],[-48.146142578124994,60.999462890625],[-48.193945312500006,61.012939453125],[-48.38642578124998,61.004736328125],[-48.37812499999998,61.1384765625],[-48.424951171874994,61.1716796875],[-48.42817382812498,61.187402343749994],[-48.49482421874998,61.22470703125],[-48.55791015624999,61.233984375],[-48.59716796875,61.247412109375],[-48.92207031249998,61.27744140625],[-48.964501953124994,61.352001953125],[-48.987207031249994,61.4287109375],[-49.049218749999994,61.523876953125],[-49.204736328124994,61.548681640625],[-49.2890625,61.58994140625],[-49.222265625000006,61.63212890625],[-49.193115234375,61.68564453125],[-49.265234375000006,61.71005859375],[-49.31123046874998,61.747802734375],[-49.30449218749999,61.772314453125],[-49.362890625000006,61.838525390624994],[-49.380273437499994,61.890185546875],[-49.3134765625,61.938623046874994],[-49.129785156249994,61.993408203125],[-49.070556640625,62.015478515625],[-49.039648437500006,62.03935546875],[-48.828710937500006,62.0796875],[-49.008154296875006,62.108203125],[-49.120458984375006,62.11259765625],[-49.202294921874994,62.09931640625],[-49.277929687500006,62.045751953125],[-49.348535156249994,62.010205078125],[-49.623779296875,61.998583984375],[-49.66425781249998,62.016943359375],[-49.68339843749999,62.092578125],[-49.667724609375,62.15087890625],[-49.553466796875,62.23271484375],[-49.68525390624998,62.273339843749994],[-49.806054687499994,62.286523437499994],[-49.943359375,62.324462890625],[-50.070214843749994,62.364501953125],[-50.17915039062498,62.4111328125],[-50.28520507812499,62.466210937499994],[-50.319238281249994,62.473193359375],[-50.280908203124994,62.53076171875],[-50.25932617187499,62.578076171875],[-50.256005859374994,62.67978515625],[-50.298730468749994,62.72197265625],[-50.203759765624994,62.8087890625],[-50.076025390625006,62.903759765625],[-49.793115234374994,63.04462890625],[-50.09223632812498,62.9767578125],[-50.33833007812498,62.828759765624994],[-50.39008789062498,62.822021484375],[-50.408203125,62.848828125],[-50.501562500000006,62.944921875],[-50.572021484375,62.971142578125],[-50.603515625,63.000048828125],[-50.743505859375006,63.05126953125],[-50.804296875000006,63.090771484375],[-50.890478515625006,63.166943359375],[-51.013085937499994,63.257568359375],[-51.187597656250006,63.436425781249994],[-51.468847656250006,63.64228515625],[-51.538183593750006,63.7580078125],[-51.451074218749994,63.90478515625],[-51.547509765624994,64.006103515625],[-51.28007812499999,64.052978515625],[-50.897558593750006,64.10556640625],[-50.699365234374994,64.149267578125],[-50.58500976562499,64.162353515625],[-50.341894531250006,64.170361328125],[-50.26069335937498,64.2142578125],[-50.39594726562498,64.203173828125],[-50.48662109374999,64.20888671875],[-50.492285156250006,64.229345703125],[-50.458740234375,64.2658203125],[-50.43706054687499,64.312841796875],[-50.4833984375,64.304345703125],[-50.721044921875006,64.22333984375],[-51.07231445312499,64.159033203125],[-51.3466796875,64.123095703125],[-51.39111328125,64.125],[-51.48710937499999,64.103271484375],[-51.54228515624999,64.097021484375],[-51.58491210937498,64.103173828125],[-51.682031249999994,64.16474609375],[-51.707861328125006,64.205078125],[-51.533789062500006,64.314208984375],[-51.40375976562498,64.46318359375],[-51.231542968750006,64.560595703125],[-51.10991210937499,64.572802734375],[-50.90654296874999,64.567578125],[-50.83491210937498,64.558984375],[-50.85771484374999,64.616796875],[-50.849218750000006,64.644677734375],[-50.684326171875,64.678173828125],[-50.492089843749994,64.6931640625],[-50.355126953124994,64.682568359375],[-50.268945312499994,64.61474609375],[-50.158203125,64.48955078125],[-50.00898437499998,64.447265625],[-50.015527343749994,64.507421875],[-50.09296874999998,64.584912109375],[-50.12163085937499,64.703759765625],[-50.21992187499998,64.753857421875],[-50.29887695312499,64.778564453125],[-50.516992187499994,64.76650390625],[-50.64814453124998,64.8533203125],[-50.677880859374994,64.885205078125],[-50.681298828124994,64.9275390625],[-50.812158203124994,65.05185546875],[-50.854248046875,65.11396484375],[-50.923730468749994,65.196728515625],[-50.96064453124998,65.201123046875],[-50.913720703124994,65.09697265625],[-50.85234374999999,65.023681640625],[-50.76484374999998,64.862548828125],[-50.721582031249994,64.797607421875],[-50.780175781249994,64.746142578125],[-50.89106445312498,64.69521484375],[-50.98906249999999,64.66484375],[-51.220605468749994,64.628466796875],[-51.17084960937498,64.707763671875],[-51.13896484374999,64.7857421875],[-51.25537109375,64.75810546875],[-51.363623046875006,64.7015625],[-51.40092773437499,64.623095703125],[-51.470458984375,64.551806640625],[-51.6767578125,64.37705078125],[-51.75810546874999,64.279931640625],[-51.8349609375,64.231982421875],[-51.922607421875,64.21875],[-51.998681640624994,64.256787109375],[-52.06318359375,64.34609375],[-52.093408203124994,64.41591796875],[-52.09702148437499,64.5970703125],[-52.0888671875,64.68154296875],[-52.1240234375,64.79541015625],[-52.23544921874999,65.060546875],[-52.259033203125,65.154931640625],[-52.44760742187499,65.205126953125],[-52.450341796874994,65.221337890625],[-52.49970703125,65.275048828125],[-52.53769531249999,65.32880859375],[-52.506249999999994,65.348486328125],[-52.46142578125,65.3626953125],[-52.179589843749994,65.441943359375],[-51.970703125,65.530712890625],[-51.721093749999994,65.669921875],[-51.619140625,65.71318359375],[-51.2529296875,65.746484375],[-51.09038085937499,65.751025390625],[-51.091894531250006,65.77578125],[-51.146386718749994,65.78564453125],[-51.393798828125,65.779150390625],[-51.72343749999999,65.723486328125],[-51.779882812500006,65.70341796875],[-51.92412109374999,65.616796875],[-52.0353515625,65.569482421875],[-52.34824218749999,65.461328125],[-52.55126953125,65.461376953125],[-52.7609375,65.5908203125],[-52.99492187499999,65.566015625],[-53.15292968749999,65.574560546875],[-53.198974609375,65.59404296875],[-53.23374023437499,65.770849609375],[-53.106347656249994,65.9771484375],[-53.24374999999999,65.979052734375],[-53.272216796875,65.98740234375],[-53.3447265625,66.034375],[-53.392041015625,66.04833984375],[-53.35693359375,66.073291015625],[-53.01787109374999,66.1708984375],[-52.510888671874994,66.36240234375],[-52.292626953124994,66.437646484375],[-52.15791015625,66.4701171875],[-52.056103515625,66.50732421875],[-51.93217773437499,66.587890625],[-51.891210937500006,66.62314453125],[-51.822119140625006,66.6515625],[-51.676367187500006,66.68359375],[-51.51708984375,66.73203125],[-51.25859374999999,66.8412109375],[-51.224999999999994,66.88154296875],[-51.28105468749999,66.890966796875],[-51.401953125000006,66.853759765625],[-51.647705078125,66.75400390625],[-51.82304687499999,66.6978515625],[-52.42124023437499,66.4466796875],[-52.67587890624999,66.355224609375],[-52.814453125,66.296875],[-52.92192382812499,66.24111328125],[-53.035791015624994,66.201416015625],[-53.15605468749999,66.177734375],[-53.412744140624994,66.1599609375],[-53.53876953125,66.13935546875],[-53.614697265625,66.1544921875],[-53.648095703124994,66.27353515625],[-53.62260742187499,66.34404296875],[-53.634716796875,66.413671875],[-53.570703124999994,66.51328125],[-53.47568359374999,66.583837890625],[-53.435791015625,66.62216796875],[-53.41874999999999,66.64853515625],[-53.22270507812499,66.721435546875],[-53.114648437499994,66.75380859375],[-53.03828125,66.826806640625],[-52.60312499999999,66.852734375],[-52.49106445312499,66.850146484375],[-52.43144531249999,66.859912109375],[-52.386865234374994,66.88115234375],[-52.42973632812499,66.89755859375],[-52.56010742187499,66.90908203125],[-52.906689453125,66.906884765625],[-53.226953124999994,66.919384765625],[-53.37309570312499,66.93193359375],[-53.443603515625,66.924658203125],[-53.560009765625,66.945947265625],[-53.687158203124994,66.986474609375],[-53.884423828124994,67.135546875],[-53.80546874999999,67.326904296875],[-53.798583984375,67.4181640625],[-53.54790039062499,67.498193359375],[-53.41386718749999,67.52470703125],[-53.223583984375,67.5849609375],[-52.96953124999999,67.687255859375],[-52.666455078125,67.74970703125],[-52.51201171874999,67.761279296875],[-52.38359374999999,67.75234375],[-51.909082031249994,67.663720703125],[-51.6650390625,67.64638671875],[-51.450585937499994,67.667724609375],[-51.18144531249999,67.6365234375],[-50.70537109374999,67.50888671875],[-50.61347656249998,67.5279296875],[-50.64013671875,67.558837890625],[-51.171044921874994,67.693603515625],[-51.16796875,67.733837890625],[-51.032080078125006,67.744384765625],[-50.88701171874999,67.783544921875],[-50.968847656250006,67.806640625],[-51.32148437499998,67.786572265625],[-51.423242187499994,67.7544921875],[-51.765234375000006,67.737841796875],[-51.94384765625,67.765185546875],[-52.10419921875,67.7787109375],[-52.34482421874999,67.8369140625],[-52.54619140624999,67.817919921875],[-52.673242187499994,67.794970703125],[-52.898339843749994,67.7732421875],[-52.97958984374999,67.757763671875],[-53.41879882812499,67.574560546875],[-53.60361328124999,67.536474609375],[-53.73520507812499,67.5490234375],[-53.642822265625,67.66826171875],[-53.6162109375,67.71533203125],[-53.616357421874994,67.7666015625],[-53.57797851562499,67.83681640625],[-53.352929687499994,67.9705078125],[-53.211376953125,68.116943359375],[-53.1515625,68.207763671875],[-53.040966796875,68.217919921875],[-52.88984375,68.204541015625],[-52.43608398437499,68.145654296875],[-52.058496093749994,68.07548828125],[-51.77998046874998,68.05673828125],[-51.59687499999998,68.05478515625],[-51.51835937499999,68.0771484375],[-51.45649414062498,68.116064453125],[-51.43266601562499,68.143017578125],[-51.414697265624994,68.198193359375],[-51.393701171874994,68.2177734375],[-51.33251953125,68.241845703125],[-51.207275390625,68.325537109375],[-51.16914062499998,68.385205078125],[-51.21015624999998,68.419921875],[-51.29345703125,68.416357421875],[-51.45610351562499,68.393505859375],[-51.47802734375,68.383984375],[-51.47504882812498,68.365380859375],[-51.632421875000006,68.273046875],[-51.80400390624999,68.251806640625],[-52.19853515624999,68.22080078125],[-52.37851562499999,68.218603515625],[-52.698388671874994,68.2615234375],[-52.74677734375,68.278369140625],[-52.780029296875,68.30986328125],[-53.172509765624994,68.302734375],[-53.28984374999999,68.29326171875],[-53.38315429687499,68.29736328125],[-53.33740234375,68.3521484375],[-53.213281249999994,68.41298828125],[-53.039453124999994,68.610888671875],[-52.89384765624999,68.6615234375],[-52.60458984374999,68.708740234375],[-52.30278320312499,68.701123046875],[-51.780664062499994,68.548193359375],[-51.623144531250006,68.534814453125],[-51.47871093749998,68.54716796875],[-51.13330078125,68.5984375],[-51.069921875000006,68.619189453125],[-50.945703124999994,68.682666015625],[-50.800634765625006,68.791259765625],[-50.807714843750006,68.8169921875],[-51.03022460937498,68.756298828125],[-51.14887695312498,68.73994140625],[-51.249414062499994,68.73994140625],[-51.15605468749999,68.938427734375],[-51.119726562500006,69.09052734375],[-51.084863281249994,69.128271484375],[-50.79228515624999,69.116845703125],[-50.392675781250006,69.13740234375],[-50.29736328125,69.17060546875],[-50.29887695312499,69.1853515625],[-50.459374999999994,69.205517578125],[-50.53662109375,69.2478515625],[-50.671044921874994,69.23447265625],[-50.85107421875,69.20625],[-51.07695312499999,69.20947265625],[-51.05781249999998,69.2748046875],[-50.892236328124994,69.411767578125],[-50.87519531249998,69.47421875],[-50.81059570312499,69.5990234375],[-50.804101562499994,69.663037109375],[-50.72026367187499,69.725341796875],[-50.459082031250006,69.7697265625],[-50.349462890625006,69.796240234375],[-50.34345703124998,69.825244140625],[-50.5,69.935791015625],[-50.46025390624999,69.96630859375],[-50.337500000000006,69.994140625],[-50.29169921874998,70.014453125],[-50.32294921874998,70.0271484375],[-50.43608398437499,70.03935546875],[-50.60986328125,70.01494140625],[-50.802343750000006,70.00322265625],[-50.97270507812499,70.039892578125],[-51.105712890625,70.057421875],[-51.18994140625,70.051904296875],[-51.418847656249994,69.989208984375],[-51.49907226562499,69.987158203125],[-51.59809570312498,70.004541015625],[-52.254638671875,70.058935546875],[-52.33603515624999,70.078125],[-52.571240234375,70.172119140625],[-52.765039062499994,70.234130859375],[-53.02304687499999,70.301904296875],[-53.35751953124999,70.3533203125],[-53.768505859375,70.388525390625],[-54.01445312499999,70.4216796875],[-54.135644531249994,70.468408203125],[-54.34331054687499,70.57119140625],[-54.501171875,70.656884765625],[-54.53076171875,70.699267578125],[-54.43798828125,70.751611328125],[-54.34355468749999,70.789208984375],[-54.16582031249999,70.8201171875],[-53.85917968749999,70.809912109375],[-53.69443359374999,70.79609375],[-53.513085937499994,70.7666015625],[-53.37602539062499,70.76103515625],[-53.09130859375,70.769384765625],[-52.801953125,70.7505859375],[-52.63041992187499,70.729931640625],[-52.405224609375,70.686767578125],[-51.783789062500006,70.50322265625],[-51.52446289062499,70.439453125],[-51.411718750000006,70.431787109375],[-50.946875000000006,70.363623046875],[-50.87236328124999,70.364892578125],[-50.68212890625,70.396875],[-50.66328124999998,70.417578125],[-50.7275390625,70.43798828125],[-50.93266601562499,70.453857421875],[-51.17333984375,70.5291015625],[-51.322851562500006,70.58876953125],[-51.33989257812499,70.687548828125],[-51.320410156250006,70.74287109375],[-51.282812500000006,70.768017578125],[-51.256591796875,70.852685546875],[-51.396093750000006,70.90302734375],[-51.493554687499994,70.918896484375],[-51.752685546875,70.992236328125],[-51.774316406249994,71.01044921875],[-51.65009765624998,71.01904296875],[-51.528417968750006,71.014013671875],[-51.26708984375,70.97685546875],[-51.13007812499998,70.971728515625],[-51.030419921874994,70.986279296875],[-51.018945312499994,71.001318359375],[-51.17778320312499,71.04345703125],[-51.37666015624998,71.11904296875],[-51.791894531249994,71.130126953125],[-52.06137695312499,71.121630859375],[-52.23359375,71.14755859375],[-52.416894531249994,71.189697265625],[-52.534570312499994,71.200439453125],[-52.77499999999999,71.1740234375],[-52.8966796875,71.170703125],[-53.007568359375,71.17998046875],[-53.11704101562499,71.312890625],[-53.087890625,71.352734375],[-53.002099609374994,71.369970703125],[-52.93730468749999,71.412841796875],[-52.891845703125,71.457666015625],[-52.749414062499994,71.501513671875],[-51.96728515625,71.59912109375],[-51.769921874999994,71.671728515625],[-51.77861328124999,71.68291015625],[-51.911718750000006,71.66943359375],[-52.081933593749994,71.63671875],[-52.19580078125,71.62998046875],[-52.65629882812499,71.672265625],[-52.72807617187499,71.662646484375],[-52.91455078125,71.601904296875],[-53.16752929687499,71.5359375],[-53.284082031249994,71.53994140625],[-53.440087890624994,71.57900390625],[-53.46484375,71.606787109375],[-53.476025390625,71.640185546875],[-53.30473632812499,71.685888671875],[-53.24970703125,71.71015625],[-53.1388671875,71.7751953125],[-53.14453125,71.807421875],[-53.33369140625,71.78974609375],[-53.358349609375,71.81962890625],[-53.35527343749999,71.8708984375],[-53.37363281249999,71.9357421875],[-53.4201171875,71.999755859375],[-53.575390625,72.098046875],[-53.639794921874994,72.12333984375],[-53.69287109375,72.15966796875],[-53.80986328124999,72.292578125],[-53.77597656249999,72.325830078125],[-53.672021484374994,72.351025390625],[-53.65214843749999,72.362646484375],[-53.900537109374994,72.341748046875],[-53.927734375,72.318798828125],[-53.88090820312499,72.2849609375],[-53.84746093749999,72.23984375],[-53.827539062499994,72.183447265625],[-53.792871093749994,72.13408203125],[-53.70292968749999,72.080029296875],[-53.63095703124999,72.051513671875],[-53.513671875,71.97626953125],[-53.46249999999999,71.8935546875],[-53.47758789062499,71.849951171875],[-53.56865234374999,71.80556640625],[-53.71542968749999,71.757666015625],[-53.75986328124999,71.718017578125],[-53.779687499999994,71.678515625],[-53.89409179687499,71.6419921875],[-53.96435546875,71.6556640625],[-54.019921874999994,71.657861328125],[-53.954296875,71.59267578125],[-53.912060546875,71.525927734375],[-53.96298828124999,71.458984375],[-54.09892578124999,71.418505859375],[-54.17270507812499,71.41728515625],[-54.31772460937499,71.38447265625],[-54.68906249999999,71.367236328125],[-54.818310546875,71.37529296875],[-55.05537109375,71.40859375],[-55.33642578125,71.4267578125],[-55.447900390624994,71.47177734375],[-55.59404296874999,71.553515625],[-55.66782226562499,71.6267578125],[-55.669335937499994,71.69150390625],[-55.629785156249994,71.738623046875],[-55.549218749999994,71.76826171875],[-55.45244140624999,71.957666015625],[-55.315576171874994,72.110693359375],[-54.9708984375,72.268408203125],[-54.87260742187499,72.325439453125],[-54.84013671874999,72.356103515625],[-54.84062499999999,72.37939453125],[-54.89633789062499,72.394189453125],[-55.32011718749999,72.199560546875],[-55.581445312499994,72.178857421875],[-55.65947265624999,72.222607421875],[-55.63583984374999,72.300439453125],[-55.589306640625,72.318505859375],[-55.3779296875,72.3111328125],[-55.29570312499999,72.35439453125],[-55.427978515625,72.419873046875],[-55.568749999999994,72.43701171875],[-55.601708984374994,72.453466796875],[-55.456787109375,72.503271484375],[-55.12187499999999,72.499609375],[-55.04624023437499,72.534423828125],[-54.924951171874994,72.57197265625],[-54.79038085937499,72.6416015625],[-54.74003906249999,72.7001953125],[-54.7287109375,72.75048828125],[-54.757714843749994,72.791064453125],[-54.76083984374999,72.83173828125],[-54.737939453124994,72.872509765625],[-54.773095703124994,72.917578125],[-54.8662109375,72.966845703125],[-55.07309570312499,73.01513671875],[-55.133984375,72.96064453125],[-55.1984375,72.938232421875],[-55.28891601562499,72.933203125],[-55.37241210937499,72.95615234375],[-55.45952148437499,72.964404296875],[-55.5451171875,72.984912109375],[-55.633984375,72.99140625],[-55.66855468749999,73.00791015625],[-55.690820312499994,73.0541015625],[-55.692773437499994,73.112841796875],[-55.59228515625,73.140283203125],[-55.45234375,73.1619140625],[-55.35869140624999,73.2029296875],[-55.29716796874999,73.2623046875],[-55.28828125,73.327099609375],[-55.33203125,73.39736328125],[-55.445703124999994,73.460498046875],[-55.656201171875,73.399072265625],[-55.73886718749999,73.383984375],[-55.75791015624999,73.4279296875],[-55.787060546875,73.460498046875],[-55.87553710937499,73.504638671875],[-55.99199218749999,73.53681640625],[-56.10405273437499,73.558154296875],[-56.10917968749999,73.590771484375],[-56.08261718749999,73.627490234375],[-56.03300781249999,73.6703125],[-55.968408203124994,73.7595703125],[-55.89731445312499,73.751611328125],[-55.838281249999994,73.759716796875],[-55.87241210937499,73.833447265625],[-55.92949218749999,73.89541015625],[-55.996533203125,73.930615234375],[-55.998925781249994,73.945947265625],[-56.01445312499999,73.9638671875],[-56.06621093749999,74.007275390625],[-56.12421875,74.0390625],[-56.22539062499999,74.1291015625],[-56.298486328124994,74.163427734375],[-56.39218749999999,74.181201171875],[-56.4931640625,74.182177734375],[-56.655175781249994,74.158544921875],[-56.954296875,74.131201171875],[-57.19111328125,74.118212890625],[-57.23056640624999,74.12529296875],[-57.11210937499999,74.15947265625],[-56.9375,74.195068359375],[-56.70634765624999,74.219189453125],[-56.63896484374999,74.278369140625],[-56.66391601562499,74.32958984375],[-56.654296875,74.378125],[-56.717675781249994,74.429248046875],[-56.656005859375,74.457568359375],[-56.445556640625,74.486083984375],[-56.35029296875,74.490478515625],[-56.25546874999999,74.526806640625],[-56.52207031249999,74.614306640625],[-56.80131835937499,74.6716796875],[-56.87114257812499,74.694970703125],[-56.932568359375,74.733349609375],[-56.985546875,74.786767578125],[-57.071679687499994,74.840234375],[-57.190869140625,74.89375],[-57.36479492187499,74.945458984375],[-57.81318359375,75.039990234375],[-57.96708984374999,75.10517578125],[-58.108837890625,75.204931640625],[-58.1796875,75.2474609375],[-58.253320312499994,75.278955078125],[-58.56552734374999,75.352734375],[-58.603466796875,75.385302734375],[-58.281201171875,75.4720703125],[-58.249658203124994,75.506689453125],[-58.381298828125,75.61201171875],[-58.51621093749999,75.6890625],[-58.6630859375,75.71640625],[-58.88144531249999,75.73046875],[-59.08159179687499,75.764697265625],[-59.263623046875,75.818896484375],[-59.4453125,75.85859375],[-59.717431640624994,75.8962890625],[-60.172753906249994,75.993310546875],[-60.87460937499999,76.09716796875],[-61.188232421875,76.157861328125],[-61.37480468749999,76.17998046875],[-61.620849609375,76.18564453125],[-62.0966796875,76.242333984375],[-62.49619140624999,76.26044921875],[-62.74287109375,76.2521484375],[-62.8234375,76.2615234375],[-63.005810546875,76.319091796875],[-63.29130859374999,76.35205078125],[-63.438867187499994,76.339453125],[-63.621972656249994,76.277880859375],[-63.84306640624999,76.217138671875],[-63.960351562499994,76.208935546875],[-64.135205078125,76.264501953125],[-64.22319335937499,76.3033203125],[-64.307275390625,76.31650390625],[-64.38730468749999,76.30400390625],[-64.543408203125,76.253076171875],[-64.69208984375,76.216259765625],[-64.91196289062499,76.172509765625],[-65.087646484375,76.151513671875],[-65.313232421875,76.14638671875],[-65.36992187499999,76.13056640625],[-65.456787109375,76.129833984375],[-65.57373046875,76.14423828125],[-65.68330078125,76.172705078125],[-65.78544921874999,76.21533203125],[-65.875732421875,76.238330078125],[-65.954052734375,76.24169921875],[-66.134033203125,76.21962890625],[-66.361767578125,76.15478515625],[-66.465771484375,76.13916015625],[-66.55322265625,76.145947265625],[-66.65996093749999,76.166162109375],[-66.8740234375,76.21787109375],[-66.992578125,76.212939453125],[-67.07871093749999,76.19482421875],[-67.05478515624999,76.15185546875],[-66.85390625,76.05],[-66.6748046875,75.977392578125],[-66.826171875,75.968798828125],[-68.14873046874999,76.067041015625],[-68.31728515625,76.090771484375],[-68.56064453124999,76.1501953125],[-68.7630859375,76.18662109375],[-69.107568359375,76.280859375],[-69.37290039062499,76.331884765625],[-69.460888671875,76.371728515625],[-69.48408203125,76.399169921875],[-69.399658203125,76.436279296875],[-68.864990234375,76.561376953125],[-68.66074218749999,76.58662109375],[-68.24541015624999,76.616748046875],[-68.147216796875,76.63564453125],[-68.1142578125,76.650634765625],[-68.223388671875,76.677685546875],[-68.76738281249999,76.668017578125],[-69.25205078124999,76.6861328125],[-69.673828125,76.735888671875],[-69.747216796875,76.752392578125],[-69.81865234374999,76.782763671875],[-69.8880859375,76.82705078125],[-69.872216796875,76.876611328125],[-69.77104492187499,76.9314453125],[-69.71171874999999,76.96904296875],[-69.69423828125,76.989453125],[-70.22446289062499,76.85458984375],[-70.44130859375,76.807373046875],[-70.61313476562499,76.821826171875],[-70.73369140624999,76.844189453125],[-70.79282226562499,76.869091796875],[-70.79062499999999,76.896484375],[-70.771240234375,76.91650390625],[-70.73466796874999,76.92900390625],[-71.0150390625,76.98486328125],[-71.14145507812499,77.028662109375],[-71.15488281249999,77.073876953125],[-71.05546874999999,77.1205078125],[-70.95810546874999,77.154345703125],[-70.86284179687499,77.175439453125],[-70.6037109375,77.19384765625],[-69.65654296874999,77.22900390625],[-68.97832031249999,77.1953125],[-68.7474609375,77.30693359375],[-68.59160156249999,77.342529296875],[-68.13554687499999,77.37958984375],[-67.4337890625,77.38466796875],[-66.93798828125,77.364208984375],[-66.70576171875,77.338037109375],[-66.38945312499999,77.2802734375],[-66.3712890625,77.297705078125],[-66.44765625,77.3498046875],[-66.453076171875,77.39306640625],[-66.32529296874999,77.468212890625],[-66.26645507812499,77.515380859375],[-66.30644531249999,77.564501953125],[-66.44536132812499,77.615673828125],[-66.69121093749999,77.681201171875],[-66.82353515624999,77.68662109375],[-66.970654296875,77.670849609375],[-67.14736328125,77.634521484375],[-67.5146484375,77.542919921875],[-67.68808593749999,77.523779296875],[-67.97734374999999,77.518896484375],[-68.13730468749999,77.53046875],[-68.29189453125,77.544189453125],[-68.53349609374999,77.5927734375],[-68.621533203125,77.60185546875],[-68.72822265625,77.58056640625],[-68.853662109375,77.528857421875],[-68.974560546875,77.492626953125],[-69.09091796874999,77.471923828125],[-69.199658203125,77.462939453125],[-69.35136718749999,77.467138671875],[-69.9767578125,77.54765625],[-70.1181640625,77.58349609375],[-70.1263671875,77.63779296875],[-70.318310546875,77.690380859375],[-70.535400390625,77.699560546875],[-70.5619140625,77.7171875],[-70.28662109375,77.7982421875],[-70.081494140625,77.831396484375],[-70.114453125,77.841357421875],[-70.41240234374999,77.843115234375],[-70.613525390625,77.8],[-70.7287109375,77.792724609375],[-70.993603515625,77.791552734375],[-71.271630859375,77.813134765625],[-71.38984375,77.83203125],[-71.51240234375,77.875390625],[-71.64990234375,77.8998046875],[-72.06494140625,77.93681640625],[-72.15854492187499,77.95693359375],[-72.247265625,77.9904296875],[-72.586328125,78.085205078125],[-72.79150390625,78.1548828125],[-72.81806640625,78.1943359375],[-72.581298828125,78.2791015625],[-72.570947265625,78.29873046875],[-72.67246093749999,78.335302734375],[-72.714794921875,78.3623046875],[-72.67973632812499,78.399560546875],[-72.47250976562499,78.48203125],[-72.39560546874999,78.504345703125],[-72.023681640625,78.552783203125],[-71.651318359375,78.62314453125],[-71.515625,78.63896484375],[-71.394775390625,78.642626953125],[-70.90576171875,78.6384765625],[-70.7541015625,78.655810546875],[-70.625390625,78.69013671875],[-70.414208984375,78.72490234375],[-69.97353515625,78.777685546875],[-68.99345703124999,78.857421875],[-68.929638671875,78.866796875],[-68.92392578124999,78.88193359375],[-69.011962890625,78.923046875],[-69.030517578125,78.94287109375],[-68.829833984375,78.979736328125],[-68.37705078124999,79.037841796875],[-68.067529296875,79.0658203125],[-67.868359375,79.06787109375],[-67.707763671875,79.08037109375],[-67.48222656249999,79.11689453125],[-67.35454101562499,79.12333984375],[-66.583740234375,79.1376953125],[-66.24277343749999,79.117822265625],[-66.075341796875,79.118212890625],[-65.96787109374999,79.132373046875],[-65.82553710937499,79.17373046875],[-65.559765625,79.27646484375],[-65.419873046875,79.340234375],[-65.28779296875,79.4373046875],[-65.116943359375,79.589013671875],[-64.9892578125,79.736962890625],[-64.90463867187499,79.88125],[-64.83896484374999,79.969189453125],[-64.79228515624999,80.000634765625],[-64.63242187499999,80.040576171875],[-64.46572265625,80.0716796875],[-64.179150390625,80.099267578125],[-64.2052734375,80.112109375],[-64.326806640625,80.13359375],[-64.43994140625,80.141845703125],[-64.54462890625,80.1369140625],[-64.73525390625,80.104443359375],[-64.98222656249999,80.082470703125],[-65.222119140625,80.0859375],[-65.394921875,80.077734375],[-65.55341796875,80.047998046875],[-65.81044921875,80.024072265625],[-65.98193359375,80.0294921875],[-66.29150390625,80.072265625],[-66.447705078125,80.0802734375],[-66.84365234375,80.076220703125],[-66.95947265625,80.092041015625],[-67.06064453124999,80.12314453125],[-67.14130859375,80.166455078125],[-67.20146484374999,80.22216796875],[-67.19316406249999,80.280078125],[-67.05063476562499,80.384521484375],[-66.99589843749999,80.41298828125],[-66.61005859375,80.52958984375],[-66.372314453125,80.5841796875],[-66.135693359375,80.625],[-65.96328125,80.648974609375],[-65.8009765625,80.659716796875],[-65.64521484375,80.68505859375],[-65.35820312499999,80.76650390625],[-65.062158203125,80.836328125],[-64.693798828125,80.966015625],[-64.51552734375,81],[-63.891552734375,81.0564453125],[-63.72197265624999,81.05732421875],[-63.578027343749994,81.04326171875],[-63.44169921874999,81.0138671875],[-63.05859375,80.885595703125],[-63.02866210937499,80.88955078125],[-63.095458984375,80.9380859375],[-63.23520507812499,81.083349609375],[-63.21249999999999,81.143115234375],[-62.99326171874999,81.206982421875],[-62.90336914062499,81.218359375],[-62.67192382812499,81.214111328125],[-62.29887695312499,81.194384765625],[-62.04941406249999,81.17275390625],[-61.8603515625,81.13759765625],[-61.63559570312499,81.11572265625],[-61.51909179687499,81.116796875],[-61.435986328125,81.13359375],[-61.31699218749999,81.1884765625],[-61.162060546875,81.281494140625],[-61.099999999999994,81.39609375],[-61.130761718749994,81.53232421875],[-61.1759765625,81.631884765625],[-61.23569335937499,81.694580078125],[-61.20292968749999,81.746875],[-61.015039062499994,81.8095703125],[-60.84287109374999,81.85537109375],[-60.432373046875,81.920166015625],[-60.09946289062499,81.937353515625],[-59.90190429687499,81.9330078125],[-59.64228515625,81.90263671875],[-59.28193359375,81.884033203125],[-58.956787109375,81.8251953125],[-58.42978515624999,81.6900390625],[-58.07993164062499,81.622216796875],[-57.79033203124999,81.591748046875],[-57.5048828125,81.539892578125],[-57.08286132812499,81.429931640625],[-56.862060546875,81.38271484375],[-56.7306640625,81.365625],[-56.615136718749994,81.362890625],[-56.658154296875,81.394287109375],[-56.85966796874999,81.4599609375],[-57.168408203125,81.532177734375],[-57.85302734375,81.66201171875],[-58.23007812499999,81.753662109375],[-58.56821289062499,81.858203125],[-58.81674804687499,81.92041015625],[-59.268017578125,81.982080078125],[-59.26181640624999,82.006640625],[-58.71738281249999,82.09306640625],[-57.71689453124999,82.168310546875],[-56.58935546875,82.2271484375],[-56.21196289062499,82.221142578125],[-55.54868164062499,82.245751953125],[-55.486230468749994,82.282861328125],[-55.34360351562499,82.299560546875],[-54.72587890624999,82.3513671875],[-54.54887695312499,82.350634765625],[-54.27705078125,82.32607421875],[-53.9873046875,82.279248046875],[-53.85322265625,82.236865234375],[-53.671337890625,82.1640625],[-53.58203125,82.061572265625],[-53.59550781249999,81.738037109375],[-53.590771484375,81.67685546875],[-53.5556640625,81.653271484375],[-53.430126953125,81.68837890625],[-53.27998046875,81.75361328125],[-53.14501953125,81.799755859375],[-53.0412109375,81.87099609375],[-52.968505859375,81.967138671875],[-52.925537109375,82.03837890625],[-53.101953124999994,82.1189453125],[-53.110742187499994,82.251220703125],[-53.02255859374999,82.321728515625],[-52.7755859375,82.321728515625],[-51.754003906250006,82.07822265625],[-51.35185546874999,82.025634765625],[-50.894433593749994,81.89521484375],[-50.36005859374998,81.90908203125],[-49.867041015625006,81.893017578125],[-49.648828124999994,81.897802734375],[-49.54106445312499,81.91806640625],[-49.69428710937498,81.972119140625],[-50.39482421874999,82.120703125],[-50.713134765625,82.237353515625],[-50.935546875,82.3828125],[-50.98994140624998,82.46015625],[-50.81953124999998,82.474072265625],[-50.037109375,82.472412109375],[-48.861181640625006,82.405419921875],[-47.357421875,82.1736328125],[-46.617333984374994,82.09697265625],[-45.29106445312499,81.82880859375],[-44.890966796875006,81.78828125],[-44.7294921875,81.779833984375],[-44.60761718749998,81.812939453125],[-44.53242187499998,81.84892578125],[-44.52690429687499,81.896826171875],[-44.59101562499998,81.956689453125],[-44.62773437499999,82.02587890625],[-44.637109374999994,82.104443359375],[-44.54707031249998,82.26005859375],[-44.33320312499998,82.310791015625],[-44.238867187500006,82.3681640625],[-44.326562499999994,82.471728515625],[-44.577246093750006,82.542626953125],[-45.55244140624998,82.725244140625],[-45.556542968749994,82.747021484375],[-45.359619140625,82.770947265625],[-45.06743164062499,82.7849609375],[-42.650732421875006,82.741455078125],[-42.23295898437499,82.72548828125],[-42.05463867187498,82.709814453125],[-41.9765625,82.68916015625],[-41.87646484375,82.680322265625],[-41.357275390625006,82.70498046875],[-41.36962890625,82.75],[-41.434423828125006,82.77861328125],[-44.23920898437498,82.856787109375],[-44.761962890625,82.883544921875],[-45.027929687500006,82.885595703125],[-45.302978515625,82.865087890625],[-45.87333984374999,82.8548828125],[-46.136816406250006,82.858837890625],[-46.478173828124994,82.951904296875],[-46.169042968750006,83.0638671875],[-45.90888671874998,83.061328125],[-45.41459960937499,83.01767578125],[-45.12177734374998,83.078662109375],[-44.65693359374998,83.129052734375],[-44.19731445312499,83.146826171875],[-43.194580078125,83.255126953125],[-43.00927734375,83.264599609375],[-42.775537109374994,83.2587890625],[-42.259521484375,83.231982421875],[-42.054589843749994,83.20517578125],[-41.81977539062498,83.14775390625],[-41.683496093749994,83.130029296875],[-41.52197265625,83.1267578125],[-41.300146484375006,83.10078125],[-40.979394531249994,83.18486328125],[-40.689453125,83.2751953125],[-40.356835937499994,83.332177734375],[-39.886328125000006,83.29892578125],[-39.58842773437499,83.25556640625],[-39.316015625000006,83.20390625],[-38.93110351562498,83.175341796875],[-38.27836914062499,82.998876953125],[-38.15625,82.9986328125],[-38.09858398437498,83.01357421875],[-38.037011718749994,83.0462890625],[-38.014892578125,83.09482421875],[-37.93476562499998,83.1607421875],[-37.992773437500006,83.185107421875],[-38.53955078125,83.258154296875],[-38.642919921875006,83.286279296875],[-38.747802734375,83.332568359375],[-38.74956054687499,83.370849609375],[-38.64824218749999,83.401025390625],[-38.54145507812498,83.414794921875],[-38.18793945312498,83.402294921875],[-38.07109374999999,83.412109375],[-37.960839843749994,83.437646484375],[-37.828027343749994,83.485546875],[-37.72333984374998,83.49775390625],[-37.486914062500006,83.49912109375],[-37.12299804687498,83.468408203125],[-36.80449218749999,83.4658203125],[-36.689599609374994,83.479931640625],[-36.672119140625,83.509912109375],[-36.644433593749994,83.528955078125],[-36.60649414062499,83.536962890625],[-35.45185546874998,83.538623046875],[-35.16552734375,83.545751953125],[-34.941650390625,83.56845703125],[-34.66777343749999,83.571142578125],[-34.428320312500006,83.557568359375],[-34.131933593750006,83.528662109375],[-33.83735351562498,83.52998046875],[-33.398339843749994,83.57724609375],[-32.98442382812499,83.599609375],[-30.70292968749999,83.593408203125],[-29.952880859375,83.56484375]]]}},{"type":"Feature","properties":{"_manaName":"Nueva Guinea","name":"New Guinea","_manaColor":"#3b82f6","_manaFillOpacity":0.85,"_manaWeight":1.5,"_manaBorderColor":"#ffffff","_manaGroupName":"Islas más grandes del mundo","_manaGroupId":1,"_manaGeometryType":"polygon","_manaLabelStyle":{"enabled":true,"field":"_manaName","fontFamily":"Noto Sans, sans-serif","fontSize":10,"color":"#0f172a","fontWeight":"700","fontStyle":"normal","haloWidth":3,"haloColor":"#ffffff","opacity":0.95,"offsetX":0,"offsetY":0,"placement":"auto"},"Superficie":"786.000 km²","Población":"~12.000.000 hab.","País":"Indonesia/Papúa Nueva Guinea","Descripción":"Segunda isla más grande. La mitad oriental es Papúa Nueva Guinea; la occidental (Papúa) pertenece a Indonesia.","Ranking":"#2","superficie_km2":786000,"superficie_bucket":"500,000–1,000,000 km²"},"geometry":{"type":"Polygon","coordinates":[[[133.47265625,-0.7261718750000057],[133.7236328125,-0.7414062500000114],[133.85029296875,-0.7314453125],[133.97451171875002,-0.7443359375000114],[134.02490234375,-0.7697265625000114],[134.1115234375,-0.8467773437500057],[134.08671875000005,-0.8973632812500085],[134.07197265625,-1.0018554687500085],[134.1162109375,-1.1024414062500085],[134.18828125000005,-1.203125],[134.24716796875003,-1.310546875],[134.25957031250005,-1.3629882812500114],[134.23720703125002,-1.47412109375],[134.2169921875,-1.5291015625000028],[134.14541015625002,-1.6208007812500114],[134.10585937500002,-1.7209960937500028],[134.13125000000002,-1.8445312500000028],[134.14541015625002,-1.96875],[134.1427734375,-2.0829101562500085],[134.15566406250002,-2.1952148437500085],[134.19482421875,-2.30908203125],[134.36210937500005,-2.6209960937500085],[134.4599609375,-2.832324218750003],[134.4912109375,-2.7142578125000085],[134.48330078125002,-2.5830078125],[134.51796875000002,-2.53564453125],[134.56689453125,-2.5104492187500114],[134.62744140625,-2.5367187500000057],[134.6447265625,-2.58984375],[134.64902343750003,-2.705859375000003],[134.7021484375,-2.93359375],[134.76982421875005,-2.9440429687500114],[134.84335937500003,-2.9091796875],[134.85537109375002,-2.978808593750003],[134.852734375,-3.1076171875000114],[134.88681640625003,-3.2098632812500085],[134.9171875,-3.2499023437500085],[135.03740234375005,-3.3331054687500057],[135.09218750000002,-3.3485351562500085],[135.25156250000003,-3.3685546875000085],[135.37158203125,-3.3749023437500085],[135.48662109375005,-3.3451171875000085],[135.5607421875,-3.2687500000000114],[135.62773437500005,-3.18603515625],[135.85917968750005,-2.9953125000000114],[135.92617187500002,-2.904101562500003],[135.99072265625,-2.7642578125000057],[136.01298828125005,-2.7342773437500085],[136.24326171875003,-2.5831054687500057],[136.26953125,-2.5294921875000114],[136.30253906250005,-2.4256835937500085],[136.35244140625002,-2.3251953125],[136.38994140625005,-2.2733398437500085],[136.6123046875,-2.2243164062500114],[136.84326171875,-2.1976562500000085],[137.07207031250005,-2.1050781250000057],[137.17109375,-2.0254882812500057],[137.17578125,-1.97314453125],[137.12548828125,-1.8812500000000085],[137.12343750000002,-1.8409179687500057],[137.17646484375,-1.8021484375000085],[137.38056640625,-1.6856445312500057],[137.61660156250002,-1.5658203125000085],[137.80625000000003,-1.4832031250000028],[137.9111328125,-1.4837890625000085],[138.0078125,-1.5565429687500085],[138.11093750000003,-1.6159179687500114],[138.64980468750002,-1.7911132812500057],[138.73613281250005,-1.8455078125000028],[138.81142578125002,-1.9177734375000028],[138.919140625,-1.9678710937500057],[139.03945312500002,-1.9920898437500085],[139.14882812500002,-2.038867187500003],[139.25263671875,-2.0992187500000057],[139.48183593750002,-2.2118164062500085],[139.78955078125,-2.3482421875000057],[139.868359375,-2.3564453125],[140.15458984375005,-2.3500000000000085],[140.20400390625002,-2.3756835937500114],[140.2509765625,-2.4120117187500085],[140.29462890625,-2.42041015625],[140.62255859375,-2.44580078125],[140.673046875,-2.4720703125000085],[140.72050781250005,-2.508105468750003],[140.74746093750002,-2.6071289062500114],[141.10478515625005,-2.611328125],[141.18564453125003,-2.6278320312500085],[141.68681640625005,-2.845019531250003],[141.83652343750003,-2.93212890625],[141.88750000000005,-2.9525390625000085],[141.93779296875005,-2.9533203125000114],[141.98574218750002,-2.9635742187500114],[142.21152343750003,-3.08349609375],[142.5490234375,-3.20458984375],[142.90517578125002,-3.3207031250000085],[143.015625,-3.3449218750000114],[143.12998046875003,-3.3550781250000057],[143.37832031250002,-3.395312500000003],[143.508984375,-3.43115234375],[143.70058593750002,-3.5733398437500057],[143.79716796875005,-3.6172851562500057],[143.8876953125,-3.6974609375000114],[144.0158203125,-3.7835937500000085],[144.06640625,-3.80517578125],[144.12197265625002,-3.815234375000003],[144.24794921875002,-3.8182617187500085],[144.37441406250002,-3.802734375],[144.42656250000005,-3.8096679687500057],[144.477734375,-3.8252929687500057],[144.52451171875003,-3.855273437500003],[144.54824218750002,-3.9130859375],[144.62666015625,-3.9930664062500085],[144.73789062500003,-4.029101562500003],[144.84345703125,-4.1014648437500085],[144.9384765625,-4.188183593750011],[145.00839843750003,-4.275488281250006],[145.08779296875002,-4.34912109375],[145.2080078125,-4.3802734375000085],[145.33457031250003,-4.38525390625],[145.76699218750002,-4.823046875000003],[145.7880859375,-4.890625],[145.79287109375002,-5.177929687500011],[145.74521484375003,-5.402441406250006],[145.85283203125005,-5.471289062500006],[145.99941406250002,-5.4970703125],[146.20537109375005,-5.545117187500011],[146.40341796875003,-5.6166015625000085],[147.03427734375003,-5.919238281250003],[147.12089843750005,-5.945019531250011],[147.2482421875,-5.954785156250011],[147.37666015625,-5.950781250000006],[147.42275390625002,-5.9662109375000085],[147.5185546875,-6.021093750000006],[147.56669921875005,-6.056933593750003],[147.65302734375,-6.15478515625],[147.73007812500003,-6.2611328125000085],[147.762890625,-6.29150390625],[147.80205078125005,-6.315234375000003],[147.82451171875005,-6.373046875],[147.8544921875,-6.5511718750000085],[147.84550781250005,-6.662402343750003],[147.81044921875002,-6.70361328125],[147.70957031250003,-6.7236328125],[147.35576171875005,-6.742382812500011],[147.119140625,-6.7216796875],[146.95361328125,-6.834082031250006],[146.94921875,-6.883105468750003],[146.96074218750005,-6.928808593750006],[147.10488281250002,-7.1669921875],[147.19003906250003,-7.378125000000011],[147.26015625000002,-7.464062500000011],[147.36533203125003,-7.533789062500006],[147.458984375,-7.6162109375],[147.5451171875,-7.7109375],[147.72431640625,-7.876269531250003],[147.82187500000003,-7.9375],[147.93613281250003,-7.975390625000003],[148.12675781250005,-8.103613281250006],[148.15195312500003,-8.160253906250006],[148.20644531250002,-8.338671875000003],[148.22998046875,-8.459667968750011],[148.23359375,-8.509570312500003],[148.24687500000005,-8.554296875000006],[148.41445312500002,-8.663964843750009],[148.451171875,-8.694531250000011],[148.52587890625,-8.938574218750006],[148.58310546875003,-9.0517578125],[148.67949218750005,-9.091992187500011],[148.79179687500005,-9.089453125000006],[149.09746093750005,-9.016894531250003],[149.14169921875003,-9.014550781250009],[149.19833984375003,-9.03125],[149.24765625000003,-9.070996093750011],[149.26406250000002,-9.180761718750006],[149.21621093750002,-9.2958984375],[149.20302734375002,-9.406835937500006],[149.26318359375,-9.497851562500003],[149.41875000000005,-9.56884765625],[149.47578125,-9.588281250000009],[149.75576171875002,-9.610937500000006],[149.86562500000002,-9.630078125000011],[149.97353515625002,-9.660742187500006],[150.01103515625005,-9.688183593750011],[149.98466796875005,-9.737011718750011],[149.92822265625,-9.760839843750006],[149.86435546875003,-9.770605468750006],[149.76123046875,-9.805859375000011],[149.76308593750002,-9.86865234375],[149.8212890625,-9.934179687500006],[149.87441406250002,-10.012988281250003],[149.919140625,-10.041601562500006],[149.96757812500005,-10.060742187500011],[150.08857421875,-10.088085937500011],[150.20625,-10.125585937500006],[150.28388671875,-10.162890625000003],[150.36406250000005,-10.189648437500011],[150.53886718750005,-10.206738281250011],[150.6669921875,-10.257128906250003],[150.84951171875002,-10.236035156250011],[150.69130859375002,-10.31787109375],[150.63681640625003,-10.337988281250006],[150.44609375000005,-10.307324218750011],[150.41025390625003,-10.339257812500009],[150.48886718750003,-10.42578125],[150.60546875,-10.484082031250011],[150.64716796875,-10.517968750000009],[150.61796875000005,-10.5576171875],[150.482421875,-10.636914062500011],[150.42578125,-10.648535156250006],[150.31992187500003,-10.654882812500006],[150.14238281250005,-10.620703125000006],[150.016796875,-10.5771484375],[149.98154296875003,-10.517675781250006],[149.94804687500005,-10.482617187500011],[149.83476562500005,-10.398828125000009],[149.7541015625,-10.35302734375],[149.6513671875,-10.337500000000006],[149.54433593750002,-10.338476562500006],[149.35263671875003,-10.289746093750011],[148.93681640625005,-10.255175781250003],[148.83769531250005,-10.233984375000006],[148.712890625,-10.166894531250009],[148.65419921875002,-10.157324218750006],[148.59121093750002,-10.178417968750011],[148.43056640625002,-10.19140625],[148.38339843750003,-10.185449218750009],[148.26875,-10.128222656250003],[148.15048828125003,-10.107324218750009],[148.10126953125,-10.12451171875],[148.05136718750003,-10.128320312500009],[147.89013671875,-10.08740234375],[147.76865234375003,-10.070117187500003],[147.66884765625002,-10.013085937500009],[147.61435546875003,-9.959765625000003],[147.55312500000002,-9.912402343750003],[147.49648437500002,-9.790429687500009],[147.40830078125003,-9.674707031250009],[147.29892578125003,-9.57958984375],[147.064453125,-9.426074218750003],[147.01718750000003,-9.387890625000011],[146.92539062500003,-9.247167968750006],[146.93037109375,-9.153906250000006],[146.96376953125002,-9.0595703125],[146.91328125,-9.091699218750009],[146.85625000000005,-9.087695312500003],[146.69658203125005,-9.025390625],[146.630859375,-8.951171875],[146.52412109375,-8.749707031250011],[146.45585937500005,-8.6435546875],[146.29648437500003,-8.45556640625],[146.25058593750003,-8.343945312500011],[146.18408203125,-8.246386718750003],[146.14296875000002,-8.210253906250003],[146.10878906250002,-8.16845703125],[146.07851562500002,-8.114160156250009],[146.033203125,-8.076367187500011],[145.81093750000002,-7.992773437500006],[145.77177734375005,-7.966406250000006],[145.7287109375,-7.952441406250003],[145.56337890625002,-7.94384765625],[145.4677734375,-7.9300781250000085],[145.28750000000002,-7.861621093750003],[145.1943359375,-7.841113281250003],[145.08232421875005,-7.828125],[144.973828125,-7.8021484375000085],[144.9208984375,-7.776660156250003],[144.88535156250003,-7.733593750000011],[144.8642578125,-7.631542968750011],[144.7734375,-7.6424804687500085],[144.68437500000005,-7.624804687500003],[144.59794921875005,-7.588964843750006],[144.50986328125003,-7.5673828125],[144.44970703125,-7.59814453125],[144.43125000000003,-7.679394531250011],[144.40341796875003,-7.68359375],[144.35185546875005,-7.6669921875],[144.326171875,-7.6767578125],[144.27021484375,-7.7142578125000085],[144.22539062500005,-7.764941406250003],[144.14287109375005,-7.7572265625000085],[143.9736328125,-7.7059570312500085],[143.89824218750005,-7.673828125],[143.8341796875,-7.615917968750011],[143.77910156250005,-7.550097656250003],[143.72333984375,-7.498242187500011],[143.65488281250003,-7.4603515625000085],[143.74208984375002,-7.5498046875],[143.94228515625002,-7.9442382812500085],[143.89218750000003,-7.951855468750011],[143.84062500000005,-7.94189453125],[143.88798828125005,-8.017675781250006],[143.83339843750002,-8.029101562500003],[143.779296875,-8.028222656250009],[143.6650390625,-7.9955078125000085],[143.55156250000005,-7.984667968750003],[143.51816406250003,-8.000683593750011],[143.5421875,-8.029101562500003],[143.58203125,-8.112695312500009],[143.61376953125,-8.200390625000011],[143.45000000000005,-8.239843750000006],[143.28203125000005,-8.263867187500011],[143.094921875,-8.311230468750011],[142.90546875,-8.314453125],[142.80830078125,-8.287500000000009],[142.70859375000003,-8.272265625000003],[142.61503906250005,-8.287500000000009],[142.52412109375,-8.321679687500009],[142.44755859375005,-8.316210937500003],[142.39921875000005,-8.254687500000003],[142.37646484375,-8.2080078125],[142.34746093750005,-8.16748046875],[142.27587890625,-8.173925781250006],[142.20683593750005,-8.19580078125],[142.32509765625002,-8.198339843750006],[142.360546875,-8.25],[142.39101562500002,-8.312695312500011],[142.4748046875,-8.369433593750003],[142.57597656250005,-8.335644531250011],[142.79794921875003,-8.345019531250003],[143.013671875,-8.44384765625],[143.06484375000002,-8.455175781250006],[143.11181640625,-8.474511718750009],[143.22294921875005,-8.572167968750009],[143.30673828125003,-8.660937500000003],[143.37724609375005,-8.76220703125],[143.39218750000003,-8.801855468750006],[143.38750000000005,-8.908203125],[143.3662109375,-8.961035156250006],[143.22685546875005,-9.035937500000003],[143.07822265625003,-9.092480468750011],[142.85917968750005,-9.20263671875],[142.64716796875,-9.327832031250011],[142.53574218750003,-9.303320312500006],[142.43525390625,-9.237011718750011],[142.39628906250005,-9.219042968750003],[142.29277343750005,-9.182910156250003],[142.22958984375003,-9.169921875],[141.97890625000002,-9.198144531250009],[141.72734375000005,-9.212597656250011],[141.62158203125,-9.211328125000009],[141.51875,-9.190136718750011],[141.40566406250002,-9.150683593750003],[141.29365234375,-9.168164062500011],[141.2169921875,-9.214453125000006],[141.13320312500002,-9.221289062500006],[140.92460937500005,-9.085058593750006],[140.78652343750002,-8.973730468750006],[140.66152343750002,-8.846777343750006],[140.5810546875,-8.728320312500003],[140.48974609375,-8.620410156250003],[140.10166015625003,-8.300585937500003],[140.0029296875,-8.195507812500011],[139.98330078125002,-8.16650390625],[139.99257812500002,-8.139355468750011],[140.03740234375005,-8.083984375],[140.11699218750005,-7.9237304687500085],[140.03378906250003,-8.022753906250003],[139.934765625,-8.101171875000006],[139.79082031250005,-8.106347656250009],[139.6494140625,-8.125390625000009],[139.5185546875,-8.172753906250009],[139.38564453125002,-8.189062500000006],[139.31914062500005,-8.165820312500003],[139.27910156250005,-8.10693359375],[139.25830078125,-8.046582031250011],[139.24882812500005,-7.982421875],[139.19296875000003,-8.086132812500011],[139.083203125,-8.142871093750003],[138.93349609375002,-8.262402343750011],[138.890625,-8.23779296875],[138.86474609375,-8.192285156250009],[138.85615234375,-8.145117187500006],[138.88505859375005,-8.0947265625],[138.90546875,-8.041210937500011],[138.93593750000002,-7.9130859375],[139.00302734375003,-7.837597656250011],[139.04570312500005,-7.69140625],[139.07363281250002,-7.639257812500006],[139.08798828125003,-7.587207031250003],[139.04892578125003,-7.5283203125],[138.98300781250003,-7.5082031250000085],[138.93789062500002,-7.472460937500003],[138.88554687500005,-7.373242187500011],[138.85312500000003,-7.339648437500003],[138.79365234375,-7.298925781250006],[138.74794921875002,-7.25146484375],[138.79843750000003,-7.2157226562500085],[138.86484375000003,-7.201367187500011],[138.91933593750002,-7.20361328125],[139.01796875000002,-7.225878906250003],[139.0625,-7.227148437500006],[139.17685546875003,-7.1904296875],[139.11259765625005,-7.201757812500006],[139.0490234375,-7.2005859375000085],[138.845703125,-7.136328125000006],[138.72001953125005,-7.06982421875],[138.60136718750005,-6.9365234375],[138.60019531250003,-6.910742187500006],[138.6837890625,-6.886523437500003],[138.86455078125005,-6.8583984375],[138.80849609375002,-6.7904296875000085],[138.72666015625003,-6.731152343750011],[138.69814453125002,-6.625683593750011],[138.64218750000003,-6.5604492187500085],[138.52158203125003,-6.453808593750011],[138.438671875,-6.343359375000006],[138.368359375,-6.1185546875000085],[138.29628906250002,-5.949023437500003],[138.31386718750002,-5.887500000000003],[138.37460937500003,-5.8436523437500085],[138.28281250000003,-5.838574218750011],[138.19960937500002,-5.8070312500000085],[138.24355468750002,-5.724414062500003],[138.33964843750005,-5.6756835937500085],[138.2521484375,-5.688183593750011],[138.16650390625,-5.712011718750006],[138.12744140625,-5.716503906250011],[138.087109375,-5.709179687500011],[138.06591796875,-5.675976562500011],[138.06308593750003,-5.62890625],[138.07558593750002,-5.5458007812500085],[138.06083984375005,-5.4652343750000085],[137.98496093750003,-5.4276367187500085],[137.92226562500002,-5.3701171875],[137.88681640625003,-5.348828125000011],[137.84033203125,-5.3504882812500085],[137.79521484375005,-5.31201171875],[137.75908203125005,-5.256152343750003],[137.306640625,-5.014355468750011],[137.27978515625,-4.945410156250006],[137.23789062500003,-4.975683593750006],[137.19589843750003,-4.990429687500011],[137.14375,-4.950781250000006],[137.08925781250002,-4.924414062500006],[137.02968750000002,-4.9287109375],[136.974609375,-4.907324218750006],[136.9169921875,-4.895117187500006],[136.85683593750002,-4.893164062500006],[136.61884765625,-4.8187500000000085],[136.39375,-4.701269531250006],[136.21064453125,-4.650683593750003],[136.09746093750005,-4.584765625000003],[135.9796875,-4.530859375000006],[135.71660156250005,-4.4784179687500085],[135.4501953125,-4.443066406250011],[135.35390625000002,-4.4417968750000085],[135.27314453125,-4.453125],[135.19560546875005,-4.45068359375],[134.75419921875005,-4.195410156250006],[134.6796875,-4.0791015625],[134.68691406250002,-4.0111328125000085],[134.70654296875,-3.9547851562500114],[134.88652343750005,-3.9384765625],[134.759765625,-3.922167968750003],[134.70761718750003,-3.9298828125000114],[134.60341796875002,-3.97607421875],[134.546875,-3.979296875000003],[134.46718750000002,-3.9486328125000085],[134.39101562500002,-3.909960937500003],[134.26621093750003,-3.94580078125],[134.20234375,-3.887011718750003],[134.18046875000005,-3.8250976562500085],[134.14707031250003,-3.7967773437500085],[134.10000000000002,-3.7997070312500085],[134.03691406250005,-3.8219726562500114],[133.973828125,-3.8179687500000057],[133.93320312500003,-3.7755859375000114],[133.90400390625,-3.7201171875000085],[133.86074218750002,-3.6803710937500114],[133.80849609375002,-3.6500000000000057],[133.72304687500002,-3.577929687500003],[133.67832031250003,-3.4794921875],[133.68339843750005,-3.3091796875000057],[133.69716796875002,-3.2481445312500057],[133.78164062500002,-3.14892578125],[133.84150390625,-3.0547851562500057],[133.76738281250005,-3.0443359375000085],[133.700390625,-3.0875000000000057],[133.67197265625003,-3.1318359375],[133.66074218750003,-3.185546875],[133.65312500000005,-3.3643554687500057],[133.59941406250005,-3.4161132812500057],[133.51816406250003,-3.411914062500003],[133.54228515625005,-3.516406250000003],[133.50917968750002,-3.615527343750003],[133.41513671875003,-3.7321289062500114],[133.4072265625,-3.78515625],[133.42226562500002,-3.842578125000003],[133.40087890625,-3.8990234375000057],[133.24873046875,-4.062304687500003],[133.19804687500005,-4.070117187500003],[133.08515625,-4.069042968750011],[132.96855468750005,-4.094921875000011],[132.91445312500002,-4.056933593750003],[132.8701171875,-4.007421875000006],[132.837109375,-3.9489257812500114],[132.79091796875002,-3.828125],[132.75390625,-3.70361328125],[132.86972656250003,-3.5509765625000114],[132.82978515625,-3.4129882812500085],[132.75136718750002,-3.2946289062500114],[132.55351562500005,-3.130664062500003],[132.34824218750003,-2.97509765625],[132.25498046875003,-2.9434570312500057],[132.10205078125,-2.9295898437500085],[132.05390625,-2.91455078125],[132.00634765625,-2.8560546875000057],[131.97119140625,-2.78857421875],[132.06689453125,-2.759570312500003],[132.2306640625,-2.6803710937500114],[132.32333984375003,-2.6841796875000057],[132.57548828125005,-2.7271484375000057],[132.65292968750003,-2.7662109375000057],[132.72500000000002,-2.7890625],[132.89726562500005,-2.658203125],[133.03378906250003,-2.4874023437500057],[133.11884765625,-2.4502929687500057],[133.19101562500003,-2.437792968750003],[133.26494140625005,-2.4542968750000114],[133.41142578125005,-2.513964843750003],[133.5265625,-2.5416992187500114],[133.60869140625005,-2.547167968750003],[133.6515625,-2.6005859375],[133.70009765625002,-2.6246093750000057],[133.7109375,-2.5440429687500057],[133.75332031250002,-2.45068359375],[133.83466796875,-2.421679687500003],[133.87763671875,-2.4150390625],[133.90488281250003,-2.390917968750003],[133.89892578125,-2.304492187500003],[133.791015625,-2.2936523437500114],[133.84970703125003,-2.2196289062500085],[133.90244140625003,-2.18359375],[133.92050781250003,-2.1474609375],[133.92158203125,-2.10205078125],[133.71035156250002,-2.1891601562500114],[133.48779296875,-2.2255859375],[133.35625000000005,-2.2157226562500085],[133.22490234375005,-2.2144531250000057],[132.96279296875002,-2.2725585937500057],[132.86328125,-2.2702148437500114],[132.6310546875,-2.2466796875000057],[132.50263671875,-2.2184570312500114],[132.4033203125,-2.2404296875000114],[132.3076171875,-2.2422851562500057],[132.20742187500002,-2.17578125],[132.12216796875003,-2.0923828125000057],[132.07988281250005,-2.033203125],[132.0234375,-1.9903320312500057],[131.99843750000002,-1.9325195312500085],[131.93613281250003,-1.7149414062500057],[131.93037109375,-1.5596679687500057],[131.82978515625,-1.5565429687500085],[131.7314453125,-1.5412109375000114],[131.29375000000005,-1.3934570312500085],[131.24082031250003,-1.4296875],[131.17919921875,-1.4483398437500057],[131.11777343750003,-1.4552734375000114],[131.05673828125003,-1.4476562500000085],[130.99589843750005,-1.4247070312500085],[131.0009765625,-1.3839843750000114],[131.04619140625005,-1.2840820312500085],[131.09052734375,-1.2472656250000114],[131.15185546875,-1.2188476562500057],[131.19082031250002,-1.1658203125000028],[131.2541015625,-1.0069335937500057],[131.258984375,-0.95263671875],[131.25205078125003,-0.8971679687500114],[131.25722656250002,-0.85546875],[131.29638671875,-0.8335937500000057],[131.46152343750003,-0.7818359375000057],[131.80429687500003,-0.7038085937500114],[131.89091796875005,-0.6571289062500085],[131.96240234375,-0.5824218750000085],[132.04599609375003,-0.5370117187500085],[132.08447265625,-0.4911132812500085],[132.12841796875,-0.4541015625],[132.39375,-0.35546875],[132.5080078125,-0.34746093750000284],[132.62509765625003,-0.35888671875],[132.8564453125,-0.4173828125000085],[133.0771484375,-0.5118164062500057],[133.26845703125002,-0.6357421875],[133.47265625,-0.7261718750000057]]]}},{"type":"Feature","properties":{"_manaName":"Borneo","name":"Borneo","_manaColor":"#3b82f6","_manaFillOpacity":0.85,"_manaWeight":1.5,"_manaBorderColor":"#ffffff","_manaGroupName":"Islas más grandes del mundo","_manaGroupId":1,"_manaGeometryType":"polygon","_manaLabelStyle":{"enabled":true,"field":"_manaName","fontFamily":"Noto Sans, sans-serif","fontSize":10,"color":"#0f172a","fontWeight":"700","fontStyle":"normal","haloWidth":3,"haloColor":"#ffffff","opacity":0.95,"offsetX":0,"offsetY":0,"placement":"auto"},"Superficie":"743.330 km²","Población":"~23.000.000 hab.","País":"Indonesia/Malasia/Brunei","Descripción":"Tercera isla más grande. Dividida entre Indonesia (Kalimantan), Malasia (Sabah, Sarawak) y Brunei.","Ranking":"#3","superficie_km2":743330,"superficie_bucket":"500,000–1,000,000 km²"},"geometry":{"type":"Polygon","coordinates":[[[116.80771484375003,6.691064453124994],[116.7880859375,6.606103515624994],[116.81240234375002,6.60791015625],[116.91328125000001,6.65966796875],[117.0185546875,6.79736328125],[117.07792968749999,6.9168457031249915],[117.12851562500003,6.968896484374994],[117.22988281250002,6.939990234374989],[117.25244140625,6.919238281249989],[117.24531250000001,6.833398437499994],[117.25498046875003,6.783447265625],[117.29404296875003,6.676904296874994],[117.38037109375,6.612255859374997],[117.49921875000001,6.571484374999997],[117.60966796874999,6.512646484374997],[117.64570312500001,6.473681640624989],[117.66962890625001,6.4267578125],[117.69375000000002,6.349999999999994],[117.69560546874999,6.2723144531249915],[117.61591796875001,6.196533203125],[117.64980468750002,6.0735839843749915],[117.64453125,6.001855468749994],[117.6171875,5.940722656249989],[117.50117187500001,5.884667968749994],[117.81767578124999,5.9404296875],[117.89580078124999,5.9722656249999915],[118.00380859375002,6.0533203124999915],[118.06171875000001,5.983447265624989],[118.11582031250003,5.862499999999997],[118.072265625,5.832080078124989],[117.93476562500001,5.787499999999994],[117.92802734374999,5.769189453124994],[117.9736328125,5.706249999999997],[118.03115234375002,5.712109374999997],[118.14462890625003,5.754199218749989],[118.24912109375003,5.820556640625],[118.2998046875,5.819726562499994],[118.35312500000003,5.806054687499994],[118.45634765624999,5.763427734375],[118.51416015625,5.728906249999994],[118.56308593750003,5.684521484374997],[118.59482421875003,5.592089843749989],[118.71367187499999,5.558544921874997],[118.95732421874999,5.429003906249989],[119.00253906250003,5.4178222656249915],[119.05000000000001,5.415234374999997],[119.17841796875001,5.430908203125],[119.22343749999999,5.412646484374989],[119.25556640625001,5.365917968749997],[119.26630859375001,5.30810546875],[119.26279296875003,5.245898437499989],[119.24970703125001,5.19873046875],[119.21962890625002,5.159814453124994],[119.13222656250002,5.100488281249994],[118.91250000000002,5.022900390624997],[118.67207031250001,4.964062499999997],[118.55136718750003,4.9681152343749915],[118.3818359375,5.018505859374997],[118.32001953125001,5.012011718749989],[118.26054687499999,4.9888671874999915],[118.18535156249999,4.828515624999994],[118.32421875,4.668701171875],[118.5625,4.502148437499997],[118.59511718750002,4.460644531249997],[118.58632812500002,4.40966796875],[118.54833984375,4.3792480468749915],[118.498046875,4.362353515624989],[118.36406249999999,4.335742187499989],[118.22871093750001,4.3160156249999915],[118.11728515625003,4.28759765625],[118.00820312500002,4.250244140625],[117.89560546875003,4.262939453125],[117.74101562499999,4.337548828124994],[117.69648437500001,4.342822265624989],[117.64980468750002,4.304492187499989],[117.60380859374999,4.199999999999989],[117.56621093749999,4.162304687499997],[117.49746093750002,4.1333984374999915],[117.46533203125,4.076074218749994],[117.55937499999999,3.9883300781249886],[117.56601562500003,3.929931640625],[117.63906250000002,3.8779785156249886],[117.72822265625001,3.7967285156249915],[117.73173828124999,3.770263671875],[117.76201171874999,3.73388671875],[117.77724609375002,3.6892578124999886],[117.71445312500003,3.6448242187499886],[117.6298828125,3.6363281249999915],[117.5673828125,3.6782714843749886],[117.50966796875002,3.7303710937499943],[117.49492187499999,3.6655761718749886],[117.45039062500001,3.6285156249999915],[117.28789062499999,3.6393066406249943],[117.17158203125001,3.6389648437499886],[117.05595703124999,3.6226562499999915],[117.11386718750003,3.6126464843749915],[117.16640625000002,3.591992187499997],[117.34628906250003,3.4266113281249915],[117.38466796875002,3.3653808593749943],[117.32187500000003,3.2435546874999943],[117.35244140625002,3.1937499999999943],[117.42207031250001,3.1651855468749943],[117.5068359375,3.1045898437499915],[117.56718749999999,3.0984863281249915],[117.61064453124999,3.0643554687499943],[117.61240234375003,3.0048828125],[117.63789062500001,2.9508300781249943],[117.56914062499999,2.9292968749999915],[117.63720703125,2.9149414062499943],[117.69765625000002,2.8873046874999915],[117.66455078125,2.8592773437499943],[117.63886718750001,2.8252929687499915],[117.66679687499999,2.8069335937499886],[117.74970703125001,2.775585937499997],[117.78593749999999,2.746777343749997],[117.80488281250001,2.6689453125],[117.8857421875,2.541748046875],[118.0341796875,2.377636718749997],[118.06660156250001,2.317822265624997],[118.06630859375002,2.2627441406249886],[118.04160156250003,2.2154296874999915],[117.95703125,2.1599609374999886],[117.88925781250003,2.0870117187499915],[117.88105468750001,2.0606445312499915],[117.78925781250001,2.02685546875],[117.83125000000001,2.0020019531249886],[117.86464843750002,1.9684082031249943],[117.92841796875001,1.8667968749999915],[118.08037109374999,1.7018554687499972],[118.15683593750003,1.6403320312499972],[118.4716796875,1.4164550781249972],[118.63896484374999,1.3189941406249943],[118.8525390625,1.0958496093749943],[118.96347656250003,1.0442871093749915],[118.98496093750003,0.9821289062499972],[118.89238281249999,0.8868652343749943],[118.75742187500003,0.8392089843749915],[118.53476562500003,0.8135253906249886],[118.3115234375,0.8470703124999943],[118.19609374999999,0.8743652343749915],[118.09550781249999,0.9291503906249972],[118.01630859375001,1.0391601562499915],[117.91162109375,1.0986816406249886],[117.95195312499999,1.031982421875],[117.97734374999999,0.9638183593749972],[117.96425781250002,0.8895507812499943],[117.92304687500001,0.8313476562499886],[117.8525390625,0.7886718749999915],[117.77695312500003,0.7540039062499915],[117.7451171875,0.7296386718749943],[117.55332031250003,0.34101562499999716],[117.52216796875001,0.23588867187498863],[117.46376953125002,-0.20048828125000284],[117.462890625,-0.32373046875],[117.54892578125003,-0.5543945312500114],[117.55683593750001,-0.67529296875],[117.57382812500003,-0.7275390625],[117.5625,-0.7708984375000085],[117.52177734374999,-0.7966796875000028],[117.35712890625001,-0.8671875],[117.24072265625,-0.9256835937500085],[117.146484375,-1.0089843750000114],[117.07021484375002,-1.1126953125000085],[117.00322265624999,-1.1876953125000114],[116.91396484375002,-1.2236328125],[116.84941406249999,-1.21826171875],[116.79707031250001,-1.1837890625000114],[116.76054687499999,-1.1171875],[116.73984375000003,-1.0442382812500028],[116.72617187500003,-1.09814453125],[116.72871093750001,-1.1507812500000085],[116.75927734375,-1.2071289062500057],[116.77099609375,-1.2666015625],[116.75341796875,-1.3273437500000114],[116.71523437500002,-1.3757812500000028],[116.61162109374999,-1.4286132812500085],[116.55449218749999,-1.4739257812500028],[116.54511718750001,-1.5531250000000085],[116.517578125,-1.5980468750000085],[116.47792968750002,-1.6328125],[116.33212890625003,-1.7125000000000057],[116.29960937499999,-1.7443359375000114],[116.27548828125003,-1.7848632812500114],[116.35322265625001,-1.7786132812500028],[116.42431640625,-1.7848632812500114],[116.42958984375002,-1.8641601562500085],[116.45195312499999,-1.9231445312500028],[116.42353515625001,-2.052539062500003],[116.31396484375,-2.1398437500000114],[116.36865234375,-2.158203125],[116.41816406250001,-2.1867187500000114],[116.52812499999999,-2.2079101562500085],[116.5654296875,-2.2997070312500085],[116.54921875000002,-2.4108398437500114],[116.529296875,-2.510546875000003],[116.45039062500001,-2.5382812500000114],[116.40126953125002,-2.519824218750003],[116.3525390625,-2.5215820312500057],[116.31679687500002,-2.5518554687500057],[116.30722656250003,-2.603320312500003],[116.37548828125,-2.5780273437500085],[116.37167968750003,-2.706835937500003],[116.35322265625001,-2.8327148437500114],[116.33066406250003,-2.902148437500003],[116.28886718749999,-2.958789062500003],[116.22578125000001,-2.9769531250000085],[116.16630859374999,-2.9345703125],[116.15410156249999,-2.9837890625000085],[116.17226562500002,-3.0252929687500085],[116.25722656250002,-3.1263671875000085],[116.205078125,-3.1485351562500057],[116.16708984375003,-3.1830078125000085],[116.15000000000003,-3.233203125000003],[116.05751953125002,-3.3482421875000057],[116.01669921875003,-3.4328125000000114],[115.99941406250002,-3.5233398437500085],[115.95615234375003,-3.595019531250003],[115.25820312500002,-3.9068359375000057],[114.69355468750001,-4.169726562500003],[114.65253906250001,-4.15185546875],[114.62529296874999,-4.1117187500000085],[114.60595703125,-3.7033203125000114],[114.5361328125,-3.494433593750003],[114.52558593750001,-3.3766601562500114],[114.44599609375001,-3.4818359375000085],[114.39716796875001,-3.47119140625],[114.34433593750003,-3.4444335937500057],[114.30458984375002,-3.4100585937500085],[114.30166015625002,-3.36474609375],[114.34433593750003,-3.235156250000003],[114.29267578125001,-3.3062500000000057],[114.236328125,-3.361132812500003],[114.17792968750001,-3.3543945312500085],[114.12763671875001,-3.3272460937500057],[114.10898437500003,-3.28515625],[114.08222656250001,-3.2789062500000057],[113.95878906249999,-3.394335937500003],[113.79580078125002,-3.4562500000000114],[113.705078125,-3.4552734375000114],[113.63359374999999,-3.419921875],[113.63730468750003,-3.33203125],[113.63007812500001,-3.24609375],[113.61005859375001,-3.1957031250000085],[113.56630859375002,-3.177734375],[113.52597656250003,-3.18408203125],[113.40898437499999,-3.2289062500000085],[113.3671875,-3.2236328125],[113.34316406250002,-3.2464843750000085],[113.03398437499999,-2.9334960937500085],[112.97148437499999,-3.1871093750000057],[112.75800781250001,-3.3221679687500085],[112.60029296875001,-3.4004882812500057],[112.44394531250003,-3.37109375],[112.28496093749999,-3.3209960937500114],[112.12666015625001,-3.3814453125000057],[111.95488281249999,-3.5296875000000085],[111.90742187500001,-3.552539062500003],[111.85810546875001,-3.5518554687500057],[111.82207031249999,-3.532519531250003],[111.83437500000002,-3.4201171875000114],[111.8359375,-3.3077148437500057],[111.82304687499999,-3.0572265625000057],[111.80937499999999,-3.0080078125000114],[111.76015625000002,-2.9391601562500114],[111.69472656250002,-2.889453125000003],[111.65830078125003,-2.92578125],[111.62548828125,-2.9754882812500085],[111.49492187499999,-2.9733398437500114],[111.36757812500002,-2.9336914062500057],[111.25917968750002,-2.9564453125000085],[111.04433593750002,-3.0557617187500057],[110.93007812500002,-3.071093750000003],[110.86875000000003,-3.0487304687500085],[110.82968750000003,-2.9951171875],[110.85205078125,-2.9461914062500085],[110.89931640625002,-2.9085937500000085],[110.81113281250003,-2.9384765625],[110.73583984375,-2.9886718750000085],[110.703125,-3.0208984375000085],[110.66816406250001,-3.0047851562500085],[110.57402343749999,-2.891406250000003],[110.37753906250003,-2.9337890625000114],[110.35097656250002,-2.94677734375],[110.30253906249999,-2.9853515625],[110.25605468750001,-2.966113281250003],[110.23261718750001,-2.925097656250003],[110.22431640625001,-2.6886718750000114],[110.12441406250002,-2.23388671875],[110.09658203125002,-2.0013671875000085],[110.07499999999999,-1.9463867187500057],[109.95986328125002,-1.86279296875],[109.96376953125002,-1.7428710937500114],[110.0234375,-1.642578125],[110.0361328125,-1.5256835937500028],[110.01923828125001,-1.3988281250000085],[109.98330078125002,-1.2748046875000085],[109.93808593750003,-1.18115234375],[109.87343750000002,-1.10107421875],[109.78740234374999,-1.0113281250000057],[109.68173828125003,-0.9442382812500085],[109.45380859375001,-0.8687500000000057],[109.33349609375,-0.8753906250000085],[109.28886718749999,-0.8458007812500057],[109.2587890625,-0.8074218750000028],[109.27099609375,-0.7320312500000057],[109.31171875000001,-0.68017578125],[109.36630859375003,-0.6673828125000085],[109.37275390625001,-0.63818359375],[109.25703125000001,-0.5774414062500028],[109.16054687500002,-0.49492187500000284],[109.13027343750002,-0.4454101562500057],[109.12109375,-0.39091796875000284],[109.12177734375001,-0.2650390625000085],[109.14960937500001,-0.185546875],[109.16474609375001,-0.14248046875000853],[109.19462890624999,-0.009423828125008527],[109.25751953125001,0.031152343749994316],[109.24726562500001,0.055761718749991473],[109.22021484375,0.07382812499999147],[109.18076171875003,0.11748046874998863],[109.14853515625003,0.16767578124999716],[109.07480468750003,0.2528320312499943],[108.94453125000001,0.35566406249999716],[108.92275390625002,0.5328124999999915],[108.90585937500003,0.7939453125],[108.91679687499999,0.9126464843749886],[108.95859375000003,1.1346191406249915],[109.03085937500003,1.2044921874999943],[109.08847656250003,1.2239257812499886],[109.13154296875001,1.2538574218749972],[109.09609375000002,1.2581542968749915],[109.0654296875,1.2471679687499915],[109.01025390625,1.2396484374999943],[109.05546874999999,1.4384765625],[109.07587890625001,1.4958984374999886],[109.16669921875001,1.6070800781249943],[109.27314453125001,1.7054687499999943],[109.31816406249999,1.8210937499999886],[109.37851562500003,1.9227050781249915],[109.62890625,2.027539062499997],[109.6943359375,1.8887695312499915],[109.71962890625002,1.8578124999999943],[109.86484375000003,1.7644531249999886],[109.98457031250001,1.7176269531249915],[110.11406249999999,1.6985839843749915],[110.24589843749999,1.6947265624999943],[110.29833984375,1.701171875],[110.34921875000003,1.7197265625],[110.39951171875003,1.6998535156249943],[110.67519531250002,1.5480468749999972],[110.78203124999999,1.5208496093749915],[110.89492187500002,1.532470703125],[110.93994140625,1.517333984375],[111.09843749999999,1.40087890625],[111.14521484375001,1.386962890625],[111.22324218750003,1.3958496093749915],[111.12343750000002,1.4490234374999886],[111.05800781250002,1.4866699218749915],[111.02871093750002,1.5578124999999972],[111.04658203125001,1.6336425781249915],[111.11015624999999,1.68408203125],[111.15419921875002,1.73876953125],[111.17001953125003,1.9022949218749972],[111.19804687499999,1.985107421875],[111.25087890625002,2.0638671874999943],[111.26816406250003,2.1397460937499915],[111.20888671875002,2.1976562499999943],[111.19550781250001,2.2971679687499886],[111.20859375000003,2.379638671875],[111.2421875,2.435742187499997],[111.2958984375,2.3987792968749915],[111.35136718749999,2.364453124999997],[111.40615234375002,2.367871093749997],[111.44384765625,2.381542968749997],[111.45078125000003,2.424072265625],[111.4404296875,2.4980957031249886],[111.44326171875002,2.6343261718749886],[111.51249999999999,2.7430175781249915],[111.62324218750001,2.8179687499999915],[111.72773437500001,2.8538085937499886],[112.11884765625001,2.9146972656249943],[112.7373046875,3.0704589843749943],[112.92050781250003,3.1307128906249915],[112.98789062500003,3.1619140624999886],[113.04472656249999,3.2052246093749943],[113.14023437500003,3.343505859375],[113.32011718749999,3.561474609374997],[113.44609374999999,3.7405761718749915],[113.71210937500001,4.001416015624997],[113.92392578125003,4.243212890624989],[113.95253906250002,4.288720703124994],[113.98779296875,4.420703124999989],[113.99042968750001,4.482812499999994],[113.98427734375002,4.545800781249994],[114.01249999999999,4.575244140624989],[114.05361328125002,4.5928710937499915],[114.17792968750001,4.590966796874994],[114.29941406250003,4.607177734375],[114.42441406250003,4.660400390625],[114.54472656249999,4.724560546874997],[114.64589843750002,4.798144531249989],[114.74082031250003,4.881005859374994],[114.84062499999999,4.9463867187499915],[114.99541015624999,5.022363281249994],[115.04765624999999,5.016357421875],[115.04707031250001,4.962451171874989],[115.02675781250002,4.899707031249989],[115.14003906250002,4.8997558593749915],[115.37490234375002,4.932763671874994],[115.42763671875002,4.969189453124997],[115.51982421874999,5.0489257812499915],[115.55449218749999,5.093554687499989],[115.58203125,5.194140624999989],[115.46689453125003,5.254101562499997],[115.42167968749999,5.330517578124997],[115.41904296875003,5.4131835937499915],[115.55644531249999,5.566699218749989],[115.60390625000002,5.603417968749994],[115.62451171875,5.548876953124989],[115.68505859375,5.535107421874997],[115.74082031250003,5.533007812499989],[115.796875,5.5361328125],[115.87714843750001,5.613525390625],[115.91845703125,5.7249511718749915],[116.05976562500001,5.882373046874989],[116.11005859375001,6.0032714843749915],[116.13837890625001,6.129541015624994],[116.49472656250003,6.521679687499997],[116.53828125000001,6.582714843749997],[116.74980468749999,6.977099609374989],[116.77617187499999,6.990234375],[116.8330078125,6.952050781249994],[116.84980468750001,6.826708984374989],[116.84199218750001,6.7720703124999915],[116.80771484375003,6.691064453124994]]]}},{"type":"Feature","properties":{"_manaName":"Madagascar","name":"Madagascar","_manaColor":"#3b82f6","_manaFillOpacity":0.85,"_manaWeight":1.5,"_manaBorderColor":"#ffffff","_manaGroupName":"Islas más grandes del mundo","_manaGroupId":1,"_manaGeometryType":"polygon","_manaLabelStyle":{"enabled":true,"field":"_manaName","fontFamily":"Noto Sans, sans-serif","fontSize":10,"color":"#0f172a","fontWeight":"700","fontStyle":"normal","haloWidth":3,"haloColor":"#ffffff","opacity":0.95,"offsetX":0,"offsetY":0,"placement":"auto"},"Superficie":"587.041 km²","Población":"~29.000.000 hab.","País":"Madagascar","Descripción":"Cuarta isla más grande. País insular independiente frente a la costa de África. Hogar de especies únicas.","Ranking":"#4","superficie_km2":587041,"superficie_bucket":"500,000–1,000,000 km²"},"geometry":{"type":"Polygon","coordinates":[[[49.53828125000001,-12.43212890625],[49.58417968750001,-12.536718750000006],[49.637792968750006,-12.637109375000009],[49.80498046875002,-12.879687500000003],[49.87646484375,-12.973046875000009],[49.9375,-13.072265625],[49.96718750000002,-13.270214843750011],[50.07343750000001,-13.577929687500003],[50.173828125,-14.040234375000011],[50.20458984375,-14.514453125000003],[50.2353515625,-14.732031250000006],[50.3134765625,-14.936816406250003],[50.44130859375002,-15.149316406250009],[50.48271484375002,-15.385644531250009],[50.40458984375002,-15.629101562500011],[50.29150390625,-15.858496093750006],[50.262304687500006,-15.901562500000011],[50.208984375,-15.96044921875],[50.18496093750002,-15.957812500000003],[50.09443359375001,-15.898632812500011],[50.02041015625002,-15.8017578125],[49.92656250000002,-15.573535156250003],[49.892578125,-15.457714843750011],[49.85332031250002,-15.439453125],[49.743750000000006,-15.449511718750003],[49.66435546875002,-15.521582031250006],[49.64990234375,-15.566992187500006],[49.6669921875,-15.695703125000009],[49.69707031250002,-15.811425781250009],[49.71044921875,-15.928906250000011],[49.71279296875002,-16.076757812500006],[49.742285156250006,-16.12148437500001],[49.78593750000002,-16.15908203125001],[49.8310546875,-16.255859375],[49.83906250000001,-16.48652343750001],[49.81132812500002,-16.60302734375],[49.733984375000006,-16.70302734375001],[49.73857421875002,-16.758398437500006],[49.767187500000006,-16.81513671875001],[49.73974609375,-16.849414062500003],[49.63691406250001,-16.892871093750003],[49.59521484375,-16.93115234375],[49.53955078125,-17.03291015625001],[49.449316406250006,-17.24062500000001],[49.437109375000006,-17.3466796875],[49.49365234375,-17.669531250000006],[49.47783203125002,-17.898535156250006],[49.362890625000006,-18.33632812500001],[49.296875,-18.544042968750006],[49.20332031250001,-18.792285156250003],[49.06005859375,-19.11962890625],[48.918066406250006,-19.53046875000001],[48.797460937500006,-19.953222656250006],[48.70830078125002,-20.207324218750003],[48.607031250000006,-20.45751953125],[48.46855468750002,-20.900000000000006],[48.35078125000001,-21.34902343750001],[48.175878906250006,-21.843066406250003],[47.93447265625002,-22.39394531250001],[47.90839843750001,-22.4658203125],[47.85830078125002,-22.74726562500001],[47.80410156250002,-22.991503906250003],[47.73945312500001,-23.2333984375],[47.604101562500006,-23.633105468750003],[47.58867187500002,-23.75634765625],[47.55800781250002,-23.874609375000006],[47.42763671875002,-24.12519531250001],[47.37255859375,-24.21845703125001],[47.333593750000006,-24.31757812500001],[47.31171875000001,-24.443164062500003],[47.27285156250002,-24.56435546875001],[47.177343750000006,-24.787207031250006],[47.03496093750002,-24.97900390625],[46.93818359375001,-25.04873046875001],[46.728515625,-25.14990234375],[46.62226562500001,-25.17041015625],[46.38671875,-25.17275390625001],[46.15869140625,-25.23037109375001],[45.9208984375,-25.34130859375],[45.69218750000002,-25.46845703125001],[45.604589843750006,-25.52871093750001],[45.50800781250001,-25.56318359375001],[45.20576171875001,-25.57050781250001],[45.115234375,-25.543066406250006],[44.81289062500002,-25.33417968750001],[44.69580078125,-25.29970703125001],[44.47382812500001,-25.271093750000006],[44.40673828125,-25.25332031250001],[44.34589843750001,-25.22607421875],[44.25615234375002,-25.11689453125001],[44.078125,-25.02460937500001],[44.03535156250001,-24.995703125000006],[44.00830078125,-24.93203125000001],[43.989843750000006,-24.86347656250001],[43.94375000000002,-24.786718750000006],[43.90957031250002,-24.640625],[43.8515625,-24.538378906250003],[43.6875,-24.35791015625],[43.670019531250006,-24.30029296875],[43.656835937500006,-24.10878906250001],[43.662109375,-23.97919921875001],[43.646093750000006,-23.74189453125001],[43.66474609375001,-23.63027343750001],[43.722265625000006,-23.52968750000001],[43.69873046875,-23.4208984375],[43.63759765625002,-23.30654296875001],[43.61464843750002,-23.18818359375001],[43.56953125000001,-23.08046875000001],[43.39785156250002,-22.886328125000006],[43.357519531250006,-22.790820312500003],[43.32958984375,-22.69189453125],[43.26484375000001,-22.383593750000003],[43.25712890625002,-22.2763671875],[43.2666015625,-22.04931640625],[43.29052734375,-21.93251953125001],[43.33222656250001,-21.851171875000006],[43.34267578125002,-21.79042968750001],[43.369726562500006,-21.73828125],[43.41054687500002,-21.69648437500001],[43.43779296875002,-21.64667968750001],[43.50185546875002,-21.3564453125],[43.583105468750006,-21.2919921875],[43.70361328125,-21.254980468750006],[43.80019531250002,-21.17919921875],[43.85566406250001,-21.07685546875001],[43.9111328125,-20.865820312500006],[44.063085937500006,-20.65625],[44.1171875,-20.54609375000001],[44.23964843750002,-20.379687500000003],[44.34814453125,-20.1455078125],[44.38105468750001,-20.03515625],[44.40468750000002,-19.92207031250001],[44.432226562500006,-19.67421875000001],[44.45292968750002,-19.550878906250006],[44.448828125000006,-19.4287109375],[44.38652343750002,-19.30312500000001],[44.23876953125,-19.0751953125],[44.233984375000006,-19.03261718750001],[44.245703125000006,-18.86318359375001],[44.23310546875001,-18.74062500000001],[44.1787109375,-18.61855468750001],[44.10878906250002,-18.503515625000006],[44.0400390625,-18.28847656250001],[44.00664062500002,-17.93300781250001],[44.013671875,-17.804492187500003],[43.99355468750002,-17.69033203125001],[43.94355468750001,-17.58144531250001],[43.97939453125002,-17.3916015625],[44.42138671875,-16.70263671875],[44.43574218750001,-16.62148437500001],[44.41796875,-16.41132812500001],[44.42705078125002,-16.2890625],[44.442480468750006,-16.243750000000006],[44.476171875000006,-16.21728515625],[44.551855468750006,-16.20449218750001],[44.9091796875,-16.17451171875001],[44.955078125,-16.1533203125],[45.04423828125002,-16.09511718750001],[45.16679687500002,-15.982812500000009],[45.22285156250001,-15.950488281250003],[45.27128906250002,-15.962304687500009],[45.302343750000006,-16.01044921875001],[45.34218750000002,-16.036718750000006],[45.486328125,-15.98583984375],[45.54179687500002,-15.984277343750009],[45.598242187500006,-15.992578125000009],[45.62470703125001,-15.94580078125],[45.64052734375002,-15.883105468750003],[45.66152343750002,-15.8388671875],[45.7001953125,-15.813769531250003],[45.88593750000001,-15.800097656250003],[46.00429687500002,-15.782128906250009],[46.15751953125002,-15.73828125],[46.190527343750006,-15.746875000000003],[46.314062500000006,-15.904589843750003],[46.3515625,-15.918164062500011],[46.39960937500001,-15.924609375000003],[46.44160156250001,-15.895898437500009],[46.34130859375,-15.813378906250009],[46.326171875,-15.766699218750006],[46.33144531250002,-15.713671875000003],[46.38515625000002,-15.60009765625],[46.47509765625,-15.513476562500003],[46.67470703125002,-15.3818359375],[46.88203125000001,-15.229589843750006],[46.94228515625002,-15.219042968750003],[46.993261718750006,-15.2431640625],[47.032324218750006,-15.422656250000003],[47.027441406250006,-15.452246093750006],[47.060546875,-15.456347656250003],[47.099218750000006,-15.434179687500006],[47.133398437500006,-15.361718750000009],[47.13515625000002,-15.301562500000003],[47.10732421875002,-15.243847656250011],[47.09375,-15.195019531250011],[47.09257812500002,-15.150097656250011],[47.19765625000002,-15.044042968750006],[47.28046875000001,-14.942675781250003],[47.31875000000002,-14.82177734375],[47.35195312500002,-14.76611328125],[47.439062500000006,-14.703320312500011],[47.46474609375002,-14.713281250000009],[47.48505859375001,-14.764355468750011],[47.49638671875002,-14.818359375],[47.47402343750002,-14.871972656250009],[47.44208984375001,-14.925000000000011],[47.42919921875,-14.995703125000006],[47.47832031250002,-15.009375000000006],[47.52470703125002,-14.9921875],[47.59257812500002,-14.8642578125],[47.670019531250006,-14.743261718750006],[47.71601562500001,-14.680371093750011],[47.774023437500006,-14.63671875],[47.87041015625002,-14.6455078125],[47.96416015625002,-14.672558593750011],[47.8115234375,-14.544824218750009],[47.77333984375002,-14.369921875000003],[47.955175781250006,-14.067285156250009],[47.95693359375002,-14.004296875000009],[47.98320312500002,-13.98486328125],[47.99550781250002,-13.96044921875],[47.9013671875,-13.858203125000003],[47.88359375000002,-13.807519531250009],[47.89599609375,-13.730664062500011],[47.941015625000006,-13.662402343750003],[47.98183593750002,-13.614648437500009],[48.03984375000002,-13.596289062500006],[48.0859375,-13.62255859375],[48.187109375000006,-13.70654296875],[48.25527343750002,-13.719335937500006],[48.33769531250002,-13.638671875],[48.40507812500002,-13.537988281250009],[48.506445312500006,-13.46875],[48.62138671875002,-13.425976562500011],[48.796484375000006,-13.267480468750009],[48.91035156250001,-12.935839843750003],[48.91943359375,-12.839062500000011],[48.89423828125001,-12.7216796875],[48.85380859375002,-12.610156250000003],[48.78632812500001,-12.470898437500011],[48.80390625000001,-12.440039062500006],[48.89960937500001,-12.45849609375],[48.931738281250006,-12.439062500000006],[49.035742187500006,-12.315820312500009],[49.20703125,-12.07958984375],[49.26347656250002,-12.080175781250006],[49.312109375000006,-12.123925781250009],[49.330175781250006,-12.188671875000011],[49.36396484375001,-12.236328125],[49.47978515625002,-12.348437500000003],[49.53828125000001,-12.43212890625]]]}},{"type":"Feature","properties":{"_manaName":"Isla de Baffin","name":"Baffin Island","_manaColor":"#3b82f6","_manaFillOpacity":0.85,"_manaWeight":1.5,"_manaBorderColor":"#ffffff","_manaGroupName":"Islas más grandes del mundo","_manaGroupId":1,"_manaGeometryType":"polygon","_manaLabelStyle":{"enabled":true,"field":"_manaName","fontFamily":"Noto Sans, sans-serif","fontSize":10,"color":"#0f172a","fontWeight":"700","fontStyle":"normal","haloWidth":3,"haloColor":"#ffffff","opacity":0.95,"offsetX":0,"offsetY":0,"placement":"auto"},"Superficie":"507.451 km²","Población":"~11.000 hab.","País":"Canadá","Descripción":"Quinta isla más grande. En el archipiélago ártico canadiense, entre Groenlandia y el continente.","Ranking":"#5","superficie_km2":507451,"superficie_bucket":"500,000–1,000,000 km²"},"geometry":{"type":"Polygon","coordinates":[[[-86.58935546875,71.010791015625],[-86.54965820312499,70.98876953125],[-86.3212890625,71.016796875],[-86.1271484375,71.048974609375],[-85.82456054687499,71.125732421875],[-85.64384765624999,71.15244140625],[-85.094873046875,71.151953125],[-85.00156249999999,71.137451171875],[-85.04277343749999,71.0916015625],[-85.06577148437499,71.07861328125],[-85.04765624999999,71.05869140625],[-84.9884765625,71.03173828125],[-84.8703125,71.001806640625],[-84.82373046875,71.02861328125],[-84.78959960937499,71.09326171875],[-84.70859374999999,71.35869140625],[-84.67431640625,71.43876953125],[-84.65810546875,71.514599609375],[-84.65996093749999,71.5861328125],[-84.6994140625,71.6314453125],[-84.84013671874999,71.658642578125],[-85.0322265625,71.654052734375],[-85.13090820312499,71.66123046875],[-85.25048828125,71.67529296875],[-85.3390625,71.697265625],[-85.3966796875,71.72705078125],[-85.51152343749999,71.816552734375],[-85.59619140625,71.86640625],[-85.81333007812499,71.9564453125],[-85.91162109375,71.9865234375],[-85.86210937499999,72.02197265625],[-85.664794921875,72.06279296875],[-85.54580078125,72.1015625],[-85.405908203125,72.21484375],[-85.32187499999999,72.233154296875],[-85.01875,72.2181640625],[-84.60849609374999,72.1294921875],[-84.35166015624999,72.05263671875],[-84.28374023437499,72.044482421875],[-84.28232421874999,72.058447265625],[-84.34746093749999,72.09443359375],[-84.64296875,72.18955078125],[-84.7775390625,72.2587890625],[-84.8419921875,72.308154296875],[-84.81103515625,72.329541015625],[-84.644677734375,72.351416015625],[-84.623046875,72.3765625],[-84.84941406249999,72.40625],[-84.96416015624999,72.405615234375],[-85.0568359375,72.384375],[-85.156396484375,72.38291015625],[-85.34111328124999,72.421533203125],[-85.39130859375,72.443994140625],[-85.49775390625,72.510595703125],[-85.5537109375,72.568603515625],[-85.61557617187499,72.604638671875],[-85.637890625,72.633203125],[-85.64990234375,72.72216796875],[-85.64453125,72.774462890625],[-85.61943359374999,72.819189453125],[-85.574609375,72.856396484375],[-85.45478515625,72.925146484375],[-85.38759765625,72.94501953125],[-85.262109375,72.95400390625],[-84.98955078124999,72.919873046875],[-84.25664062499999,72.796728515625],[-84.27426757812499,72.83642578125],[-85.09404296874999,73.00263671875],[-85.38388671874999,73.04541015625],[-85.454736328125,73.10546875],[-85.01840820312499,73.335498046875],[-84.61606445312499,73.38955078125],[-84.41606445312499,73.456494140625],[-84.08896484374999,73.459375],[-83.781884765625,73.41689453125],[-83.776513671875,73.428466796875],[-83.914990234375,73.5083984375],[-83.904052734375,73.5283203125],[-83.72983398437499,73.57587890625],[-83.4103515625,73.631689453125],[-83.020458984375,73.676025390625],[-82.94321289062499,73.69912109375],[-82.84331054687499,73.7154296875],[-82.659619140625,73.72958984375],[-82.202783203125,73.736474609375],[-81.94614257812499,73.729833984375],[-81.60537109375,73.69599609375],[-81.40615234375,73.634521484375],[-81.34409179687499,73.59775390625],[-81.23833007812499,73.479541015625],[-81.1517578125,73.314013671875],[-81.025146484375,73.24521484375],[-80.821728515625,73.207177734375],[-80.68115234375,73.1658203125],[-80.603466796875,73.12119140625],[-80.582763671875,73.06494140625],[-80.619140625,72.99716796875],[-80.59189453124999,72.927685546875],[-80.500927734375,72.856591796875],[-80.430810546875,72.816259765625],[-80.27724609375,72.770166015625],[-80.27470703124999,72.745556640625],[-80.32265625,72.71748046875],[-80.42431640625,72.67890625],[-80.67509765624999,72.558642578125],[-80.99873046875,72.426220703125],[-81.22934570312499,72.31171875],[-81.24057617187499,72.2779296875],[-80.76079101562499,72.457177734375],[-80.611474609375,72.450830078125],[-80.6046875,72.42578125],[-80.70244140624999,72.33828125],[-80.821484375,72.26025390625],[-80.94121093749999,72.21015625],[-80.9193359375,72.191259765625],[-80.69140625,72.103466796875],[-80.73325195312499,72.089013671875],[-80.84326171875,72.09619140625],[-80.88837890625,72.08828125],[-80.92109375,72.072314453125],[-80.94140625,72.0482421875],[-80.94267578124999,72.01435546875],[-80.925048828125,71.970703125],[-80.92680664062499,71.9380859375],[-80.947900390625,71.916552734375],[-80.92514648437499,71.907666015625],[-80.85844726562499,71.91142578125],[-80.80224609375,71.92919921875],[-80.70541992187499,71.988134765625],[-80.3861328125,72.148779296875],[-80.18193359374999,72.2087890625],[-80.11611328125,72.2140625],[-79.92832031249999,72.174951171875],[-79.88437499999999,72.177197265625],[-80.09091796874999,72.30087890625],[-80.10893554687499,72.332177734375],[-80.06699218749999,72.3783203125],[-80.04179687499999,72.39423828125],[-79.926708984375,72.428173828125],[-79.831298828125,72.4462890625],[-79.77788085937499,72.438720703125],[-79.693310546875,72.375927734375],[-79.65385742187499,72.332177734375],[-79.58369140625,72.3146484375],[-79.42744140625,72.3373046875],[-79.32333984374999,72.3908203125],[-79.19438476562499,72.355712890625],[-79.000244140625,72.272021484375],[-79.01796875,72.188232421875],[-79.0177734375,72.104345703125],[-79.0078125,72.042919921875],[-78.77592773437499,71.93037109375],[-78.614453125,71.881005859375],[-78.585107421875,71.880615234375],[-78.5888671875,71.897509765625],[-78.62255859375,71.9349609375],[-78.7111328125,71.972412109375],[-78.79082031249999,72.0302734375],[-78.862744140625,72.100830078125],[-78.82011718749999,72.2654296875],[-78.69926757812499,72.351416015625],[-78.582470703125,72.329345703125],[-78.42880859374999,72.27978515625],[-78.30747070312499,72.275146484375],[-78.116357421875,72.280322265625],[-77.726025390625,72.17998046875],[-77.51650390625,72.177783203125],[-77.53574218749999,72.21875],[-77.694482421875,72.238427734375],[-77.926171875,72.29384765625],[-78.28720703124999,72.359814453125],[-78.453076171875,72.435205078125],[-78.48427734375,72.47060546875],[-78.4794921875,72.508740234375],[-78.45883789062499,72.542333984375],[-78.42241210937499,72.571533203125],[-78.350244140625,72.6001953125],[-78.00102539062499,72.68759765625],[-77.75322265624999,72.724755859375],[-77.566796875,72.736865234375],[-77.25537109375,72.735888671875],[-76.893505859375,72.720654296875],[-76.69794921875,72.695068359375],[-76.47324218749999,72.633349609375],[-76.18876953124999,72.572216796875],[-76.0873046875,72.561328125],[-75.96875,72.562744140625],[-75.833203125,72.576513671875],[-75.704296875,72.571533203125],[-75.29423828124999,72.480859375],[-75.185791015625,72.434228515625],[-75.120068359375,72.377734375],[-75.071484375,72.3228515625],[-75.03984374999999,72.269580078125],[-75.052685546875,72.2263671875],[-75.39414062499999,72.039794921875],[-75.54277343749999,72.007958984375],[-75.64096679687499,71.937158203125],[-75.78740234374999,71.803076171875],[-75.911279296875,71.731298828125],[-75.922802734375,71.717236328125],[-75.89682617187499,71.713720703125],[-75.82207031249999,71.7458984375],[-75.693359375,71.83857421875],[-75.59990234374999,71.91845703125],[-75.428369140625,71.984375],[-75.14765625,72.06298828125],[-74.90317382812499,72.10048828125],[-74.69492187499999,72.096923828125],[-74.519677734375,72.08564453125],[-74.37744140625,72.066552734375],[-74.29296875,72.0505859375],[-74.266357421875,72.0376953125],[-74.20932617187499,71.978662109375],[-74.21259765625,71.938671875],[-74.2482421875,71.89365234375],[-74.31572265624999,71.84267578125],[-74.621484375,71.786279296875],[-74.7890625,71.7419921875],[-74.89296875,71.725537109375],[-75.20478515625,71.709130859375],[-75.191064453125,71.6916015625],[-74.95947265625,71.66748046875],[-74.70078124999999,71.6755859375],[-74.70737304687499,71.646923828125],[-74.82895507812499,71.5708984375],[-74.868310546875,71.504736328125],[-74.83447265625,71.4505859375],[-74.84072265625,71.406591796875],[-74.931298828125,71.3140625],[-75.0353515625,71.230517578125],[-74.99619140624999,71.218115234375],[-74.758935546875,71.338134765625],[-74.6953125,71.46943359375],[-74.599560546875,71.58486328125],[-74.48808593749999,71.648388671875],[-74.40410156249999,71.672509765625],[-74.1390625,71.6822265625],[-73.99208984375,71.749609375],[-73.8666015625,71.771044921875],[-73.81406249999999,71.771435546875],[-73.7072265625,71.746337890625],[-73.71357421875,71.719873046875],[-73.868603515625,71.599365234375],[-74.197265625,71.404150390625],[-74.06333007812499,71.42646484375],[-73.97250976562499,71.4728515625],[-73.85087890624999,71.519140625],[-73.712841796875,71.58759765625],[-73.62167968749999,71.525537109375],[-73.481591796875,71.479248046875],[-73.39780273437499,71.3734375],[-73.26240234375,71.3224609375],[-73.180615234375,71.282861328125],[-73.19218749999999,71.349853515625],[-73.31044921875,71.48427734375],[-73.27822265625,71.53798828125],[-73.18681640624999,71.564892578125],[-72.90195312499999,71.677783203125],[-72.70302734375,71.64013671875],[-72.58061523437499,71.606787109375],[-72.519287109375,71.615625],[-72.36459960937499,71.610986328125],[-72.11650390624999,71.5927734375],[-71.8751953125,71.56123046875],[-71.64067382812499,71.516259765625],[-71.459912109375,71.463720703125],[-71.332958984375,71.403466796875],[-71.2560546875,71.36181640625],[-71.22939453125,71.33876953125],[-71.1865234375,71.2787109375],[-71.219384765625,71.238818359375],[-71.39658203124999,71.146875],[-71.49501953125,71.105126953125],[-71.59306640624999,71.086376953125],[-71.85615234375,71.10478515625],[-71.937939453125,71.094287109375],[-72.023876953125,71.06533203125],[-72.29770507812499,70.938818359375],[-72.44912109375,70.88408203125],[-72.598046875,70.84921875],[-72.63271484375,70.83076171875],[-72.31254882812499,70.83251953125],[-72.22392578124999,70.870166015625],[-72.14999999999999,70.940673828125],[-72.0091796875,71.013427734375],[-71.74252929687499,71.046875],[-71.370849609375,70.975146484375],[-71.18623046875,70.97802734375],[-71.045361328125,71.05],[-70.88803710937499,71.0990234375],[-70.82607421875,71.108740234375],[-70.79248046875,71.1033203125],[-70.67265624999999,71.052197265625],[-70.636474609375,71.006591796875],[-70.639111328125,70.90244140625],[-70.655224609375,70.8708984375],[-70.76171875,70.792236328125],[-71.02177734374999,70.67412109375],[-71.191796875,70.62978515625],[-71.38046874999999,70.60595703125],[-71.5859375,70.565869140625],[-71.658447265625,70.533544921875],[-71.72939453125,70.4876953125],[-71.80014648437499,70.45703125],[-71.89018554687499,70.43154296875],[-71.77236328125,70.394189453125],[-71.72724609375,70.39521484375],[-71.68369140624999,70.417578125],[-71.56499023437499,70.5056640625],[-71.47666015624999,70.54404296875],[-71.42666015625,70.552099609375],[-71.37509765624999,70.5484375],[-71.324853515625,70.53115234375],[-71.27587890625,70.50029296875],[-71.27958984374999,70.4251953125],[-71.429443359375,70.127783203125],[-71.40512695312499,70.128662109375],[-71.31308593749999,70.209326171875],[-71.04526367187499,70.51904296875],[-70.97978515624999,70.5810546875],[-70.850537109375,70.643603515625],[-70.5609375,70.73828125],[-70.33725585937499,70.787841796875],[-70.084716796875,70.829541015625],[-69.94980468749999,70.84501953125],[-69.79570312499999,70.8345703125],[-69.6955078125,70.785888671875],[-69.56010742187499,70.7771484375],[-69.39536132812499,70.7892578125],[-69.2890625,70.783447265625],[-69.168701171875,70.76416015625],[-69.06572265624999,70.728076171875],[-68.89072265624999,70.687109375],[-68.495751953125,70.61025390625],[-68.4466796875,70.594091796875],[-68.400830078125,70.564990234375],[-68.35825195312499,70.522900390625],[-68.363525390625,70.48125],[-68.416650390625,70.439990234375],[-68.482568359375,70.41484375],[-68.56132812499999,70.4056640625],[-68.642822265625,70.383203125],[-68.79365234375,70.3244140625],[-68.842919921875,70.314453125],[-69.07944335937499,70.28916015625],[-69.29873046875,70.276806640625],[-69.435693359375,70.253125],[-69.698974609375,70.189306640625],[-70.06142578125,70.070849609375],[-70.05771484374999,70.042626953125],[-69.9130859375,70.029052734375],[-69.795849609375,70.046923828125],[-69.63457031249999,70.128759765625],[-69.48300781249999,70.16005859375],[-69.24619140624999,70.185107421875],[-68.91855468749999,70.206982421875],[-68.77822265625,70.203564453125],[-68.7529296875,70.199169921875],[-68.734619140625,70.179833984375],[-68.723291015625,70.145654296875],[-68.77695312499999,70.101025390625],[-68.839111328125,70.079931640625],[-69.00830078125,69.978955078125],[-68.89702148437499,69.952734375],[-68.74404296875,69.94140625],[-68.65673828125,69.96845703125],[-68.57783203125,70.03046875],[-68.48935546874999,70.06484375],[-68.391259765625,70.071630859375],[-68.305078125,70.08740234375],[-68.2306640625,70.11220703125],[-68.21044921875,70.12841796875],[-68.318603515625,70.160595703125],[-68.32719726562499,70.18017578125],[-68.28310546875,70.228271484375],[-68.203515625,70.281494140625],[-68.12065429687499,70.314599609375],[-68.05908203125,70.317236328125],[-67.85532226562499,70.281787109375],[-67.716015625,70.21982421875],[-67.363671875,70.034423828125],[-67.31840820312499,69.9984375],[-67.19589843749999,69.860693359375],[-67.17265624999999,69.799462890625],[-67.1927734375,69.7568359375],[-67.221630859375,69.730712890625],[-67.25927734375,69.7212890625],[-67.33671874999999,69.72099609375],[-67.80620117187499,69.777392578125],[-68.02041015625,69.770068359375],[-68.11396484375,69.754296875],[-68.189453125,69.730615234375],[-68.24809570312499,69.70078125],[-68.289794921875,69.664697265625],[-68.3720703125,69.644384765625],[-68.669921875,69.64365234375],[-68.837109375,69.62353515625],[-69.12451171875,69.57451171875],[-69.227685546875,69.547412109375],[-69.25078124999999,69.5119140625],[-69.07490234375,69.518115234375],[-68.78525390624999,69.564208984375],[-68.51303710937499,69.577294921875],[-68.05815429687499,69.47587890625],[-67.90825195312499,69.460107421875],[-67.824853515625,69.47470703125],[-67.72451171875,69.479248046875],[-67.36093749999999,69.472509765625],[-67.236962890625,69.460107421875],[-67.052685546875,69.42119140625],[-66.77084960937499,69.336669921875],[-66.716748046875,69.311865234375],[-66.68525390625,69.2857421875],[-66.67626953125,69.258447265625],[-66.67929687499999,69.191064453125],[-66.707421875,69.168212890625],[-66.802880859375,69.152734375],[-67.2080078125,69.170654296875],[-67.33164062499999,69.184716796875],[-67.4837890625,69.1669921875],[-67.60722656249999,69.173193359375],[-67.7650390625,69.200244140625],[-67.9384765625,69.24814453125],[-68.198193359375,69.202685546875],[-68.40629882812499,69.2322265625],[-68.618896484375,69.206005859375],[-69.04062499999999,69.097998046875],[-68.99345703124999,69.079345703125],[-68.41552734375,69.1720703125],[-68.303955078125,69.16640625],[-68.1212890625,69.1326171875],[-67.83261718749999,69.065966796875],[-67.751708984375,69.038671875],[-67.75102539062499,68.933837890625],[-67.7951171875,68.863330078125],[-67.883203125,68.783984375],[-68.015625,68.794677734375],[-68.32421875,68.84404296875],[-68.450390625,68.850830078125],[-68.54277343749999,68.8427734375],[-68.66669921875,68.811328125],[-68.72529296875,68.810205078125],[-69.21884765624999,68.872802734375],[-69.32978515625,68.87578125],[-69.34267578125,68.869384765625],[-69.319091796875,68.856982421875],[-68.87143554687499,68.7599609375],[-68.54062499999999,68.749365234375],[-68.333203125,68.732568359375],[-68.210400390625,68.702978515625],[-68.152490234375,68.6810546875],[-68.14833984375,68.61611328125],[-68.03793945312499,68.550732421875],[-67.9384765625,68.524169921875],[-67.87504882812499,68.52294921875],[-67.766015625,68.547021484375],[-67.65595703125,68.550732421875],[-67.56694335937499,68.533984375],[-67.455517578125,68.497900390625],[-67.320703125,68.48779296875],[-67.20249023437499,68.465869140625],[-67.11118164062499,68.461474609375],[-66.85419921875,68.471630859375],[-66.74272460937499,68.457763671875],[-66.71391601562499,68.445703125],[-66.76240234375,68.424658203125],[-66.997265625,68.374169921875],[-67.032958984375,68.32607421875],[-66.900390625,68.263525390625],[-66.83095703125,68.215625],[-66.83432617187499,68.1798828125],[-66.90512695312499,68.098486328125],[-66.923095703125,68.06572265625],[-66.8998046875,68.0630859375],[-66.72900390625,68.12900390625],[-66.70234375,68.120556640625],[-66.6845703125,68.029248046875],[-66.66269531249999,68.034423828125],[-66.60546875,68.110009765625],[-66.63095703124999,68.21064453125],[-66.53076171875,68.250341796875],[-66.21240234375,68.280419921875],[-66.26630859375,68.122705078125],[-66.27470703124999,68.040771484375],[-66.41386718749999,67.904296875],[-66.52998046875,67.860302734375],[-66.52646484374999,67.851171875],[-66.44394531249999,67.833837890625],[-66.39238281249999,67.83193359375],[-66.34296875,67.853271484375],[-66.22519531249999,67.958740234375],[-65.98583984375,68.0685546875],[-65.9423828125,68.070947265625],[-65.943994140625,68.031201171875],[-65.97490234374999,67.957421875],[-65.86435546874999,67.9228515625],[-65.758935546875,67.957080078125],[-65.70170898437499,67.986669921875],[-65.5693359375,67.98232421875],[-65.50908203124999,67.96826171875],[-65.49111328125,67.935693359375],[-65.552001953125,67.799365234375],[-65.54086914062499,67.765625],[-65.40126953125,67.674853515625],[-65.387109375,67.6802734375],[-65.4134765625,67.724072265625],[-65.44223632812499,67.83232421875],[-65.41533203124999,67.879248046875],[-65.30034179687499,67.939501953125],[-65.064404296875,68.026220703125],[-64.97690429687499,68.043408203125],[-64.922314453125,68.031640625],[-64.83544921875,67.989990234375],[-64.862548828125,67.96513671875],[-64.95639648437499,67.939111328125],[-65.026025390625,67.892041015625],[-65.071435546875,67.823828125],[-65.02109374999999,67.787548828125],[-64.82988281249999,67.78427734375],[-64.63779296874999,67.840234375],[-64.5275390625,67.8126953125],[-64.396435546875,67.73994140625],[-64.15625,67.622998046875],[-64.01943359375,67.6548828125],[-63.85019531249999,67.566064453125],[-64.07749023437499,67.49560546875],[-64.007958984375,67.347314453125],[-64.30327148437499,67.353466796875],[-64.46928710937499,67.341845703125],[-64.58046875,67.35517578125],[-64.699951171875,67.350537109375],[-64.5892578125,67.31552734375],[-64.375927734375,67.30107421875],[-64.3564453125,67.25615234375],[-64.18896484375,67.257275390625],[-64.063232421875,67.26591796875],[-63.83623046874999,67.264111328125],[-63.824121093749994,67.315673828125],[-63.67646484375,67.3451171875],[-63.59160156249999,67.3775390625],[-63.52109374999999,67.358349609375],[-63.315820312499994,67.336328125],[-63.04013671874999,67.235009765625],[-63.16162109375,67.174365234375],[-63.19467773437499,67.117041015625],[-63.235546875,67.068505859375],[-63.25839843749999,67.024658203125],[-63.306787109374994,66.994482421875],[-63.701562499999994,66.82236328125],[-63.63623046875,66.82080078125],[-63.469189453125,66.86240234375],[-63.143701171874994,66.92431640625],[-62.962304687499994,66.949267578125],[-62.83334960937499,66.93271484375],[-62.76816406249999,66.931982421875],[-62.71044921875,66.9541015625],[-62.60288085937499,66.92861328125],[-62.37973632812499,66.90537109375],[-62.12358398437499,67.046728515625],[-61.96855468749999,67.01904296875],[-61.824121093749994,66.93173828125],[-61.51469726562499,66.778466796875],[-61.353417968749994,66.689208984375],[-61.299707031249994,66.64873046875],[-61.30722656249999,66.608837890625],[-61.453076171875,66.5666015625],[-61.52783203125,66.55810546875],[-61.72412109375,66.63779296875],[-61.9044921875,66.678125],[-62.01425781249999,66.673779296875],[-62.12333984374999,66.64306640625],[-62.089306640625,66.625927734375],[-61.65263671874999,66.503125],[-61.576416015625,66.4125],[-61.57080078125,66.372900390625],[-61.862695312499994,66.312841796875],[-61.95634765624999,66.309326171875],[-62.158447265625,66.33798828125],[-62.27690429687499,66.39150390625],[-62.37451171875,66.41083984375],[-62.50981445312499,66.4171875],[-62.553124999999994,66.4068359375],[-62.405664062499994,66.31591796875],[-62.419824218749994,66.28857421875],[-62.495996093749994,66.2708984375],[-62.533593749999994,66.227001953125],[-62.242089843749994,66.14794921875],[-62.02392578125,66.067529296875],[-61.991601562499994,66.035302734375],[-62.138671875,66.011376953125],[-62.2443359375,66.005859375],[-62.4677734375,66.01748046875],[-62.59033203125,66.034423828125],[-62.62412109374999,66.016259765625],[-62.49736328124999,65.9740234375],[-62.448388671874994,65.9455078125],[-62.410302734374994,65.90576171875],[-62.38818359375,65.868310546875],[-62.381982421874994,65.83330078125],[-62.48564453124999,65.8044921875],[-62.610253906249994,65.7236328125],[-62.65888671875,65.63994140625],[-62.771728515625,65.631982421875],[-62.817285156249994,65.647705078125],[-62.968896484374994,65.62236328125],[-63.1689453125,65.65732421875],[-63.240673828125,65.695556640625],[-63.458740234375,65.85302734375],[-63.46435546875,65.8353515625],[-63.40976562499999,65.755810546875],[-63.4208984375,65.70859375],[-63.65195312499999,65.67431640625],[-63.65107421875,65.660986328125],[-63.509228515625,65.63603515625],[-63.33745117187499,65.616748046875],[-63.3642578125,65.543212890625],[-63.36337890624999,65.229736328125],[-63.401806640625,65.11845703125],[-63.48583984375,65.021240234375],[-63.606591796874994,64.928076171875],[-63.73715820312499,64.989111328125],[-63.78935546874999,65.0513671875],[-63.833203125,65.08330078125],[-63.89560546874999,65.10927734375],[-63.97626953125,65.121484375],[-64.06142578125,65.121923828125],[-64.15185546875,65.066162109375],[-64.250439453125,65.114306640625],[-64.345703125,65.172412109375],[-64.309765625,65.324560546875],[-64.269677734375,65.40078125],[-64.28574218749999,65.4001953125],[-64.33994140624999,65.36416015625],[-64.46982421874999,65.252734375],[-64.555078125,65.1166015625],[-64.66533203124999,65.1689453125],[-64.764794921875,65.23408203125],[-64.846923828125,65.299560546875],[-64.979638671875,65.37509765625],[-65.10849609374999,65.46376953125],[-65.17568359375,65.5681640625],[-65.206982421875,65.5896484375],[-65.28203124999999,65.67666015625],[-65.311474609375,65.701513671875],[-65.33740234375,65.709765625],[-65.401611328125,65.764013671875],[-65.378125,65.8220703125],[-65.27695312499999,65.890673828125],[-65.18486328124999,65.93994140625],[-65.0322265625,65.988525390625],[-64.8537109375,66.01591796875],[-64.77250976562499,66.078564453125],[-64.672998046875,66.192724609375],[-64.56396484375,66.27216796875],[-64.44536132812499,66.317138671875],[-64.50439453125,66.32548828125],[-64.65517578125,66.28701171875],[-64.7611328125,66.230908203125],[-64.88725585937499,66.13740234375],[-65.00449218749999,66.077734375],[-65.30537109375,66.008447265625],[-65.41557617187499,65.994580078125],[-65.543701171875,65.98720703125],[-65.82573242187499,65.996923828125],[-65.891064453125,66.02021484375],[-65.857177734375,66.08642578125],[-65.65634765624999,66.204736328125],[-65.68837890625,66.2130859375],[-65.758984375,66.17119140625],[-65.85595703125,66.142236328125],[-65.94003906249999,66.12744140625],[-66.063720703125,66.13271484375],[-66.20859374999999,66.206396484375],[-66.27739257812499,66.2291015625],[-66.419189453125,66.2544921875],[-66.476953125,66.279736328125],[-66.7123046875,66.46044921875],[-66.759765625,66.50849609375],[-66.78740234374999,66.5556640625],[-66.86289062499999,66.5953125],[-66.986328125,66.627490234375],[-67.014794921875,66.622216796875],[-66.97041015625,66.581884765625],[-66.968994140625,66.54716796875],[-67.07685546875,66.52548828125],[-67.1896484375,66.5330078125],[-67.30732421875,66.5697265625],[-67.31767578124999,66.520361328125],[-67.19174804687499,66.432763671875],[-67.18974609374999,66.321728515625],[-67.22539062499999,66.31025390625],[-67.31123046875,66.303759765625],[-67.36884765625,66.31748046875],[-67.559765625,66.400439453125],[-67.74077148437499,66.458203125],[-67.86845703124999,66.49013671875],[-67.88339843749999,66.467431640625],[-67.80058593749999,66.367333984375],[-67.7044921875,66.268603515625],[-67.54721679687499,66.18720703125],[-67.29672851562499,66.090283203125],[-67.18320312499999,66.034423828125],[-67.27265625,65.95556640625],[-67.35043945312499,65.929736328125],[-67.39877929687499,65.921728515625],[-67.55078125,65.921630859375],[-67.82802734375,65.965185546875],[-67.958203125,66.013818359375],[-68.14726562499999,66.129833984375],[-68.459912109375,66.249267578125],[-68.527783203125,66.2486328125],[-68.74892578125,66.200048828125],[-68.71420898437499,66.192236328125],[-68.5716796875,66.188720703125],[-68.46708984374999,66.173193359375],[-68.2171875,66.078857421875],[-68.19833984374999,66.03896484375],[-68.260693359375,65.994580078125],[-68.2568359375,65.938623046875],[-68.18671875,65.87099609375],[-68.11503906249999,65.827783203125],[-67.96806640624999,65.797265625],[-67.894189453125,65.79326171875],[-67.866455078125,65.773681640625],[-67.954345703125,65.623095703125],[-67.96181640625,65.58193359375],[-67.936767578125,65.564892578125],[-67.90605468749999,65.5634765625],[-67.71713867187499,65.625341796875],[-67.6380859375,65.6404296875],[-67.56962890624999,65.6435546875],[-67.49013671875,65.626220703125],[-67.39970703124999,65.58837890625],[-67.34638671875,65.549365234375],[-67.330322265625,65.5091796875],[-67.30341796875,65.48291015625],[-67.11796874999999,65.440380859375],[-67.1349609375,65.4205078125],[-67.32607421875,65.356640625],[-67.33652343749999,65.34658203125],[-67.29833984375,65.341943359375],[-67.17758789062499,65.30380859375],[-67.06650390624999,65.244091796875],[-66.99858398437499,65.172998046875],[-66.98491210937499,65.138037109375],[-66.98564453124999,65.104833984375],[-66.970361328125,65.084912109375],[-66.9115234375,65.08134765625],[-66.88749999999999,65.093994140625],[-66.86064453124999,65.0916015625],[-66.83090820312499,65.074169921875],[-66.79960937499999,65.019677734375],[-66.73276367187499,64.86005859375],[-66.697412109375,64.815185546875],[-66.6771484375,64.813671875],[-66.66669921875,64.973828125],[-66.635498046875,65.000341796875],[-66.5177734375,64.97197265625],[-66.34521484375,64.909619140625],[-66.22373046874999,64.8541015625],[-66.209716796875,64.828125],[-66.301513671875,64.777734375],[-66.28212890625,64.755322265625],[-66.21464843749999,64.722412109375],[-66.152490234375,64.734912109375],[-66.10751953124999,64.7912109375],[-66.03017578125,64.84658203125],[-65.93852539062499,64.8857421875],[-65.76806640625,64.853564453125],[-65.62675781249999,64.770751953125],[-65.60527343749999,64.742333984375],[-65.51318359375,64.706494140625],[-65.43193359374999,64.726416015625],[-65.2748046875,64.63154296875],[-65.34931640625,64.588525390625],[-65.51279296874999,64.5259765625],[-65.52934570312499,64.50478515625],[-65.489990234375,64.509619140625],[-65.17861328125,64.509716796875],[-65.09453124999999,64.4845703125],[-65.074609375,64.436669921875],[-65.21298828124999,64.303271484375],[-65.33989257812499,64.315087890625],[-65.507470703125,64.318310546875],[-65.59365234375,64.3111328125],[-65.580322265625,64.29384765625],[-65.347802734375,64.23232421875],[-65.281982421875,64.181640625],[-65.1927734375,64.129833984375],[-65.149609375,64.087158203125],[-65.150634765625,64.067529296875],[-65.18730468749999,64.03798828125],[-65.169873046875,64.028173828125],[-65.01059570312499,64.008837890625],[-64.91181640625,64.026171875],[-64.78779296875,64.032763671875],[-64.678466796875,64.027978515625],[-64.66972656249999,64.0095703125],[-64.686181640625,63.9609375],[-64.79814453124999,63.915966796875],[-64.76816406249999,63.905419921874994],[-64.63671875,63.918359374999994],[-64.576318359375,63.897363281249994],[-64.498486328125,63.79033203125],[-64.41093749999999,63.70634765625],[-64.48222656249999,63.687060546875],[-64.56157226562499,63.6796875],[-64.55029296875,63.57255859375],[-64.49863281249999,63.462792968749994],[-64.49809570312499,63.357568359374994],[-64.51435546875,63.26396484375],[-64.5869140625,63.2431640625],[-64.66464843749999,63.245361328125],[-64.69560546874999,63.26884765625],[-64.88627929687499,63.548730468749994],[-64.93330078125,63.599267578124994],[-64.989697265625,63.643359375],[-65.191845703125,63.7642578125],[-65.18393554687499,63.74482421875],[-65.13383789062499,63.6890625],[-65.08940429687499,63.60595703125],[-65.03134765624999,63.44013671875],[-65.00478515625,63.333398437499994],[-65.01669921874999,63.292822265625],[-65.058056640625,63.282861328124994],[-65.06894531249999,63.2634765625],[-65.04931640625,63.234619140625],[-64.89482421874999,63.125634765624994],[-64.82016601562499,63.060009765625],[-64.76738281249999,62.991796875],[-64.71811523437499,62.94580078125],[-64.67236328125,62.92197265625],[-64.68364257812499,62.902392578125],[-64.75185546875,62.887158203125],[-64.86870117187499,62.8798828125],[-64.9232421875,62.88916015625],[-65.132958984375,62.95234375],[-65.16279296875,62.9326171875],[-65.04658203125,62.70146484375],[-65.0501953125,62.646142578124994],[-65.10849609374999,62.62646484375],[-65.180322265625,62.649462890625],[-65.2658203125,62.715087890625],[-65.39653320312499,62.78818359375],[-65.572412109375,62.868896484375],[-65.740380859375,62.931982421875],[-65.77988281249999,62.9302734375],[-65.8056640625,62.911572265625],[-65.83369140625,62.908544921875],[-65.86406249999999,62.921142578125],[-65.92026367187499,62.968505859375],[-65.97885742187499,63.00068359375],[-66.2240234375,63.107177734375],[-66.24921875,63.108251953125],[-66.22607421875,63.076318359374994],[-66.20107421875,63.006249999999994],[-66.228662109375,62.990966796875],[-66.29277343749999,62.9966796875],[-66.414453125,63.027197265625],[-66.49638671874999,63.097265625],[-66.60048828125,63.218896484374994],[-66.65498046875,63.26474609375],[-66.659814453125,63.234912109375],[-66.630859375,63.119042968749994],[-66.63642578125,63.080126953125],[-66.6974609375,63.06953125],[-66.72324218749999,63.08017578125],[-66.74853515625,63.111083984375],[-66.77324218749999,63.162255859374994],[-66.8314453125,63.201123046875],[-66.923291015625,63.227685546874994],[-66.97470703124999,63.25556640625],[-67.000146484375,63.305126953125],[-67.01791992187499,63.31650390625],[-67.17978515624999,63.305029296875],[-67.2609375,63.340722656249994],[-67.49501953125,63.4814453125],[-67.709228515625,63.633935546874994],[-67.84423828125,63.71455078125],[-67.89326171875,63.733740234375],[-67.821435546875,63.635009765625],[-67.74252929687499,63.4892578125],[-67.72255859375,63.422753906249994],[-67.7587890625,63.4197265625],[-67.837890625,63.44921875],[-68.2435546875,63.637060546875],[-68.49374999999999,63.725488281249994],[-68.63286132812499,63.741113281249994],[-68.85893554687499,63.751855468749994],[-68.911083984375,63.70322265625],[-68.7892578125,63.595117187499994],[-68.670556640625,63.513671875],[-68.555126953125,63.458935546875],[-68.37392578125,63.352197265624994],[-68.20805664062499,63.214697265625],[-68.141259765625,63.172314453125],[-67.91533203124999,63.113671874999994],[-67.79746093749999,63.098095703125],[-67.6759765625,63.0935546875],[-67.66489257812499,63.072656249999994],[-67.723779296875,63.03369140625],[-67.736962890625,63.0095703125],[-67.468212890625,62.9482421875],[-67.366650390625,62.91416015625],[-67.268505859375,62.857568359374994],[-67.21269531249999,62.843505859375],[-66.97954101562499,62.700830078124994],[-66.921533203125,62.678076171875],[-66.714013671875,62.631787109375],[-66.64487304687499,62.60205078125],[-66.530517578125,62.5099609375],[-66.458740234375,62.463134765625],[-66.35727539062499,62.351904296875],[-66.28125,62.302685546875],[-66.09501953124999,62.24638671875],[-66.015625,62.2302734375],[-65.98017578125,62.208886718749994],[-66.004345703125,62.15830078125],[-66.02695312499999,62.13720703125],[-66.13315429687499,62.102392578125],[-66.11640625,62.05390625],[-66.05644531249999,61.96748046875],[-66.05888671874999,61.9138671875],[-66.12387695312499,61.89306640625],[-66.25668945312499,61.86826171875],[-66.32373046875,61.870263671874994],[-66.42451171875,61.89072265625],[-66.55131835937499,61.9255859375],[-66.803125,62.012597656249994],[-67.1810546875,62.0728515625],[-67.322021484375,62.105029296875],[-67.36899414062499,62.13408203125],[-67.44013671875,62.151269531249994],[-68.37861328125,62.23515625],[-68.535888671875,62.255615234375],[-68.63364257812499,62.281298828125],[-68.724365234375,62.318994140624994],[-69.08232421874999,62.405175781249994],[-69.12558593749999,62.423974609374994],[-69.36601562499999,62.571875],[-69.545166015625,62.744580078125],[-69.604736328125,62.767724609374994],[-69.79951171875,62.790478515625],[-69.962109375,62.776171875],[-70.070947265625,62.757226562499994],[-70.23613281249999,62.76337890625],[-70.34404296874999,62.79150390625],[-70.57133789062499,62.869189453125],[-70.801416015625,62.910498046875],[-71.0021484375,62.978271484375],[-71.10576171874999,63.00224609375],[-71.09619140625,63.019677734374994],[-70.946044921875,63.120703125],[-70.99267578125,63.119287109374994],[-71.25371093749999,63.042529296875],[-71.34726562499999,63.06611328125],[-71.50126953124999,63.126416015625],[-71.617138671875,63.18720703125],[-71.85546875,63.3552734375],[-71.99223632812499,63.416162109374994],[-71.973046875,63.4298828125],[-71.81918945312499,63.435449218749994],[-71.696533203125,63.430224609375],[-71.6142578125,63.444091796875],[-71.45585937499999,63.512255859375],[-71.38740234375,63.555029296875],[-71.380859375,63.580322265625],[-71.51347656249999,63.586572265624994],[-71.54189453125,63.598828125],[-71.565625,63.6267578125],[-71.62675781249999,63.66259765625],[-71.72529296875,63.70615234375],[-71.837548828125,63.724951171875],[-72.22294921874999,63.708886718749994],[-72.29013671874999,63.727978515625],[-72.28876953125,63.756982421874994],[-72.21347656249999,63.838720703125],[-72.17246093749999,63.8716796875],[-72.159375,63.889892578125],[-72.174267578125,63.893408203125],[-72.22646484375,63.891357421875],[-72.44999999999999,63.818115234375],[-72.4984375,63.823486328125],[-72.5861328125,63.900781249999994],[-72.639306640625,63.9890625],[-72.67807617187499,64.02001953125],[-72.72958984374999,64.03046875],[-72.91318359374999,64.1171875],[-73.17431640625,64.281884765625],[-73.27031249999999,64.33349609375],[-73.377099609375,64.37958984375],[-73.454541015625,64.399267578125],[-73.44365234374999,64.423486328125],[-73.27817382812499,64.56025390625],[-73.27128906249999,64.58251953125],[-73.4130859375,64.574169921875],[-73.626953125,64.6025390625],[-73.72841796875,64.56826171875],[-73.79277343749999,64.5662109375],[-73.86787109375,64.5853515625],[-73.9103515625,64.578125],[-73.950390625,64.4658203125],[-73.981103515625,64.437744140625],[-74.0255859375,64.42265625],[-74.06479492187499,64.424658203125],[-74.09873046874999,64.443701171875],[-74.097900390625,64.469921875],[-74.13046874999999,64.6078125],[-74.205078125,64.628125],[-74.41586914062499,64.63349609375],[-74.46123046874999,64.644677734375],[-74.512451171875,64.670166015625],[-74.55624999999999,64.717333984375],[-74.59257812499999,64.786181640625],[-74.63427734375,64.82392578125],[-74.681396484375,64.8306640625],[-74.719189453125,64.825146484375],[-74.74775390625,64.80732421875],[-74.813427734375,64.796240234375],[-74.916259765625,64.7919921875],[-74.91943359375,64.76552734375],[-74.82304687499999,64.71689453125],[-74.72983398437499,64.64736328125],[-74.6400390625,64.557080078125],[-74.6947265625,64.49658203125],[-74.8939453125,64.46572265625],[-75.0673828125,64.456689453125],[-75.2150390625,64.469384765625],[-75.32841796874999,64.4904296875],[-75.48779296875,64.540771484375],[-75.7150390625,64.524365234375],[-75.76669921874999,64.391943359375],[-75.81523437499999,64.38466796875],[-76.03183593749999,64.3880859375],[-76.11806640625,64.376318359375],[-76.40683593749999,64.303173828125],[-76.49472656249999,64.29296875],[-76.5615234375,64.301611328125],[-76.62651367187499,64.283935546875],[-76.723828125,64.242041015625],[-76.85615234375,64.237646484375],[-77.02353515624999,64.270849609375],[-77.165673828125,64.28505859375],[-77.28251953124999,64.28037109375],[-77.40288085937499,64.29990234375],[-77.5267578125,64.34375],[-77.62778320312499,64.3634765625],[-77.760498046875,64.36015625],[-77.791162109375,64.36708984375],[-77.98486328125,64.461083984375],[-78.04521484374999,64.499267578125],[-78.174560546875,64.617724609375],[-78.19755859374999,64.6646484375],[-78.20087890625,64.71474609375],[-78.189697265625,64.751806640625],[-78.14462890624999,64.80771484375],[-78.09560546875,64.9392578125],[-78.05527343749999,64.98291015625],[-77.994580078125,65.022607421875],[-77.876171875,65.07294921875],[-77.4474609375,65.161572265625],[-77.36088867187499,65.196533203125],[-77.36386718749999,65.219775390625],[-77.46147460937499,65.328173828125],[-77.460400390625,65.355908203125],[-77.427685546875,65.372119140625],[-77.35800781249999,65.43544921875],[-77.32670898437499,65.453125],[-77.251171875,65.462890625],[-77.094140625,65.430859375],[-76.95859374999999,65.418017578125],[-76.77890624999999,65.4138671875],[-76.481689453125,65.3697265625],[-76.06699218749999,65.28544921875],[-75.8283203125,65.22705078125],[-75.64814453125,65.1408203125],[-75.519921875,65.056005859375],[-75.50156249999999,65.0130859375],[-75.5609375,64.947021484375],[-75.59086914062499,64.927685546875],[-75.589111328125,64.905029296875],[-75.55576171874999,64.87919921875],[-75.452099609375,64.8416015625],[-75.4271484375,64.855859375],[-75.43515624999999,64.90078125],[-75.41367187499999,64.938525390625],[-75.36279296875,64.96904296875],[-75.35712890625,65.008740234375],[-75.3966796875,65.057568359375],[-75.44580078125,65.09970703125],[-75.50468749999999,65.13515625],[-75.77294921875,65.25703125],[-75.79868164062499,65.297509765625],[-75.70859374999999,65.31572265625],[-75.316650390625,65.2748046875],[-75.16630859374999,65.283935546875],[-75.10927734375,65.3314453125],[-75.04775390625,65.36396484375],[-74.98173828124999,65.3814453125],[-74.849853515625,65.3890625],[-74.665478515625,65.366943359375],[-74.57490234375,65.363671875],[-74.494775390625,65.3716796875],[-74.39072265624999,65.39755859375],[-74.23686523437499,65.48388671875],[-74.13847656249999,65.503466796875],[-73.98959960937499,65.5169921875],[-73.8779296875,65.51884765625],[-73.67539062499999,65.484326171875],[-73.55078125,65.48525390625],[-73.5607421875,65.542919921875],[-73.64340820312499,65.65322265625],[-73.74609375,65.76669921875],[-73.82607421875,65.80517578125],[-74.03310546875,65.87705078125],[-74.27617187499999,66.012744140625],[-74.40107421875,66.09697265625],[-74.43393554687499,66.139013671875],[-74.41640625,66.16708984375],[-74.37490234375,66.208154296875],[-73.93369140624999,66.358056640625],[-73.584228515625,66.50693359375],[-73.43095703124999,66.583154296875],[-73.357373046875,66.636279296875],[-73.28081054687499,66.674951171875],[-73.201123046875,66.699169921875],[-73.03325195312499,66.728173828125],[-72.9853515625,66.765380859375],[-72.974853515625,66.828515625],[-72.94677734375,66.883251953125],[-72.788818359375,67.030615234375],[-72.667724609375,67.070458984375],[-72.48515624999999,67.098095703125],[-72.36494140625,67.1333984375],[-72.22001953124999,67.254296875],[-72.234130859375,67.284423828125],[-72.30107421874999,67.307275390625],[-72.35288085937499,67.34189453125],[-72.57646484374999,67.658642578125],[-72.72529296875,67.81162109375],[-72.903955078125,67.944775390625],[-73.063427734375,68.106982421875],[-73.32822265624999,68.266748046875],[-73.3314453125,68.308984375],[-73.28447265624999,68.356982421875],[-73.306884765625,68.367822265625],[-73.58017578124999,68.29775390625],[-73.644482421875,68.29453125],[-73.749462890625,68.325],[-73.8205078125,68.362939453125],[-73.879345703125,68.42939453125],[-73.87333984374999,68.46416015625],[-73.834423828125,68.4970703125],[-73.78251953124999,68.57802734375],[-73.78061523437499,68.619287109375],[-73.79843749999999,68.658642578125],[-73.82211914062499,68.685986328125],[-73.8515625,68.7013671875],[-73.93515624999999,68.710986328125],[-74.072998046875,68.71494140625],[-74.11796874999999,68.700927734375],[-73.966064453125,68.578759765625],[-73.9892578125,68.5486328125],[-74.1828125,68.53544921875],[-74.27011718749999,68.5412109375],[-74.35,68.5560546875],[-74.42241210937499,68.579931640625],[-74.64794921875,68.70751953125],[-74.69580078125,68.75556640625],[-74.68051757812499,68.790283203125],[-74.699951171875,68.808349609375],[-74.74599609375,68.796728515625],[-74.808349609375,68.7958984375],[-74.89296875,68.808154296875],[-74.910400390625,68.82314453125],[-74.752392578125,68.89208984375],[-74.74326171874999,68.91337890625],[-74.81611328125,68.9361328125],[-74.92509765624999,68.94072265625],[-74.95400390625,68.961083984375],[-74.91728515624999,68.982861328125],[-74.76933593749999,69.020654296875],[-74.71669921875,69.0455078125],[-74.80546874999999,69.0642578125],[-74.8548828125,69.0658203125],[-74.95444335937499,69.024609375],[-75.104248046875,68.940576171875],[-75.21328125,68.909375],[-75.362744140625,68.948291015625],[-75.456982421875,68.961279296875],[-75.52265625,68.952734375],[-75.623046875,68.887744140625],[-75.842236328125,68.840185546875],[-76.23471679687499,68.72802734375],[-76.40341796874999,68.692333984375],[-76.58505859374999,68.69873046875],[-76.61943359374999,68.72138671875],[-76.61625976562499,68.75986328125],[-76.603662109375,68.791552734375],[-76.58173828125,68.81630859375],[-76.57456054687499,68.8466796875],[-76.58769531249999,68.974462890625],[-76.55722656249999,69.00947265625],[-76.49516601562499,69.030419921875],[-76.38090820312499,69.05244140625],[-76.08920898437499,69.026171875],[-75.95371093749999,69.030810546875],[-75.85859375,69.060302734375],[-75.76337890625,69.1029296875],[-75.66796875,69.158837890625],[-75.64775390624999,69.212548828125],[-75.74907226562499,69.299560546875],[-75.78715820312499,69.31865234375],[-76.04648437499999,69.386376953125],[-76.18979492187499,69.410986328125],[-76.31621093749999,69.421630859375],[-76.407958984375,69.44111328125],[-76.46494140624999,69.46943359375],[-76.52036132812499,69.5166015625],[-76.52495117187499,69.548681640625],[-76.51611328125,69.59091796875],[-76.46328125,69.619970703125],[-76.231103515625,69.653466796875],[-76.23408203125,69.662109375],[-76.423828125,69.68681640625],[-76.51328124999999,69.683935546875],[-76.5900390625,69.65625],[-76.6865234375,69.591259765625],[-76.742333984375,69.572900390625],[-76.91557617187499,69.611181640625],[-77.01962890624999,69.616845703125],[-77.08994140624999,69.635107421875],[-77.12880859375,69.652734375],[-77.10507812499999,69.670751953125],[-77.018701171875,69.6890625],[-76.868603515625,69.745166015625],[-76.85859375,69.775390625],[-76.96225585937499,69.824853515625],[-77.01596679687499,69.8361328125],[-77.23247070312499,69.85458984375],[-77.494287109375,69.83623046875],[-77.59165039062499,69.84560546875],[-77.63530273437499,69.900439453125],[-77.66298828125,69.96572265625],[-77.674755859375,70.04150390625],[-77.721923828125,70.17080078125],[-77.77402343749999,70.238525390625],[-77.842529296875,70.2470703125],[-78.15678710937499,70.219140625],[-78.2314453125,70.218798828125],[-78.28281249999999,70.229150390625],[-78.49072265625,70.315576171875],[-78.57480468749999,70.34619140625],[-78.62143554687499,70.35341796875],[-78.77265625,70.4453125],[-78.83085937499999,70.46318359375],[-78.89990234375,70.508544921875],[-78.97978515624999,70.58134765625],[-79.06640625,70.603564453125],[-79.15976562499999,70.575244140625],[-79.253173828125,70.534716796875],[-79.346630859375,70.481884765625],[-79.39731445312499,70.437255859375],[-79.405224609375,70.400732421875],[-79.347412109375,70.372314453125],[-79.017529296875,70.3251953125],[-78.933837890625,70.293701171875],[-78.86284179687499,70.24189453125],[-78.809814453125,70.178564453125],[-78.774853515625,70.10361328125],[-78.77783203125,70.04765625],[-78.818798828125,70.01044921875],[-78.8896484375,69.977490234375],[-79.09287109374999,69.925341796875],[-79.30332031249999,69.89482421875],[-79.51542968749999,69.88759765625],[-79.61591796875,69.8947265625],[-80.162109375,69.99599609375],[-80.260400390625,69.99677734375],[-80.38681640624999,70.01044921875],[-80.6703125,70.052099609375],[-80.82578124999999,70.056640625],[-81.098291015625,70.091162109375],[-81.5595703125,70.11123046875],[-81.65195312499999,70.09462890625],[-81.529248046875,70.048046875],[-81.42172851562499,70.024609375],[-81.3294921875,70.024365234375],[-81.19682617187499,69.9828125],[-81.02373046874999,69.9],[-80.9248046875,69.8505859375],[-80.84287109374999,69.791650390625],[-80.840283203125,69.77138671875],[-80.92172851562499,69.730908203125],[-81.564697265625,69.942724609375],[-81.95771484375,69.86875],[-82.13872070312499,69.8412109375],[-82.29384765625,69.8369140625],[-82.487744140625,69.865966796875],[-82.92539062499999,69.9681640625],[-83.09116210937499,70.00390625],[-83.14995117187499,70.00908203125],[-83.53076171875,69.964794921875],[-83.85908203125,69.962744140625],[-84.521875,70.005224609375],[-84.76513671875,70.033642578125],[-84.82919921874999,70.063330078125],[-84.90908203125,70.07822265625],[-85.05263671875,70.07822265625],[-85.432373046875,70.111376953125],[-85.780029296875,70.036669921875],[-86.198193359375,70.105126953125],[-86.322021484375,70.14541015625],[-86.36142578124999,70.173046875],[-86.48310546875,70.28857421875],[-86.49980468749999,70.350390625],[-86.46538085937499,70.40625],[-86.43100585937499,70.44453125],[-86.396875,70.46533203125],[-86.62431640624999,70.40126953125],[-86.70415039062499,70.39072265625],[-86.80927734375,70.38828125],[-87.1224609375,70.411962890625],[-87.17197265624999,70.399853515625],[-87.15581054687499,70.37744140625],[-87.07402343749999,70.34482421875],[-87.06328124999999,70.32509765625],[-87.23789062499999,70.309716796875],[-87.50244140625,70.32568359375],[-87.61777343749999,70.31875],[-87.67021484374999,70.309814453125],[-87.789453125,70.258251953125],[-87.838134765625,70.24658203125],[-87.90068359374999,70.251904296875],[-88.17832031249999,70.368603515625],[-88.402099609375,70.44248046875],[-88.66298828125,70.470849609375],[-88.78271484375,70.494482421875],[-88.84843749999999,70.522900390625],[-89.20830078124999,70.759716796875],[-89.25751953125,70.810693359375],[-89.371533203125,70.996142578125],[-89.40976562499999,71.035693359375],[-89.45590820312499,71.06171875],[-89.36552734374999,71.0671875],[-89.025146484375,71.04462890625],[-88.69565429687499,71.04560546875],[-88.51665039062499,71.03056640625],[-88.30908203125,70.984326171875],[-88.03857421875,70.951318359375],[-87.844921875,70.944384765625],[-87.534423828125,70.956591796875],[-87.181591796875,70.987548828125],[-87.140087890625,71.01162109375],[-87.368603515625,71.05283203125],[-87.57231445312499,71.107568359375],[-87.76025390625,71.178515625],[-87.8724609375,71.208544921875],[-88.06064453124999,71.22724609375],[-88.589501953125,71.240283203125],[-89.079345703125,71.287939453125],[-89.41767578125,71.352197265625],[-89.693310546875,71.423486328125],[-89.80537109375,71.4623046875],[-89.84575195312499,71.49228515625],[-89.88852539062499,71.5857421875],[-89.93369140624999,71.742724609375],[-89.97734374999999,71.848046875],[-90.01953125,71.901806640625],[-90.02519531249999,71.948779296875],[-89.93149414062499,72.0490234375],[-89.663818359375,72.157958984375],[-89.65727539062499,72.175048828125],[-89.71054687499999,72.180126953125],[-89.822900390625,72.2078125],[-89.85869140624999,72.24833984375],[-89.87309570312499,72.312646484375],[-89.8740234375,72.3671875],[-89.8615234375,72.4119140625],[-89.816845703125,72.467724609375],[-89.70151367187499,72.56806640625],[-89.53642578124999,72.68984375],[-89.35771484374999,72.804150390625],[-89.327099609375,72.841552734375],[-89.31137695312499,72.94296875],[-89.28769531249999,73.016943359375],[-89.26323242187499,73.068994140625],[-89.225341796875,73.108056640625],[-89.11474609375,73.182177734375],[-88.976806640625,73.252490234375],[-88.7609375,73.31240234375],[-88.74252929687499,73.3345703125],[-88.73959960937499,73.365283203125],[-88.72714843749999,73.38818359375],[-88.70517578124999,73.403271484375],[-88.17001953124999,73.5953125],[-87.926416015625,73.67333984375],[-87.71977539062499,73.722900390625],[-87.47236328125,73.759423828125],[-86.76875,73.833984375],[-86.406396484375,73.85478515625],[-85.95078124999999,73.850146484375],[-85.110498046875,73.808154296875],[-85.00932617187499,73.77861328125],[-84.98359375,73.763720703125],[-84.94677734375,73.721630859375],[-84.97451171875,73.694775390625],[-85.204296875,73.603564453125],[-85.493603515625,73.527685546875],[-85.681884765625,73.461474609375],[-86.00053710937499,73.312548828125],[-86.08647460937499,73.26025390625],[-86.481396484375,72.96025390625],[-86.574658203125,72.910546875],[-86.629345703125,72.87080078125],[-86.66777343749999,72.762548828125],[-86.65629882812499,72.7240234375],[-86.59462890625,72.6611328125],[-86.380322265625,72.524658203125],[-86.32255859374999,72.46083984375],[-86.32402343749999,72.4021484375],[-86.348046875,72.262255859375],[-86.3509765625,72.19130859375],[-86.34135742187499,72.123193359375],[-86.29716796874999,72.02578125],[-86.21845703125,71.89912109375],[-86.0361328125,71.770947265625],[-85.75009765624999,71.641357421875],[-85.53715820312499,71.555419921875],[-85.32719726562499,71.492138671875],[-85.07871093749999,71.398486328125],[-85.023388671875,71.35322265625],[-85.13759765625,71.30341796875],[-85.40537109374999,71.2267578125],[-85.757275390625,71.1939453125],[-85.94541015624999,71.162646484375],[-86.179443359375,71.0958984375],[-86.47324218749999,71.042626953125],[-86.58935546875,71.010791015625]]]}},{"type":"Feature","properties":{"_manaName":"Sumatra","name":"Sumatra","_manaColor":"#60a5fa","_manaFillOpacity":0.85,"_manaWeight":1.5,"_manaBorderColor":"#ffffff","_manaGroupName":"Islas más grandes del mundo","_manaGroupId":1,"_manaGeometryType":"polygon","_manaLabelStyle":{"enabled":true,"field":"_manaName","fontFamily":"Noto Sans, sans-serif","fontSize":10,"color":"#0f172a","fontWeight":"700","fontStyle":"normal","haloWidth":3,"haloColor":"#ffffff","opacity":0.95,"offsetX":0,"offsetY":0,"placement":"auto"},"Superficie":"473.481 km²","Población":"~60.000.000 hab.","País":"Indonesia","Descripción":"Sexta isla más grande. Isla principal de Indonesia al oeste del archipiélago. Selva tropical y volcanes.","Ranking":"#6","superficie_km2":473481,"superficie_bucket":"200,000–500,000 km²"},"geometry":{"type":"Polygon","coordinates":[[[96.49257812500002,5.2293457031249915],[96.615234375,5.22021484375],[96.84267578125002,5.274462890624989],[96.9677734375,5.2691406249999915],[97.08574218749999,5.229931640624997],[97.1904296875,5.207324218749989],[97.451171875,5.236035156249997],[97.50019531250001,5.228320312499989],[97.54716796874999,5.205859374999989],[97.58750000000003,5.170361328124997],[97.70673828125001,5.0401367187499915],[97.90839843750001,4.8799804687499915],[97.96660156249999,4.777490234374994],[97.99980468749999,4.662255859374994],[98.02070312500001,4.635205078124997],[98.24843750000002,4.41455078125],[98.27333984375002,4.322314453124989],[98.2412109375,4.194531249999997],[98.30732421875001,4.0928710937499915],[98.5283203125,3.99755859375],[98.65869140625,3.9281249999999943],[98.6865234375,3.8855468749999886],[98.70576171875001,3.8347656249999886],[98.77792968750003,3.7594238281249943],[98.86865234375,3.7103515624999943],[99.15117187499999,3.581249999999997],[99.521484375,3.3111816406249943],[99.73232421875002,3.183056640624997],[99.90664062500002,2.9881835937499943],[99.96943359375001,2.8949218749999943],[100.02128906249999,2.7942382812499886],[100.12724609374999,2.6476074218749943],[100.30722656250003,2.4666015624999886],[100.35273437500001,2.4114746093749915],[100.40117187499999,2.3316406249999915],[100.45703125,2.2574218749999915],[100.52382812500002,2.189160156249997],[100.60361328125003,2.136962890625],[100.68525390625001,2.120068359374997],[100.81679687500002,1.9892578125],[100.88789062500001,1.9482421875],[100.87666015625001,2.0505859374999886],[100.81689453125,2.1401855468749886],[100.81777343750002,2.1942382812499943],[100.82822265625003,2.2425781249999943],[100.87705078125003,2.2833007812499915],[100.93593750000002,2.2947265624999886],[101.04619140624999,2.2574707031249943],[101.22519531250003,2.102246093749997],[101.30078125,2.0118164062499915],[101.35761718750001,1.8870117187499886],[101.40507812499999,1.7574218749999915],[101.47666015625003,1.6930664062499972],[101.57499999999999,1.6705566406249943],[101.68427734375001,1.6612304687499915],[101.78476562500003,1.6213867187499886],[102.01992187500002,1.442138671875],[102.09804687500002,1.35791015625],[102.1572265625,1.2588867187499915],[102.19794921875001,1.1416992187499915],[102.22333984375001,1.0187011718749943],[102.23906249999999,0.9903320312499915],[102.38994140624999,0.8419921874999972],[102.46923828125,0.779296875],[102.56640625,0.7488281249999886],[102.84941406249999,0.7154785156249943],[102.94931640625003,0.6642089843749943],[103.03183593750003,0.5789062499999886],[103.06650390625003,0.49199218749998863],[103.00751953125001,0.41533203124998863],[102.78632812500001,0.2977539062499943],[102.55000000000001,0.21645507812499432],[102.77958984374999,0.24448242187499147],[102.89589843750002,0.27861328124998863],[103.00283203125002,0.33198242187499716],[103.10869140624999,0.3998046874999943],[103.27656250000001,0.4945312499999943],[103.33896484375003,0.5137207031249886],[103.41230468750001,0.5069335937499915],[103.47890625000002,0.48017578124999716],[103.57871093750003,0.3870605468749915],[103.67265624999999,0.2889160156249915],[103.74277343750003,0.17441406249999147],[103.78671875000003,0.046972656249991473],[103.70644531250002,-0.019580078125002842],[103.58945312500003,-0.06875000000000853],[103.42851562499999,-0.19179687500000853],[103.41162109375,-0.24042968750001137],[103.44443359375003,-0.27167968750001137],[103.40517578125002,-0.3622070312500085],[103.49541015624999,-0.4180664062500057],[103.50917968750002,-0.46552734375001137],[103.43115234375,-0.5335937500000085],[103.43857421875003,-0.5755859375000085],[103.53271484375,-0.7546875000000028],[103.57753906250002,-0.7957031250000028],[103.72109375000002,-0.88671875],[103.94003906250003,-0.9791015625000057],[104.06113281250003,-1.0213867187500085],[104.19853515624999,-1.0542968750000057],[104.25751953125001,-1.0534179687500114],[104.36054687500001,-1.0383789062500028],[104.38125000000002,-1.07421875],[104.42568359375002,-1.2506835937500114],[104.44687500000003,-1.3624023437500057],[104.47832031249999,-1.60009765625],[104.5185546875,-1.69873046875],[104.51591796874999,-1.8194335937500057],[104.56875000000002,-1.9217773437500085],[104.67636718750003,-1.9872070312500085],[104.791015625,-2.040820312500003],[104.84521484375,-2.0929687500000114],[104.84453124999999,-2.1717773437500085],[104.82607421875002,-2.234179687500003],[104.78730468750001,-2.28271484375],[104.66845703125,-2.385546875000003],[104.64726562499999,-2.4298828125000114],[104.63056640625001,-2.5433593750000085],[104.65078125000002,-2.59521484375],[104.69833984375003,-2.59814453125],[104.73574218750002,-2.5708984375000057],[104.87841796875,-2.4188476562500085],[104.9169921875,-2.3921875000000057],[104.97080078125003,-2.370898437500003],[105.02587890625,-2.3575195312500057],[105.28652343750002,-2.356250000000003],[105.39697265625,-2.380175781250003],[105.49531250000001,-2.4296875],[105.58203125,-2.491992187500003],[105.89912109375001,-2.8877929687500057],[106.04433593750002,-3.106250000000003],[106.05576171875003,-3.16064453125],[106.05839843749999,-3.2171875000000085],[106.03369140625,-3.2609375000000114],[105.90146484375003,-3.4100585937500085],[105.88505859374999,-3.4512695312500057],[105.84375,-3.6136718750000085],[105.8515625,-3.7305664062500057],[105.8955078125,-3.7796875000000085],[105.93046874999999,-3.8330078125],[105.927734375,-3.88134765625],[105.84062499999999,-4.121777343750011],[105.83144531250002,-4.162890625000003],[105.88652343749999,-4.553906250000011],[105.89052734375002,-4.659765625000006],[105.87929687500002,-4.793652343750011],[105.88720703125,-5.009570312500003],[105.81611328125001,-5.676562500000003],[105.802734375,-5.716406250000006],[105.74833984374999,-5.8182617187500085],[105.67656249999999,-5.817578125000011],[105.61855468750002,-5.799609375000003],[105.57792968749999,-5.7606445312500085],[105.55556640625002,-5.7123046875000085],[105.52265625000001,-5.6727539062500085],[105.34941406249999,-5.549511718750011],[105.30400390624999,-5.570019531250011],[105.12812500000001,-5.722851562500011],[105.08134765624999,-5.7455078125000085],[105.02265625000001,-5.726855468750003],[104.93027343750003,-5.68115234375],[104.63955078125002,-5.5204101562500085],[104.62167968750003,-5.57177734375],[104.6181640625,-5.6415039062500085],[104.67597656250001,-5.816210937500003],[104.68398437500002,-5.892675781250006],[104.63105468750001,-5.907910156250011],[104.6015625,-5.904589843750003],[104.48085937500002,-5.8031250000000085],[104.36953125000002,-5.690722656250003],[104.24296874999999,-5.538867187500003],[104.15048828125003,-5.466601562500003],[104.06679687500002,-5.385937500000011],[103.83144531250002,-5.07958984375],[103.77031249999999,-5.032812500000006],[103.40566406250002,-4.81640625],[103.33212890625003,-4.765234375000006],[103.23886718750003,-4.6756835937500085],[103.138671875,-4.59619140625],[102.9189453125,-4.470703125],[102.53769531250003,-4.152148437500003],[102.37197265625002,-3.96923828125],[102.18769531250001,-3.6745117187500114],[102.12753906250003,-3.5992187500000057],[101.81787109375,-3.3780273437500057],[101.64902343750003,-3.2440429687500085],[101.57861328125,-3.1669921875],[101.41425781250001,-2.8988281250000085],[101.3662109375,-2.8084960937500085],[101.3056640625,-2.7287109375000114],[101.20625000000001,-2.6639648437500085],[101.11855468750002,-2.5877929687500085],[100.94443359375003,-2.34521484375],[100.88955078125002,-2.24853515625],[100.84804687500002,-2.1439453125000085],[100.85527343749999,-1.9341796875000057],[100.48652343750001,-1.2991210937500028],[100.39394531250002,-1.1012695312500114],[100.30820312500003,-0.82666015625],[100.2890625,-0.798828125],[100.087890625,-0.5529296875000114],[100.01669921875003,-0.4742187500000057],[99.9306640625,-0.40019531250000284],[99.86005859375001,-0.31376953125000284],[99.72128906250003,-0.032958984375],[99.66982421875002,0.045068359374994316],[99.59765625,0.10244140624999432],[99.33457031250003,0.20859374999999147],[99.23642578125003,0.26777343749999716],[99.1591796875,0.35175781249999716],[99.11171875000002,0.45893554687499716],[99.0595703125,0.6863769531249915],[98.935546875,1.0319335937499972],[98.79638671875,1.49462890625],[98.70253906250002,1.7019531249999886],[98.59531250000003,1.8645996093749915],[98.56425781249999,1.9021484374999886],[98.08652343750003,2.195068359375],[98.00507812500001,2.2381835937499943],[97.91855468750003,2.2642089843749886],[97.79501953125003,2.2828613281249943],[97.70078125000003,2.3585449218749943],[97.66201171875002,2.4942871093749943],[97.640625,2.6764160156249943],[97.61679687500003,2.785107421874997],[97.5908203125,2.8465820312499943],[97.39130859375001,2.975292968749997],[97.31318359375001,3.0770507812499943],[97.24794921875002,3.1890136718749886],[97.18837890625002,3.2757324218749915],[96.96894531250001,3.575146484374997],[96.89394531250002,3.6537109374999943],[96.80097656250001,3.7085449218749886],[96.525390625,3.7666015625],[96.44472656250002,3.8163085937499943],[96.31083984374999,3.986328125],[96.23007812500003,4.07275390625],[95.98798828125001,4.2632812499999915],[95.57861328125,4.6619628906249915],[95.49472656250003,4.761376953124994],[95.43193359374999,4.865039062499989],[95.38125000000002,4.9761718749999915],[95.20664062500003,5.2840332031249915],[95.220703125,5.346240234374989],[95.2470703125,5.410791015624994],[95.24296874999999,5.464306640624997],[95.22382812500001,5.51708984375],[95.22783203124999,5.5647949218749915],[95.27958984374999,5.5928710937499915],[95.39609375000003,5.628808593749994],[95.51699218750002,5.6246093749999915],[95.62890625,5.609082031249997],[95.7373046875,5.579296874999997],[95.84130859375,5.5145019531249915],[96.02734375,5.3511718749999915],[96.13330078125,5.2942871093749915],[96.25087890625002,5.266992187499994],[96.49257812500002,5.2293457031249915]]]}},{"type":"Feature","properties":{"_manaName":"Gran Bretaña","name":"Great Britain","_manaColor":"#60a5fa","_manaFillOpacity":0.85,"_manaWeight":1.5,"_manaBorderColor":"#ffffff","_manaGroupName":"Islas más grandes del mundo","_manaGroupId":1,"_manaGeometryType":"polygon","_manaLabelStyle":{"enabled":true,"field":"_manaName","fontFamily":"Noto Sans, sans-serif","fontSize":10,"color":"#0f172a","fontWeight":"700","fontStyle":"normal","haloWidth":3,"haloColor":"#ffffff","opacity":0.95,"offsetX":0,"offsetY":0,"placement":"auto"},"Superficie":"229.848 km²","Población":"~67.000.000 hab.","País":"Reino Unido","Descripción":"Octava isla más grande. Isla principal del Reino Unido, hogar de Inglaterra, Escocia y Gales.","Ranking":"#8","superficie_km2":229848,"superficie_bucket":"200,000–500,000 km²"},"geometry":{"type":"Polygon","coordinates":[[[-3.1096679687499886,58.515478515625],[-3.1011230468749886,58.43369140625],[-3.1128906249999773,58.40888671875],[-3.1367675781249886,58.378320312499994],[-3.212353515624983,58.321240234375],[-3.4109863281249773,58.239648437499994],[-3.7749999999999773,58.052099609375],[-3.9900390624999886,57.959033203124996],[-4.019628906249977,57.9142578125],[-4.035595703124983,57.852001953125],[-3.9068359374999773,57.839648437499996],[-3.857128906249983,57.8185546875],[-3.887939453125,57.786914062499996],[-4.078417968749989,57.677050781249996],[-4.134521484375,57.577734375],[-3.988476562499983,57.58125],[-3.8681640625,57.600341796875],[-3.6282226562499886,57.662255859375],[-3.402783203124983,57.708251953125],[-3.2945312499999773,57.71015625],[-3.083935546874983,57.673486328125],[-3.0360351562499943,57.672314453125],[-2.9466796874999943,57.689257812499996],[-2.8562988281249773,57.69228515625],[-2.244140625,57.680859375],[-2.0740722656249773,57.702392578125],[-1.9615234374999773,57.67666015625],[-1.867382812499983,57.612353515624996],[-1.7779296874999773,57.49375],[-1.7806640624999943,57.4740234375],[-1.834716796875,57.419970703124996],[-1.9344726562499943,57.352197265625],[-2.0203124999999886,57.25888671875],[-2.0455078124999773,57.208544921874996],[-2.0623535156249773,57.153466796875],[-2.089550781249983,57.1025390625],[-2.26025390625,56.863330078124996],[-2.4266601562499943,56.730712890625],[-2.5009765625,56.636572265625],[-2.5926757812499943,56.561572265624996],[-2.6809570312499886,56.514404296875],[-2.7751953124999886,56.482958984374996],[-3.0474121093749886,56.449365234375],[-3.1235839843749886,56.42529296875],[-3.2144531249999773,56.383935546875],[-3.3099609374999943,56.3634765625],[-3.197998046875,56.366064453125],[-3.0870117187499773,56.3890625],[-2.8851562499999943,56.397509765624996],[-2.6527343749999943,56.31826171875],[-2.674267578124983,56.25341796875],[-2.767578125,56.2021484375],[-2.9797851562499886,56.194091796875],[-3.17822265625,56.080126953124996],[-3.267773437499983,56.045068359375],[-3.362255859374983,56.027636718749996],[-3.480419921874983,56.0328125],[-3.6951171874999886,56.063330078125],[-3.7890625,56.09521484375],[-3.7041503906249886,56.0431640625],[-3.6078124999999943,56.016015625],[-3.0487304687499943,55.951953124999996],[-3.015087890624983,55.95859375],[-2.836865234374983,56.02626953125],[-2.599316406249983,56.027294921875],[-2.1470703124999773,55.902978515625],[-2.016845703125,55.807958984375],[-1.830273437499983,55.671728515625],[-1.728759765625,55.6185546875],[-1.6553710937499773,55.570361328124996],[-1.6101562499999886,55.498095703124996],[-1.5225585937499773,55.259521484375],[-1.4226562499999886,55.026416015624996],[-1.291748046875,54.773876953125],[-1.232421875,54.7037109375],[-1.1543945312499773,54.6544921875],[-0.7593261718749886,54.54140625],[-0.67138671875,54.50390625],[-0.5181152343749886,54.3951171875],[-0.370361328125,54.27919921875],[-0.23286132812498295,54.19013671875],[-0.08437499999999432,54.11806640625],[-0.15629882812498863,54.080615234374996],[-0.20556640625,54.021728515625],[-0.16874999999998863,53.941650390625],[-0.10825195312497726,53.865185546875],[0.010546875000017053,53.742822265625],[0.11533203125000568,53.60927734375],[0.07670898437501705,53.629443359374996],[0.03608398437501137,53.64052734375],[-0.019433593749994316,53.63720703125],[-0.07373046875,53.64365234375],[-0.173828125,53.68544921875],[-0.27001953125,53.736767578125],[-0.46137695312498295,53.716162109375],[-0.5676757812499886,53.725390624999996],[-0.659912109375,53.7240234375],[-0.48505859374998295,53.694384765624996],[-0.293701171875,53.692333984375],[0.12832031250002274,53.46826171875],[0.27099609375,53.335498046874996],[0.35576171875001705,53.159960937499996],[0.29804687500001137,53.081103515624996],[0.20820312500001137,53.030029296875],[0.12441406250002274,52.97158203125],[0.0458984375,52.905615234375],[0.27978515625,52.80869140625],[0.3301757812500057,52.81162109375],[0.3819335937500057,52.8251953125],[0.431640625,52.858154296875],[0.5155273437500227,52.93837890625],[0.5587890625000114,52.966943359375],[0.7044921875000227,52.97724609375],[0.8267578125000057,52.97109375],[0.948535156250017,52.953369140625],[1.0555664062500227,52.958984375],[1.271289062500017,52.924560546875],[1.382128906250017,52.893505859375],[1.65673828125,52.753710937499996],[1.716113281250017,52.67724609375],[1.7433593750000114,52.578515625],[1.74658203125,52.468994140625],[1.7003906250000114,52.368896484375],[1.6473632812500227,52.278515625],[1.6146484375000227,52.16181640625],[1.5914062500000057,52.119775390625],[1.5589843750000227,52.086865234375],[1.4134765625000227,51.994775390625],[1.3167968750000227,51.95693359375],[1.2759765625000057,51.97353515625],[1.232421875,51.971240234374996],[1.227832031250017,51.94912109375],[1.2738281250000227,51.902099609375],[1.2744140625,51.845361328125],[1.1884765625,51.803369140625],[1.1011718750000057,51.785449218749996],[0.955078125,51.8078125],[0.752246093750017,51.72958984375],[0.8980468750000057,51.689404296875],[0.9274414062500114,51.646630859375],[0.890917968750017,51.571435546874994],[0.7992187500000227,51.537890624999996],[0.697558593750017,51.523046875],[0.5934570312500114,51.519482421875],[0.5072265625000227,51.50107421875],[0.42451171875001137,51.465624999999996],[0.5283203125,51.48447265625],[0.6002929687500114,51.46796875],[0.6455078125,51.404687499999994],[0.6865234375,51.386572265625],[0.8893554687500114,51.359521484374994],[1.014941406250017,51.359716796875],[1.257128906250017,51.37509765625],[1.3734375000000227,51.37470703125],[1.4149414062500227,51.36328125],[1.4156250000000057,51.310839843749996],[1.3975585937500057,51.182031249999994],[1.365527343750017,51.15546875],[1.04443359375,51.047265624999994],[0.9786132812500057,50.9716796875],[0.9601562500000114,50.92587890625],[0.7723632812500227,50.933984374999994],[0.684375000000017,50.885546874999996],[0.5323242187500057,50.853417968749994],[0.41474609375001137,50.819189453125],[0.29970703125002274,50.7759765625],[0.205078125,50.763037109375],[-0.20390624999998863,50.814355468749994],[-0.45078124999997726,50.81015625],[-0.7852539062499773,50.765429687499996],[-0.8713867187499886,50.772802734375],[-1.0005859374999773,50.815625],[-1.1328613281249886,50.844580078125],[-1.2850585937499943,50.857324218749994],[-1.416455078124983,50.896874999999994],[-1.33447265625,50.82080078125],[-1.5167480468749943,50.747460937499994],[-1.600830078125,50.732861328125],[-1.6878906249999943,50.735156249999996],[-1.8660156249999886,50.715234374999994],[-2.0310546874999886,50.725390624999996],[-2.0062499999999943,50.673242187499994],[-1.9620605468749943,50.627783203125],[-1.9979003906249773,50.6080078125],[-2.035839843749983,50.603076171874996],[-2.3501464843749886,50.63740234375],[-2.3946777343749943,50.630908203124996],[-2.4334472656249773,50.59921875],[-2.5477539062499943,50.61630859375],[-2.6588378906249943,50.669726562499996],[-2.7769531249999773,50.70556640625],[-2.90087890625,50.722412109375],[-2.9994140624999943,50.716601562499996],[-3.4045898437499886,50.632421875],[-3.4854492187499773,50.54794921875],[-3.52587890625,50.428173828125],[-3.5843749999999943,50.321826171874996],[-3.6797851562499773,50.23994140625],[-3.7933593749999943,50.229248046875],[-3.9001953124999886,50.285937499999996],[-4.103417968749994,50.348535156249994],[-4.172558593749983,50.3908203125],[-4.194580078125,50.393310546875],[-4.21728515625,50.378173828125],[-4.296972656249977,50.35908203125],[-4.379492187499977,50.358203124999996],[-4.506689453124977,50.341357421874996],[-4.727978515624983,50.290478515625],[-4.8173828125,50.25595703125],[-5.009521484375,50.1607421875],[-5.048632812499989,50.134375],[-5.118505859374977,50.038330078125],[-5.225244140624994,50.021386718749994],[-5.322851562499977,50.082958984375],[-5.433984374999994,50.104443359375],[-5.551220703124983,50.083398437499994],[-5.622119140624989,50.050683593749994],[-5.655175781249994,50.07724609375],[-5.65625,50.131884765624996],[-5.570654296874977,50.19697265625],[-5.34228515625,50.246142578124996],[-5.141796874999983,50.37373046875],[-5.04345703125,50.451513671875],[-5.004443359374989,50.495263671874994],[-4.956396484374977,50.52314453125],[-4.8935546875,50.53369140625],[-4.861279296874983,50.58203125],[-4.582910156249994,50.7763671875],[-4.559960937499994,50.820947265624994],[-4.546093749999983,50.900683593749996],[-4.523095703124994,50.977441406249994],[-4.296484374999977,51.027148437499996],[-4.188183593749983,51.188525390624996],[-4.158398437499983,51.201318359374994],[-3.8423339843749886,51.230908203125],[-3.60791015625,51.228564453124996],[-3.3750976562499773,51.19697265625],[-3.2557617187499943,51.194140624999996],[-3.135986328125,51.205029296875],[-3.0420410156249886,51.248583984374996],[-2.8812499999999943,51.405664062499994],[-2.7908203124999886,51.4748046875],[-2.687207031249983,51.537255859374994],[-2.590283203124983,51.60859375],[-2.433056640624983,51.74072265625],[-2.5393554687499886,51.69521484375],[-2.667675781249983,51.622998046875],[-2.742138671874983,51.581103515624996],[-2.978515625,51.538867187499996],[-3.0803710937499886,51.49580078125],[-3.2587890625,51.398486328124996],[-3.2931152343749943,51.390429687499996],[-3.5623535156249773,51.413818359375],[-3.7626953125,51.539941406249994],[-3.8907714843749943,51.591650390625],[-3.9436523437499886,51.597509765625],[-3.9983398437499886,51.58212890625],[-4.115283203124989,51.56640625],[-4.234570312499983,51.569091796875],[-4.173681640624977,51.62734375],[-4.091015624999983,51.659912109375],[-4.276171874999989,51.68251953125],[-4.32763671875,51.700244140624996],[-4.386279296874989,51.741064453125],[-4.531494140625,51.748046875],[-4.600781249999983,51.737646484375],[-4.717626953124977,51.68369140625],[-4.902294921874983,51.626269531249996],[-5.124755859375,51.705859374999996],[-5.168359374999994,51.74072265625],[-5.167236328125,51.808056640625],[-5.200585937499994,51.861376953124996],[-5.262304687499977,51.880175781249996],[-5.183349609375,51.949658203125],[-5.088085937499983,51.995898437499996],[-4.878515624999977,52.041845703125],[-4.561132812499977,52.15087890625],[-4.383154296874977,52.197314453124996],[-4.217724609374983,52.27744140625],[-4.149365234374983,52.32626953125],[-4.099755859374994,52.393115234374996],[-4.050537109375,52.475146484374996],[-3.9803222656249773,52.541748046875],[-4.048437499999977,52.5576171875],[-4.078906249999989,52.607861328125],[-4.070703124999994,52.658837890625],[-4.039257812499983,52.704052734375],[-4.067431640624989,52.7607421875],[-4.117529296874977,52.82001953125],[-4.11474609375,52.866162109375],[-4.101464843749994,52.915478515625],[-4.229150390624994,52.912841796875],[-4.3564453125,52.897412109375],[-4.471826171874994,52.862451171875],[-4.583691406249983,52.81494140625],[-4.683056640624983,52.80615234375],[-4.681445312499989,52.844140625],[-4.638330078124994,52.89111328125],[-4.525683593749989,52.958203125],[-4.405078124999989,53.013818359375],[-4.362207031249994,53.0560546875],[-4.328417968749989,53.105126953125],[-4.2685546875,53.14453125],[-4.111035156249983,53.2189453125],[-3.809277343749983,53.302685546875],[-3.7642089843749886,53.3076171875],[-3.6458984374999943,53.297900390624996],[-3.5295898437499886,53.310546875],[-3.427734375,53.340673828125],[-3.326171875,53.34716796875],[-3.0975585937499943,53.260302734374996],[-3.1655761718749886,53.394677734375],[-3.0647460937499886,53.42685546875],[-2.9185546874999773,53.30537109375],[-2.8641601562499943,53.292578125],[-2.74951171875,53.310205078125],[-2.7937499999999886,53.330712890625],[-2.845410156249983,53.33193359375],[-2.9130859375,53.350244140625],[-2.969970703125,53.389208984374996],[-3.0645996093749943,53.512841796875],[-3.0594726562499943,53.586230468749996],[-2.9957031249999773,53.662548828125],[-2.9250976562499886,53.732763671875],[-2.984326171874983,53.746728515625],[-3.0317871093749886,53.773583984375],[-3.045361328124983,53.84384765625],[-3.0267578124999943,53.905908203125],[-2.899853515624983,53.960693359375],[-2.8624023437499773,54.04384765625],[-2.8464843749999886,54.135302734374996],[-2.8675781249999943,54.17724609375],[-2.9935058593749773,54.1705078125],[-3.0547363281249886,54.15341796875],[-3.1096679687499886,54.126318359375],[-3.165966796874983,54.1279296875],[-3.321533203125,54.2291015625],[-3.4102539062499773,54.305615234375],[-3.5693847656249886,54.467578124999996],[-3.592041015625,54.56435546875],[-3.464599609375,54.773095703125],[-3.2679199218749773,54.906591796875],[-3.0362304687499773,54.953076171875],[-3.0810546875,54.961962890624996],[-3.43408203125,54.96376953125],[-3.5504394531249943,54.947412109375],[-3.6583007812499773,54.892871093749996],[-3.71923828125,54.876123046875],[-3.7832519531249886,54.869921874999996],[-3.8416015624999886,54.8427734375],[-3.8985839843749943,54.805078125],[-3.9579101562499943,54.78095703125],[-4.075781249999977,54.78720703125],[-4.132958984374994,54.779248046875],[-4.174023437499983,54.801074218749996],[-4.208398437499994,54.837158203125],[-4.25341796875,54.84677734375],[-4.303662109374983,54.835693359375],[-4.409912109375,54.787060546875],[-4.517480468749994,54.758349609374996],[-4.647558593749977,54.789013671875],[-4.818066406249983,54.846142578125],[-4.851708984374994,54.82529296875],[-4.889501953124977,54.772265624999996],[-4.911230468749977,54.689453125],[-5.032324218749977,54.761376953125],[-5.135498046875,54.85751953125],[-5.170117187499983,54.917919921875],[-5.172705078124977,54.985888671874996],[-5.11669921875,55.012255859374996],[-5.055859374999983,54.988134765625],[-4.965185546874977,55.149462890624996],[-4.784814453124994,55.359423828124996],[-4.721142578124983,55.42099609375],[-4.6767578125,55.501318359375],[-4.684374999999989,55.55390625],[-4.724169921874989,55.598291015625],[-4.891845703125,55.69912109375],[-4.8896484375,55.781201171875],[-4.871679687499977,55.87392578125],[-4.826074218749994,55.929541015625],[-4.806835937499983,55.94013671875],[-4.584082031249977,55.938671875],[-4.670947265624989,55.9673828125],[-4.844091796874977,56.051171875],[-4.841015624999983,56.080859374999996],[-4.80029296875,56.158349609375],[-4.819140624999989,56.15048828125],[-4.856249999999989,56.114697265625],[-4.927099609374977,56.028076171875],[-4.970361328124994,56.007861328124996],[-5.092822265624989,55.9873046875],[-5.114990234375,55.944628906249996],[-5.134667968749994,55.93349609375],[-5.195849609374989,55.928662109375],[-5.214599609375,55.8888671875],[-5.228222656249983,55.886328125],[-5.24560546875,55.929248046874996],[-5.247314453125,56.000390625],[-5.222949218749989,56.0658203125],[-5.176416015624994,56.116992187499996],[-4.996972656249994,56.233349609375],[-5.084326171874977,56.1974609375],[-5.282324218749977,56.08994140625],[-5.383447265624994,56.01923828125],[-5.410449218749989,55.995361328125],[-5.418896484374983,55.975244140625],[-5.418310546874977,55.95205078125],[-5.372900390624977,55.827685546874996],[-5.385839843749977,55.7701171875],[-5.556445312499989,55.389599609375],[-5.588769531249994,55.351416015625],[-5.618457031249989,55.3314453125],[-5.646533203124989,55.32685546875],[-5.730664062499983,55.334130859375],[-5.768212890624994,55.362646484375],[-5.767871093749989,55.394970703125],[-5.752099609374994,55.44345703125],[-5.681347656249983,55.623974609375],[-5.650634765625,55.674121093749996],[-5.605029296874989,55.720751953124996],[-5.504492187499977,55.802392578125],[-5.506933593749977,55.80771484375],[-5.573876953124994,55.79169921875],[-5.602392578124977,55.79697265625],[-5.622851562499989,55.813134765625],[-5.609570312499983,56.0552734375],[-5.555273437499977,56.1349609375],[-5.534960937499989,56.250830078125],[-5.487890624999977,56.350048828125],[-5.433398437499989,56.422314453125],[-5.391943359374977,56.514794921875],[-5.329443359374977,56.555908203125],[-5.312695312499983,56.618798828125],[-5.242578124999994,56.686865234375],[-5.188378906249994,56.758056640625],[-5.217578124999989,56.751025390624996],[-5.564208984375,56.565722656249996],[-5.652441406249977,56.531982421875],[-5.772802734374977,56.541015625],[-5.864843749999977,56.561865234375],[-5.936767578125,56.605712890625],[-5.968896484374994,56.689892578125],[-6.057714843749977,56.692138671875],[-6.133691406249994,56.706689453125],[-6.132763671874983,56.718017578125],[-6.034716796874989,56.763916015625],[-5.877636718749983,56.779638671875],[-5.730615234374994,56.853076171874996],[-5.861425781249977,56.902685546875],[-5.850390624999989,56.918408203125],[-5.736279296874983,56.96064453125],[-5.59130859375,57.102343749999996],[-5.561914062499994,57.232714843749996],[-5.631249999999994,57.2939453125],[-5.656347656249977,57.33408203125],[-5.794921875,57.37880859375],[-5.818066406249983,57.436083984374996],[-5.801953124999983,57.468017578125],[-5.756738281249994,57.49921875],[-5.688623046874994,57.52353515625],[-5.581787109375,57.54677734375],[-5.678759765624989,57.5716796875],[-5.714941406249977,57.60107421875],[-5.742382812499983,57.64365234375],[-5.744921874999989,57.668310546875],[-5.694726562499994,57.77822265625],[-5.665478515624983,57.823535156249996],[-5.608349609374983,57.88134765625],[-5.349023437499994,57.878076171875],[-5.319189453124977,57.903613281249996],[-5.289794921875,57.904589843749996],[-5.1572265625,57.88134765625],[-5.176904296874994,57.906396484375],[-5.393749999999983,58.043603515624994],[-5.413183593749977,58.069726562499994],[-5.351367187499989,58.143701171874994],[-5.346874999999983,58.176660156249994],[-5.35595703125,58.2119140625],[-5.338281249999994,58.238720703125],[-5.26953125,58.251416015625],[-5.059960937499994,58.250146484374994],[-5.00830078125,58.262646484375],[-5.031835937499977,58.298291015625],[-5.080615234374989,58.345166015625],[-5.090136718749989,58.384521484375],[-5.078710937499977,58.419287109375],[-5.076025390624977,58.4892578125],[-5.066503906249977,58.52021484375],[-5.016748046874994,58.566552734374994],[-4.975634765624989,58.580322265625],[-4.924658203124977,58.58837890625],[-4.809619140624989,58.572900390624994],[-4.765771484374994,58.55419921875],[-4.715429687499977,58.510009765625],[-4.67822265625,58.513574218749994],[-4.534960937499989,58.561572265625],[-4.491894531249983,58.56845703125],[-4.433251953124994,58.512841796874994],[-4.188623046874994,58.5572265625],[-3.8595214843749943,58.577099609375],[-3.661816406249983,58.606298828125],[-3.453564453124983,58.61689453125],[-3.2591308593749773,58.65],[-3.0530761718749773,58.634814453125],[-3.0461914062499886,58.61552734375],[-3.0569824218749773,58.588769531249994],[-3.1096679687499886,58.515478515625]]]}},{"type":"Feature","properties":{"_manaName":"Honshu","name":"Honshu","_manaColor":"#60a5fa","_manaFillOpacity":0.85,"_manaWeight":1.5,"_manaBorderColor":"#ffffff","_manaGroupName":"Islas más grandes del mundo","_manaGroupId":1,"_manaGeometryType":"polygon","_manaLabelStyle":{"enabled":true,"field":"_manaName","fontFamily":"Noto Sans, sans-serif","fontSize":10,"color":"#0f172a","fontWeight":"700","fontStyle":"normal","haloWidth":3,"haloColor":"#ffffff","opacity":0.95,"offsetX":0,"offsetY":0,"placement":"auto"},"Superficie":"227.960 km²","Población":"~103.000.000 hab.","País":"Japón","Descripción":"Séptima isla más grande. Isla principal de Japón, hogar de Tokio y la mayoría de la población japonesa.","Ranking":"#7","superficie_km2":227960,"superficie_bucket":"200,000–500,000 km²"},"geometry":{"type":"Polygon","coordinates":[[[141.22929687500005,41.37265625],[141.26875,41.353808593749996],[141.45546875000002,41.404736328125],[141.419921875,41.251171875],[141.40000000000003,41.096337890624994],[141.41367187500003,40.83935546875],[141.43046875000005,40.72333984375],[141.46279296875002,40.611132812499996],[141.54228515625005,40.530712890625],[141.64628906250005,40.4736328125],[141.7970703125,40.291162109374994],[141.8779296875,40.067236328125],[141.93505859375,39.95849609375],[141.97783203125005,39.84443359375],[141.99082031250003,39.792236328125],[141.99189453125,39.739892578124994],[141.97910156250003,39.668359374999994],[141.9931640625,39.610546875],[141.97695312500002,39.42880859375],[141.90947265625005,39.218701171875],[141.90078125000002,39.111328125],[141.84208984375005,39.0900390625],[141.80654296875002,39.040429687499994],[141.77617187500005,39.017431640625],[141.74248046875005,38.999609375],[141.6935546875,38.995166015624996],[141.65859375000002,38.974853515625],[141.6447265625,38.917919921875],[141.622265625,38.865136718749994],[141.57968750000003,38.81650390625],[141.54628906250002,38.762841796874994],[141.51875,38.63203125],[141.5087890625,38.497851562499996],[141.46748046875,38.404150390625],[141.3681640625,38.379736328125],[141.25429687500002,38.381396484374996],[141.1083984375,38.337939453124996],[141.07734375,38.312548828124996],[140.962109375,38.148876953125],[140.92900390625005,38.052880859374994],[140.9279296875,37.949609374999994],[140.9599609375,37.822607421875],[141.00341796875,37.6984375],[141.036328125,37.467236328125],[141.00166015625,37.114648437499994],[140.96835937500003,37.00205078125],[140.89511718750003,36.925732421875],[140.83964843750005,36.89033203125],[140.79179687500005,36.846875],[140.72988281250002,36.731884765625],[140.62734375000002,36.502783203125],[140.61884765625,36.4453125],[140.61923828125003,36.385595703125],[140.59160156250005,36.3078125],[140.57353515625005,36.231347656249994],[140.59042968750003,36.142431640625],[140.62197265625002,36.059228515624994],[140.75957031250005,35.845703125],[140.8134765625,35.782519531249996],[140.8740234375,35.724951171875],[140.63925781250003,35.661279296874994],[140.596875,35.63203125],[140.45742187500002,35.51025390625],[140.41289062500005,35.394775390625],[140.41650390625,35.266992187499994],[140.39296875000002,35.221142578125],[140.3546875,35.181445312499996],[140.31474609375005,35.155029296875],[140.15888671875,35.096484374999996],[140.05917968750003,35.03828125],[139.95976562500005,34.947314453124996],[139.92041015625,34.899609375],[139.8439453125,34.914892578125],[139.79921875000002,34.956933593749994],[139.84326171875,35.00986328125],[139.82968750000003,35.072167968749994],[139.85146484375002,35.232324218749994],[139.82646484375005,35.296679687499996],[139.90615234375002,35.345263671874996],[139.94414062500005,35.422998046874994],[140.02714843750005,35.485205078125],[140.08632812500002,35.540429687499994],[140.096875,35.58515625],[140.04365234375,35.633349609374996],[139.9875,35.668212890625],[139.90976562500003,35.668359374999994],[139.83476562500005,35.658056640625],[139.786328125,35.612109374999996],[139.77011718750003,35.549560546875],[139.77392578125,35.520361328125],[139.7677734375,35.49482421875],[139.65000000000003,35.409130859375],[139.66552734375,35.319482421874994],[139.70000000000005,35.273974609374996],[139.74404296875002,35.252392578125],[139.73085937500002,35.221533203125],[139.675,35.149267578125],[139.6359375,35.142138671874996],[139.56406250000003,35.24326171875],[139.47441406250005,35.29853515625],[139.3634765625,35.298095703125],[139.24941406250002,35.27802734375],[139.16269531250003,35.210742187499996],[139.13408203125005,35.1548828125],[139.11582031250003,35.097119140625],[139.12197265625002,34.956494140625],[139.08603515625003,34.839160156249996],[139.015625,34.73603515625],[138.9826171875,34.698388671874994],[138.8966796875,34.62841796875],[138.83750000000003,34.61923828125],[138.7951171875,34.651025390624994],[138.76103515625005,34.69921875],[138.80449218750005,34.875732421875],[138.802734375,34.9748046875],[138.90361328125005,35.025244140625],[138.82089843750003,35.095703125],[138.71962890625002,35.124072265624996],[138.5771484375,35.086474609374996],[138.53701171875002,35.044140625],[138.50957031250005,34.987158203125],[138.43310546875,34.915185546874994],[138.3486328125,34.847705078124996],[138.25322265625005,34.732666015625],[138.18906250000003,34.596337890624994],[137.97900390625,34.640917968749996],[137.8642578125,34.65087890625],[137.74853515625,34.647412109375],[137.54335937500002,34.664208984374994],[137.31806640625,34.636376953124994],[137.06171875,34.582812499999996],[137.07705078125002,34.621435546875],[137.28779296875,34.703515624999994],[137.29541015625,34.727587890624996],[137.27519531250005,34.772509765624996],[137.22265625,34.774707031249996],[137.09658203125002,34.759033203125],[137.0322265625,34.765917968749996],[137.00595703125003,34.814111328124994],[136.96328125000002,34.834912109375],[136.934765625,34.815185546875],[136.94414062500005,34.721533203125],[136.91289062500005,34.709033203124996],[136.8712890625,34.73310546875],[136.88457031250005,34.805859375],[136.85615234375,34.912499999999994],[136.85292968750002,34.9787109375],[136.89707031250003,35.035546874999994],[136.85185546875005,35.059521484375],[136.80419921875,35.05029296875],[136.74355468750002,35.022998046874996],[136.69003906250003,34.984130859375],[136.57695312500005,34.78955078125],[136.53300781250005,34.678369140624994],[136.61582031250003,34.5890625],[136.84160156250005,34.464208984375],[136.88027343750002,34.43359375],[136.88115234375005,34.38046875],[136.8537109375,34.324072265625],[136.7921875,34.299267578125],[136.54443359375,34.257714843749994],[136.32988281250005,34.17685546875],[136.26787109375005,34.094873046874994],[136.07255859375005,33.778222656249994],[135.9162109375,33.56171875],[135.6953125,33.486962890624994],[135.45283203125,33.553369140624994],[135.39423828125,33.628759765625],[135.34677734375003,33.721972656249996],[135.25664062500005,33.80625],[135.17539062500003,33.898046875],[135.1279296875,34.006982421874994],[135.13535156250003,34.1826171875],[135.10009765625,34.288378906249996],[135.13193359375003,34.316552734374994],[135.265625,34.380810546875],[135.30927734375,34.416796874999996],[135.384765625,34.500439453125],[135.41181640625,34.54697265625],[135.41591796875002,34.617480468749996],[135.35517578125,34.654296875],[135.1982421875,34.6529296875],[135.04169921875,34.631005859374994],[134.9298828125,34.66181640625],[134.78496093750005,34.7470703125],[134.74003906250005,34.765234375],[134.58378906250005,34.77060546875],[134.47226562500003,34.754785156249994],[134.36269531250002,34.723681640624996],[134.24687500000005,34.7138671875],[134.20830078125005,34.697656249999994],[134.07451171875005,34.593115234375],[133.96826171875,34.527294921875],[133.87636718750002,34.49462890625],[133.6779296875,34.485888671874996],[133.57861328125,34.464697265625],[133.47441406250005,34.430126953125],[133.4453125,34.433154296874996],[133.33564453125,34.3853515625],[133.20976562500005,34.343994140625],[133.14238281250005,34.30244140625],[133.01894531250002,34.32958984375],[132.774609375,34.255224609375],[132.65654296875005,34.24609375],[132.53447265625005,34.287060546875],[132.42128906250002,34.353369140625],[132.31259765625003,34.324951171875],[132.23808593750005,34.227001953125],[132.20195312500005,34.032031249999996],[132.159375,33.944238281249994],[132.146484375,33.838769531249994],[132.09023437500002,33.85546875],[131.76318359375,34.045263671875],[131.74052734375005,34.052050781249996],[131.47617187500003,34.019384765625],[131.40791015625,34.00361328125],[131.32275390625,33.965185546875],[131.2326171875,33.947998046875],[131.150390625,33.975634765624996],[131.07187500000003,34.020654296874994],[130.99638671875005,34.007275390625],[130.91884765625002,33.975732421874994],[130.88925781250003,34.26181640625],[130.904296875,34.299560546875],[130.95185546875,34.34970703125],[131.00419921875005,34.392578125],[131.13222656250002,34.407373046874994],[131.26181640625003,34.393457031249994],[131.35439453125002,34.41318359375],[131.43251953125002,34.46982421875],[131.51503906250002,34.550146484375],[131.60800781250003,34.615478515625],[131.73408203125,34.66708984375],[131.85605468750003,34.726318359375],[131.9630859375,34.809374999999996],[132.06474609375005,34.9],[132.158203125,34.96650390625],[132.25957031250005,35.022314453125],[132.4140625,35.156298828124996],[132.61904296875002,35.3068359375],[132.69765625000002,35.418310546875],[132.74658203125,35.449023437499996],[132.92294921875003,35.511279296874996],[133.15693359375,35.558837890625],[133.26718750000003,35.556542968749994],[133.37646484375,35.458837890625],[133.43535156250005,35.472216796874996],[133.49492187500005,35.497460937499994],[133.6154296875,35.51142578125],[133.73935546875003,35.495263671874994],[133.86025390625002,35.494873046875],[133.98125000000005,35.507226562499994],[134.2140625,35.5392578125],[134.33652343750003,35.577929687499996],[134.4560546875,35.6279296875],[134.88222656250002,35.663232421874994],[135.17431640625,35.7470703125],[135.22050781250005,35.741113281249994],[135.26542968750005,35.72177734375],[135.26875,35.65966796875],[135.23203125000003,35.59189453125],[135.2677734375,35.55087890625],[135.32695312500005,35.525537109374994],[135.60185546875005,35.517724609374994],[135.68027343750003,35.503125],[135.79501953125003,35.54951171875],[135.90312500000005,35.606884765625],[136.01621093750003,35.682519531249994],[136.09531250000003,35.767626953124996],[136.02226562500005,35.87412109375],[136.00625000000002,35.990576171875],[136.06748046875003,36.116845703124994],[136.15625,36.22333984375],[136.26181640625003,36.2876953125],[136.35898437500003,36.361767578125],[136.555859375,36.57197265625],[136.69814453125002,36.742041015625],[136.74931640625005,36.951025390625],[136.71923828125,37.198388671874994],[136.84345703125,37.382128906249996],[136.96230468750002,37.413671875],[137.19863281250002,37.497460937499994],[137.32265625000002,37.5220703125],[137.34121093750002,37.48544921875],[137.33750000000003,37.437451171875],[137.15205078125,37.283154296875],[137.04580078125002,37.2197265625],[136.98222656250005,37.200048828125],[136.9240234375,37.17197265625],[136.89990234375,37.11767578125],[136.99443359375005,37.026757812499994],[137.0185546875,36.959619140624994],[137.0126953125,36.8951171875],[137.01669921875003,36.837207031249996],[137.12373046875,36.774072265624994],[137.2462890625,36.753173828125],[137.29765625000005,36.753759765625],[137.34257812500005,36.770361328125],[137.4826171875,36.924755859375],[137.51406250000002,36.951562499999994],[137.91318359375003,37.064599609374994],[138.1095703125,37.15107421875],[138.21806640625005,37.173388671874996],[138.31992187500003,37.218408203124994],[138.54833984375,37.392138671874996],[138.6328125,37.47216796875],[138.70937500000002,37.56064453125],[138.77060546875003,37.663427734375],[138.81884765625,37.774707031249996],[138.88505859375005,37.8439453125],[139.24716796875003,38.009082031249996],[139.36386718750003,38.099023437499994],[139.40097656250003,38.142578125],[139.44580078125,38.26875],[139.4767578125,38.399804687499994],[139.52080078125005,38.5025390625],[139.58017578125003,38.598876953125],[139.65976562500003,38.697021484375],[139.74912109375003,38.788134765624996],[139.801953125,38.881591796875],[139.87861328125,39.104931640625],[139.9123046875,39.228564453124996],[139.93857421875003,39.27314453125],[139.97714843750003,39.31064453125],[140.01083984375003,39.358056640624994],[140.03652343750002,39.4111328125],[140.04814453125005,39.463720703125],[140.06474609375005,39.624414062499994],[140.0546875,39.749267578125],[139.99472656250003,39.855078125],[139.94521484375002,39.885107421875],[139.89121093750003,39.886865234374994],[139.81035156250005,39.877734374999996],[139.74150390625005,39.920849609375],[139.75546875000003,39.958935546875],[139.82568359375,39.966015625],[139.87363281250003,39.985693359375],[139.90800781250005,40.021728515625],[139.97246093750005,40.136962890625],[140.01113281250002,40.2603515625],[140.01445312500005,40.314892578125],[139.9640625,40.414306640625],[139.92392578125003,40.53388671875],[139.9228515625,40.598437499999996],[139.96669921875002,40.672753906249994],[140.029296875,40.733154296875],[140.08535156250002,40.747363281249996],[140.14609375000003,40.7515625],[140.20126953125003,40.77490234375],[140.25234375000002,40.8087890625],[140.28125,40.846093749999994],[140.32626953125003,40.947656249999994],[140.34355468750005,41.005664062499996],[140.31523437500005,41.160888671875],[140.34443359375,41.2033203125],[140.3859375,41.229785156249996],[140.44130859375002,41.20966796875],[140.498046875,41.2056640625],[140.56416015625,41.211816406249994],[140.62763671875,41.19541015625],[140.6396484375,41.155615234375],[140.67939453125,40.89326171875],[140.70244140625005,40.857812499999994],[140.74863281250003,40.830322265625],[140.80078125,40.834326171875],[140.84580078125003,40.875146484374994],[140.876171875,40.929541015625],[140.93603515625,40.940771484375],[141.11855468750002,40.882275390625],[141.18320312500003,40.9240234375],[141.22539062500005,40.9884765625],[141.26210937500002,41.102685546874994],[141.24423828125003,41.205615234374996],[141.200390625,41.243603515625],[141.15507812500005,41.236718749999994],[141.11503906250005,41.20849609375],[141.07041015625003,41.19306640625],[140.80058593750005,41.138818359374994],[140.80185546875003,41.253662109375],[140.8595703125,41.425439453124994],[140.89150390625002,41.479785156249996],[140.93691406250002,41.50556640625],[141.05019531250002,41.475732421874994],[141.10585937500002,41.455859374999996],[141.22929687500005,41.37265625]]]}},{"type":"Feature","properties":{"_manaName":"Isla Victoria","name":"Victoria Island","_manaColor":"#60a5fa","_manaFillOpacity":0.85,"_manaWeight":1.5,"_manaBorderColor":"#ffffff","_manaGroupName":"Islas más grandes del mundo","_manaGroupId":1,"_manaGeometryType":"polygon","_manaLabelStyle":{"enabled":true,"field":"_manaName","fontFamily":"Noto Sans, sans-serif","fontSize":10,"color":"#0f172a","fontWeight":"700","fontStyle":"normal","haloWidth":3,"haloColor":"#ffffff","opacity":0.95,"offsetX":0,"offsetY":0,"placement":"auto"},"Superficie":"217.291 km²","Población":"~2.160 hab.","País":"Canadá","Descripción":"Novena isla más grande. En el archipiélago ártico canadiense, entre Territorios del Noroeste y Nunavut.","Ranking":"#9","superficie_km2":217291,"superficie_bucket":"200,000–500,000 km²"},"geometry":{"type":"Polygon","coordinates":[[[-114.521533203125,72.592919921875],[-114.45810546874999,72.58037109375],[-114.342431640625,72.590771484375],[-114.174462890625,72.624072265625],[-113.9578125,72.65146484375],[-113.692431640625,72.672802734375],[-113.62216796874999,72.646826171875],[-113.578076171875,72.652099609375],[-113.500048828125,72.69443359375],[-113.4861328125,72.722265625],[-113.4958984375,72.753662109375],[-113.49140625,72.8220703125],[-113.449853515625,72.863232421875],[-113.2923828125,72.9498046875],[-113.2080078125,72.981005859375],[-113.07353515625,72.995263671875],[-112.75361328125,72.98603515625],[-112.453759765625,72.93662109375],[-112.048095703125,72.888037109375],[-111.45541992187499,72.76591796875],[-111.2697265625,72.713720703125],[-111.250390625,72.6685546875],[-111.355517578125,72.572119140625],[-111.610888671875,72.435595703125],[-111.81601562499999,72.386328125],[-111.895166015625,72.356103515625],[-111.76162109375,72.33525390625],[-111.67509765625,72.300146484375],[-111.54355468749999,72.350927734375],[-111.44736328124999,72.40771484375],[-111.311181640625,72.454833984375],[-111.264794921875,72.459033203125],[-111.25341796875,72.449072265625],[-111.2771484375,72.424853515625],[-111.287255859375,72.401123046875],[-111.283740234375,72.377978515625],[-111.26806640625,72.3638671875],[-111.184619140625,72.356640625],[-111.139892578125,72.36533203125],[-110.958984375,72.431982421875],[-110.78154296875,72.53388671875],[-110.51254882812499,72.59970703125],[-110.43930664062499,72.633349609375],[-110.205126953125,72.661279296875],[-110.207958984375,72.6810546875],[-110.19716796875,72.75888671875],[-110.2791015625,72.792041015625],[-110.55361328125,72.86142578125],[-110.689404296875,72.94453125],[-110.66083984375,73.008203125],[-110.50927734375,72.99892578125],[-110.09462890625,72.992138671875],[-110.008447265625,72.983642578125],[-109.60996093749999,72.87568359375],[-109.46909179687499,72.808447265625],[-109.35712890625,72.775048828125],[-109.12192382812499,72.726416015625],[-109.043017578125,72.686865234375],[-108.98740234374999,72.67080078125],[-108.9681640625,72.6541015625],[-108.985400390625,72.63681640625],[-108.99443359375,72.59599609375],[-108.95078124999999,72.582861328125],[-108.7978515625,72.567529296875],[-108.75498046874999,72.55107421875],[-108.698291015625,72.499267578125],[-108.627734375,72.41201171875],[-108.566357421875,72.317333984375],[-108.46958007812499,72.13876953125],[-108.276416015625,71.900390625],[-108.210400390625,71.751171875],[-108.188232421875,71.723779296875],[-108.144677734375,71.704931640625],[-108.02080078125,71.677490234375],[-107.925341796875,71.638671875],[-107.81284179687499,71.626171875],[-107.78544921875,71.6296875],[-107.757470703125,71.663037109375],[-107.687255859375,71.71611328125],[-107.346923828125,71.81923828125],[-107.329296875,71.83525390625],[-107.36943359375,71.858984375],[-107.381787109375,71.875146484375],[-107.37685546875,71.886083984375],[-107.30600585937499,71.894677734375],[-107.542626953125,72.025341796875],[-107.695849609375,72.14931640625],[-107.79404296874999,72.30263671875],[-107.809033203125,72.3474609375],[-107.82373046875,72.4427734375],[-107.855615234375,72.467822265625],[-107.909814453125,72.490771484375],[-107.93251953125,72.52041015625],[-107.92368164062499,72.556640625],[-107.934375,72.587744140625],[-107.99716796874999,72.652685546875],[-108.238232421875,73.105810546875],[-108.23740234374999,73.14990234375],[-108.204150390625,73.183056640625],[-108.118310546875,73.20205078125],[-107.979931640625,73.20673828125],[-107.936181640625,73.217138671875],[-107.987060546875,73.23310546875],[-108.07749023437499,73.281396484375],[-108.089404296875,73.3037109375],[-108.029052734375,73.34873046875],[-107.72001953125,73.329052734375],[-107.4962890625,73.28837890625],[-107.1134765625,73.192138671875],[-107.0744140625,73.197412109375],[-107.03251953125,73.2453125],[-106.95078124999999,73.276025390625],[-106.828369140625,73.26591796875],[-106.48212890625,73.19619140625],[-106.08164062499999,73.071923828125],[-105.8126953125,73.01064453125],[-105.624169921875,72.927490234375],[-105.49594726562499,72.848974609375],[-105.41513671874999,72.788330078125],[-105.411669921875,72.7646484375],[-105.430078125,72.740380859375],[-105.411083984375,72.708740234375],[-105.354541015625,72.6697265625],[-105.323193359375,72.634814453125],[-105.29755859375,72.56044921875],[-105.24692382812499,72.46357421875],[-105.23408203125,72.415087890625],[-104.8783203125,71.97998046875],[-104.810302734375,71.903173828125],[-104.7669921875,71.867578125],[-104.518310546875,71.69921875],[-104.3859375,71.576953125],[-104.37314453124999,71.4951171875],[-104.35537109375,71.4716796875],[-104.349560546875,71.433984375],[-104.35581054687499,71.382080078125],[-104.38486328124999,71.337548828125],[-104.43681640625,71.30029296875],[-104.487060546875,71.247900390625],[-104.56308593749999,71.132421875],[-104.569580078125,71.104052734375],[-104.514794921875,71.0642578125],[-104.16684570312499,70.927197265625],[-103.95346679687499,70.762646484375],[-103.853466796875,70.7337890625],[-103.58457031249999,70.630859375],[-103.294677734375,70.5724609375],[-103.19716796875,70.547314453125],[-103.10498046875,70.51025390625],[-103.07719726562499,70.508837890625],[-103.02119140625,70.5158203125],[-103.00517578124999,70.525927734375],[-103.001220703125,70.540966796875],[-103.08281249999999,70.619091796875],[-103.08857421875,70.64970703125],[-103.049560546875,70.655078125],[-102.75048828125,70.521875],[-102.58916015624999,70.46884765625],[-102.36874999999999,70.413232421875],[-101.98984374999999,70.28505859375],[-101.93720703125,70.274560546875],[-101.73222656249999,70.286376953125],[-101.67631835937499,70.278271484375],[-101.64116210937499,70.265576171875],[-101.62680664062499,70.24833984375],[-101.61845703124999,70.172412109375],[-101.56240234375,70.135009765625],[-101.23916015625,70.1509765625],[-101.14853515624999,70.147607421875],[-101.090771484375,70.135693359375],[-101.04267578125,70.110791015625],[-100.97333984375,70.0294921875],[-100.90908203125,69.869189453125],[-100.905712890625,69.81171875],[-100.93510742187499,69.71533203125],[-100.982373046875,69.6798828125],[-101.043701171875,69.668701171875],[-101.2162109375,69.679638671875],[-101.33725585937499,69.71025390625],[-101.40009765625,69.749267578125],[-101.45673828125,69.83388671875],[-101.483837890625,69.8501953125],[-101.50839843749999,69.833154296875],[-101.565087890625,69.7556640625],[-101.602490234375,69.7212890625],[-101.64765625,69.69853515625],[-101.73359375,69.704150390625],[-101.86025390625,69.7380859375],[-102.09794921874999,69.824609375],[-102.18212890625,69.845947265625],[-102.234326171875,69.842236328125],[-102.348095703125,69.81298828125],[-102.52348632812499,69.758203125],[-102.5958984375,69.717919921875],[-102.56523437499999,69.6921875],[-102.544921875,69.659814453125],[-102.53486328125,69.62080078125],[-102.54091796875,69.59208984375],[-102.563134765625,69.573583984375],[-102.62109375,69.551513671875],[-102.743603515625,69.54775390625],[-102.91977539062499,69.5646484375],[-103.05917968749999,69.594677734375],[-103.30322265625,69.67431640625],[-103.35927734375,69.6853515625],[-103.434765625,69.66767578125],[-103.464892578125,69.644482421875],[-103.418017578125,69.61142578125],[-103.29404296874999,69.56845703125],[-103.14243164062499,69.497265625],[-103.10185546874999,69.483349609375],[-103.062744140625,69.484912109375],[-103.04892578124999,69.47177734375],[-103.03183593749999,69.43349609375],[-103.039794921875,69.367578125],[-103.1126953125,69.235986328125],[-103.12021484374999,69.20458984375],[-103.09033203125,69.21201171875],[-102.88408203124999,69.34130859375],[-102.77744140624999,69.377587890625],[-102.54648437499999,69.43447265625],[-102.44677734375,69.476318359375],[-102.15141601562499,69.4876953125],[-102.04594726562499,69.46484375],[-101.97822265625,69.42509765625],[-101.975537109375,69.40703125],[-102.052880859375,69.36044921875],[-102.06689453125,69.337109375],[-102.07089843749999,69.3076171875],[-102.06401367187499,69.28115234375],[-102.04609375,69.257666015625],[-101.99296874999999,69.23603515625],[-101.89912109375,69.2455078125],[-101.87285156249999,69.23994140625],[-101.822509765625,69.21708984375],[-101.7892578125,69.181640625],[-101.78779296875,69.132275390625],[-101.85712890625,69.023974609375],[-101.98056640624999,68.988525390625],[-102.3587890625,68.9228515625],[-102.488427734375,68.888916015625],[-102.73833007812499,68.864990234375],[-102.83486328125,68.833251953125],[-102.89506835937499,68.8236328125],[-103.162255859375,68.8287109375],[-103.468212890625,68.808544921875],[-103.820361328125,68.847998046875],[-104.067333984375,68.865576171875],[-104.352685546875,68.928173828125],[-104.46015625,68.91240234375],[-104.571435546875,68.872119140625],[-105.105859375,68.92041015625],[-105.16928710937499,68.95537109375],[-105.14833984375,68.978125],[-105.021630859375,69.052490234375],[-105.01357421875,69.06806640625],[-105.019580078125,69.08125],[-105.262353515625,69.093994140625],[-105.5330078125,69.133544921875],[-105.80498046875,69.153173828125],[-106.00839843749999,69.147607421875],[-106.140869140625,69.16201171875],[-106.270166015625,69.194580078125],[-106.34116210937499,69.224365234375],[-106.353955078125,69.251220703125],[-106.355712890625,69.280615234375],[-106.34423828125,69.3396484375],[-106.361376953125,69.3810546875],[-106.419970703125,69.41376953125],[-106.539794921875,69.44306640625],[-106.65908203125,69.439599609375],[-106.7599609375,69.40712890625],[-106.85581054687499,69.347314453125],[-107.033447265625,69.18076171875],[-107.122509765625,69.152294921875],[-107.35336914062499,69.031689453125],[-107.439892578125,69.0021484375],[-107.86337890624999,68.954345703125],[-108.364990234375,68.934765625],[-108.5525390625,68.897412109375],[-108.730419921875,68.82744140625],[-108.94589843749999,68.759814453125],[-109.472119140625,68.676708984375],[-109.958544921875,68.6302734375],[-110.46762695312499,68.610009765625],[-110.848095703125,68.57841796875],[-110.9572265625,68.594189453125],[-111.127587890625,68.588330078125],[-111.3109375,68.542041015625],[-111.51806640625,68.533056640625],[-112.304931640625,68.5162109375],[-112.6662109375,68.48525390625],[-112.8642578125,68.477099609375],[-113.01953125,68.48134765625],[-113.127734375,68.494140625],[-113.231396484375,68.535400390625],[-113.3380859375,68.598779296875],[-113.554833984375,68.767578125],[-113.616845703125,68.8384765625],[-113.592529296875,68.95986328125],[-113.608544921875,69.03017578125],[-113.6806640625,69.181982421875],[-113.694140625,69.19501953125],[-114.0734375,69.251318359375],[-114.32294921875,69.269140625],[-114.69907226562499,69.27275390625],[-115.15903320312499,69.26474609375],[-115.618115234375,69.282958984375],[-115.8607421875,69.303564453125],[-116.1015625,69.337158203125],[-116.51347656249999,69.424609375],[-116.53681640625,69.433544921875],[-116.568798828125,69.4626953125],[-116.60947265625,69.51201171875],[-116.71201171875,69.576220703125],[-116.9927734375,69.719384765625],[-117.10400390625,69.804248046875],[-117.12197265625,69.82587890625],[-117.1486328125,69.888134765625],[-117.184033203125,69.991064453125],[-117.19541015625,70.054052734375],[-117.162744140625,70.09248046875],[-117.13544921875,70.100146484375],[-116.55380859375,70.175048828125],[-115.5291015625,70.25712890625],[-114.592333984375,70.312451171875],[-114.1669921875,70.307470703125],[-113.91660156249999,70.28154296875],[-113.66552734375,70.269677734375],[-113.2107421875,70.263818359375],[-112.637890625,70.225244140625],[-112.52275390625,70.228564453125],[-112.26596679687499,70.2546875],[-112.1896484375,70.2755859375],[-111.78369140625,70.272900390625],[-111.7048828125,70.2857421875],[-111.632568359375,70.308837890625],[-111.725830078125,70.35205078125],[-112.11416015625,70.446875],[-113.1455078125,70.616357421875],[-113.397021484375,70.652392578125],[-113.757275390625,70.69072265625],[-113.966064453125,70.69619140625],[-114.232177734375,70.674267578125],[-114.33139648437499,70.675244140625],[-114.59262695312499,70.642236328125],[-114.84072265625,70.62138671875],[-115.31123046875,70.601171875],[-115.99091796875,70.586279296875],[-116.086083984375,70.590673828125],[-116.22587890624999,70.61640625],[-116.327294921875,70.62373046875],[-116.992529296875,70.603662109375],[-117.587060546875,70.629541015625],[-118.2640625,70.888330078125],[-118.37651367187499,70.967724609375],[-118.3525390625,71.000048828125],[-118.26909179687499,71.034716796875],[-117.933837890625,71.13466796875],[-117.8140625,71.158447265625],[-117.31396484375,71.212109375],[-116.815283203125,71.276953125],[-116.421533203125,71.33798828125],[-116.22822265625,71.3591796875],[-116.04208984375,71.361669921875],[-115.891650390625,71.381787109375],[-115.922265625,71.40107421875],[-116.0453125,71.423095703125],[-116.0439453125,71.454296875],[-115.9802734375,71.469287109375],[-115.73374023437499,71.485107421875],[-115.471875,71.4658203125],[-115.341015625,71.472412109375],[-115.30341796875,71.493701171875],[-115.338134765625,71.510888671875],[-115.586669921875,71.54638671875],[-116.7802734375,71.444189453125],[-117.337109375,71.434619140625],[-117.72333984375,71.390673828125],[-117.93564453125,71.39208984375],[-118.18818359375,71.4359375],[-118.221875,71.449072265625],[-118.22646484375,71.46708984375],[-118.14833984375,71.525732421875],[-117.87841796875,71.56083984375],[-117.742333984375,71.659326171875],[-117.88759765625,71.66103515625],[-118.371533203125,71.63994140625],[-118.5830078125,71.6490234375],[-118.868408203125,71.686767578125],[-118.952099609375,71.73173828125],[-118.9876953125,71.7642578125],[-118.99375,71.80302734375],[-118.98417968749999,71.9130859375],[-118.959814453125,71.972216796875],[-118.94462890624999,71.985546875],[-118.58984375,72.16748046875],[-118.36865234375,72.20546875],[-118.2134765625,72.262890625],[-118.207470703125,72.2869140625],[-118.24589843749999,72.31103515625],[-118.390478515625,72.36953125],[-118.4486328125,72.39921875],[-118.481298828125,72.427685546875],[-118.45659179687499,72.472509765625],[-118.37451171875,72.53388671875],[-118.13310546874999,72.6328125],[-117.551708984375,72.831103515625],[-117.2564453125,72.914404296875],[-116.9716796875,72.959326171875],[-116.5732421875,73.054931640625],[-115.552197265625,73.2134765625],[-114.638232421875,73.37265625],[-114.301904296875,73.330712890625],[-114.20639648437499,73.297802734375],[-114.16396484375,73.26982421875],[-114.12705078124999,73.230712890625],[-114.095458984375,73.1802734375],[-114.051708984375,73.07099609375],[-114.046142578125,73.014599609375],[-114.053759765625,72.958056640625],[-114.074755859375,72.9068359375],[-114.1091796875,72.860986328125],[-114.177685546875,72.805078125],[-114.280322265625,72.7390625],[-114.4978515625,72.62587890625],[-114.521533203125,72.592919921875]]]}},{"type":"Feature","properties":{"_manaName":"Isla Ellesmere","name":"Ellesmere Island","_manaColor":"#93c5fd","_manaFillOpacity":0.85,"_manaWeight":1.5,"_manaBorderColor":"#ffffff","_manaGroupName":"Islas más grandes del mundo","_manaGroupId":1,"_manaGeometryType":"polygon","_manaLabelStyle":{"enabled":true,"field":"_manaName","fontFamily":"Noto Sans, sans-serif","fontSize":10,"color":"#0f172a","fontWeight":"700","fontStyle":"normal","haloWidth":3,"haloColor":"#ffffff","opacity":0.95,"offsetX":0,"offsetY":0,"placement":"auto"},"Superficie":"196.235 km²","Población":"~146 hab.","País":"Canadá","Descripción":"Décima isla más grande. La isla más septentrional del archipiélago ártico canadiense.","Ranking":"#10","superficie_km2":196235,"superficie_bucket":"100,000–200,000 km²"},"geometry":{"type":"Polygon","coordinates":[[[-69.48886718749999,83.016796875],[-68.6732421875,82.998779296875],[-68.40903320312499,83.0052734375],[-68.106884765625,82.961181640625],[-67.92460937499999,82.956005859375],[-67.624462890625,82.964404296875],[-67.4056640625,82.95390625],[-66.59165039062499,82.94404296875],[-66.42255859375,82.92685546875],[-66.4248046875,82.90615234375],[-66.60039062499999,82.86123046875],[-66.836328125,82.817919921875],[-68.357568359375,82.676806640625],[-68.46933593749999,82.653369140625],[-68.1728515625,82.645947265625],[-67.73588867187499,82.65244140625],[-67.39707031249999,82.668115234375],[-66.997705078125,82.716064453125],[-66.86572265625,82.71884765625],[-66.61186523437499,82.74208984375],[-66.12045898437499,82.80712890625],[-65.72744140625,82.842431640625],[-65.54960937499999,82.826953125],[-65.39999999999999,82.802392578125],[-65.2990234375,82.799609375],[-65.24658203125,82.818505859375],[-65.16240234374999,82.8701171875],[-65.11318359375,82.888916015625],[-64.98388671875,82.902294921875],[-64.90488281249999,82.900830078125],[-64.7767578125,82.87646484375],[-64.634765625,82.818603515625],[-64.50400390624999,82.77841796875],[-64.43339843749999,82.777734375],[-64.134228515625,82.823193359375],[-63.98359375,82.8291015625],[-63.641015624999994,82.81259765625],[-63.49873046875,82.792578125],[-63.473046874999994,82.771240234375],[-63.56406249999999,82.74873046875],[-63.62060546875,82.729296875],[-63.642529296875,82.71298828125],[-63.592675781249994,82.69404296875],[-63.385400390624994,82.653466796875],[-63.085351562499994,82.565234375],[-63.087060546874994,82.5328125],[-63.25083007812499,82.466845703125],[-63.24677734375,82.4501953125],[-62.47519531249999,82.519580078125],[-61.697167968749994,82.488623046875],[-61.47705078125,82.467431640625],[-61.392480468749994,82.44189453125],[-61.302490234375,82.399755859375],[-61.2072265625,82.341064453125],[-61.27353515624999,82.279833984375],[-61.615380859374994,82.184423828125],[-61.968652343749994,82.11025390625],[-62.176708984375,82.043408203125],[-62.496484374999994,82.006787109375],[-63.59228515625,81.8455078125],[-64.1279296875,81.79365234375],[-64.435791015625,81.742626953125],[-64.57402343749999,81.733740234375],[-65.22617187499999,81.743505859375],[-65.399169921875,81.715380859375],[-65.49541015624999,81.66806640625],[-65.70107421875,81.645556640625],[-66.00473632812499,81.629443359375],[-66.625732421875,81.61640625],[-66.7650390625,81.563037109375],[-66.80058593749999,81.526806640625],[-66.86113281249999,81.498681640625],[-66.9140625,81.485107421875],[-68.68852539062499,81.293310546875],[-68.72119140625,81.26123046875],[-68.54257812499999,81.247998046875],[-68.31767578124999,81.26123046875],[-65.73569335937499,81.49423828125],[-65.239990234375,81.50966796875],[-64.78007812499999,81.49287109375],[-64.832763671875,81.438623046875],[-65.48398437499999,81.284765625],[-66.31284179687499,81.146142578125],[-66.72685546874999,81.04091796875],[-67.774365234375,80.859423828125],[-68.63046874999999,80.6787109375],[-68.959375,80.586865234375],[-69.40009765625,80.4228515625],[-69.55068359375,80.383251953125],[-69.7337890625,80.366943359375],[-69.94931640624999,80.373779296875],[-70.143505859375,80.39765625],[-70.40263671874999,80.458984375],[-70.638671875,80.5275390625],[-70.71259765625,80.539599609375],[-70.66782226562499,80.50556640625],[-70.21279296875,80.277734375],[-70.264892578125,80.23359375],[-71.10029296875,80.187060546875],[-71.47006835937499,80.1458984375],[-71.66083984375,80.1359375],[-71.7958984375,80.143359375],[-71.92763671875,80.13916015625],[-72.05595703124999,80.1232421875],[-72.06298828125,80.10556640625],[-71.948681640625,80.086181640625],[-71.61611328125,80.071044921875],[-70.87705078124999,80.122314453125],[-70.75849609375,80.11865234375],[-70.56840820312499,80.093701171875],[-70.55908203125,80.07099609375],[-70.75751953125,79.9982421875],[-71.35581054687499,79.911279296875],[-71.27763671874999,79.90634765625],[-71.10634765625,79.875537109375],[-71.11015624999999,79.847802734375],[-71.298583984375,79.782568359375],[-71.387841796875,79.761767578125],[-71.96455078125,79.70107421875],[-72.21552734375,79.68681640625],[-72.4365234375,79.694384765625],[-73.44814453125,79.827099609375],[-73.805078125,79.8462890625],[-74.14423828125,79.87978515625],[-74.394482421875,79.874072265625],[-74.66020507812499,79.83515625],[-74.54072265625,79.815576171875],[-74.051025390625,79.77822265625],[-73.64208984375,79.77099609375],[-73.47246093749999,79.7564453125],[-73.405908203125,79.732177734375],[-73.22939453125,79.643994140625],[-73.201123046875,79.59658203125],[-73.24013671875,79.552490234375],[-73.29355468749999,79.52158203125],[-73.3615234375,79.50400390625],[-73.466064453125,79.495166015625],[-73.865966796875,79.501416015625],[-74.015380859375,79.49052734375],[-74.188671875,79.46474609375],[-74.406005859375,79.453564453125],[-74.79794921874999,79.45869140625],[-75.25947265625,79.421044921875],[-75.50341796875,79.41416015625],[-75.773828125,79.43115234375],[-76.06689453125,79.473193359375],[-76.37607421874999,79.49443359375],[-76.898828125,79.5123046875],[-76.85507812499999,79.488232421875],[-76.6708984375,79.478076171875],[-76.29570312499999,79.413623046875],[-76.116357421875,79.326123046875],[-75.947509765625,79.311328125],[-75.602734375,79.23955078125],[-75.353662109375,79.2283203125],[-75.09360351562499,79.20390625],[-74.72724609375,79.2353515625],[-74.481201171875,79.2294921875],[-74.53232421874999,79.052734375],[-74.64091796874999,79.035546875],[-75.233154296875,79.035546875],[-75.5146484375,79.06123046875],[-75.63896484374999,79.087744140625],[-75.91181640625,79.1177734375],[-76.15756835937499,79.100390625],[-76.38037109375,79.104150390625],[-76.5314453125,79.0865234375],[-76.771142578125,79.087158203125],[-77.39804687499999,79.057275390625],[-77.729248046875,79.05693359375],[-77.973779296875,79.076220703125],[-78.25791015624999,79.082177734375],[-78.58164062499999,79.075],[-78.558984375,79.05458984375],[-78.42177734375,79.048388671875],[-78.22197265624999,79.01513671875],[-78.03681640625,78.963916015625],[-77.882763671875,78.9423828125],[-77.6982421875,78.954541015625],[-77.510400390625,78.978466796875],[-76.82480468749999,79.01787109375],[-76.52412109375,79.02421875],[-76.255859375,79.0068359375],[-76.07734375,78.98515625],[-75.95268554687499,78.959033203125],[-75.795068359375,78.88974609375],[-75.399853515625,78.881298828125],[-75.09853515625,78.85830078125],[-74.618408203125,78.75771484375],[-74.486328125,78.75009765625],[-74.43310546875,78.72412109375],[-74.53505859375,78.65927734375],[-74.54658203125,78.6203125],[-74.87861328125,78.54482421875],[-75.39658203124999,78.5228515625],[-75.9658203125,78.529833984375],[-76.373486328125,78.52109375],[-76.41611328124999,78.5115234375],[-76.13652343749999,78.49169921875],[-75.48837890624999,78.403515625],[-75.23720703125,78.355712890625],[-75.19345703124999,78.327734375],[-75.55068359375,78.22109375],[-75.865966796875,78.009814453125],[-75.96962890625,77.993115234375],[-76.0775390625,77.9873046875],[-76.35556640624999,77.991015625],[-76.70810546874999,77.937890625],[-76.9740234375,77.92724609375],[-77.45595703125,77.94716796875],[-78.01259765625,77.946044921875],[-78.056396484375,77.91171875],[-78.084130859375,77.84609375],[-78.0810546875,77.74736328125],[-78.04716796874999,77.615478515625],[-78.076171875,77.51904296875],[-78.16796875,77.45810546875],[-78.28374023437499,77.4130859375],[-78.49321289062499,77.369384765625],[-78.70849609375,77.342138671875],[-78.86953125,77.33251953125],[-79.13759765625,77.331005859375],[-79.906396484375,77.299560546875],[-80.281689453125,77.30146484375],[-80.57304687499999,77.314794921875],[-80.87460937499999,77.35859375],[-81.37685546875,77.48212890625],[-81.519287109375,77.5095703125],[-81.65908203125,77.525439453125],[-81.65380859375,77.498828125],[-81.503564453125,77.42978515625],[-81.378173828125,77.385205078125],[-81.277734375,77.365185546875],[-81.30136718749999,77.34404296875],[-81.52294921875,77.31083984375],[-81.767333984375,77.295947265625],[-82.056787109375,77.296533203125],[-82.06601562499999,77.283642578125],[-81.96782226562499,77.2478515625],[-81.840234375,77.214111328125],[-81.75634765625,77.20400390625],[-81.53447265624999,77.214453125],[-81.27744140624999,77.257080078125],[-81.1171875,77.26962890625],[-80.79819335937499,77.25947265625],[-80.67255859375,77.244287109375],[-80.27421874999999,77.150927734375],[-80.218701171875,77.14658203125],[-79.92373046875,77.193603515625],[-79.497265625,77.19609375],[-79.34086914062499,77.1583984375],[-79.28110351562499,77.08515625],[-79.273828125,77.02578125],[-79.31894531249999,76.98037109375],[-79.22075195312499,76.93603515625],[-78.97919921875,76.89287109375],[-78.79179687499999,76.88359375],[-78.65854492187499,76.9080078125],[-78.45595703125,76.967236328125],[-78.37001953125,76.98125],[-78.28886718749999,76.977978515625],[-78.16508789062499,76.934912109375],[-77.99873046875,76.851953125],[-77.98330078125,76.75498046875],[-78.11870117187499,76.64404296875],[-78.284326171875,76.571240234375],[-78.93427734375,76.451171875],[-79.13071289062499,76.403955078125],[-79.285888671875,76.35478515625],[-79.51103515624999,76.310498046875],[-79.953564453125,76.25126953125],[-80.18681640624999,76.240185546875],[-80.69028320312499,76.17646484375],[-80.79970703125,76.173583984375],[-80.96293945312499,76.183935546875],[-80.99667968749999,76.214990234375],[-80.95517578124999,76.270166015625],[-80.90122070312499,76.321533203125],[-80.83481445312499,76.369140625],[-80.83237304687499,76.408642578125],[-80.97451171875,76.470068359375],[-81.074365234375,76.498486328125],[-81.17070312499999,76.512744140625],[-81.36479492187499,76.5044921875],[-81.47446289062499,76.487646484375],[-81.5919921875,76.484423828125],[-81.71738281249999,76.494970703125],[-81.82294921875,76.520849609375],[-82.0341796875,76.62939453125],[-82.113720703125,76.643212890625],[-82.217919921875,76.639794921875],[-82.31113281249999,76.65537109375],[-82.39345703125,76.689892578125],[-82.52983398437499,76.723291015625],[-82.493408203125,76.697802734375],[-82.35698242187499,76.63603515625],[-82.261962890625,76.57470703125],[-82.20834960937499,76.51376953125],[-82.233154296875,76.4658203125],[-83.38896484374999,76.4392578125],[-83.885693359375,76.453125],[-83.986328125,76.49501953125],[-84.223779296875,76.675341796875],[-84.275341796875,76.35654296875],[-85.141259765625,76.30458984375],[-85.34360351562499,76.31337890625],[-85.68056640625,76.3490234375],[-86.11582031249999,76.434912109375],[-86.29619140624999,76.491845703125],[-86.366845703125,76.5486328125],[-86.41943359375,76.579638671875],[-86.45371093749999,76.58486328125],[-86.5619140625,76.51650390625],[-86.68022460937499,76.376611328125],[-86.977685546875,76.412744140625],[-87.35419921875,76.448046875],[-87.48979492187499,76.58583984375],[-87.49755859375,76.386279296875],[-88.10434570312499,76.412744140625],[-88.39599609375,76.4052734375],[-88.481640625,76.580078125],[-88.495849609375,76.7728515625],[-88.61411132812499,76.65087890625],[-88.56254882812499,76.547216796875],[-88.54580078125,76.4208984375],[-88.8037109375,76.4568359375],[-89.36962890625,76.474462890625],[-89.570068359375,76.491943359375],[-89.5443359375,76.65966796875],[-89.499755859375,76.826806640625],[-88.7708984375,76.993359375],[-88.55620117187499,77.072216796875],[-88.39814453125,77.103955078125],[-88.14794921875,77.1240234375],[-87.82841796874999,77.136474609375],[-87.610498046875,77.12685546875],[-87.36171875,77.13623046875],[-87.064453125,77.165869140625],[-86.852197265625,77.1744140625],[-86.812255859375,77.184912109375],[-86.873779296875,77.20029296875],[-87.10087890624999,77.30771484375],[-87.18242187499999,77.33212890625],[-87.265380859375,77.343017578125],[-87.4296875,77.347802734375],[-87.58916015624999,77.39482421875],[-87.68144531249999,77.436376953125],[-87.78017578125,77.492822265625],[-87.937939453125,77.5998046875],[-88.094677734375,77.719189453125],[-88.0169921875,77.784716796875],[-87.75712890624999,77.83623046875],[-87.49677734375,77.871923828125],[-87.23603515625,77.891796875],[-87.01796875,77.892236328125],[-86.755078125,77.863720703125],[-86.38510742187499,77.80859375],[-86.172998046875,77.746142578125],[-85.906640625,77.613916015625],[-85.731201171875,77.508642578125],[-85.58847656249999,77.4611328125],[-84.95087890625,77.374951171875],[-84.738671875,77.36103515625],[-84.48701171875,77.36796875],[-83.973583984375,77.39052734375],[-83.72128906249999,77.414208984375],[-83.608056640625,77.442236328125],[-83.5498046875,77.482568359375],[-83.47734374999999,77.513623046875],[-83.25029296874999,77.584814453125],[-82.902734375,77.73271484375],[-82.7103515625,77.84951171875],[-82.664697265625,77.888818359375],[-82.62631835937499,77.936328125],[-82.59531249999999,77.992138671875],[-82.703564453125,77.96240234375],[-83.30375976562499,77.67373046875],[-83.42822265625,77.6212890625],[-83.77939453124999,77.5326171875],[-83.928173828125,77.518310546875],[-84.16782226562499,77.522705078125],[-84.48583984375,77.561962890625],[-84.860546875,77.49951171875],[-85.087890625,77.515380859375],[-85.28935546874999,77.559033203125],[-85.29204101562499,77.7638671875],[-85.54755859375,77.927685546875],[-85.26533203125,78.010595703125],[-85.031494140625,78.06201171875],[-84.6154296875,78.195703125],[-84.524169921875,78.1970703125],[-84.22270507812499,78.176025390625],[-84.388134765625,78.20634765625],[-84.55,78.2513671875],[-84.9103515625,78.239697265625],[-84.783203125,78.527587890625],[-85.02431640625,78.31240234375],[-85.270166015625,78.19951171875],[-85.41899414062499,78.142431640625],[-85.5859375,78.1095703125],[-86.2177734375,78.081201171875],[-86.06259765624999,78.186962890625],[-85.920068359375,78.34287109375],[-86.070947265625,78.284619140625],[-86.42705078124999,78.197021484375],[-86.693603515625,78.151025390625],[-86.913232421875,78.126806640625],[-87.33935546875,78.132666015625],[-87.5517578125,78.176611328125],[-87.49111328125,78.284423828125],[-87.49130859374999,78.4171875],[-87.361279296875,78.4787109375],[-87.164306640625,78.5576171875],[-86.95292968749999,78.663916015625],[-86.80791015624999,78.774365234375],[-86.24189453125,78.8236328125],[-85.69101562499999,78.843701171875],[-85.2296875,78.902001953125],[-85.00375976562499,78.912255859375],[-84.787255859375,78.8845703125],[-83.90791015625,78.83916015625],[-83.547021484375,78.8044921875],[-83.38872070312499,78.779345703125],[-83.271435546875,78.7703125],[-83.147412109375,78.807861328125],[-82.98979492187499,78.844140625],[-82.441796875,78.8404296875],[-82.290673828125,78.8470703125],[-82.15107421875,78.864111328125],[-81.981103515625,78.898486328125],[-81.78081054687499,78.950341796875],[-81.75009765624999,78.97578125],[-81.889111328125,78.974853515625],[-82.0283203125,78.961865234375],[-82.23740234374999,78.924072265625],[-82.43876953124999,78.903662109375],[-82.64409179687499,78.90751953125],[-83.058544921875,78.939501953125],[-83.77861328124999,78.945263671875],[-84.14580078124999,78.959814453125],[-84.31611328125,78.97529296875],[-84.41201171875,78.99658203125],[-84.495849609375,79.028564453125],[-84.5677734375,79.0712890625],[-84.5302734375,79.10126953125],[-84.38359374999999,79.1185546875],[-84.25664062499999,79.12216796875],[-84.05302734374999,79.098681640625],[-83.824609375,79.058837890625],[-83.57587890625,79.053662109375],[-83.66201171875,79.0900390625],[-83.97812499999999,79.163134765625],[-84.19736328124999,79.22509765625],[-84.3810546875,79.30126953125],[-84.522412109375,79.376611328125],[-84.83642578125,79.4947265625],[-85.089794921875,79.612158203125],[-85.268505859375,79.664111328125],[-85.45693359375,79.68984375],[-86.031494140625,79.721923828125],[-86.146630859375,79.742822265625],[-86.42075195312499,79.84521484375],[-86.4943359375,80.0181640625],[-86.614501953125,80.12353515625],[-86.49853515625,80.258251953125],[-86.30717773437499,80.3193359375],[-85.159619140625,80.27177734375],[-84.675439453125,80.27890625],[-84.05654296875,80.261962890625],[-83.7236328125,80.228955078125],[-83.34375,80.14697265625],[-83.004296875,80.05458984375],[-82.677490234375,79.9927734375],[-82.37700195312499,79.908251953125],[-82.048779296875,79.782763671875],[-81.855712890625,79.72255859375],[-81.68837890625,79.685791015625],[-81.463037109375,79.654150390625],[-81.0380859375,79.614208984375],[-80.66782226562499,79.601025390625],[-80.47592773437499,79.60625],[-80.27060546874999,79.635205078125],[-80.124462890625,79.669482421875],[-80.28745117187499,79.678955078125],[-80.714013671875,79.674951171875],[-81.01015625,79.693115234375],[-81.17905273437499,79.733447265625],[-81.35869140624999,79.78779296875],[-81.64423828125,79.890234375],[-81.86025390625,79.957177734375],[-82.33237304687499,80.066357421875],[-82.681298828125,80.17490234375],[-82.9611328125,80.277880859375],[-82.98701171875,80.322607421875],[-82.784814453125,80.353759765625],[-82.5361328125,80.375537109375],[-80.979638671875,80.445263671875],[-80.05107421874999,80.528564453125],[-79.67436523437499,80.625244140625],[-79.629345703125,80.6478515625],[-78.386181640625,80.784375],[-77.50712890624999,80.834765625],[-77.169140625,80.842919921875],[-76.86298828125,80.864794921875],[-76.850341796875,80.878173828125],[-77.1185546875,80.896435546875],[-77.38945312499999,80.905419921875],[-78.00380859375,80.904833984375],[-78.5509765625,80.921435546875],[-78.7162109375,80.95166015625],[-78.68193359374999,81.00107421875],[-78.629296875,81.04345703125],[-78.46396484374999,81.11435546875],[-78.28681640625,81.167626953125],[-77.53603515625,81.32109375],[-77.030712890625,81.385693359375],[-76.88510742187499,81.4302734375],[-77.97236328125,81.330810546875],[-78.35214843749999,81.258935546875],[-78.73388671875,81.151025390625],[-78.93154296875,81.11923828125],[-79.0724609375,81.12763671875],[-79.19833984374999,81.117578125],[-79.30917968749999,81.0890625],[-79.40214843749999,81.036865234375],[-79.47724609375,80.960986328125],[-79.54541015625,80.909326171875],[-79.606640625,80.881787109375],[-79.76132812499999,80.841943359375],[-80.133544921875,80.763916015625],[-81.00703125,80.6548828125],[-81.3009765625,80.627197265625],[-81.552685546875,80.622802734375],[-82.36821289062499,80.561328125],[-82.613037109375,80.55888671875],[-82.88432617187499,80.5775390625],[-82.768310546875,80.6306640625],[-82.33676757812499,80.728662109375],[-82.22236328125,80.772314453125],[-82.4984375,80.76279296875],[-82.77998046875,80.73603515625],[-83.40141601562499,80.71396484375],[-83.647119140625,80.674072265625],[-83.88535156249999,80.6017578125],[-84.07626953124999,80.55625],[-84.21977539062499,80.53779296875],[-84.41782226562499,80.5267578125],[-85.14584960937499,80.521142578125],[-85.30742187499999,80.5259765625],[-85.726220703125,80.58115234375],[-86.09716796875,80.562109375],[-86.25034179687499,80.565771484375],[-86.53159179687499,80.604736328125],[-86.6154296875,80.630029296875],[-86.60307617187499,80.664013671875],[-86.44047851562499,80.72802734375],[-86.252099609375,80.78955078125],[-85.639306640625,80.924609375],[-85.2462890625,80.987890625],[-84.679931640625,81.0423828125],[-83.34921874999999,81.1033203125],[-83.288818359375,81.14794921875],[-84.63544921875,81.098095703125],[-85.78085937499999,81.03505859375],[-85.966796875,81.0119140625],[-86.23344726562499,80.95009765625],[-87.0802734375,80.72626953125],[-87.32988281249999,80.669775390625],[-87.711669921875,80.65625],[-88.003662109375,80.675390625],[-88.23198242187499,80.70380859375],[-88.62509765624999,80.770068359375],[-88.92143554687499,80.805615234375],[-89.061669921875,80.829541015625],[-89.14458007812499,80.853662109375],[-89.21176757812499,80.88193359375],[-89.26328124999999,80.914306640625],[-89.16689453125,80.94130859375],[-88.4130859375,80.999755859375],[-87.388671875,80.98837890625],[-86.92900390624999,81.000439453125],[-86.4767578125,81.0357421875],[-85.8095703125,81.123583984375],[-85.08330078124999,81.246875],[-84.94121093749999,81.28623046875],[-85.206298828125,81.294873046875],[-85.402490234375,81.285302734375],[-85.87504882812499,81.2412109375],[-86.62275390625,81.12265625],[-87.27509765625,81.080810546875],[-88.88681640624999,81.05849609375],[-89.398388671875,81.025341796875],[-89.623046875,81.032470703125],[-89.79228515624999,81.06484375],[-89.98095703125,81.12470703125],[-89.94731445312499,81.17265625],[-89.56337890625,81.22646484375],[-89.26254882812499,81.2390625],[-89.20869140625,81.25009765625],[-89.635693359375,81.30205078125],[-89.67368164062499,81.32861328125],[-89.427001953125,81.387451171875],[-88.89228515625,81.47412109375],[-88.62192382812499,81.501416015625],[-88.12651367187499,81.518798828125],[-87.61669921875,81.509326171875],[-87.59702148437499,81.525830078125],[-88.10136718749999,81.558642578125],[-88.47905273437499,81.5646484375],[-88.97836914062499,81.54150390625],[-90.30351562499999,81.401123046875],[-90.41630859374999,81.40537109375],[-90.609033203125,81.429541015625],[-90.55375976562499,81.464208984375],[-89.84521484375,81.611669921875],[-89.8216796875,81.63486328125],[-90.33085937499999,81.63154296875],[-90.48037109375,81.638525390625],[-90.62631835937499,81.656005859375],[-90.833740234375,81.640478515625],[-91.102734375,81.5919921875],[-91.2923828125,81.571240234375],[-91.402783203125,81.57822265625],[-91.68408203125,81.635693359375],[-91.64755859374999,81.683837890625],[-91.423828125,81.74423828125],[-91.219482421875,81.787744140625],[-90.94194335937499,81.82744140625],[-90.490185546875,81.87724609375],[-90.163037109375,81.89404296875],[-89.63334960937499,81.89453125],[-89.381005859375,81.916748046875],[-89.15634765624999,81.955419921875],[-88.875244140625,82.018017578125],[-88.566845703125,82.061083984375],[-88.06318359375,82.096484375],[-87.638916015625,82.08505859375],[-87.40439453124999,82.05419921875],[-87.2181640625,82.00009765625],[-87.018212890625,81.958740234375],[-86.99921875,81.992138671875],[-86.83403320312499,82.033349609375],[-86.62680664062499,82.051025390625],[-86.37753906249999,82.0451171875],[-86.158349609375,82.025537109375],[-85.87480468749999,81.97568359375],[-85.645654296875,81.953271484375],[-85.53798828125,81.954638671875],[-85.40317382812499,81.9822265625],[-85.04482421875,81.9828125],[-85.05224609375,81.99453125],[-85.16923828124999,82.023388671875],[-85.31059570312499,82.043994140625],[-86.58061523437499,82.18720703125],[-86.615625,82.2185546875],[-86.18759765624999,82.24794921875],[-85.92001953124999,82.283056640625],[-85.79443359375,82.2916015625],[-85.480859375,82.36630859375],[-85.27597656249999,82.405224609375],[-84.89682617187499,82.4494140625],[-84.74472656249999,82.437353515625],[-84.553369140625,82.39833984375],[-84.368115234375,82.37392578125],[-83.8236328125,82.35068359375],[-83.59067382812499,82.32646484375],[-83.17568359375,82.18720703125],[-83.01015625,82.14169921875],[-82.77421874999999,82.094921875],[-82.63369140625,82.077294921875],[-82.35600585937499,82.066015625],[-82.32744140624999,82.09248046875],[-82.65708007812499,82.15830078125],[-82.7474609375,82.196435546875],[-82.70859374999999,82.2287109375],[-82.63837890625,82.245751953125],[-82.53691406249999,82.247265625],[-82.2765625,82.21845703125],[-81.58447265625,82.120556640625],[-80.54990234374999,82.00458984375],[-80.15336914062499,81.97763671875],[-79.908642578125,81.93623046875],[-79.685546875,81.885888671875],[-79.46562499999999,81.851123046875],[-79.42485351562499,81.854443359375],[-79.62949218749999,81.93232421875],[-80.129833984375,82.028369140625],[-81.46826171875,82.1923828125],[-81.99760742187499,82.278271484375],[-82.253662109375,82.336328125],[-82.44755859374999,82.39501953125],[-82.4513671875,82.427099609375],[-82.26889648437499,82.4646484375],[-82.02324218749999,82.494384765625],[-81.7177734375,82.50625],[-81.68115234375,82.51865234375],[-81.95859374999999,82.563232421875],[-82.122509765625,82.6017578125],[-82.116845703125,82.628662109375],[-81.7853515625,82.64921875],[-81.57968749999999,82.643017578125],[-81.1888671875,82.594482421875],[-80.8625,82.571533203125],[-80.80966796874999,82.586376953125],[-81.146630859375,82.715576171875],[-81.17807617187499,82.744677734375],[-81.128173828125,82.76171875],[-81.01015625,82.779052734375],[-80.65712890625,82.769091796875],[-80.07578124999999,82.706201171875],[-79.03505859375,82.674658203125],[-78.748779296875,82.67939453125],[-78.79179687499999,82.693896484375],[-79.2072265625,82.732763671875],[-79.6419921875,82.7849609375],[-79.83378906249999,82.81650390625],[-79.97431640625,82.858984375],[-80.14116210937499,82.89423828125],[-80.154931640625,82.9111328125],[-79.88632812499999,82.938525390625],[-79.18056640625,82.933203125],[-78.52495117187499,82.89111328125],[-77.96865234375,82.90634765625],[-77.61806640625,82.895849609375],[-77.47958984374999,82.883154296875],[-77.22587890624999,82.83720703125],[-76.42099609374999,82.6708984375],[-76.33554687499999,82.64443359375],[-76.24404296875,82.6041015625],[-76.146484375,82.549853515625],[-76.00937499999999,82.53515625],[-75.7443359375,82.572412109375],[-75.565625,82.608544921875],[-75.64287109374999,82.643505859375],[-76.08696289062499,82.7236328125],[-76.18779296874999,82.75791015625],[-76.40996093749999,82.8158203125],[-76.908447265625,82.91943359375],[-77.0412109375,82.967529296875],[-77.12490234375,83.008544921875],[-75.74492187499999,83.04716796875],[-74.41416015624999,83.013134765625],[-74.19775390625,82.989013671875],[-74.055859375,82.95537109375],[-73.91650390625,82.90419921875],[-73.703125,82.85185546875],[-73.27202148437499,82.77158203125],[-72.65869140625,82.721630859375],[-72.77592773437499,82.7556640625],[-73.23466796874999,82.84423828125],[-73.44189453125,82.904833984375],[-73.44072265624999,82.945849609375],[-73.40380859375,82.9771484375],[-73.33115234374999,82.998779296875],[-72.811669921875,83.081201171875],[-72.06923828125,83.1060546875],[-71.98320312499999,83.101416015625],[-71.40595703125,82.974853515625],[-71.13203125,82.923046875],[-70.940380859375,82.90224609375],[-70.9330078125,82.911279296875],[-71.19833984374999,82.969580078125],[-71.40239257812499,83.00126953125],[-71.42353515625,83.021142578125],[-71.08481445312499,83.082666015625],[-70.870556640625,83.09814453125],[-69.969921875,83.11611328125],[-69.86767578125,83.109619140625],[-69.78212890625,83.092529296875],[-69.56938476562499,83.02490234375],[-69.48886718749999,83.016796875]]]}},{"type":"Feature","properties":{"_manaName":"Isla Sud","name":"South Island","_manaColor":"#93c5fd","_manaFillOpacity":0.85,"_manaWeight":1.5,"_manaBorderColor":"#ffffff","_manaGroupName":"Islas más grandes del mundo","_manaGroupId":1,"_manaGeometryType":"polygon","_manaLabelStyle":{"enabled":true,"field":"_manaName","fontFamily":"Noto Sans, sans-serif","fontSize":10,"color":"#0f172a","fontWeight":"700","fontStyle":"normal","haloWidth":3,"haloColor":"#ffffff","opacity":0.95,"offsetX":0,"offsetY":0,"placement":"auto"},"Superficie":"151.215 km²","Población":"~1.100.000 hab.","País":"Nueva Zelanda","Descripción":"Isla principal de Nueva Zelanda. Región montañosa con los Alpes del Sur y el fiordo de Milford.","Ranking":"#11","superficie_km2":151215,"superficie_bucket":"100,000–200,000 km²"},"geometry":{"type":"Polygon","coordinates":[[[173.11533203125003,-41.279296875],[173.23085937500002,-41.2841796875],[173.33779296875002,-41.2109375],[173.447265625,-41.1513671875],[173.5625,-41.10205078125],[173.73789062500003,-40.98896484375001],[173.78378906250003,-40.97236328125001],[173.89755859375003,-40.950781250000006],[173.94716796875002,-40.92412109375002],[174.00244140625,-40.91777343750002],[173.95283203125,-40.98486328125],[173.88984375,-41.007226562499994],[173.8798828125,-41.03144531250001],[173.91513671875003,-41.07011718750002],[173.8603515625,-41.124414062499994],[173.86240234375003,-41.19208984375001],[173.7978515625,-41.27197265625],[173.89707031250003,-41.239355468750006],[173.93339843750005,-41.18730468750002],[173.91464843750003,-41.15800781250002],[173.95761718750003,-41.09990234375002],[174.02402343750003,-41.072265625],[173.99755859375,-41.02812500000002],[173.99941406250002,-40.993261718750006],[174.08056640625,-41.00615234375002],[174.12119140625003,-41.00468750000002],[174.15322265625002,-40.99091796875001],[174.21181640625002,-40.985449218750006],[174.223828125,-41.0244140625],[174.30253906250005,-41.01953125],[174.27392578125,-41.068749999999994],[174.21367187500005,-41.125585937500006],[174.19951171875005,-41.16015625],[174.10312500000003,-41.217382812500006],[174.03857421875,-41.24189453125001],[174.13808593750002,-41.24824218750001],[174.28359375000002,-41.17158203125001],[174.3701171875,-41.10371093750001],[174.36757812500002,-41.188378906249994],[174.29726562500002,-41.264257812500006],[174.23710937500005,-41.31220703125001],[174.16953125000003,-41.327050781249994],[174.10205078125,-41.36591796875001],[174.0693359375,-41.42949218750002],[174.07294921875,-41.4716796875],[174.09238281250003,-41.50517578125002],[174.1611328125,-41.56181640625002],[174.08369140625,-41.670800781249994],[174.169921875,-41.6572265625],[174.21708984375005,-41.677734375],[174.28310546875002,-41.740624999999994],[174.243359375,-41.813085937500006],[174.21542968750003,-41.850195312500006],[174.04726562500002,-42.003027343750006],[173.97392578125005,-42.08056640625],[173.88798828125005,-42.13017578125002],[173.88916015625,-42.21162109375001],[173.83984375,-42.270898437499994],[173.58925781250002,-42.47392578125002],[173.5451171875,-42.517968749999994],[173.34755859375002,-42.8408203125],[173.22119140625,-42.9765625],[173.14882812500002,-43.02275390625002],[173.07236328125003,-43.06025390625001],[172.8888671875,-43.12421875000001],[172.80800781250002,-43.19775390625],[172.71855468750005,-43.2587890625],[172.6240234375,-43.2724609375],[172.626953125,-43.29951171875001],[172.6875,-43.31464843750001],[172.73476562500002,-43.35478515625002],[172.69970703125,-43.39970703125002],[172.63222656250002,-43.42792968750001],[172.56220703125,-43.43603515625],[172.52666015625005,-43.464746093749994],[172.69345703125003,-43.4443359375],[172.7404296875,-43.467871093750006],[172.74921875,-43.51728515625001],[172.7666015625,-43.561914062499994],[172.80703125000002,-43.620996093749994],[172.947265625,-43.658593749999994],[173.0732421875,-43.676171874999994],[173.09804687500002,-43.703515624999994],[173.11689453125,-43.7978515625],[173.0939453125,-43.844140624999994],[173.065625,-43.874609375000006],[173.02333984375002,-43.88544921875001],[172.92060546875,-43.89140625000002],[172.81767578125005,-43.8701171875],[172.74931640625005,-43.813085937500006],[172.5546875,-43.83134765625002],[172.50273437500005,-43.843652343749994],[172.47597656250002,-43.833398437499994],[172.58378906250005,-43.773535156250006],[172.52724609375002,-43.73945312500001],[172.48037109375002,-43.726660156250006],[172.4296875,-43.746484374999994],[172.39560546875003,-43.77783203125],[172.38525390625,-43.82958984375],[172.35039062500005,-43.859375],[172.29658203125,-43.86787109375001],[172.220703125,-43.82500000000002],[172.14580078125005,-43.763574218749994],[172.03554687500002,-43.701757812500006],[172.05224609375,-43.74003906250002],[172.13720703125,-43.83378906250002],[172.17978515625003,-43.89599609375],[172.08076171875,-43.94560546875002],[171.97763671875003,-43.984277343749994],[171.890625,-44.006933593750006],[171.80839843750005,-44.04228515625002],[171.71201171875003,-44.09746093750002],[171.65898437500005,-44.1171875],[171.5177734375,-44.11835937500001],[171.442578125,-44.135839843750006],[171.41748046875,-44.20869140625001],[171.36455078125005,-44.254980468750006],[171.24072265625,-44.26416015625],[171.2853515625,-44.278710937499994],[171.31298828125,-44.301855468750006],[171.23105468750003,-44.52119140625001],[171.2130859375,-44.612207031249994],[171.19785156250003,-44.76787109375002],[171.14628906250005,-44.91230468750001],[170.9990234375,-44.91142578125002],[171.02285156250002,-44.93701171875],[171.13417968750002,-44.97773437500001],[171.11328125,-45.03925781250001],[170.99072265625,-45.151464843750006],[170.9396484375,-45.216406250000006],[170.88994140625005,-45.373925781249994],[170.81523437500005,-45.519140625000006],[170.70058593750002,-45.68427734375001],[170.69970703125,-45.713964843750006],[170.73984375000003,-45.75605468750001],[170.78847656250002,-45.79248046875],[170.7912109375,-45.843847656250006],[170.77626953125002,-45.87089843750002],[170.72177734375003,-45.878027343750006],[170.67421875000002,-45.89570312500001],[170.419140625,-45.941015625000006],[170.33544921875,-45.991796875000006],[170.266796875,-46.082617187500006],[170.18613281250003,-46.16083984375001],[169.91826171875005,-46.334374999999994],[169.7607421875,-46.47978515625002],[169.72910156250003,-46.521386718749994],[169.68662109375003,-46.551660156249994],[169.34228515625,-46.620507812499994],[169.0986328125,-46.63066406250002],[168.9658203125,-46.61298828125001],[168.83779296875002,-46.578222656250006],[168.766796875,-46.566308593749994],[168.63144531250003,-46.58759765625001],[168.572265625,-46.61103515625001],[168.46640625000003,-46.587890625],[168.38212890625005,-46.605371093749994],[168.35722656250005,-46.58837890625],[168.32568359375,-46.54570312500002],[168.34306640625005,-46.48906250000002],[168.31972656250002,-46.447167968749994],[168.26621093750003,-46.41875000000002],[168.23027343750005,-46.3857421875],[168.18916015625,-46.362207031249994],[168.07734375,-46.352929687499994],[167.900390625,-46.367773437500006],[167.8419921875,-46.3662109375],[167.72207031250002,-46.227148437500006],[167.68222656250003,-46.192968750000006],[167.53945312500002,-46.148535156250006],[167.49062500000002,-46.154687499999994],[167.4142578125,-46.228906249999994],[167.36894531250005,-46.24150390625002],[167.10029296875,-46.249414062499994],[166.83076171875,-46.225488281249994],[166.73154296875003,-46.197851562500006],[166.712109375,-46.133691406249994],[166.91669921875,-45.95722656250001],[166.8564453125,-45.980859374999994],[166.73027343750005,-46.052734375],[166.64990234375,-46.04169921875001],[166.72695312500002,-45.963281249999994],[166.73378906250002,-45.928320312500006],[166.71796875,-45.88935546875001],[166.61269531250002,-45.95537109375002],[166.4931640625,-45.9638671875],[166.47763671875003,-45.902734374999994],[166.48828125,-45.83183593750002],[166.512890625,-45.81171875000001],[166.83603515625003,-45.774511718750006],[166.95253906250002,-45.75019531250001],[167.00332031250002,-45.71210937500001],[166.80996093750002,-45.69902343750002],[166.79765625000005,-45.645605468750006],[166.82558593750002,-45.60283203125002],[166.99082031250003,-45.53173828125],[166.86904296875002,-45.549902343750006],[166.73398437500003,-45.543554687500006],[166.74306640625002,-45.46845703125001],[166.7783203125,-45.40966796875],[166.919921875,-45.40791015625001],[166.87558593750003,-45.367578124999994],[166.86923828125003,-45.31123046875001],[166.90859375000002,-45.30742187500002],[167.05214843750002,-45.383203124999994],[167.15566406250002,-45.41093750000002],[167.11210937500005,-45.353906249999994],[167.11777343750003,-45.317968750000006],[167.14531250000005,-45.301855468750006],[167.23007812500003,-45.29033203125002],[167.20683593750005,-45.2802734375],[167.12734375000002,-45.26582031250001],[167.03281250000003,-45.22246093750002],[167.02265625,-45.176660156249994],[167.02587890625,-45.123632812500006],[167.1279296875,-45.05078125],[167.18818359375,-45.094140624999994],[167.25947265625,-45.08222656250001],[167.205078125,-45.04814453125002],[167.171875,-44.9970703125],[167.19453125,-44.963476562500006],[167.41074218750003,-44.82792968750002],[167.46621093750002,-44.95830078125002],[167.47919921875,-44.9150390625],[167.48212890625,-44.873925781249994],[167.45625,-44.838281249999994],[167.4599609375,-44.802343750000006],[167.48496093750003,-44.771386718749994],[167.57763671875,-44.740820312500006],[167.69814453125002,-44.64130859375001],[167.78701171875002,-44.59501953125002],[167.859375,-44.62470703125001],[167.90898437500005,-44.66474609375001],[167.9015625,-44.625],[167.86640625,-44.59208984375002],[167.85654296875003,-44.50068359375001],[168.01835937500005,-44.358789062499994],[168.19619140625002,-44.2236328125],[168.36660156250002,-44.08203125],[168.45742187500002,-44.03056640625002],[168.65097656250003,-43.97216796875],[168.77480468750002,-43.996484374999994],[168.80644531250005,-43.99199218750002],[168.9904296875,-43.88994140625002],[169.06650390625003,-43.86347656250001],[169.1359375,-43.89990234375],[169.17890625,-43.9130859375],[169.1357421875,-43.81982421875],[169.16953125000003,-43.77705078125001],[169.32314453125002,-43.701562499999994],[169.51523437500003,-43.623632812500006],[169.66152343750002,-43.591210937499994],[169.76923828125,-43.538476562499994],[169.83388671875002,-43.537011718749994],[169.82402343750005,-43.497167968750006],[169.83505859375003,-43.458984375],[169.8908203125,-43.46162109375001],[169.90800781250005,-43.44658203125002],[169.85898437500003,-43.42597656250001],[170.017578125,-43.34941406250002],[170.1037109375,-43.265039062499994],[170.14882812500002,-43.24755859375],[170.1896484375,-43.222070312499994],[170.240234375,-43.16386718750002],[170.3,-43.144628906250006],[170.35576171875005,-43.15361328125002],[170.39609375000003,-43.182226562500006],[170.37431640625005,-43.134667968749994],[170.30283203125003,-43.10761718750001],[170.37949218750003,-43.06621093750002],[170.45869140625,-43.037695312500006],[170.53583984375,-43.058496093749994],[170.61181640625,-43.091796875],[170.53583984375,-43.04072265625001],[170.5236328125,-43.00898437500001],[170.61552734375005,-42.97246093750002],[170.66542968750002,-42.96123046875002],[170.73525390625002,-43.02978515625],[170.72529296875,-42.975488281249994],[170.74160156250002,-42.927343750000006],[170.84033203125,-42.8486328125],[170.969921875,-42.718359375000006],[171.01142578125,-42.763671875],[171.0177734375,-42.818749999999994],[171.01171875,-42.88505859375002],[171.03837890625005,-42.86210937500002],[171.04755859375,-42.801855468750006],[171.02773437500002,-42.69609375000002],[171.18955078125003,-42.50048828125],[171.22128906250003,-42.478613281250006],[171.25703125,-42.46533203125],[171.31337890625002,-42.46015625000001],[171.29609375,-42.430566406249994],[171.25224609375005,-42.401953125000006],[171.29648437500003,-42.30253906250002],[171.32265625000002,-42.189062500000006],[171.36025390625002,-42.079980468749994],[171.42060546875,-41.973046874999994],[171.48623046875002,-41.79472656250002],[171.536328125,-41.75751953125001],[171.67216796875005,-41.744726562500006],[171.731640625,-41.719628906249994],[171.83066406250003,-41.655175781249994],[171.94804687500005,-41.538671875000006],[172.0107421875,-41.444726562499994],[172.09335937500003,-41.201562499999994],[172.13945312500005,-40.947265625],[172.27275390625005,-40.758691406249994],[172.46816406250002,-40.622167968750006],[172.640625,-40.51826171875001],[172.7111328125,-40.496679687500006],[172.83017578125003,-40.49003906250002],[172.94365234375005,-40.51875000000001],[172.7326171875,-40.54375000000002],[172.7111328125,-40.605371093749994],[172.70439453125005,-40.66777343750002],[172.72890625000002,-40.7236328125],[172.766796875,-40.7734375],[172.869140625,-40.8203125],[172.98867187500002,-40.848242187500006],[173.04228515625005,-40.95361328125],[173.05214843750002,-41.07861328125],[173.06865234375005,-41.18583984375002],[173.11533203125003,-41.279296875]]]}},{"type":"Feature","properties":{"_manaName":"Isla de-java","name":"Java","_manaColor":"#93c5fd","_manaFillOpacity":0.85,"_manaWeight":1.5,"_manaBorderColor":"#ffffff","_manaGroupName":"Islas más grandes del mundo","_manaGroupId":1,"_manaGeometryType":"polygon","_manaLabelStyle":{"enabled":true,"field":"_manaName","fontFamily":"Noto Sans, sans-serif","fontSize":10,"color":"#0f172a","fontWeight":"700","fontStyle":"normal","haloWidth":3,"haloColor":"#ffffff","opacity":0.95,"offsetX":0,"offsetY":0,"placement":"auto"},"Superficie":"129.900 km²","Población":"~150.000.000 hab.","País":"Indonesia","Descripción":"Una de las islas más pobladas del mundo. Hogar de Yakarta, la capital de Indonesia.","Ranking":"#12","superficie_km2":129900,"superficie_bucket":"100,000–200,000 km²"},"geometry":{"type":"Polygon","coordinates":[[[107.37392578125002,-6.007617187500003],[107.47470703125003,-6.121777343750011],[107.56298828125,-6.182714843750006],[107.66679687499999,-6.2158203125],[107.77607421875001,-6.218945312500011],[107.8837890625,-6.2333007812500085],[108.0087890625,-6.276953125000006],[108.13759765625002,-6.296679687500003],[108.19746093750001,-6.2890625],[108.25449218750003,-6.2666015625],[108.29501953125003,-6.2650390625000085],[108.33017578125003,-6.2860351562500085],[108.41914062500001,-6.3828125],[108.51591796874999,-6.47119140625],[108.53798828125002,-6.516210937500006],[108.60361328125003,-6.729199218750011],[108.67783203125003,-6.79052734375],[108.77968750000002,-6.808300781250011],[108.8994140625,-6.808398437500003],[109.01835937499999,-6.8172851562500085],[109.29423828124999,-6.866992187500003],[109.40371093750002,-6.860156250000003],[109.50058593750003,-6.810156250000006],[109.5869140625,-6.842578125000003],[109.82099609375001,-6.902441406250006],[109.93623046875001,-6.915820312500003],[110.06708984375001,-6.898730468750003],[110.19843750000001,-6.895117187500006],[110.26093750000001,-6.912402343750003],[110.32109374999999,-6.9383789062500085],[110.37275390625001,-6.94775390625],[110.42626953125,-6.947265625],[110.52089843750002,-6.897265625000003],[110.58359375000003,-6.8056640625],[110.63427734375,-6.690136718750011],[110.67402343750001,-6.56982421875],[110.70078125000003,-6.51806640625],[110.73691406250003,-6.472363281250011],[110.7841796875,-6.442675781250003],[110.83476562499999,-6.4242187500000085],[110.97226562500003,-6.435644531250006],[111.00068359375001,-6.4647460937500085],[111.15439453125003,-6.669042968750006],[111.18154296875002,-6.686718750000011],[111.34208984374999,-6.699511718750003],[111.38652343749999,-6.69287109375],[111.48447265625003,-6.65185546875],[111.54033203124999,-6.648242187500003],[111.6435546875,-6.69873046875],[111.68808593750003,-6.74169921875],[111.73759765624999,-6.7734375],[111.98984375000003,-6.805957031250003],[112.08730468750002,-6.893359375000003],[112.13671875,-6.905078125000003],[112.31230468749999,-6.8944335937500085],[112.43359375,-6.903027343750011],[112.53925781250001,-6.926464843750011],[112.5869140625,-7.050585937500003],[112.6259765625,-7.178027343750003],[112.64873046874999,-7.221289062500006],[112.751953125,-7.2650390625000085],[112.79433593750002,-7.304492187500003],[112.78291015625001,-7.431640625],[112.79453125000003,-7.552441406250011],[113.01357421875002,-7.65771484375],[113.24843750000002,-7.7181640625000085],[113.49765625000003,-7.723828125000011],[113.74746093750002,-7.7030273437500085],[113.87626953124999,-7.67724609375],[114.03730468750001,-7.632128906250003],[114.07070312500002,-7.633007812500011],[114.38271484375002,-7.771093750000006],[114.40927734375003,-7.79248046875],[114.44423828125002,-7.895605468750006],[114.44326171875002,-8.004589843750011],[114.38496093750001,-8.263281250000006],[114.38134765625,-8.334277343750003],[114.38691406250001,-8.405175781250009],[114.44882812500003,-8.559277343750011],[114.48173828124999,-8.603808593750003],[114.59501953124999,-8.684765625000011],[114.59921875000003,-8.727246093750011],[114.58378906249999,-8.769628906250006],[114.45917968750001,-8.740527343750003],[114.38320312500002,-8.705371093750003],[114.33925781250002,-8.647363281250009],[114.27695312500003,-8.614648437500009],[114.15966796875,-8.62646484375],[113.94033203125002,-8.568359375],[113.69257812500001,-8.47802734375],[113.25332031250002,-8.286718750000006],[113.13369140625002,-8.288281250000011],[113.01894531250002,-8.312695312500011],[112.89775390624999,-8.361425781250006],[112.77167968750001,-8.396093750000006],[112.67880859375003,-8.4091796875],[112.58603515625003,-8.399609375000011],[112.3515625,-8.353613281250006],[112.11513671875002,-8.323925781250011],[111.50996093750001,-8.305078125000009],[111.33857421875001,-8.26171875],[111.05537109375001,-8.239550781250003],[110.83017578125003,-8.201953125000003],[110.60722656249999,-8.1494140625],[110.03867187500003,-7.8905273437500085],[109.85263671875003,-7.828417968750003],[109.28164062500002,-7.704882812500003],[109.19355468750001,-7.694921875000006],[108.98671875000002,-7.7041015625],[108.85624999999999,-7.6678710937500085],[108.7412109375,-7.667089843750006],[108.57050781250001,-7.707226562500011],[108.51796875000002,-7.736035156250011],[108.45175781250003,-7.796972656250006],[108.33554687500003,-7.794042968750006],[108.22050781249999,-7.782324218750006],[107.91748046875,-7.72412109375],[107.80439453125001,-7.6883789062500085],[107.69580078125,-7.635546875000003],[107.59785156250001,-7.566699218750003],[107.546875,-7.5418945312500085],[107.28496093749999,-7.4716796875],[107.07119140625002,-7.447460937500011],[106.63144531250003,-7.41552734375],[106.53535156250001,-7.394238281250011],[106.45527343750001,-7.36865234375],[106.41132812500001,-7.311718750000011],[106.41689453125002,-7.239355468750006],[106.44843750000001,-7.1767578125],[106.49150390624999,-7.113867187500006],[106.51972656250001,-7.0537109375],[106.1982421875,-6.927832031250006],[105.9443359375,-6.858984375000006],[105.83476562499999,-6.845800781250006],[105.72480468750001,-6.8460937500000085],[105.60097656250002,-6.8603515625],[105.47841796875002,-6.853710937500011],[105.42080078125002,-6.833203125000011],[105.36191406250003,-6.826171875],[105.30292968750001,-6.841015625000011],[105.25546875000003,-6.835253906250003],[105.2431640625,-6.778027343750011],[105.2734375,-6.7293945312500085],[105.33564453125001,-6.674121093750003],[105.37089843749999,-6.664355468750003],[105.38701171874999,-6.750781250000003],[105.40468750000002,-6.7679687500000085],[105.45976562499999,-6.786914062500003],[105.48369140624999,-6.781542968750003],[105.58085937499999,-6.670996093750006],[105.60800781250003,-6.61669921875],[105.65507812499999,-6.469531250000003],[105.7060546875,-6.4979492187500085],[105.75742187500003,-6.4803710937500085],[105.78691406249999,-6.4569335937500085],[105.86826171875003,-6.116406250000011],[105.93613281250003,-6.0169921875000085],[106.02880859375,-5.934277343750011],[106.07499999999999,-5.914160156250006],[106.16582031249999,-5.9647460937500085],[106.34970703125003,-5.984082031250011],[106.45908203125003,-6.017578125],[106.56875000000002,-6.0218750000000085],[106.67587890625003,-6.038378906250003],[106.8251953125,-6.098242187500006],[106.8779296875,-6.091992187500011],[106.931640625,-6.073437500000011],[107.01162109375002,-6.008496093750011],[107.04628906250002,-5.9041992187500085],[107.162109375,-5.957128906250006],[107.33183593749999,-5.978125000000006],[107.37392578125002,-6.007617187500003]]]}},{"type":"Feature","properties":{"_manaName":"Isla Norte","name":"North Island","_manaColor":"#93c5fd","_manaFillOpacity":0.85,"_manaWeight":1.5,"_manaBorderColor":"#ffffff","_manaGroupName":"Islas más grandes del mundo","_manaGroupId":1,"_manaGeometryType":"polygon","_manaLabelStyle":{"enabled":true,"field":"_manaName","fontFamily":"Noto Sans, sans-serif","fontSize":10,"color":"#0f172a","fontWeight":"700","fontStyle":"normal","haloWidth":3,"haloColor":"#ffffff","opacity":0.95,"offsetX":0,"offsetY":0,"placement":"auto"},"Superficie":"113.729 km²","Población":"~3.900.000 hab.","País":"Nueva Zelanda","Descripción":"La segunda isla de Nueva Zelanda. Contiene Auckland y Wellington, las ciudades más grandes del país.","Ranking":"#13","superficie_km2":113729,"superficie_bucket":"100,000–200,000 km²"},"geometry":{"type":"Polygon","coordinates":[[[173.26943359375002,-34.93476562500001],[173.28457031250002,-34.980566406250006],[173.33994140625003,-34.94794921875001],[173.38125000000002,-34.896484375],[173.44785156250003,-34.844335937500006],[173.438671875,-34.928515625],[173.47265625,-34.94697265625001],[173.69375000000002,-35.0056640625],[173.7392578125,-35.05458984375001],[173.78623046875003,-35.06855468750001],[173.81279296875005,-35.04121093750001],[173.8439453125,-35.02626953125001],[173.923828125,-35.05712890625],[174.10400390625,-35.14287109375],[174.11894531250005,-35.17236328125],[174.10976562500002,-35.216406250000006],[174.11875000000003,-35.26289062500001],[174.14316406250003,-35.30000000000001],[174.20322265625003,-35.30859375],[174.28291015625,-35.253515625000006],[174.3203125,-35.246679687500006],[174.37333984375005,-35.32451171875],[174.39316406250003,-35.36855468750001],[174.3849609375,-35.36708984375001],[174.419140625,-35.410742187500006],[174.46474609375002,-35.4541015625],[174.54345703125,-35.58203125],[174.53173828125,-35.626953125],[174.50859375000005,-35.66738281250001],[174.58066406250003,-35.78554687500001],[174.53349609375005,-35.79375],[174.39101562500002,-35.77373046875],[174.39580078125005,-35.79736328125],[174.4787109375,-35.88408203125],[174.54873046875002,-36.006640625],[174.60488281250002,-36.08056640625],[174.80214843750002,-36.30947265625001],[174.7724609375,-36.39091796875],[174.77705078125,-36.44462890625],[174.75175781250005,-36.490820312500006],[174.81923828125002,-36.612109375],[174.77714843750005,-36.64980468750001],[174.74921875,-36.774023437500006],[174.71865234375002,-36.79580078125001],[174.72246093750005,-36.84121093750001],[174.801953125,-36.85322265625001],[174.84990234375005,-36.87255859375],[174.89140625000005,-36.90937500000001],[174.9171875,-36.8650390625],[174.95205078125002,-36.85292968750001],[175.0470703125,-36.912207031250006],[175.2451171875,-36.971289062500006],[175.29951171875,-36.993261718750006],[175.32646484375005,-37.04091796875001],[175.3466796875,-37.15615234375001],[175.38535156250003,-37.20693359375001],[175.4609375,-37.21669921875001],[175.54248046875,-37.20136718750001],[175.56816406250005,-37.15937500000001],[175.551953125,-37.046484375000006],[175.4931640625,-36.86572265625],[175.49287109375,-36.80693359375],[175.50126953125005,-36.748046875],[175.48740234375003,-36.689550781250006],[175.4580078125,-36.63427734375],[175.42636718750003,-36.591894531250006],[175.38554687500005,-36.55634765625001],[175.39980468750002,-36.50078125],[175.46083984375002,-36.475683593750006],[175.49765625000003,-36.52265625000001],[175.52802734375,-36.57929687500001],[175.68144531250005,-36.74697265625001],[175.77216796875,-36.73515625],[175.78066406250002,-36.80458984375001],[175.84218750000002,-36.875097656250006],[175.876171875,-36.95771484375001],[175.92109375,-37.20458984375],[175.99013671875002,-37.43701171875],[176.11455078125005,-37.53828125000001],[176.12900390625003,-37.58671875],[176.05332031250003,-37.56171875000001],[176.02988281250003,-37.576269531250006],[176.03789062500005,-37.600683593750006],[176.1083984375,-37.645117187500006],[176.19111328125,-37.6669921875],[176.2431640625,-37.6638671875],[176.29169921875,-37.68007812500001],[176.61474609375,-37.83095703125001],[176.77001953125,-37.8896484375],[177.16181640625,-37.98574218750001],[177.27402343750003,-37.99345703125],[177.3359375,-37.990820312500006],[177.4533203125,-37.95742187500001],[177.55830078125,-37.8974609375],[177.64892578125,-37.80781250000001],[177.72734375000005,-37.70556640625],[177.8126953125,-37.65595703125001],[177.90947265625005,-37.61689453125001],[177.9580078125,-37.580664062500006],[178.00917968750002,-37.55488281250001],[178.27216796875,-37.56689453125],[178.36074218750002,-37.61845703125],[178.47597656250002,-37.659765625000006],[178.53623046875003,-37.69208984375001],[178.51601562500002,-37.7576171875],[178.44707031250005,-37.85439453125001],[178.39394531250002,-37.96025390625],[178.34726562500003,-38.20087890625001],[178.3154296875,-38.44404296875001],[178.26767578125003,-38.551171874999994],[178.1806640625,-38.633691406249994],[178.08486328125002,-38.693945312500006],[177.97617187500003,-38.722265625000006],[177.93212890625,-38.860253906249994],[177.9103515625,-39.02177734375002],[177.91660156250003,-39.062402343749994],[177.9513671875,-39.09453125000002],[177.96562500000005,-39.142480468749994],[177.90878906250003,-39.23955078125002],[177.87548828125,-39.225488281249994],[177.82871093750003,-39.14472656250001],[177.7861328125,-39.110937500000006],[177.65585937500003,-39.08574218750002],[177.52294921875,-39.073828125000006],[177.40751953125005,-39.081152343750006],[177.29658203125,-39.115820312500006],[177.12871093750005,-39.186132812500006],[177.07675781250003,-39.221777343750006],[177.03125,-39.26689453125002],[176.9541015625,-39.367578124999994],[176.9357421875,-39.49072265625],[176.93925781250005,-39.555273437500006],[176.96660156250005,-39.60517578125001],[177.10986328125,-39.67314453125002],[176.96796875,-39.910742187500006],[176.84218750000002,-40.157812500000006],[176.770703125,-40.228417968749994],[176.68876953125005,-40.29345703125],[176.6115234375,-40.441992187500006],[176.47646484375002,-40.57001953125001],[176.38515625000002,-40.66767578125001],[176.31386718750002,-40.768945312499994],[176.25175781250005,-40.876855468749994],[176.11865234375,-41.02910156250002],[176.05996093750002,-41.12968750000002],[175.98291015625,-41.213281249999994],[175.83964843750005,-41.32011718750002],[175.68730468750005,-41.411718750000006],[175.44707031250005,-41.53828125000001],[175.38027343750002,-41.580078125],[175.309765625,-41.61064453125002],[175.22216796875,-41.57441406250001],[175.20449218750002,-41.53496093750002],[175.18466796875003,-41.44902343750002],[175.16562500000003,-41.417382812499994],[175.05390625,-41.391210937500006],[174.90605468750005,-41.43291015625002],[174.88134765625,-41.42402343750001],[174.8751953125,-41.404296875],[174.875,-41.278222656249994],[174.90019531250005,-41.24267578125],[174.86562500000002,-41.223046874999994],[174.83154296875,-41.23076171875002],[174.81972656250002,-41.26289062500001],[174.84121093750002,-41.29072265625001],[174.75703125,-41.325292968750006],[174.66953125000003,-41.326269531250006],[174.64296875000002,-41.31269531250001],[174.63535156250003,-41.289453124999994],[174.65654296875005,-41.25126953125002],[174.68486328125005,-41.217675781249994],[174.84775390625003,-41.05878906250001],[175.016796875,-40.84765625],[175.16250000000002,-40.62158203125],[175.20048828125005,-40.50537109375],[175.2541015625,-40.28935546875002],[175.21015625,-40.19941406250001],[175.15595703125,-40.11494140625001],[175.00927734375,-39.9521484375],[174.81376953125005,-39.86015625000002],[174.68730468750005,-39.84716796875],[174.56748046875003,-39.81298828125],[174.45468750000003,-39.73515625000002],[174.35205078125,-39.64335937500002],[174.1486328125,-39.56816406250002],[173.93437500000005,-39.50908203125002],[173.81210937500003,-39.42578125],[173.78300781250005,-39.37617187500001],[173.763671875,-39.318749999999994],[173.76640625000005,-39.26533203125001],[173.78164062500002,-39.21123046875002],[173.80605468750002,-39.169531250000006],[173.84433593750003,-39.13935546875001],[174.07138671875003,-39.03125],[174.31171875,-38.971093749999994],[174.35605468750003,-38.97216796875],[174.3984375,-38.96259765625001],[174.45849609375,-38.92578125],[174.56621093750005,-38.84160156250002],[174.59736328125,-38.785058593749994],[174.61855468750002,-38.60527343750002],[174.65302734375,-38.428320312500006],[174.71533203125,-38.2255859375],[174.80927734375,-38.09980468750001],[174.8400390625,-38.02265625000001],[174.80166015625002,-37.8955078125],[174.83681640625002,-37.84892578125],[174.87958984375,-37.82080078125],[174.92802734375005,-37.8044921875],[174.84599609375005,-37.685156250000006],[174.74941406250002,-37.5046875],[174.72919921875,-37.44873046875],[174.74394531250005,-37.39345703125001],[174.76767578125003,-37.33906250000001],[174.70742187500002,-37.325292968750006],[174.67255859375,-37.27314453125001],[174.58583984375002,-37.097753906250006],[174.60966796875005,-37.069921875000006],[174.65966796875,-37.08876953125001],[174.73427734375002,-37.21523437500001],[174.74638671875005,-37.15009765625001],[174.80361328125002,-37.11005859375001],[174.86386718750003,-37.08925781250001],[174.92890625,-37.084765625],[174.78203125000005,-36.94375000000001],[174.73291015625,-36.94941406250001],[174.66796875,-36.97187500000001],[174.60146484375002,-36.98574218750001],[174.53652343750002,-36.97333984375001],[174.4755859375,-36.94189453125],[174.44453125,-36.88251953125001],[174.40605468750005,-36.76826171875001],[174.38193359375003,-36.72597656250001],[174.18886718750002,-36.492285156250006],[174.24570312500003,-36.484960937500006],[174.4015625,-36.60195312500001],[174.43173828125003,-36.564550781250006],[174.454296875,-36.5107421875],[174.44687500000003,-36.45087890625001],[174.40957031250002,-36.40556640625],[174.35410156250003,-36.3759765625],[174.35312500000003,-36.322851562500006],[174.39541015625002,-36.27412109375001],[174.3927734375,-36.2400390625],[174.30351562500005,-36.170507812500006],[174.26787109375005,-36.1630859375],[174.25205078125003,-36.19560546875],[174.2775390625,-36.243750000000006],[174.25371093750005,-36.249121093750006],[174.03642578125005,-36.12246093750001],[173.96933593750003,-36.020605468750006],[173.91445312500002,-35.90869140625],[173.90888671875,-35.954199218750006],[173.91728515625005,-36.018164062500006],[174.003125,-36.1462890625],[174.14238281250005,-36.28945312500001],[174.16640625000002,-36.32763671875],[174.14580078125005,-36.376953125],[174.09746093750005,-36.39101562500001],[174.0546875,-36.35976562500001],[173.99101562500005,-36.23720703125001],[173.94511718750005,-36.175878906250006],[173.41220703125003,-35.542578125000006],[173.48027343750005,-35.458984375],[173.58583984375002,-35.38857421875001],[173.6103515625,-35.3572265625],[173.626171875,-35.319140625],[173.58164062500003,-35.312597656250006],[173.54169921875,-35.3298828125],[173.49609375,-35.3623046875],[173.454296875,-35.39921875],[173.40166015625005,-35.48115234375001],[173.37636718750002,-35.500097656250006],[173.31396484375,-35.443359375],[173.290234375,-35.408300781250006],[173.2912109375,-35.366308593750006],[173.27451171875003,-35.3396484375],[173.22812500000003,-35.33125000000001],[173.16015625,-35.24775390625001],[173.11669921875,-35.20527343750001],[173.18876953125005,-35.12373046875001],[173.190625,-35.016210937500006],[173.11728515625003,-34.9033203125],[173.02958984375005,-34.799902343750006],[172.86074218750002,-34.63232421875],[172.70595703125002,-34.455175781250006],[172.87373046875,-34.43291015625],[173.0439453125,-34.42910156250001],[172.96376953125002,-34.53515625],[172.99980468750005,-34.596484375],[173.05439453125,-34.6482421875],[173.17109375,-34.80693359375],[173.18125000000003,-34.85273437500001],[173.24052734375005,-34.899023437500006],[173.26943359375002,-34.93476562500001]]]}},{"type":"Feature","properties":{"_manaName":"Cuba","name":"Cuba","_manaColor":"#93c5fd","_manaFillOpacity":0.85,"_manaWeight":1.5,"_manaBorderColor":"#ffffff","_manaGroupName":"Islas más grandes del mundo","_manaGroupId":1,"_manaGeometryType":"polygon","_manaLabelStyle":{"enabled":true,"field":"_manaName","fontFamily":"Noto Sans, sans-serif","fontSize":10,"color":"#0f172a","fontWeight":"700","fontStyle":"normal","haloWidth":3,"haloColor":"#ffffff","opacity":0.95,"offsetX":0,"offsetY":0,"placement":"auto"},"Superficie":"109.884 km²","Población":"~11.300.000 hab.","País":"Cuba","Descripción":"La isla más grande del Caribe. País insular independiente en el mar Caribe.","Ranking":"#14","superficie_km2":109884,"superficie_bucket":"100,000–200,000 km²"},"geometry":{"type":"Polygon","coordinates":[[[-81.83745117187499,23.163037109374997],[-81.575439453125,23.116503906250003],[-81.36362304687499,23.129687500000003],[-81.262353515625,23.15683593749999],[-81.271630859375,23.128613281249997],[-81.17861328125,23.05966796874999],[-81.14462890624999,23.054931640625],[-81.00766601562499,23.08984375],[-80.650146484375,23.103076171875003],[-80.613427734375,23.083740234375],[-80.55048828125,23.0166015625],[-80.459228515625,22.974999999999994],[-80.364892578125,22.943408203125003],[-80.26616210937499,22.934960937499994],[-80.167626953125,22.949365234374994],[-80.07524414062499,22.942333984374997],[-79.959912109375,22.876904296874997],[-79.92353515625,22.869140625],[-79.820263671875,22.887011718750003],[-79.850732421875,22.827197265625003],[-79.67666015625,22.743066406249994],[-79.54921875,22.577783203124994],[-79.456494140625,22.50986328124999],[-79.35830078125,22.448925781249997],[-79.27568359374999,22.407617187499994],[-79.1830078125,22.387890624999997],[-78.90190429687499,22.39599609375],[-78.83544921875,22.390917968750003],[-78.77597656249999,22.367333984374994],[-78.71923828125,22.358056640624994],[-78.686474609375,22.366845703124994],[-78.14311523437499,22.109423828125003],[-77.97050781249999,21.971972656250003],[-77.86503906249999,21.900585937499997],[-77.63681640624999,21.79736328125],[-77.5451171875,21.774609374999997],[-77.49711914062499,21.788330078125],[-77.50654296875,21.81103515625],[-77.57333984374999,21.868310546874994],[-77.583154296875,21.88925781249999],[-77.497265625,21.871630859375003],[-77.34213867187499,21.755273437499994],[-77.29951171875,21.71225585937499],[-77.2220703125,21.672412109375003],[-77.14414062499999,21.643603515625003],[-77.18124999999999,21.59765625],[-77.24453125,21.59375],[-77.366162109375,21.61264648437499],[-77.26958007812499,21.537890625000003],[-77.252880859375,21.48349609374999],[-77.20791015625,21.47885742187499],[-77.14096679687499,21.538623046875003],[-77.0986328125,21.589013671874994],[-76.92807617187499,21.458984375],[-76.836328125,21.39951171874999],[-76.859814453125,21.364794921875003],[-76.867431640625,21.33041992187499],[-76.76499023437499,21.36240234374999],[-76.72607421875,21.35888671875],[-76.68852539062499,21.34042968749999],[-76.647412109375,21.28452148437499],[-76.551708984375,21.272119140624994],[-76.45517578124999,21.273632812499997],[-76.259228515625,21.22739257812499],[-76.0736328125,21.133447265624994],[-75.89902343749999,21.1142578125],[-75.72294921874999,21.111035156249997],[-75.633740234375,21.061328125000003],[-75.59580078124999,20.994677734375003],[-75.63852539062499,20.947460937499997],[-75.66293945312499,20.898144531249997],[-75.59726562499999,20.837646484375],[-75.740234375,20.811962890624997],[-75.760400390625,20.775537109374994],[-75.75297851562499,20.73618164062499],[-75.724560546875,20.714550781249997],[-75.6427734375,20.73349609374999],[-75.524609375,20.71665039062499],[-75.338134765625,20.701611328124997],[-75.21328125,20.7138671875],[-74.959716796875,20.672656250000003],[-74.882568359375,20.650634765625],[-74.732080078125,20.573193359374997],[-74.66245117187499,20.522119140624994],[-74.513134765625,20.384570312500003],[-74.38437499999999,20.330468749999994],[-74.27280273437499,20.3173828125],[-74.23388671875,20.326416015625],[-74.198486328125,20.311474609374997],[-74.16748046875,20.292187499999997],[-74.13681640624999,20.23193359375],[-74.1537109375,20.16855468749999],[-74.217431640625,20.117138671874997],[-74.25283203125,20.07968749999999],[-74.41215820312499,20.075341796874994],[-74.634765625,20.058154296875003],[-74.850048828125,20.00229492187499],[-74.95512695312499,19.957910156249994],[-75.003173828125,19.92856445312499],[-75.11640625,19.901416015625003],[-75.12412109374999,19.92465820312499],[-75.12197265625,19.953906250000003],[-75.151611328125,20.008349609375003],[-75.17729492187499,19.959374999999994],[-75.21943359375,19.923632812500003],[-75.290478515625,19.893115234375003],[-75.551953125,19.89111328125],[-75.6572265625,19.93222656249999],[-75.76513671875,19.960400390624997],[-76.158447265625,19.98974609375],[-76.25283203125,19.98715820312499],[-76.515625,19.956689453124994],[-76.779736328125,19.940185546875],[-76.89023437499999,19.921337890624997],[-76.999462890625,19.892822265625],[-77.21196289062499,19.893749999999997],[-77.46318359374999,19.861376953125003],[-77.715087890625,19.85546875],[-77.55375976562499,20.08212890624999],[-77.21337890625,20.30039062499999],[-77.1494140625,20.34726562499999],[-77.10380859374999,20.407519531250003],[-77.093017578125,20.452929687500003],[-77.10791015625,20.491650390624997],[-77.18896484375,20.559960937499994],[-77.20546875,20.61083984375],[-77.22958984374999,20.643749999999997],[-77.34755859375,20.67236328125],[-77.467041015625,20.689501953125003],[-77.592724609375,20.690087890624994],[-77.856884765625,20.713623046875],[-77.997314453125,20.715380859375003],[-78.116357421875,20.761865234374994],[-78.3138671875,20.927490234375],[-78.40634765624999,20.973876953125],[-78.453857421875,21.010986328125],[-78.49077148437499,21.0537109375],[-78.537255859375,21.296826171874997],[-78.5765625,21.413818359375],[-78.636474609375,21.515527343749994],[-78.727685546875,21.592724609374997],[-78.82294921875,21.618945312500003],[-79.189208984375,21.55283203124999],[-79.2744140625,21.562646484374994],[-79.357421875,21.585156249999997],[-79.910302734375,21.742578124999994],[-80.138330078125,21.829248046874994],[-80.23134765625,21.87216796874999],[-80.310693359375,21.933398437500003],[-80.39291992187499,22.033740234375003],[-80.48544921874999,22.123437499999994],[-80.484814453125,22.087158203125],[-80.49907226562499,22.063525390625003],[-80.9619140625,22.052880859374994],[-81.03564453125,22.07358398437499],[-81.08310546874999,22.097949218750003],[-81.116650390625,22.134228515624997],[-81.14140624999999,22.206933593749994],[-81.185498046875,22.267968749999994],[-81.19956054687499,22.202929687500003],[-81.222412109375,22.14291992187499],[-81.284375,22.109423828125003],[-81.35527343749999,22.10410156249999],[-81.44111328125,22.183789062499997],[-81.81621093749999,22.2001953125],[-81.84941406249999,22.213671875000003],[-81.972607421875,22.29086914062499],[-82.07773437499999,22.3876953125],[-81.973046875,22.421826171874997],[-81.757080078125,22.466748046874997],[-81.7103515625,22.49667968749999],[-81.683251953125,22.534814453124994],[-81.70273437499999,22.59189453124999],[-81.74565429687499,22.63291015624999],[-81.78989257812499,22.657031250000003],[-81.838818359375,22.67246093749999],[-81.90341796874999,22.679003906250003],[-82.738037109375,22.689257812500003],[-82.786376953125,22.658349609374994],[-82.86123046875,22.595117187499994],[-83.009423828125,22.51401367187499],[-83.10712890625,22.429882812499997],[-83.14375,22.386474609375],[-83.189404296875,22.355419921874997],[-83.292138671875,22.30322265625],[-83.379638671875,22.22299804687499],[-83.48593749999999,22.18710937499999],[-83.54404296874999,22.208935546874997],[-83.601513671875,22.208740234375],[-83.64306640625,22.18896484375],[-83.68662109374999,22.179931640625],[-83.90073242187499,22.170117187499997],[-83.93271484374999,22.149658203125],[-83.963330078125,22.092089843750003],[-83.998046875,21.980126953124994],[-84.03095703125,21.943115234375],[-84.138330078125,21.929003906250003],[-84.240673828125,21.898339843749994],[-84.44882812499999,21.791650390624994],[-84.502587890625,21.776171875000003],[-84.49091796875,21.854296875000003],[-84.5013671875,21.93027343749999],[-84.560009765625,21.933007812499994],[-84.626904296875,21.920361328124997],[-84.68266601562499,21.899072265624994],[-84.78583984375,21.84228515625],[-84.83823242187499,21.827929687500003],[-84.88720703125,21.856982421875003],[-84.87724609374999,21.89414062499999],[-84.53276367187499,22.031152343749994],[-84.49423828124999,22.04160156249999],[-84.433056640625,22.031298828125003],[-84.37314453124999,22.035937500000003],[-84.3263671875,22.07431640624999],[-84.3830078125,22.255566406249997],[-84.361279296875,22.37890625],[-84.28134765624999,22.47421874999999],[-84.12177734375,22.618554687499994],[-84.044921875,22.666015625],[-83.2578125,22.967578125000003],[-83.17724609375,22.98300781249999],[-82.66582031249999,23.04355468749999],[-82.58779296875,23.06455078124999],[-82.350537109375,23.153955078124994],[-82.10136718749999,23.1904296875],[-81.83745117187499,23.163037109374997]]]}},{"type":"Feature","properties":{"_manaName":"Isla de Newfoundland","name":"Newfoundland","_manaColor":"#93c5fd","_manaFillOpacity":0.85,"_manaWeight":1.5,"_manaBorderColor":"#ffffff","_manaGroupName":"Islas más grandes del mundo","_manaGroupId":1,"_manaGeometryType":"polygon","_manaLabelStyle":{"enabled":true,"field":"_manaName","fontFamily":"Noto Sans, sans-serif","fontSize":10,"color":"#0f172a","fontWeight":"700","fontStyle":"normal","haloWidth":3,"haloColor":"#ffffff","opacity":0.95,"offsetX":0,"offsetY":0,"placement":"auto"},"Superficie":"108.870 km²","Población":"~520.000 hab.","País":"Canadá","Descripción":"En la costa atlántica de Canadá. Histórica ruta de pesca del bacalao para europeos.","Ranking":"#15","superficie_km2":108870,"superficie_bucket":"100,000–200,000 km²"},"geometry":{"type":"Polygon","coordinates":[[[-55.458740234375,51.536523437499994],[-55.532421875,51.436962890625],[-55.583398437499994,51.388574218749994],[-55.630761718749994,51.372900390625],[-55.730712890625,51.358691406249996],[-55.941162109375,51.343017578125],[-56.03110351562499,51.328369140625],[-56.0439453125,51.261865234374994],[-56.030664062499994,51.226904296875],[-55.999902343749994,51.199267578124996],[-55.960839843749994,51.19140625],[-55.87353515625,51.207910156249994],[-55.84111328124999,51.205078125],[-55.815087890624994,51.191162109375],[-55.79550781249999,51.166162109374994],[-55.7853515625,51.1314453125],[-55.78471679687499,51.087060546874994],[-55.8,51.03330078125],[-55.87138671874999,50.907373046874994],[-55.96201171874999,50.837695312499996],[-56.078125,50.78095703125],[-56.10654296874999,50.75927734375],[-56.12119140624999,50.733789062499994],[-56.135644531249994,50.6509765625],[-56.195751953125,50.584765624999996],[-56.38242187499999,50.4169921875],[-56.454345703125,50.380029296874994],[-56.45478515625,50.350488281249994],[-56.48393554687499,50.270849609375],[-56.53935546874999,50.20673828125],[-56.693994140624994,50.05966796875],[-56.732324218749994,50.007714843749994],[-56.74956054687499,49.966552734375],[-56.74716796874999,49.908496093749996],[-56.7541015625,49.88291015625],[-56.789501953125,49.833740234375],[-56.8388671875,49.787744140624994],[-56.8486328125,49.76533203125],[-56.82919921874999,49.724609375],[-56.809228515624994,49.710400390625],[-56.806884765625,49.67333984375],[-56.822167968749994,49.6134765625],[-56.756787109375,49.651611328125],[-56.61064453124999,49.7876953125],[-56.500927734375,49.86962890625],[-56.42758789062499,49.897412109375],[-56.376416015625,49.93369140625],[-56.32182617187499,50.01376953125],[-56.2470703125,50.090087890625],[-56.17939453125,50.114990234375],[-56.148388671875,50.100341796875],[-56.12216796874999,50.062841796875],[-56.12744140625,50.01513671875],[-56.16416015624999,49.957275390625],[-56.161279296874994,49.94013671875],[-56.07499999999999,49.9826171875],[-55.927001953125,50.0177734375],[-55.87333984374999,50.013134765625],[-55.76474609374999,49.96044921875],[-55.674462890624994,49.966552734375],[-55.530029296875,49.99716796875],[-55.5029296875,49.983154296875],[-55.527001953124994,49.936767578125],[-55.58369140625,49.892382812499996],[-55.71762695312499,49.829003906249994],[-56.039990234375,49.7046875],[-56.14018554687499,49.619140625],[-56.12119140624999,49.621728515624994],[-56.05161132812499,49.6583984375],[-55.978515625,49.678124999999994],[-55.90185546875,49.680859375],[-55.86982421875,49.670166015625],[-55.88232421875,49.645947265625],[-55.892041015625,49.5802734375],[-56.087304687499994,49.451953124999996],[-56.0412109375,49.456835937499996],[-55.81523437499999,49.515283203124994],[-55.678124999999994,49.434619140624996],[-55.48974609375,49.4625],[-55.375927734375,49.48974609375],[-55.379150390625,49.472900390625],[-55.3544921875,49.4376953125],[-55.355371093749994,49.380859375],[-55.34384765624999,49.372900390625],[-55.289941406249994,49.391943359375],[-55.280175781249994,49.412744140624994],[-55.28300781249999,49.513818359374994],[-55.266357421875,49.52392578125],[-55.22954101562499,49.508154296875],[-55.20703125,49.48203125],[-55.20029296874999,49.408496093749996],[-55.224999999999994,49.33466796875],[-55.25932617187499,49.266992187499994],[-55.34248046875,49.168115234374994],[-55.331933593749994,49.1255859375],[-55.353173828124994,49.079443359375],[-55.33476562499999,49.077880859375],[-55.252343749999994,49.120898437499996],[-55.24736328124999,49.138574218749994],[-55.253808593749994,49.179638671875],[-55.244531249999994,49.1998046875],[-55.17612304687499,49.244433593749996],[-55.06318359375,49.29736328125],[-55.02617187499999,49.30537109375],[-55.010400390624994,49.293017578124996],[-55.01591796874999,49.2603515625],[-54.9826171875,49.268115234374996],[-54.910546874999994,49.316259765625],[-54.843652343749994,49.34541015625],[-54.781884765624994,49.35546875],[-54.71762695312499,49.388574218749994],[-54.65087890625,49.44453125],[-54.579052734375,49.4908203125],[-54.502197265625,49.52734375],[-54.469189453125,49.52978515625],[-54.480615234374994,49.4693359375],[-54.46542968749999,49.400537109374994],[-54.46347656249999,49.341748046875],[-54.4482421875,49.329443359375],[-54.389062499999994,49.392138671874996],[-54.35615234375,49.4150390625],[-54.31674804687499,49.424121093749996],[-54.27080078124999,49.419287109375],[-53.95771484375,49.441845703125],[-53.862451171874994,49.426318359374996],[-53.75498046874999,49.385302734374996],[-53.61943359374999,49.321630859375],[-53.569580078125,49.26416015625],[-53.56005859375,49.191699218749996],[-53.5734375,49.1412109375],[-53.671142578125,49.077539062499994],[-53.758056640625,49.035400390625],[-53.809326171875,48.993408203125],[-53.82490234375,48.9513671875],[-53.84521484375,48.925439453124994],[-53.903222656249994,48.88916015625],[-54.161279296874994,48.7876953125],[-54.099511718749994,48.784765625],[-53.95068359375,48.806787109374994],[-53.85288085937499,48.811328124999996],[-53.84775390624999,48.796679687499996],[-53.88681640624999,48.767822265625],[-53.96152343749999,48.7388671875],[-53.96958007812499,48.724902343749996],[-53.966015625,48.706689453124994],[-53.886132812499994,48.68466796875],[-53.784082031249994,48.69541015625],[-53.69804687499999,48.679833984374994],[-53.70634765624999,48.655517578125],[-53.774609375,48.576318359374994],[-53.79462890625,48.5263671875],[-53.88554687499999,48.4845703125],[-54.067773437499994,48.418847656249994],[-54.114453125,48.393603515624996],[-54.104248046875,48.38837890625],[-53.93701171875,48.43662109375],[-53.852734375,48.448828125],[-53.79931640625,48.44921875],[-53.73886718749999,48.49580078125],[-53.644433593749994,48.51123046875],[-53.55205078124999,48.481787109375],[-53.411328125,48.562158203124994],[-53.361083984375,48.572607421875],[-53.27543945312499,48.563330078125],[-53.22026367187499,48.577880859375],[-53.127343749999994,48.632568359375],[-53.057275390624994,48.659033203125],[-53.04267578125,48.656640624999994],[-53.027587890625,48.634716796875],[-53.020751953125,48.571630859375],[-53.0373046875,48.515869140625],[-53.060205078124994,48.480322265625],[-53.1357421875,48.40185546875],[-53.18212890625,48.374365234375],[-53.22509765625,48.364013671875],[-53.301171874999994,48.3681640625],[-53.33432617187499,48.35595703125],[-53.405517578125,48.294335937499994],[-53.531201171875,48.231884765625],[-53.609765624999994,48.20771484375],[-53.560205078124994,48.173828125],[-53.54184570312499,48.108447265624996],[-53.56943359374999,48.0880859375],[-53.704296875,48.067919921874996],[-53.71015625,48.0568359375],[-53.758203124999994,48.042382812499994],[-53.869580078125,48.019677734374994],[-53.79355468749999,48.009716796875],[-53.65302734375,48.025732421875],[-53.63823242187499,48.0146484375],[-53.657617187499994,47.968652343749994],[-53.69501953125,47.921191406249996],[-53.86166992187499,47.799267578125],[-53.863671874999994,47.787011718749994],[-53.83774414062499,47.72724609375],[-53.80537109375,47.682031249999994],[-53.76513671875,47.65009765625],[-53.67236328125,47.648242187499996],[-53.603759765625,47.6623046875],[-53.50375976562499,47.74384765625],[-53.28271484375,47.997851562499996],[-53.08544921875,48.068505859374994],[-52.92099609374999,48.1470703125],[-52.88330078125,48.131152343749996],[-52.86601562499999,48.11298828125],[-52.872021484375,48.0939453125],[-52.954980468749994,48.029296875],[-52.9982421875,47.975927734375],[-53.11083984375,47.811914062499994],[-53.15385742187499,47.7345703125],[-53.175537109375,47.652978515624994],[-53.169824218749994,47.512109374999994],[-53.157666015625,47.48779296875],[-53.122460937499994,47.455126953124996],[-53.0568359375,47.48310546875],[-52.94501953125,47.55283203125],[-52.873193359374994,47.619433593749996],[-52.81694335937499,47.727880859375],[-52.782421875,47.769433593749994],[-52.74492187499999,47.768945312499994],[-52.71142578125,47.7453125],[-52.703271484374994,47.693017578124994],[-52.67216796874999,47.62177734375],[-52.65366210937499,47.5494140625],[-52.66850585937499,47.46982421875],[-52.68364257812499,47.426318359374996],[-52.91240234374999,47.10322265625],[-52.888134765625,47.045849609375],[-52.882080078125,47.011083984375],[-52.88920898437499,46.97412109375],[-52.96171874999999,46.81943359375],[-53.03193359375,46.72275390625],[-53.069775390625,46.68125],[-53.11484374999999,46.655810546874996],[-53.1669921875,46.646484375],[-53.21367187499999,46.660498046875],[-53.2548828125,46.697705078125],[-53.29130859374999,46.717041015625],[-53.32304687499999,46.718359375],[-53.381738281249994,46.71142578125],[-53.5361328125,46.63251953125],[-53.567773437499994,46.628271484375],[-53.589794921875,46.6388671875],[-53.616357421874994,46.6802734375],[-53.595166015625,46.888476562499996],[-53.58134765624999,46.957275390625],[-53.61215820312499,47.0103515625],[-53.57963867187499,47.099414062499996],[-53.57846679687499,47.133251953125],[-53.59736328125,47.14599609375],[-53.636376953124994,47.1376953125],[-53.69536132812499,47.092919921874994],[-53.774316406249994,47.01181640625],[-53.860009765624994,46.939453125],[-54.00957031249999,46.839599609375],[-54.07602539062499,46.819970703124994],[-54.10239257812499,46.82490234375],[-54.1328125,46.83857421875],[-54.173730468749994,46.88037109375],[-54.173291015625,46.9171875],[-54.155224609375,46.96748046875],[-54.092675781249994,47.086230468749996],[-53.97050781249999,47.261962890625],[-53.869091796875,47.387011718749996],[-53.849511718749994,47.440332031249994],[-53.877880859375,47.46357421875],[-53.900830078125,47.509326171874996],[-53.93974609374999,47.644677734374994],[-53.989013671875,47.756201171875],[-54.047265624999994,47.805615234375],[-54.191845703125,47.859814453125],[-54.218408203124994,47.846728515624996],[-54.23388671875,47.7716796875],[-54.404687499999994,47.555908203125],[-54.434472656249994,47.462304687499994],[-54.45590820312499,47.427587890625],[-54.48813476562499,47.403857421874996],[-54.56254882812499,47.3751953125],[-54.542382812499994,47.425097656249996],[-54.46323242187499,47.53623046875],[-54.47392578124999,47.5470703125],[-54.57451171874999,47.457763671875],[-54.65117187499999,47.408203125],[-54.74467773437499,47.395458984375],[-54.801513671875,47.3986328125],[-54.856640625,47.385009765625],[-55.09042968749999,47.17392578125],[-55.09921874999999,47.103564453124996],[-55.1396484375,47.045947265624996],[-55.25493164062499,46.941748046875],[-55.31572265624999,46.905712890625],[-55.401269531249994,46.899267578125],[-55.47929687499999,46.917285156249996],[-55.530712890625,46.914013671875],[-55.65234375,46.8814453125],[-55.788525390625,46.867236328124996],[-55.8447265625,46.873828124999996],[-55.880615234375,46.88720703125],[-55.94990234375,46.927685546875],[-55.958203125,46.956396484375],[-55.954492187499994,46.9732421875],[-55.91923828124999,47.016894531249996],[-55.83837890625,47.071630859375],[-55.77182617187499,47.092089843749996],[-55.61005859375,47.11962890625],[-55.49150390624999,47.16064453125],[-55.40122070312499,47.221484374999996],[-55.36088867187499,47.258593749999996],[-55.190820312499994,47.448974609375],[-54.97563476562499,47.516162109374996],[-54.869531249999994,47.5708984375],[-54.795361328125,47.64033203125],[-54.784619140625,47.66474609375],[-54.891015624999994,47.6294921875],[-54.945947265624994,47.620849609375],[-55.03500976562499,47.63388671875],[-55.07456054687499,47.657568359375],[-55.19658203124999,47.650048828124994],[-55.36630859374999,47.661083984375],[-55.390771484374994,47.642871093749996],[-55.41269531249999,47.550390625],[-55.43466796874999,47.501269531249996],[-55.46064453125,47.484765624999994],[-55.49863281249999,47.475048828125],[-55.576123046875,47.465234374999994],[-55.77470703124999,47.498291015625],[-55.81137695312499,47.516357421875],[-55.862060546875,47.530078124999996],[-56.08134765624999,47.499951171875],[-56.12724609374999,47.502832031249994],[-56.08369140625,47.52451171875],[-55.867089843749994,47.592333984374996],[-55.844384765624994,47.787841796875],[-55.85791015625,47.819189453125],[-55.91845703125,47.791894531249994],[-56.02011718749999,47.763720703124996],[-56.08964843749999,47.771874999999994],[-56.12143554687499,47.78916015625],[-56.1505859375,47.77451171875],[-56.22128906249999,47.67138671875],[-56.26298828124999,47.658447265625],[-56.32578124999999,47.6544921875],[-56.45957031249999,47.616943359375],[-56.722314453124994,47.59228515625],[-56.77412109375,47.564990234374996],[-56.95249023437499,47.574462890625],[-57.47343749999999,47.631103515625],[-57.659814453124994,47.625390624999994],[-57.88408203124999,47.660009765625],[-57.925537109375,47.67490234375],[-58.23930664062499,47.668847656249994],[-58.333203125,47.67685546875],[-58.32695312499999,47.719873046874994],[-58.336865234375,47.730859374999994],[-58.42802734374999,47.683398437499996],[-58.50888671874999,47.652587890625],[-58.61313476562499,47.626220703125],[-58.941162109375,47.580468749999994],[-59.116943359375,47.570703124999994],[-59.21928710937499,47.6025390625],[-59.259765625,47.634179687499994],[-59.32065429687499,47.7369140625],[-59.36240234374999,47.865673828125],[-59.362060546875,47.888964843749996],[-59.34086914062499,47.933642578124996],[-59.27207031249999,47.995556640625],[-58.960839843749994,48.159375],[-58.710595703124994,48.325048828125],[-58.60498046875,48.411328125],[-58.50263671875,48.442041015624994],[-58.33554687499999,48.513671875],[-58.330224609374994,48.522119140624994],[-58.49223632812499,48.513037109375],[-58.60615234375,48.532861328124994],[-58.722558593749994,48.54072265625],[-58.943798828125,48.521777343749996],[-59.16679687499999,48.521777343749996],[-59.16767578125,48.558496093749994],[-59.063427734375,48.627685546875],[-58.841796875,48.746435546875],[-58.81918945312499,48.746826171875],[-58.887109374999994,48.691552734374994],[-58.9064453125,48.650195312499996],[-58.87724609374999,48.622705078124994],[-58.843408203124994,48.605322265625],[-58.716455078124994,48.598046874999994],[-58.68735351562499,48.6220703125],[-58.6416015625,48.749414062499994],[-58.54560546875,48.896874999999994],[-58.49374999999999,49.003222656249996],[-58.40366210937499,49.084326171875],[-58.35869140624999,49.096533203125],[-58.318749999999994,49.081347656249996],[-58.18613281249999,49.061914062499994],[-58.04965820312499,48.987548828125],[-58.00556640625,48.981249999999996],[-57.99052734374999,48.987939453124994],[-58.04057617187499,49.009765625],[-58.08183593749999,49.044726562499996],[-58.09892578124999,49.077441406249996],[-58.049072265625,49.179980468749996],[-57.990673828125,49.20947265625],[-57.98007812499999,49.229638671874994],[-58.096875,49.230078125],[-58.19091796875,49.258740234375],[-58.218896484374994,49.305126953125],[-58.21337890625,49.386669921875],[-58.18271484374999,49.435400390625],[-58.107421875,49.49970703125],[-58.0158203125,49.54248046875],[-57.96123046874999,49.531542968749996],[-57.85605468749999,49.473828125],[-57.79130859374999,49.489990234375],[-57.798828125,49.508544921875],[-57.8974609375,49.600390624999996],[-57.92905273437499,49.668408203125],[-57.926171874999994,49.700830078124994],[-57.71249999999999,50.02490234375],[-57.60795898437499,50.198779296874996],[-57.46552734375,50.463671874999996],[-57.4326171875,50.505810546875],[-57.36044921874999,50.583935546875],[-57.33056640625,50.60517578125],[-57.23740234374999,50.605371093749994],[-57.179589843749994,50.61484375],[-57.26416015625,50.649365234375],[-57.29443359375,50.673388671874996],[-57.297998046874994,50.69873046875],[-57.27490234375,50.72529296875],[-57.242138671875,50.744921874999996],[-57.13164062499999,50.787402343749996],[-57.05327148437499,50.857324218749994],[-57.00566406249999,50.9396484375],[-57.01274414062499,50.967724609375],[-57.0373046875,50.995654296874996],[-57.03593749999999,51.01083984375],[-56.97636718749999,51.027978515624994],[-56.825146484375,51.125732421875],[-56.80546874999999,51.144482421875],[-56.7501953125,51.27490234375],[-56.68242187499999,51.332763671875],[-56.619042968749994,51.362451171874994],[-56.517968749999994,51.399316406249994],[-56.20737304687499,51.488623046875],[-56.0255859375,51.568359375],[-55.902099609375,51.563916015625],[-55.86582031249999,51.50830078125],[-55.6904296875,51.471337890624994],[-55.659570312499994,51.511035156249996],[-55.700634765625,51.559423828125],[-55.666406249999994,51.578906249999996],[-55.521630859374994,51.59638671875],[-55.49643554687499,51.58984375],[-55.45322265624999,51.562304687499996],[-55.458740234375,51.536523437499994]]]}},{"type":"Feature","properties":{"_manaName":"Islandia","name":"Iceland","_manaColor":"#93c5fd","_manaFillOpacity":0.85,"_manaWeight":1.5,"_manaBorderColor":"#ffffff","_manaGroupName":"Islas más grandes del mundo","_manaGroupId":1,"_manaGeometryType":"polygon","_manaLabelStyle":{"enabled":true,"field":"_manaName","fontFamily":"Noto Sans, sans-serif","fontSize":10,"color":"#0f172a","fontWeight":"700","fontStyle":"normal","haloWidth":3,"haloColor":"#ffffff","opacity":0.95,"offsetX":0,"offsetY":0,"placement":"auto"},"Superficie":"103.000 km²","Población":"~370.000 hab.","País":"Islandia","Descripción":"País insular en el Atlántico norte. En la dorsal mesoatlántica, con actividad volcánica activa.","Ranking":"#16","superficie_km2":103000,"superficie_bucket":"100,000–200,000 km²"},"geometry":{"type":"Polygon","coordinates":[[[-15.543115234374994,66.228515625],[-15.428466796875,66.2248046875],[-15.240917968749983,66.259130859375],[-15.162402343749989,66.281689453125],[-14.969970703125,66.359716796875],[-14.856103515624994,66.3814453125],[-14.6806640625,66.376123046875],[-14.595849609374994,66.38154296875],[-14.593896484374994,66.373974609375],[-14.70166015625,66.34228515625],[-14.788232421874994,66.3314453125],[-14.912207031249977,66.28427734375],[-15.029980468749983,66.177880859375],[-15.117382812499983,66.125634765625],[-15.116406249999983,66.10244140625],[-15.010302734374989,66.061279296875],[-14.89404296875,66.037890625],[-14.787158203124989,66.05908203125],[-14.740429687499983,66.050830078125],[-14.698193359374983,66.02021484375],[-14.674365234374989,65.989892578125],[-14.668994140624989,65.95986328125],[-14.688232421875,65.89697265625],[-14.752539062499977,65.8337890625],[-14.839306640624983,65.780908203125],[-14.827099609374983,65.7642578125],[-14.757519531249983,65.7556640625],[-14.426220703124983,65.78994140625],[-14.391845703125,65.78740234375],[-14.372802734375,65.770361328125],[-14.369091796874983,65.738720703125],[-14.350878906249989,65.710107421875],[-14.318164062499989,65.68447265625],[-14.328369140625,65.658251953125],[-14.473388671875,65.575341796875],[-14.302294921874989,65.6275390625],[-14.166943359374983,65.64228515625],[-13.935449218749994,65.616064453125],[-13.840722656249994,65.5859375],[-13.785253906249977,65.5330078125],[-13.705126953124989,65.550537109375],[-13.670312499999994,65.54951171875],[-13.617871093749983,65.5193359375],[-13.616015624999989,65.487158203125],[-13.654443359374994,65.44130859375],[-13.667773437499989,65.398974609375],[-13.7080078125,65.381591796875],[-13.783251953124989,65.368994140625],[-13.804785156249977,65.35478515625],[-13.771630859374994,65.322509765625],[-13.722851562499983,65.290966796875],[-13.653466796874994,65.289501953125],[-13.64111328125,65.275],[-13.639550781249994,65.257470703125],[-13.64892578125,65.236962890625],[-13.671582031249983,65.2228515625],[-13.707421874999994,65.21513671875],[-13.7548828125,65.192529296875],[-13.580810546875,65.143017578125],[-13.55859375,65.124658203125],[-13.556103515624983,65.09765625],[-13.569677734374977,65.068115234375],[-13.599316406249983,65.0359375],[-13.65185546875,65.016845703125],[-13.777246093749994,65.013720703125],[-13.85400390625,64.99287109375],[-13.827832031249983,64.9580078125],[-13.829833984375,64.914013671875],[-13.852929687499994,64.862158203125],[-13.95166015625,64.783642578125],[-14.04443359375,64.74189453125],[-14.135156249999994,64.714794921875],[-14.296972656249977,64.724365234375],[-14.385107421874977,64.74521484375],[-14.375292968749989,64.67744140625],[-14.465380859374989,64.635693359375],[-14.448339843749977,64.600830078125],[-14.4169921875,64.58310546875],[-14.432568359374983,64.538330078125],[-14.475390624999989,64.493994140625],[-14.547070312499983,64.445947265625],[-14.628222656249989,64.415966796875],[-14.78955078125,64.379833984375],[-14.927392578124994,64.319677734375],[-15.021582031249977,64.2958984375],[-15.255859375,64.296923828125],[-15.494970703124977,64.258203125],[-15.832910156249994,64.17666015625],[-16.060449218749994,64.11123046875],[-16.236035156249983,64.03720703125],[-16.46806640624999,63.916357421875],[-16.640332031249983,63.865478515625],[-16.739697265624983,63.8517578125],[-16.933056640624983,63.84091796875],[-17.095117187499994,63.80810546875],[-17.633447265624994,63.74658203125],[-17.81572265624999,63.71298828125],[-17.839257812499994,63.682373046875],[-17.91484374999999,63.636376953124994],[-17.919580078124994,63.6197265625],[-17.886376953124994,63.606884765625],[-17.880273437499994,63.590185546875],[-17.946923828124994,63.5357421875],[-18.080029296874983,63.496337890625],[-18.142919921874977,63.496972656249994],[-18.21904296874999,63.530859375],[-18.252197265625,63.529687499999994],[-18.265234374999977,63.52451171875],[-18.266015624999994,63.5138671875],[-18.222265624999977,63.473193359375],[-18.302832031249977,63.454248046874994],[-18.65361328124999,63.406689453125],[-19.250195312499983,63.4419921875],[-19.486572265625,63.478515625],[-19.778271484374983,63.536572265625],[-19.95195312499999,63.55205078125],[-20.198144531249994,63.555810546874994],[-20.40043945312499,63.637109374999994],[-20.494042968749994,63.687353515625],[-20.501562499999977,63.708203125],[-20.49101562499999,63.731982421875],[-20.469970703125,63.748193359374994],[-20.4384765625,63.756982421874994],[-20.371728515624994,63.757861328125],[-20.363037109375,63.76494140625],[-20.413964843749994,63.80517578125],[-20.46269531249999,63.792138671874994],[-20.592968749999983,63.7353515625],[-20.65092773437499,63.73740234375],[-20.72705078125,63.765771484374994],[-20.729931640624983,63.793359374999994],[-20.878759765624977,63.80390625],[-21.00810546874999,63.83837890625],[-21.136572265624977,63.887939453125],[-21.15576171875,63.9068359375],[-21.09404296874999,63.934423828125],[-21.10595703125,63.939843749999994],[-21.15239257812499,63.94453125],[-21.246240234374994,63.935449218749994],[-21.387597656249994,63.872802734375],[-21.448632812499994,63.8583984375],[-22.37255859375,63.84375],[-22.606884765624983,63.837255859375],[-22.652197265624977,63.827734375],[-22.693017578124994,63.868505859375],[-22.729394531249994,63.95947265625],[-22.74296874999999,64.019384765625],[-22.733642578125,64.048388671875],[-22.701171875,64.083203125],[-22.65092773437499,64.077294921875],[-22.60307617187499,64.049609375],[-22.559814453125,64.0103515625],[-22.51005859374999,63.991455078125],[-22.187597656249977,64.039208984375],[-22.056640625,64.071337890625],[-22.0009765625,64.10185546875],[-21.935449218749994,64.153759765625],[-21.865917968749983,64.180322265625],[-21.832763671875,64.205419921875],[-21.767578125,64.28486328125],[-21.722558593749994,64.32177734375],[-21.668652343749983,64.3490234375],[-21.60600585937499,64.3666015625],[-21.463330078124983,64.379150390625],[-21.55717773437499,64.3978515625],[-21.646679687499983,64.3978515625],[-21.95122070312499,64.313916015625],[-22.053369140624994,64.313916015625],[-22.049072265625,64.327001953125],[-22.006005859374994,64.35068359375],[-21.901269531249994,64.3916015625],[-21.97319335937499,64.394677734375],[-22.000683593749983,64.41318359375],[-22.003808593749994,64.452197265625],[-21.950341796874994,64.514990234375],[-21.702392578125,64.597802734375],[-21.616650390624983,64.610009765625],[-21.59062499999999,64.6263671875],[-21.623144531249977,64.63974609375],[-21.674951171874994,64.647705078125],[-21.924414062499977,64.562548828125],[-22.10600585937499,64.533056640625],[-22.15996093749999,64.538818359375],[-22.25390625,64.571875],[-22.2841796875,64.586572265625],[-22.32470703125,64.6244140625],[-22.32011718749999,64.647216796875],[-22.233593749999983,64.71396484375],[-22.24755859375,64.726904296875],[-22.307031249999994,64.73349609375],[-22.467041015625,64.794970703125],[-22.720312499999977,64.788818359375],[-23.34697265624999,64.824365234375],[-23.476464843749994,64.80927734375],[-23.68994140625,64.75654296875],[-23.818994140624994,64.73916015625],[-23.878564453124994,64.750634765625],[-23.932763671874994,64.778515625],[-23.98198242187499,64.81611328125],[-24.02617187499999,64.863427734375],[-24.007031249999983,64.896435546875],[-23.924414062499977,64.915234375],[-23.86381835937499,64.924169921875],[-23.693212890624977,64.912744140625],[-23.485302734374983,64.945849609375],[-23.352685546874994,64.952783203125],[-23.314599609374994,64.9580078125],[-23.236523437499983,64.99326171875],[-23.197998046875,65.0021484375],[-23.137890624999983,64.989794921875],[-23.108837890624983,64.965869140625],[-22.899511718749977,65.00302734375],[-22.82768554687499,65.0216796875],[-22.819580078125,65.03310546875],[-22.7880859375,65.046484375],[-22.683984374999994,65.0263671875],[-22.599707031249977,65.025732421875],[-22.494482421874977,65.03955078125],[-22.308447265624977,65.045654296875],[-21.89213867187499,65.048779296875],[-21.829785156249983,65.0791015625],[-21.800439453124994,65.105908203125],[-21.76372070312499,65.17373046875],[-21.779980468749983,65.1876953125],[-22.039990234374983,65.125244140625],[-22.099316406249983,65.126220703125],[-22.400292968749994,65.159326171875],[-22.50908203124999,65.19677734375],[-22.47343749999999,65.22685546875],[-22.31396484375,65.2916015625],[-22.149316406249994,65.3435546875],[-21.906982421875,65.39970703125],[-21.850244140624994,65.421533203125],[-21.844384765624994,65.44736328125],[-22.005761718749994,65.49345703125],[-22.311474609374983,65.480712890625],[-22.38969726562499,65.535400390625],[-22.64360351562499,65.5677734375],[-22.812646484374994,65.547412109375],[-22.902490234374994,65.58046875],[-23.1220703125,65.534765625],[-23.60454101562499,65.468603515625],[-23.796484374999977,65.42275390625],[-23.89990234375,65.407568359375],[-24.018994140624983,65.44501953125],[-24.223974609374977,65.48720703125],[-24.454785156249983,65.500341796875],[-24.475683593749977,65.5251953125],[-24.341064453125,65.601220703125],[-24.248925781249994,65.614990234375],[-24.156103515624977,65.6080078125],[-23.97900390625,65.55498046875],[-23.85673828124999,65.53837890625],[-24.010009765625,65.6162109375],[-24.006005859374994,65.646142578125],[-24.017578125,65.69091796875],[-24.065039062499977,65.71015625],[-24.111914062499977,65.759716796875],[-24.092626953124977,65.77646484375],[-24.032421874999983,65.78232421875],[-23.909082031249994,65.765576171875],[-23.615917968749983,65.67958984375],[-23.47197265624999,65.69482421875],[-23.392968749999994,65.726513671875],[-23.285351562499983,65.75],[-23.31591796875,65.762255859375],[-23.569287109374983,65.763720703125],[-23.704736328124994,65.781201171875],[-23.77324218749999,65.80634765625],[-23.832617187499977,65.84921875],[-23.811718749999983,65.868896484375],[-23.741308593749977,65.8845703125],[-23.52495117187499,65.880029296875],[-23.66748046875,65.954296875],[-23.766552734374983,65.99697265625],[-23.77734375,66.017578125],[-23.77055664062499,66.04345703125],[-23.75712890624999,66.060791015625],[-23.737158203124977,66.06943359375],[-23.488867187499977,66.02607421875],[-23.434472656249994,66.02421875],[-23.48466796874999,66.05224609375],[-23.59355468749999,66.093408203125],[-23.598535156249994,66.108837890625],[-23.552636718749994,66.12158203125],[-23.529980468749983,66.14501953125],[-23.527929687499977,66.164404296875],[-23.452539062499994,66.181005859375],[-23.376562499999977,66.18173828125],[-23.299999999999983,66.1666015625],[-23.06254882812499,66.08623046875],[-23.028515624999983,66.063671875],[-23.017285156249983,66.033935546875],[-23.028906249999977,65.9970703125],[-23.018994140624983,65.98212890625],[-22.926220703124983,65.99482421875],[-22.852246093749983,65.979296875],[-22.815332031249994,65.98349609375],[-22.723339843749983,66.039013671875],[-22.659863281249983,66.025927734375],[-22.62158203125,65.999951171875],[-22.609716796874977,65.97646484375],[-22.60405273437499,65.944189453125],[-22.620214843749977,65.876953125],[-22.61601562499999,65.86748046875],[-22.55156249999999,65.905419921875],[-22.44169921874999,65.90830078125],[-22.42753906249999,65.927392578125],[-22.424218749999994,65.998095703125],[-22.43315429687499,66.057666015625],[-22.4453125,66.07001953125],[-22.80644531249999,66.152587890625],[-22.869238281249977,66.1720703125],[-22.947900390624994,66.212744140625],[-22.931982421874977,66.233203125],[-22.86162109374999,66.25146484375],[-22.755517578124994,66.258740234375],[-22.509374999999977,66.257763671875],[-22.48442382812499,66.26630859375],[-22.532128906249994,66.287744140625],[-22.646093749999977,66.3015625],[-22.672753906249994,66.313916015625],[-22.686230468749983,66.3376953125],[-22.82133789062499,66.32470703125],[-22.972021484374977,66.324169921875],[-23.116943359375,66.338720703125],[-23.11992187499999,66.3572265625],[-23.062695312499983,66.384375],[-22.9443359375,66.429443359375],[-22.88920898437499,66.440625],[-22.723730468749977,66.432763671875],[-22.559326171875,66.44541015625],[-22.426123046874977,66.430126953125],[-22.320458984374994,66.385498046875],[-22.17021484374999,66.30712890625],[-21.966992187499983,66.256982421875],[-21.948388671874994,66.241259765625],[-21.840234374999994,66.2001953125],[-21.62529296874999,66.089697265625],[-21.406884765624994,66.0255859375],[-21.39677734374999,66.00927734375],[-21.432714843749977,65.990087890625],[-21.51665039062499,65.967578125],[-21.497460937499994,65.955078125],[-21.387792968749977,65.93876953125],[-21.308789062499983,65.8953125],[-21.303466796875,65.87646484375],[-21.374902343749994,65.74189453125],[-21.412841796875,65.713330078125],[-21.456640624999977,65.6982421875],[-21.658447265625,65.723583984375],[-21.6103515625,65.68076171875],[-21.466259765624983,65.63515625],[-21.43364257812499,65.60966796875],[-21.45512695312499,65.58466796875],[-21.439404296874983,65.57890625],[-21.386621093749994,65.592431640625],[-21.36474609375,65.57822265625],[-21.373876953124977,65.536376953125],[-21.396337890624977,65.50166015625],[-21.43217773437499,65.474072265625],[-21.421875,65.462158203125],[-21.365478515625,65.4658203125],[-21.31254882812499,65.45869140625],[-21.22998046875,65.42060546875],[-21.162988281249994,65.304248046875],[-21.12968749999999,65.2666015625],[-21.105712890625,65.3],[-21.075585937499994,65.3849609375],[-21.047314453124983,65.428369140625],[-21.020849609374977,65.4302734375],[-20.997998046874983,65.44453125],[-20.978857421874977,65.47119140625],[-20.93974609374999,65.565185546875],[-20.804345703124994,65.63642578125],[-20.739697265624983,65.658251953125],[-20.678955078125,65.6630859375],[-20.6494140625,65.65419921875],[-20.54814453124999,65.5794921875],[-20.486523437499983,65.566943359375],[-20.454833984375,65.571044921875],[-20.411523437499994,65.621728515625],[-20.356640624999983,65.71904296875],[-20.344091796874977,65.827734375],[-20.373925781249994,65.947705078125],[-20.356591796874994,66.033251953125],[-20.292138671874994,66.084375],[-20.20751953125,66.10009765625],[-20.102685546874994,66.08046875],[-20.026074218749983,66.049267578125],[-19.874755859375,65.930126953125],[-19.752636718749983,65.8677734375],[-19.647851562499994,65.80078125],[-19.59355468749999,65.779052734375],[-19.489697265624983,65.76806640625],[-19.461816406249994,65.77236328125],[-19.443261718749994,65.787841796875],[-19.43388671874999,65.814453125],[-19.456249999999983,65.984912109375],[-19.42705078124999,66.03798828125],[-19.382958984374994,66.07568359375],[-19.1953125,66.097900390625],[-19.093212890624983,66.121533203125],[-18.993749999999977,66.1603515625],[-18.911328124999983,66.18115234375],[-18.845898437499983,66.183935546875],[-18.777539062499983,66.168798828125],[-18.706201171874994,66.1357421875],[-18.594921874999983,66.071337890625],[-18.454931640624977,65.96455078125],[-18.276953124999977,65.884716796875],[-18.18364257812499,65.7580078125],[-18.163720703124994,65.736572265625],[-18.141943359374977,65.73408203125],[-18.118408203125,65.750537109375],[-18.10332031249999,65.77392578125],[-18.099023437499994,65.8302734375],[-18.148876953124983,65.905029296875],[-18.315332031249994,66.0931640625],[-18.318212890624977,66.12880859375],[-18.29716796874999,66.157421875],[-18.179882812499983,66.160546875],[-17.906982421875,66.143310546875],[-17.81982421875,66.114111328125],[-17.63432617187499,65.999169921875],[-17.582226562499983,65.97138671875],[-17.550439453124994,65.964404296875],[-17.539013671874983,65.9783203125],[-17.467041015625,65.999658203125],[-17.417236328125,66.025537109375],[-17.33427734374999,66.0888671875],[-17.153027343749983,66.20283203125],[-17.115380859374994,66.206201171875],[-17.062451171874983,66.197216796875],[-16.96953124999999,66.1673828125],[-16.925439453124994,66.14345703125],[-16.838037109374994,66.125244140625],[-16.748437499999994,66.131640625],[-16.624755859375,66.17158203125],[-16.485009765624994,66.195947265625],[-16.437109374999977,66.2525390625],[-16.428076171874977,66.278369140625],[-16.540673828124994,66.446728515625],[-16.493359374999983,66.48115234375],[-16.24931640624999,66.522900390625],[-16.035888671875,66.52607421875],[-15.985400390624989,66.5146484375],[-15.850927734374977,66.432861328125],[-15.759765625,66.39169921875],[-15.713769531249994,66.35859375],[-15.702783203124994,66.2857421875],[-15.647363281249994,66.2587890625],[-15.543115234374994,66.228515625]]]}},{"type":"Feature","properties":{"_manaName":"Novaya Zemlya","name":"Novaya Zemlya","_manaColor":"#bfdbfe","_manaFillOpacity":0.85,"_manaWeight":1.5,"_manaBorderColor":"#ffffff","_manaGroupName":"Islas más grandes del mundo","_manaGroupId":1,"_manaGeometryType":"polygon","_manaLabelStyle":{"enabled":true,"field":"_manaName","fontFamily":"Noto Sans, sans-serif","fontSize":10,"color":"#0f172a","fontWeight":"700","fontStyle":"normal","haloWidth":3,"haloColor":"#ffffff","opacity":0.95,"offsetX":0,"offsetY":0,"placement":"auto"},"Superficie":"90.650 km²","Población":"~2.400 hab.","País":"Rusia","Descripción":"Archipiélago ruso en el Ártico. Fue sitio de pruebas nucleares soviéticas.","Ranking":"#20","superficie_km2":90650,"superficie_bucket":"< 100,000 km²"},"geometry":{"type":"Polygon","coordinates":[[[67.76533203125001,76.23759765625],[67.365234375,76.161279296875],[67.126953125,76.108154296875],[66.8931640625,76.072265625],[66.65742187500001,76.047021484375],[66.28242187500001,75.98369140625],[65.619140625,75.904638671875],[65.20156250000002,75.839453125],[64.74453125000002,75.788232421875],[64.26259765625002,75.719677734375],[63.779296875,75.672607421875],[63.65947265625002,75.66875],[63.31669921875002,75.603076171875],[63.045996093750006,75.575732421875],[62.06611328125001,75.427734375],[61.6162109375,75.31962890625],[61.48652343750001,75.31083984375],[61.35595703125,75.31484375],[61.24882812500002,75.281005859375],[61.14726562500002,75.22255859375],[60.935644531250006,75.163671875],[60.829199218750006,75.11083984375],[60.71923828125,75.068603515625],[60.655371093750006,75.055029296875],[60.533789062500006,75.05927734375],[60.4755859375,75.054736328125],[60.27685546875,75.007568359375],[60.24111328125002,74.970751953125],[60.45488281250002,74.946142578125],[60.50136718750002,74.904638671875],[60.43916015625001,74.875341796875],[60.30078125,74.83701171875],[60.22246093750002,74.79658203125],[60.080078125,74.755859375],[59.98232421875002,74.74462890625],[59.74726562500001,74.7458984375],[59.73466796875002,74.695458984375],[59.771484375,74.664453125],[59.75273437500002,74.63701171875],[59.67402343750001,74.61015625],[59.59599609375002,74.613720703125],[59.24013671875002,74.69296875],[59.18203125000002,74.665771484375],[59.15703125000002,74.61083984375],[59.146093750000006,74.551904296875],[59.10097656250002,74.50751953125],[59.04042968750002,74.485546875],[58.92822265625,74.4626953125],[58.53466796875,74.49892578125],[58.50214843750001,74.464208984375],[58.56201171875,74.421826171875],[58.64570312500001,74.32802734375],[58.6650390625,74.2892578125],[58.61787109375001,74.227392578125],[58.44140625,74.128857421875],[57.76738281250002,74.013818359375],[57.778417968750006,73.97392578125],[57.85341796875002,73.8978515625],[57.87226562500001,73.850439453125],[57.84492187500001,73.805078125],[57.755957031250006,73.769189453125],[57.65742187500001,73.7681640625],[57.60371093750001,73.77548828125],[57.44853515625002,73.825634765625],[57.313085937500006,73.838037109375],[57.29091796875002,73.81455078125],[57.46425781250002,73.746044921875],[57.542578125000006,73.658203125],[57.45976562500002,73.610302734375],[57.134375000000006,73.50439453125],[56.9638671875,73.366552734375],[56.63417968750002,73.304296875],[56.43037109375001,73.297216796875],[56.22832031250002,73.314111328125],[56.03457031250002,73.3458984375],[55.54921875000002,73.3568359375],[55.28017578125002,73.392041015625],[55.0068359375,73.453857421875],[54.768652343750006,73.4494140625],[54.56582031250002,73.418505859375],[54.299902343750006,73.3509765625],[54.13154296875001,73.481005859375],[54.20458984375,73.542041015625],[53.83867187500002,73.697119140625],[53.76289062500001,73.766162109375],[53.85136718750002,73.800537109375],[53.963476562500006,73.822314453125],[54.17402343750001,73.8857421875],[54.386328125000006,73.93564453125],[54.60566406250001,73.951318359375],[54.642675781250006,73.9595703125],[54.7333984375,74.033984375],[54.83125000000001,74.095751953125],[54.92031250000002,74.1291015625],[55.02285156250002,74.18662109375],[55.340917968750006,74.41962890625],[55.41640625000002,74.4361328125],[56.07832031250001,74.481298828125],[56.13710937500002,74.49609375],[55.94746093750001,74.5421875],[55.75175781250002,74.5412109375],[55.66152343750002,74.556103515625],[55.6103515625,74.59052734375],[55.58222656250001,74.627685546875],[55.65966796875,74.656298828125],[55.913671875000006,74.79609375],[56.217871093750006,74.897509765625],[56.49873046875001,74.957080078125],[56.42851562500002,74.97294921875],[56.34003906250001,75.0134765625],[55.998046875,75.003369140625],[55.86318359375002,75.058740234375],[55.82119140625002,75.090625],[55.81005859375,75.12490234375],[55.92070312500002,75.168359375],[56.03554687500002,75.19423828125],[56.162207031250006,75.186572265625],[56.288671875000006,75.164306640625],[56.38906250000002,75.13818359375],[56.48525390625002,75.09609375],[56.5703125,75.09775390625],[56.87626953125002,75.244384765625],[56.82929687500001,75.277734375],[56.80947265625002,75.32841796875],[56.84443359375001,75.351416015625],[56.98945312500001,75.37509765625],[57.087500000000006,75.383837890625],[57.3017578125,75.3732421875],[57.60683593750002,75.341259765625],[57.63154296875001,75.3564453125],[57.70820312500001,75.4544921875],[57.78339843750001,75.506689453125],[58.09365234375002,75.592529296875],[58.07255859375002,75.618994140625],[58.05830078125001,75.6630859375],[58.41835937500002,75.719775390625],[58.65273437500002,75.776806640625],[58.88125000000002,75.85478515625],[58.994726562500006,75.871728515625],[59.110449218750006,75.87373046875],[59.34658203125002,75.90703125],[59.78193359375001,75.945849609375],[60.0361328125,75.983837890625],[60.1181640625,76.066552734375],[60.279296875,76.096240234375],[60.60615234375001,76.108642578125],[60.730566406250006,76.104052734375],[60.80117187500002,76.068798828125],[60.94218750000002,76.0712890625],[60.99775390625001,76.0892578125],[61.05390625000001,76.119873046875],[61.03691406250002,76.16904296875],[61.03437500000001,76.232958984375],[61.15693359375001,76.27353515625],[61.20166015625,76.28203125],[61.569433593750006,76.298486328125],[61.787109375,76.291015625],[62.2373046875,76.2416015625],[62.47109375000002,76.23046875],[62.78203125000002,76.24521484375],[62.97148437500002,76.236669921875],[63.52617187500002,76.309521484375],[64.4634765625,76.378173828125],[64.7076171875,76.426025390625],[64.95000000000002,76.484326171875],[65.0728515625,76.496728515625],[65.19716796875002,76.499658203125],[65.30976562500001,76.517919921875],[65.52841796875,76.567822265625],[65.63691406250001,76.578662109375],[65.75517578125002,76.579296875],[65.862890625,76.613330078125],[65.95888671875002,76.687939453125],[66.06298828125,76.74609375],[66.34521484375,76.821044921875],[66.82880859375001,76.923828125],[67.263671875,76.96376953125],[67.53496093750002,77.007763671875],[67.65185546875,77.011572265625],[68.01728515625001,76.990625],[68.48574218750002,76.93369140625],[68.69912109375002,76.870654296875],[68.87333984375002,76.789599609375],[68.91171875,76.760546875],[68.94169921875002,76.707666015625],[68.89052734375002,76.659716796875],[68.8580078125,76.610498046875],[68.89980468750002,76.57294921875],[68.55859375,76.4494140625],[68.22236328125001,76.3134765625],[68.16542968750002,76.28486328125],[67.76533203125001,76.23759765625]]]}},{"type":"Feature","properties":{"_manaName":"Isla de Irlanda","name":"Ireland","_manaColor":"#bfdbfe","_manaFillOpacity":0.85,"_manaWeight":1.5,"_manaBorderColor":"#ffffff","_manaGroupName":"Islas más grandes del mundo","_manaGroupId":1,"_manaGeometryType":"polygon","_manaLabelStyle":{"enabled":true,"field":"_manaName","fontFamily":"Noto Sans, sans-serif","fontSize":10,"color":"#0f172a","fontWeight":"700","fontStyle":"normal","haloWidth":3,"haloColor":"#ffffff","opacity":0.95,"offsetX":0,"offsetY":0,"placement":"auto"},"Superficie":"84.421 km²","Población":"~6.900.000 hab.","País":"Irlanda/Reino Unido","Descripción":"Isla dividida entre la República de Irlanda e Irlanda del Norte (Reino Unido).","Ranking":"#17","superficie_km2":84421,"superficie_bucket":"< 100,000 km²"},"geometry":{"type":"Polygon","coordinates":[[[-7.178613281249994,55.056884765625],[-7.100634765624989,55.048291015625],[-7.03076171875,55.080615234374996],[-6.947167968749994,55.18251953125],[-6.888964843749989,55.188916015625],[-6.824853515624994,55.1806640625],[-6.698828124999977,55.19345703125],[-6.475048828124983,55.241015624999996],[-6.375292968749989,55.241796875],[-6.234228515624977,55.216845703124996],[-6.129150390625,55.2173828125],[-6.035791015624994,55.14453125],[-5.985742187499994,55.0296875],[-5.869189453124989,54.9162109375],[-5.716845703124989,54.81748046875],[-5.710742187499989,54.757080078125],[-5.765185546874989,54.724658203124996],[-5.879101562499983,54.684374999999996],[-5.878613281249983,54.64130859375],[-5.803466796875,54.663037109375],[-5.738623046874977,54.673046875],[-5.58251953125,54.663427734375],[-5.527929687499977,54.61962890625],[-5.490185546874983,54.554052734375],[-5.470410156249983,54.5001953125],[-5.48388671875,54.441650390625],[-5.52587890625,54.460205078125],[-5.568554687499983,54.51259765625],[-5.615966796875,54.53671875],[-5.671093749999983,54.549755859375],[-5.646093749999977,54.477880859375],[-5.655957031249983,54.38173828125],[-5.631884765624989,54.37265625],[-5.557812499999983,54.37099609375],[-5.606787109374977,54.27255859375],[-5.708056640624989,54.245849609375],[-5.826171875,54.23583984375],[-5.854638671874994,54.200976562499996],[-5.876074218749977,54.156054687499996],[-5.937744140625,54.0890625],[-6.01904296875,54.05126953125],[-6.119531249999994,54.058886718749996],[-6.218017578125,54.088720703125],[-6.175732421874983,54.053515624999996],[-6.156933593749983,54.017236328125],[-6.230664062499983,54.00361328125],[-6.3076171875,54.011035156249996],[-6.345166015624983,53.98720703125],[-6.347607421874983,53.94130859375],[-6.321582031249989,53.882177734375],[-6.270117187499977,53.840234375],[-6.22900390625,53.745703125],[-6.194873046874989,53.640869140625],[-6.141845703125,53.5775390625],[-6.130957031249977,53.49892578125],[-6.138769531249977,53.460302734375],[-6.129101562499983,53.390869140625],[-6.151660156249989,53.36640625],[-6.134716796874983,53.301220703125],[-6.072265625,53.166308593749996],[-6.045019531249977,53.091162109375],[-6.027392578124989,52.927099609375],[-6.071484374999983,52.865625],[-6.130664062499989,52.807275390625],[-6.169335937499994,52.738134765625],[-6.19921875,52.6634765625],[-6.217236328124983,52.543115234375],[-6.345410156249983,52.402001953125],[-6.399951171874989,52.366943359375],[-6.463183593749989,52.345361328125],[-6.324999999999989,52.2466796875],[-6.437939453124983,52.202685546874996],[-6.561083984374989,52.188818359375],[-6.697314453124989,52.213525390625],[-6.7822265625,52.210498046874996],[-6.859716796874977,52.178564453125],[-6.890234374999977,52.159228515624996],[-6.914648437499977,52.1685546875],[-6.965771484374983,52.24951171875],[-7.003271484374977,52.16591796875],[-7.081787109375,52.139306640625],[-7.216210937499994,52.144970703125],[-7.440869140624983,52.122705078125],[-7.527294921874983,52.098876953125],[-7.563183593749983,52.06162109375],[-7.58984375,52.0185546875],[-7.624902343749994,51.993115234375],[-7.66455078125,51.979736328125],[-7.837988281249977,51.947998046875],[-7.872167968749977,51.935302734375],[-7.952490234374977,51.865771484374996],[-8.057812499999983,51.8255859375],[-8.14501953125,51.813525390624996],[-8.222460937499989,51.85400390625],[-8.254296874999994,51.8783203125],[-8.290234374999983,51.890673828124996],[-8.4091796875,51.88876953125],[-8.371630859374989,51.876269531249996],[-8.347363281249983,51.847705078124996],[-8.335595703124994,51.79296875],[-8.34912109375,51.739306640624996],[-8.407812499999977,51.712060546875],[-8.477832031249989,51.70703125],[-8.588281249999994,51.6513671875],[-8.734472656249977,51.636181640625],[-8.813427734374983,51.584912109375],[-9.296484374999977,51.4982421875],[-9.323876953124994,51.497216796874994],[-9.390576171874983,51.519287109375],[-9.462890625,51.529052734375],[-9.534863281249983,51.52216796875],[-9.7373046875,51.47373046875],[-9.835351562499994,51.483349609375],[-9.710351562499994,51.6037109375],[-9.542382812499994,51.664453125],[-9.52490234375,51.681103515625],[-9.579833984375,51.689257812499996],[-9.899023437499977,51.6470703125],[-10.009912109374994,51.611132812499996],[-10.120751953124994,51.60068359375],[-10.069433593749977,51.655566406249996],[-9.926416015624994,51.730712890625],[-9.849707031249977,51.76611328125],[-9.802880859374994,51.780126953125],[-9.74951171875,51.824267578124996],[-9.598828124999983,51.8744140625],[-10.084228515625,51.77099609375],[-10.211718749999989,51.78359375],[-10.241748046874989,51.812451171875],[-10.341064453125,51.79892578125],[-10.378710937499989,51.86875],[-10.231591796874994,51.97451171875],[-10.145849609374977,52.02001953125],[-10.044042968749977,52.044580078125],[-9.946044921875,52.079833984375],[-9.90966796875,52.12294921875],[-9.955810546875,52.136669921875],[-10.24951171875,52.125732421875],[-10.390234374999977,52.134912109375],[-10.382617187499989,52.169091796875],[-10.356689453125,52.20693359375],[-10.2109375,52.2716796875],[-10.132080078125,52.282080078125],[-10.061767578125,52.275927734374996],[-9.993115234374983,52.259326171874996],[-9.937304687499989,52.237646484375],[-9.772119140624994,52.25009765625],[-9.841064453125,52.291455078125],[-9.853222656249983,52.37548828125],[-9.906054687499989,52.4037109375],[-9.838476562499977,52.442675781249996],[-9.761132812499994,52.466357421874996],[-9.632226562499994,52.546923828124996],[-9.586328124999994,52.5591796875],[-9.331249999999983,52.578759765625],[-9.05615234375,52.621142578124996],[-8.783447265625,52.679638671875],[-8.923291015624983,52.7123046875],[-8.990283203124989,52.755419921874996],[-9.097900390625,52.668261718749996],[-9.175390624999977,52.634912109375],[-9.394238281249983,52.61708984375],[-9.463476562499977,52.626904296875],[-9.56103515625,52.653955078125],[-9.591357421874989,52.64365234375],[-9.619531249999994,52.62275390625],[-9.764355468749983,52.57998046875],[-9.916601562499977,52.5697265625],[-9.739599609374977,52.648193359375],[-9.514990234374977,52.78115234375],[-9.464892578124989,52.823193359375],[-9.393652343749977,52.896240234375],[-9.415722656249983,52.928759765624996],[-9.461962890624989,52.947265625],[-9.299218749999994,53.09755859375],[-9.241894531249983,53.124853515625],[-9.137597656249994,53.129248046875],[-9.061132812499977,53.153076171875],[-9.027441406249977,53.153173828125],[-8.997167968749977,53.162060546875],[-8.930126953124983,53.207080078124996],[-9.033544921874977,53.2357421875],[-9.140332031249983,53.25048828125],[-9.470751953124989,53.23486328125],[-9.514208984374989,53.238232421875],[-9.55517578125,53.25205078125],[-9.581738281249983,53.27197265625],[-9.601757812499983,53.323046874999996],[-9.6259765625,53.33447265625],[-9.700585937499994,53.33447265625],[-9.774072265624994,53.31884765625],[-9.825390624999983,53.320361328124996],[-9.875781249999989,53.342724609375],[-9.79541015625,53.394970703125],[-9.899023437499977,53.407275390624996],[-10.00390625,53.397021484374996],[-10.091259765624983,53.412841796875],[-10.093994140625,53.445605468749996],[-10.054394531249983,53.478320312499996],[-10.106249999999989,53.509326171874996],[-10.116992187499989,53.54853515625],[-10.061718749999983,53.567822265625],[-10.001367187499994,53.56142578125],[-9.878271484374977,53.5904296875],[-9.720654296874983,53.6044921875],[-9.855859374999994,53.633105468749996],[-9.909716796874989,53.6576171875],[-9.912304687499983,53.695117187499996],[-9.901611328125,53.727197265625],[-9.745068359374983,53.781494140625],[-9.578222656249977,53.805419921875],[-9.590527343749983,53.841162109375],[-9.578857421875,53.879833984375],[-9.747509765624983,53.891015625],[-9.9140625,53.863720703125],[-9.896240234375,53.93759765625],[-9.856347656249994,54.004296875],[-9.848486328124977,54.048291015625],[-9.8564453125,54.095361328125],[-9.934472656249994,54.075244140624996],[-9.943603515625,54.1416015625],[-9.977099609374989,54.187109375],[-10.092675781249994,54.15576171875],[-10.089697265624977,54.2158203125],[-10.056396484375,54.2578125],[-9.995947265624977,54.276025390625],[-9.935937499999994,54.268115234374996],[-9.824560546874977,54.268896484375],[-9.717138671874977,54.300439453125],[-9.562304687499989,54.308544921875],[-9.315527343749977,54.298632812499996],[-9.145898437499994,54.209619140625],[-9.102099609374989,54.225537109375],[-9.034277343749977,54.281787109374996],[-9.00244140625,54.28798828125],[-8.746777343749983,54.263476562499996],[-8.588037109374994,54.231103515625],[-8.545556640624994,54.2412109375],[-8.568457031249977,54.30361328125],[-8.623144531249977,54.346875],[-8.554443359375,54.403564453125],[-8.470996093749989,54.441943359374996],[-8.415234374999983,54.461083984375],[-8.286523437499994,54.48486328125],[-8.230371093749994,54.507275390625],[-8.192968749999977,54.580126953124996],[-8.133447265624994,54.6408203125],[-8.45654296875,54.60927734375],[-8.763916015625,54.681201171874996],[-8.715185546874977,54.73203125],[-8.650292968749994,54.760888671875],[-8.538281249999983,54.782958984375],[-8.527685546874977,54.80947265625],[-8.470996093749989,54.83154296875],[-8.377294921874977,54.889453124999996],[-8.411718749999977,54.965087890625],[-8.393261718749983,55.02041015625],[-8.325781249999977,55.056445312499996],[-8.3046875,55.108203124999996],[-8.274609374999983,55.146289062499996],[-8.1376953125,55.159912109375],[-8.006103515625,55.1953125],[-7.958593749999977,55.19189453125],[-7.803173828124983,55.200048828125],[-7.750537109374989,55.185791015625],[-7.762548828124977,55.248339843749996],[-7.667089843749977,55.256494140625],[-7.629785156249994,55.243994140625],[-7.613378906249977,55.199658203125],[-7.570019531249983,55.17138671875],[-7.556640625,55.122216796875],[-7.585693359375,55.084228515625],[-7.63427734375,55.054980468749996],[-7.58984375,55.025048828125],[-7.658740234374989,54.970947265625],[-7.584374999999994,54.993994140625],[-7.478417968749994,55.04697265625],[-7.483935546874989,55.090283203125],[-7.501953125,55.1447265625],[-7.531445312499983,55.19384765625],[-7.517871093749989,55.24794921875],[-7.458300781249989,55.281787109374996],[-7.3017578125,55.298779296875],[-7.365966796875,55.360205078125],[-7.308789062499983,55.3658203125],[-7.246679687499977,55.35302734375],[-7.155322265624989,55.30517578125],[-7.060253906249983,55.267626953124996],[-6.961669921875,55.237890625],[-7.056396484375,55.1783203125],[-7.1728515625,55.137011718749996],[-7.218652343749994,55.0919921875],[-7.178613281249994,55.056884765625]]]}},{"type":"Feature","properties":{"_manaName":"Isla de Hokkaido","name":"Hokkaido","_manaColor":"#bfdbfe","_manaFillOpacity":0.85,"_manaWeight":1.5,"_manaBorderColor":"#ffffff","_manaGroupName":"Islas más grandes del mundo","_manaGroupId":1,"_manaGeometryType":"polygon","_manaLabelStyle":{"enabled":true,"field":"_manaName","fontFamily":"Noto Sans, sans-serif","fontSize":10,"color":"#0f172a","fontWeight":"700","fontStyle":"normal","haloWidth":3,"haloColor":"#ffffff","opacity":0.95,"offsetX":0,"offsetY":0,"placement":"auto"},"Superficie":"83.424 km²","Población":"~5.300.000 hab.","País":"Japón","Descripción":"La isla más septentrional de Japón. Naturaleza virgen y inviernos nevados.","Ranking":"#18","superficie_km2":83424,"superficie_bucket":"< 100,000 km²"},"geometry":{"type":"Polygon","coordinates":[[[143.82431640625003,44.116992187499996],[143.94951171875005,44.1119140625],[144.00546875000003,44.116650390625],[144.10136718750005,44.1015625],[144.48183593750002,43.949560546875],[144.5966796875,43.930224609374996],[144.71523437500002,43.927978515625],[144.79853515625,43.940234374999996],[144.87187500000005,43.98193359375],[145.1015625,44.166162109374994],[145.3427734375,44.333886718749994],[145.36953125000002,44.327392578125],[145.36962890625,44.281298828124996],[145.35195312500002,44.229785156249996],[145.24521484375003,44.076171875],[145.12636718750002,43.869384765625],[145.10107421875,43.764550781249994],[145.1396484375,43.662499999999994],[145.2140625,43.57822265625],[145.27294921875,43.462890625],[145.3408203125,43.302539062499996],[145.43613281250003,43.2822265625],[145.48789062500003,43.279736328125],[145.58330078125005,43.327783203124994],[145.67363281250005,43.3888671875],[145.75126953125005,43.396289062499996],[145.8330078125,43.3859375],[145.7255859375,43.34345703125],[145.62421875,43.291308593749996],[145.53740234375005,43.192675781249996],[145.505078125,43.174218749999994],[145.40478515625,43.1802734375],[145.34746093750005,43.176708984375],[145.23007812500003,43.135498046875],[145.1271484375,43.0888671875],[145.02880859375,43.031640624999994],[144.92138671875,43.000927734375],[144.80712890625,42.993701171874996],[144.63076171875002,42.946923828124994],[144.51621093750003,42.943603515625],[144.30156250000005,42.984423828124996],[144.197265625,42.9736328125],[143.96933593750003,42.881396484374996],[143.76210937500002,42.74814453125],[143.58095703125002,42.59873046875],[143.42949218750005,42.418896484375],[143.36865234375,42.325146484375],[143.33212890625003,42.220361328124994],[143.3271484375,42.151025390624994],[143.313671875,42.084326171875],[143.27871093750002,42.037841796875],[143.2365234375,42.0001953125],[143.11171875000002,42.022216796875],[142.90634765625003,42.118359375],[142.50820312500002,42.257958984374994],[142.087890625,42.471728515624996],[141.85136718750005,42.579052734375],[141.40664062500002,42.546923828124996],[140.98613281250005,42.342138671875],[140.9484375,42.3595703125],[140.78759765625,42.5],[140.70976562500005,42.555615234375],[140.61679687500003,42.571337890624996],[140.54765625000005,42.56953125],[140.48046875,42.559374999999996],[140.38544921875,42.487158203125],[140.3505859375,42.435107421874996],[140.32353515625005,42.37607421875],[140.31523437500005,42.334277343749996],[140.32666015625,42.293359374999994],[140.41660156250003,42.200732421874996],[140.5275390625,42.131787109375],[140.57773437500003,42.11865234375],[140.68427734375,42.123486328125],[140.73378906250002,42.116357421874994],[140.9123046875,41.977783203125],[141.10771484375005,41.848046874999994],[141.15097656250003,41.805078124999994],[141.07871093750003,41.759814453124996],[140.99951171875,41.73740234375],[140.90751953125005,41.74326171875],[140.81640625,41.760400390624994],[140.65986328125,41.815576171874994],[140.59296875,41.7685546875],[140.48916015625002,41.672167968749996],[140.431640625,41.5673828125],[140.3849609375,41.519287109375],[140.27011718750003,41.456005859375],[140.1486328125,41.423242187499994],[140.08515625,41.43408203125],[140.03662109375,41.473779296874994],[140.00917968750002,41.521337890625],[139.9953125,41.576416015625],[140.02128906250005,41.695751953125],[140.0841796875,41.80322265625],[140.1083984375,41.912939453125],[140.0568359375,42.067333984375],[140.02412109375,42.099560546875],[139.89511718750003,42.1900390625],[139.83544921875,42.278076171875],[139.82089843750003,42.387597656249994],[139.82851562500002,42.448144531249994],[139.86015625000005,42.58173828125],[139.89111328125,42.649218749999996],[139.95058593750002,42.671435546874996],[140.01503906250002,42.684765625],[140.11464843750002,42.732958984374996],[140.22412109375,42.7955078125],[140.32861328125,42.866845703124994],[140.43222656250003,42.9541015625],[140.48642578125003,43.04990234375],[140.3974609375,43.167333984375],[140.37929687500002,43.237109374999996],[140.39238281250005,43.303124999999994],[140.48691406250003,43.338183593749996],[140.58457031250003,43.31171875],[140.78066406250002,43.214990234374994],[140.81914062500005,43.205468749999994],[140.95380859375,43.200976562499996],[141.13818359375,43.179931640625],[141.24501953125002,43.18505859375],[141.29628906250002,43.199658203125],[141.37412109375003,43.279638671875],[141.4123046875,43.381494140624994],[141.39833984375002,43.512499999999996],[141.39765625,43.642626953124996],[141.44677734375,43.7486328125],[141.60068359375003,43.918994140624996],[141.6447265625,44.019433593749994],[141.66083984375,44.263623046875],[141.71630859375,44.37119140625],[141.7609375,44.48251953125],[141.7822265625,44.716357421874996],[141.71904296875005,44.941064453124994],[141.65576171875,45.051220703125],[141.5830078125,45.15595703125],[141.59375,45.25595703125],[141.6525390625,45.3486328125],[141.65400390625,45.3765625],[141.66796875,45.401269531249994],[141.77812500000005,45.418896484375],[141.82949218750002,45.438769531249996],[141.87871093750005,45.483300781249994],[141.9376953125,45.509521484375],[141.98085937500002,45.48349609375],[142.01640625000005,45.437939453125],[142.17158203125,45.325634765625],[142.416015625,45.125],[142.7041015625,44.819189453125],[142.884765625,44.6701171875],[143.07509765625002,44.534912109375],[143.28857421875,44.396630859374994],[143.5119140625,44.2775390625],[143.65458984375005,44.221337890624994],[143.75908203125005,44.131640624999996],[143.82431640625003,44.116992187499996]]]}},{"type":"Feature","properties":{"_manaName":"Sakhalin","name":"Sakhalin","_manaColor":"#bfdbfe","_manaFillOpacity":0.85,"_manaWeight":1.5,"_manaBorderColor":"#ffffff","_manaGroupName":"Islas más grandes del mundo","_manaGroupId":1,"_manaGeometryType":"polygon","_manaLabelStyle":{"enabled":true,"field":"_manaName","fontFamily":"Noto Sans, sans-serif","fontSize":10,"color":"#0f172a","fontWeight":"700","fontStyle":"normal","haloWidth":3,"haloColor":"#ffffff","opacity":0.95,"offsetX":0,"offsetY":0,"placement":"auto"},"Superficie":"72.492 km²","Población":"~670.000 hab.","País":"Rusia","Descripción":"Isla rusa frente a la costa de Siberia. Historia compartida entre Rusia y Japón.","Ranking":"#19","superficie_km2":72492,"superficie_bucket":"< 100,000 km²"},"geometry":{"type":"Polygon","coordinates":[[[142.76103515625005,54.3939453125],[142.97617187500003,54.140966796875],[142.98593750000003,54.085693359375],[142.96708984375005,54.02880859375],[142.92656250000005,53.955615234374996],[142.91142578125005,53.878369140625],[142.93642578125002,53.8109375],[142.91796875,53.794238281249996],[143.09550781250005,53.488671875],[143.2236328125,53.296044921875],[143.2599609375,53.21728515625],[143.28789062500005,53.134375],[143.32470703125,52.9630859375],[143.33261718750003,52.700048828125],[143.32363281250002,52.613574218749996],[143.2951171875,52.529150390625],[143.26425781250003,52.478662109375],[143.20097656250005,52.442919921874996],[143.17226562500002,52.349365234375],[143.15556640625005,52.083740234375],[143.190625,51.944482421875],[143.25058593750003,51.847900390625],[143.29472656250005,51.7443359375],[143.29951171875,51.632373046874996],[143.3205078125,51.583251953125],[143.41777343750005,51.52060546875],[143.45546875000002,51.471484374999996],[143.46738281250003,51.401904296874996],[143.47294921875005,51.299218749999994],[143.48876953125,51.27705078125],[143.5341796875,51.2462890625],[143.73603515625,50.506738281249994],[143.81601562500003,50.282617187499994],[144.04794921875003,49.895751953125],[144.14130859375,49.661474609375],[144.19960937500002,49.549755859375],[144.23994140625,49.432031249999994],[144.27207031250003,49.311328124999996],[144.34121093750002,49.180517578125],[144.43173828125003,49.051074218749996],[144.60683593750002,48.935839843749996],[144.685546875,48.871240234374994],[144.70664062500003,48.81953125],[144.71376953125002,48.640283203124994],[144.67265625000005,48.678564453125],[144.62099609375002,48.814843749999994],[144.536328125,48.8935546875],[144.41181640625,48.986376953124996],[144.28378906250003,49.069775390625],[144.12548828125,49.208544921874996],[144.04873046875002,49.249169921874994],[143.9677734375,49.276318359375],[143.81914062500005,49.30859375],[143.73232421875002,49.31201171875],[143.38222656250002,49.290673828124994],[143.236328125,49.262841796874994],[143.10498046875,49.198828125],[143.02685546875,49.105419921875],[142.9716796875,48.917773437499996],[142.65097656250003,48.246874999999996],[142.57421875,48.072167968749994],[142.5458984375,47.884912109374994],[142.55693359375005,47.737890625],[142.57900390625002,47.683984374999994],[142.6701171875,47.536914062499996],[142.74541015625005,47.452392578125],[142.80078125,47.416162109374994],[142.86396484375,47.391796875],[142.90546875,47.361865234374996],[142.94033203125002,47.32275390625],[143.00556640625,47.222705078124996],[143.08925781250002,47.000781249999996],[143.1779296875,46.844042968749996],[143.21767578125002,46.794873046875],[143.31865234375005,46.807373046875],[143.38437500000003,46.8056640625],[143.447265625,46.7919921875],[143.48564453125005,46.75205078125],[143.54033203125005,46.575097656249994],[143.57871093750003,46.406054687499996],[143.58066406250003,46.360693359375],[143.50859375000005,46.23017578125],[143.49062500000002,46.174609374999996],[143.48232421875002,46.1158203125],[143.46347656250003,46.069482421874994],[143.431640625,46.028662109375],[143.41865234375,46.222021484375],[143.3703125,46.35849609375],[143.35214843750003,46.476220703124994],[143.28232421875003,46.558984374999994],[143.0478515625,46.592626953125],[142.829296875,46.605273437499996],[142.79550781250003,46.62021484375],[142.74736328125005,46.670654296875],[142.69189453125,46.710839843749994],[142.6357421875,46.716210937499994],[142.57802734375002,46.70078125],[142.47880859375005,46.64423828125],[142.4064453125,46.5546875],[142.35000000000002,46.45869140625],[142.30400390625005,46.357568359374994],[142.20859375000003,46.0888671875],[142.14970703125005,45.999267578125],[142.0771484375,45.917041015624996],[142.015625,45.96162109375],[141.96162109375,46.013476562499996],[141.92998046875005,46.088281249999994],[141.91630859375005,46.170751953125],[141.83037109375005,46.451074218749994],[141.86650390625005,46.694189453125],[142.01103515625005,47.030322265624996],[142.03867187500003,47.140283203124994],[142.01689453125005,47.244677734374996],[141.98417968750005,47.347705078124996],[141.96250000000003,47.543798828125],[141.9640625,47.587451171874996],[142.015625,47.700634765625],[142.07597656250005,47.808349609375],[142.14921875000005,47.902148437499996],[142.18173828125003,48.01337890625],[142.13535156250003,48.290087890624996],[142.02871093750002,48.477099609374996],[141.89726562500005,48.654687499999994],[141.873046875,48.701953124999996],[141.86630859375003,48.75009765625],[141.97958984375003,48.97216796875],[142.02011718750003,49.078466796875],[142.06650390625003,49.312060546874996],[142.10869140625005,49.4396484375],[142.14228515625,49.569140624999996],[142.15312500000005,50.216748046875],[142.14306640625,50.312109375],[142.07109375000005,50.514990234375],[142.06601562500003,50.63046875],[142.10048828125002,50.77646484375],[142.14726562500005,50.890185546874996],[142.20791015625002,50.998486328125],[142.20673828125,51.222558593749994],[142.09072265625002,51.42939453125],[142.00595703125003,51.5205078125],[141.87294921875002,51.630029296875],[141.77187500000002,51.690185546875],[141.72236328125,51.736328125],[141.77187500000002,51.751806640625],[141.80810546875,51.789208984375],[141.72099609375005,51.84677734375],[141.66845703125,51.933349609375],[141.66083984375,52.27294921875],[141.68242187500005,52.359130859375],[141.74755859375,52.454833984375],[141.80332031250003,52.555615234375],[141.85556640625003,52.793505859374996],[141.87363281250003,53.038916015625],[141.8388671875,53.138476562499996],[141.82353515625005,53.339501953125],[141.85244140625002,53.389453124999996],[141.96445312500003,53.456396484375],[142.14199218750002,53.49560546875],[142.1798828125,53.484033203125],[142.31894531250003,53.40546875],[142.37050781250002,53.4025390625],[142.4240234375,53.4107421875],[142.52617187500005,53.4474609375],[142.58349609375,53.536767578125],[142.50917968750002,53.58759765625],[142.55253906250005,53.652636718749996],[142.67958984375002,53.674365234374996],[142.68886718750002,53.73017578125],[142.64287109375005,53.736767578125],[142.68300781250002,53.816015625],[142.70595703125002,53.895703125],[142.67021484375005,53.968408203125],[142.46660156250005,54.14853515625],[142.3349609375,54.280712890625],[142.55166015625002,54.278955078125],[142.61562500000002,54.30361328125],[142.6662109375,54.358203124999996],[142.69277343750002,54.41611328125],[142.76103515625005,54.3939453125]]]}},{"type":"Feature","properties":{"_manaName":"Tierra del Fuego","name":"Tierra del Fuego","_manaColor":"#bfdbfe","_manaFillOpacity":0.85,"_manaWeight":1.5,"_manaBorderColor":"#ffffff","_manaGroupName":"Islas más grandes del mundo","_manaGroupId":1,"_manaGeometryType":"polygon","_manaLabelStyle":{"enabled":true,"field":"_manaName","fontFamily":"Noto Sans, sans-serif","fontSize":10,"color":"#0f172a","fontWeight":"700","fontStyle":"normal","haloWidth":3,"haloColor":"#ffffff","opacity":0.95,"offsetX":0,"offsetY":0,"placement":"auto"},"Superficie":"48.100 km²","Población":"~130.000 hab.","País":"Chile/Argentina","Descripción":"Isla en el extremo sur de Sudamérica. Dividida entre Chile y Argentina.","Ranking":"#21","superficie_km2":48100,"superficie_bucket":"< 100,000 km²"},"geometry":{"type":"Polygon","coordinates":[[[-69.16704101562499,-52.667578125000006],[-69.07993164062499,-52.67431640625],[-68.789794921875,-52.576757812500006],[-68.75751953125,-52.58203125],[-68.65922851562499,-52.63154296875001],[-68.62993164062499,-52.65263671875002],[-68.57119140625,-52.694921875000006],[-68.33876953125,-52.90009765625001],[-68.27822265625,-52.983984375000006],[-68.24013671875,-53.08183593750002],[-68.3330078125,-53.019628906250006],[-68.43115234375,-53.055273437500006],[-68.4794921875,-53.11376953125],[-68.52080078124999,-53.17724609375],[-68.5205078125,-53.22187500000001],[-68.488525390625,-53.26093750000001],[-68.39311523437499,-53.294921875],[-68.1611328125,-53.30644531250002],[-68.14409179687499,-53.31904296875001],[-68.00849609375,-53.564062500000006],[-67.94028320312499,-53.618750000000006],[-67.861083984375,-53.662207031250006],[-67.678125,-53.787109375],[-67.502587890625,-53.921972656250006],[-67.29423828124999,-54.0498046875],[-67.069482421875,-54.148046875000006],[-66.86513671875,-54.222558593749994],[-66.670068359375,-54.313574218750006],[-66.46201171874999,-54.441015625000006],[-66.23564453124999,-54.53349609375002],[-65.992578125,-54.59892578125002],[-65.7470703125,-54.653417968750006],[-65.369287109375,-54.63212890625002],[-65.251953125,-54.638085937499994],[-65.17900390624999,-54.678124999999994],[-65.25234375,-54.78886718750002],[-65.34599609374999,-54.8779296875],[-65.471142578125,-54.914648437500006],[-65.60332031249999,-54.928124999999994],[-65.72275390624999,-54.926367187500006],[-65.8419921875,-54.90996093750002],[-65.953759765625,-54.919335937499994],[-66.06064453124999,-54.95673828125001],[-66.172021484375,-54.97529296875001],[-66.286767578125,-54.97773437500001],[-66.398681640625,-55.009375000000006],[-66.5111328125,-55.032128906249994],[-66.627685546875,-55.013281250000006],[-66.93046874999999,-54.924902343750006],[-67.127099609375,-54.90380859375],[-67.79326171874999,-54.86865234375],[-68.00712890624999,-54.84843750000002],[-68.2201171875,-54.81757812500001],[-68.331689453125,-54.816308593749994],[-68.49101562499999,-54.83623046875002],[-68.61865234375,-54.83378906250002],[-68.65322265625,-54.853613281250006],[-68.803857421875,-54.853613281250006],[-68.84355468749999,-54.87675781250002],[-69.08164062499999,-54.90986328125001],[-69.486279296875,-54.85888671875],[-69.587548828125,-54.81279296875002],[-69.72343749999999,-54.71210937500001],[-69.77182617187499,-54.739160156249994],[-69.89946289062499,-54.781835937500006],[-70.030517578125,-54.815527343750006],[-70.1380859375,-54.819238281249994],[-70.23779296875,-54.77753906250001],[-70.25908203124999,-54.75634765625],[-70.28173828125,-54.75175781250002],[-70.49716796874999,-54.8095703125],[-70.73515624999999,-54.750585937500006],[-70.92470703125,-54.71435546875],[-71.229248046875,-54.69414062500002],[-71.44091796875,-54.61962890625],[-71.83154296875,-54.62617187500001],[-71.9015625,-54.6015625],[-71.927734375,-54.528710937499994],[-71.906982421875,-54.49482421875001],[-71.8234375,-54.47441406250002],[-71.80014648437499,-54.433984374999994],[-71.7158203125,-54.44365234375002],[-71.60629882812499,-54.497167968750006],[-71.57275390625,-54.49531250000001],[-71.500390625,-54.444921875000006],[-71.39340820312499,-54.40019531250002],[-71.355224609375,-54.395410156249994],[-71.158837890625,-54.450585937499994],[-71.07993164062499,-54.444238281249994],[-70.966455078125,-54.419531250000006],[-70.94619140625,-54.398046875000006],[-70.928173828125,-54.36005859375001],[-70.89824218749999,-54.337890625],[-70.797265625,-54.327246093750006],[-70.69882812499999,-54.34882812500001],[-70.68754882812499,-54.41474609375001],[-70.701123046875,-54.485449218750006],[-70.572998046875,-54.50439453125],[-70.417919921875,-54.50224609375002],[-70.310986328125,-54.52851562500001],[-70.29765624999999,-54.48554687500001],[-70.46831054687499,-54.37324218750001],[-70.539990234375,-54.30341796875001],[-70.6361328125,-54.262304687500006],[-70.75986328124999,-54.241308593750006],[-70.86308593749999,-54.110449218750006],[-70.85673828124999,-53.99580078125001],[-70.86772460937499,-53.884179687499994],[-70.644482421875,-53.822851562500006],[-70.69560546874999,-53.727441406249994],[-70.61874999999999,-53.65507812500002],[-70.53129882812499,-53.627343749999994],[-70.44316406249999,-53.893457031249994],[-70.37973632812499,-53.986718749999994],[-70.46054687499999,-54.00566406250002],[-70.629833984375,-54.00556640625001],[-70.535302734375,-54.136132812499994],[-70.37998046874999,-54.1806640625],[-70.24609375,-54.277441406250006],[-70.243359375,-54.34765625],[-70.16899414062499,-54.379296874999994],[-69.99013671875,-54.38134765625],[-69.86699218749999,-54.36748046875002],[-69.80908203125,-54.32080078125],[-69.741845703125,-54.30585937500001],[-69.62167968749999,-54.36406250000002],[-69.41928710937499,-54.407128906249994],[-69.36479492187499,-54.437597656250006],[-69.32509765625,-54.488183593749994],[-69.3224609375,-54.54267578125001],[-69.31206054687499,-54.57148437500001],[-69.253173828125,-54.55742187500002],[-69.169189453125,-54.483300781249994],[-69.127880859375,-54.457617187500006],[-69.07724609374999,-54.44501953125001],[-69.04521484374999,-54.42841796875001],[-69.0443359375,-54.40673828125],[-69.19565429687499,-54.354394531249994],[-69.98813476562499,-54.10908203125001],[-70.085595703125,-54.011132812499994],[-70.151123046875,-53.888085937499994],[-70.148828125,-53.761132812499994],[-70.09111328124999,-53.721777343750006],[-69.94970703125,-53.67158203125001],[-69.68974609374999,-53.60087890625002],[-69.38994140624999,-53.499414062499994],[-69.35244140625,-53.47998046875],[-69.35595703125,-53.41630859375002],[-69.3935546875,-53.373437499999994],[-69.51254882812499,-53.34199218750001],[-69.63701171874999,-53.334082031250006],[-69.755615234375,-53.33720703125002],[-69.87412109374999,-53.350488281249994],[-70.09038085937499,-53.41816406250001],[-70.212841796875,-53.413964843749994],[-70.329296875,-53.37763671875001],[-70.415673828125,-53.304785156250006],[-70.46025390624999,-53.20625000000001],[-70.4599609375,-53.14335937500002],[-70.443359375,-53.085546875000006],[-70.39067382812499,-53.026464843750006],[-70.32001953125,-53.00068359375001],[-70.25634765625,-53.00410156250001],[-70.196484375,-52.990234375],[-70.160888671875,-52.96992187500001],[-70.130615234375,-52.942773437499994],[-70.13955078125,-52.919335937499994],[-70.162744140625,-52.899023437500006],[-70.2591796875,-52.85722656250002],[-70.29736328125,-52.816992187500006],[-70.380126953125,-52.751953125],[-70.334912109375,-52.733789062499994],[-70.1896484375,-52.7236328125],[-70.08823242187499,-52.7685546875],[-69.9935546875,-52.8212890625],[-69.93544921875,-52.82109375000002],[-69.883203125,-52.79902343750001],[-69.76357421875,-52.731347656249994],[-69.66328125,-52.64628906250002],[-69.57187499999999,-52.54931640625],[-69.49838867187499,-52.49140625000001],[-69.4140625,-52.486230468749994],[-69.16704101562499,-52.667578125000006]]]}},{"type":"Feature","properties":{"_manaName":"Isla de Spitsbergen","name":"Spitsbergen","_manaColor":"#bfdbfe","_manaFillOpacity":0.85,"_manaWeight":1.5,"_manaBorderColor":"#ffffff","_manaGroupName":"Islas más grandes del mundo","_manaGroupId":1,"_manaGeometryType":"polygon","_manaLabelStyle":{"enabled":true,"field":"_manaName","fontFamily":"Noto Sans, sans-serif","fontSize":10,"color":"#0f172a","fontWeight":"700","fontStyle":"normal","haloWidth":3,"haloColor":"#ffffff","opacity":0.95,"offsetX":0,"offsetY":0,"placement":"auto"},"Superficie":"37.673 km²","Población":"~2.600 hab.","País":"Noruega","Descripción":"Isla principal del archipiélago de Svalbard, Noruega. Estación polar e investigación.","Ranking":"#22","superficie_km2":37673,"superficie_bucket":"< 100,000 km²"},"geometry":{"type":"Polygon","coordinates":[[[16.786718750000006,79.90673828125],[16.838476562500006,79.90478515625],[16.888964843750017,79.9154296875],[16.925585937500017,79.94345703125],[16.966406250000006,79.958935546875],[17.21943359375001,79.940771484375],[17.578222656250006,79.88466796875],[17.68476562500001,79.85703125],[17.834570312500006,79.800048828125],[17.956152343750006,79.704248046875],[17.859765625000023,79.635009765625],[17.73261718750001,79.56953125],[17.6875,79.533349609375],[17.733984375000006,79.48134765625],[17.71503906250001,79.43076171875],[17.668750000000017,79.3859375],[17.86103515625001,79.437060546875],[18.272070312500006,79.6005859375],[18.333300781250017,79.610693359375],[18.397363281250023,79.60517578125],[18.581445312500023,79.57158203125],[18.748437500000023,79.48818359375],[18.785253906250006,79.460595703125],[18.815234375000017,79.42666015625],[18.832421875000023,79.384765625],[18.82294921875001,79.336669921875],[18.807421875000017,79.303173828125],[18.720019531250017,79.281494140625],[18.677832031250006,79.26171875],[18.772265625000017,79.26025390625],[18.88007812500001,79.23427734375],[18.97900390625,79.179150390625],[19.089453125000006,79.15703125],[19.490234375,79.17568359375],[19.750878906250023,79.146826171875],[19.8935546875,79.056201171875],[20.11376953125,79.076708984375],[20.11445312500001,79.125],[20.162695312500006,79.145654296875],[20.45820312500001,79.129248046875],[20.61103515625001,79.106640625],[20.767187500000006,79.059130859375],[20.50068359375001,78.981396484375],[20.720312500000006,78.906689453125],[21.089648437500017,78.85263671875],[21.31220703125001,78.795849609375],[21.3525390625,78.772021484375],[21.388769531250006,78.7404296875],[21.243945312500017,78.6994140625],[21.096289062500006,78.67626953125],[20.72480468750001,78.672314453125],[20.387011718750017,78.64326171875],[19.76875000000001,78.622705078125],[19.6767578125,78.6095703125],[19.65498046875001,78.5978515625],[19.618554687500023,78.562158203125],[19.380664062500017,78.47978515625],[19.150488281250006,78.37939453125],[19.0556640625,78.3189453125],[18.983789062500023,78.234228515625],[18.957617187500006,78.182470703125],[19.008691406250023,78.132275390625],[18.9951171875,78.081494140625],[18.822070312500017,78.04169921875],[18.712304687500023,78.040087890625],[18.574609375000023,78.047998046875],[18.439257812500017,78.025048828125],[18.4306640625,77.990576171875],[18.43867187500001,77.942041015625],[18.40400390625001,77.7939453125],[18.361914062500006,77.682275390625],[18.298730468750023,77.578564453125],[18.227929687500023,77.522607421875],[18.13740234375001,77.50703125],[17.847070312500023,77.49677734375],[17.623339843750017,77.399365234375],[17.442480468750006,77.225244140625],[17.3486328125,77.156884765625],[17.15253906250001,77.04892578125],[17.187890625000023,77.01064453125],[17.2490234375,76.969189453125],[17.141992187500023,76.894921875],[16.976660156250006,76.81162109375],[16.979882812500023,76.77939453125],[17.035546875000023,76.720361328125],[17.06269531250001,76.658984375],[16.935156250000006,76.60615234375],[16.700488281250017,76.579296875],[16.4619140625,76.609326171875],[16.345800781250006,76.644775390625],[16.238085937500017,76.701513671875],[16.123828125000017,76.738525390625],[16.004492187500006,76.7607421875],[15.546777343750023,76.88642578125],[15.124218750000011,77.085107421875],[14.738476562500011,77.162353515625],[14.486914062500006,77.1990234375],[14.365820312500006,77.23447265625],[14.24755859375,77.28212890625],[14.145312500000017,77.335595703125],[14.050390625000006,77.40322265625],[14.004199218750017,77.44521484375],[13.995703125000006,77.508203125],[14.026074218750011,77.545166015625],[14.0712890625,77.564111328125],[14.377636718750011,77.579638671875],[14.48779296875,77.570849609375],[14.596289062500006,77.537939453125],[14.695019531250011,77.525048828125],[14.920800781250023,77.688818359375],[16.205957031250023,77.782470703125],[16.619140625,77.798681640625],[17.033300781250006,77.797705078125],[16.96875,77.841943359375],[16.9140625,77.897998046875],[16.852929687500023,77.911572265625],[16.539648437500006,77.880224609375],[16.06005859375,77.847119140625],[15.826367187500011,77.8470703125],[15.585351562500023,77.869140625],[15.344824218750006,77.856982421875],[15.096875000000011,77.809033203125],[14.846875000000011,77.778662109375],[14.603906250000023,77.766455078125],[14.089941406250006,77.77138671875],[13.962500000000006,77.796240234375],[13.791113281250006,77.85380859375],[13.749609375000006,77.88330078125],[13.714160156250017,77.91943359375],[13.680566406250023,78.028125],[13.717675781250023,78.0576171875],[13.770117187500006,78.074609375],[13.824023437500017,78.085009765625],[13.936914062500023,78.085546875],[14.047753906250023,78.066845703125],[14.307226562500006,78.005078125],[14.248144531250006,78.07138671875],[14.994726562500006,78.151220703125],[15.341406250000006,78.220947265625],[15.519433593750023,78.23271484375],[15.698046875000017,78.227587890625],[15.65869140625,78.264697265625],[15.657128906250023,78.2990234375],[15.783886718750011,78.32705078125],[15.875390625000023,78.339111328125],[16.150292968750023,78.352880859375],[16.776953125000006,78.350439453125],[17.0029296875,78.369384765625],[17.171972656250006,78.417138671875],[16.991796875000006,78.40048828125],[16.81123046875001,78.397265625],[16.7265625,78.407177734375],[16.53535156250001,78.448876953125],[16.448632812500023,78.503564453125],[16.696582031250017,78.612890625],[16.782617187500023,78.663623046875],[16.53046875000001,78.656298828125],[16.4462890625,78.638525390625],[16.157519531250017,78.538134765625],[15.944042968750011,78.493017578125],[15.6806640625,78.471337890625],[15.417382812500023,78.4732421875],[15.359960937500006,78.487548828125],[15.279394531250006,78.5541015625],[15.254199218750017,78.5890625],[15.264941406250017,78.60830078125],[15.348339843750011,78.663134765625],[15.3916015625,78.72119140625],[15.384179687500023,78.77119140625],[15.32275390625,78.781201171875],[15.225292968750011,78.73232421875],[15.137304687500006,78.6642578125],[15.016308593750011,78.630126953125],[14.891796875000011,78.639453125],[14.838671875000017,78.665576171875],[14.792382812500023,78.70556640625],[14.743554687500023,78.720947265625],[14.689257812500017,78.720947265625],[14.57763671875,78.70498046875],[14.467187500000023,78.675390625],[14.505273437500023,78.630517578125],[14.515429687500017,78.58056640625],[14.4677734375,78.54091796875],[14.431835937500011,78.49248046875],[14.545605468750011,78.461962890625],[14.638281250000006,78.414599609375],[14.49951171875,78.3923828125],[14.36328125,78.359912109375],[14.23828125,78.30986328125],[14.110449218750006,78.2708984375],[13.907617187500023,78.266748046875],[13.654980468750011,78.245166015625],[13.150195312500017,78.2375],[12.912792968750011,78.30107421875],[12.869531250000023,78.33125],[12.822167968750023,78.35146484375],[12.664648437500006,78.384765625],[12.434765625000011,78.482958984375],[12.257910156250006,78.594677734375],[12.138281250000006,78.605517578125],[11.961718750000017,78.6423828125],[11.865527343750017,78.67421875],[11.773828125000023,78.71640625],[11.746289062500011,78.766259765625],[11.755175781250017,78.811669921875],[11.861035156250011,78.831884765625],[11.611035156250011,78.882958984375],[11.365429687500011,78.950390625],[11.456152343750006,78.972998046875],[11.547558593750011,78.982958984375],[12.27490234375,78.9044921875],[12.323437500000011,78.9142578125],[12.4033203125,78.95322265625],[12.375,78.966357421875],[12.253125000000011,78.975341796875],[12.087304687500023,78.97509765625],[12.045800781250023,78.983154296875],[11.981835937500023,79.02529296875],[11.925683593750023,79.07724609375],[11.901953125000006,79.111865234375],[11.892773437500011,79.15234375],[12.01611328125,79.2130859375],[12.083984375,79.267529296875],[11.978320312500017,79.29267578125],[11.679296875000006,79.291162109375],[11.579785156250011,79.28349609375],[11.616406250000011,79.2052734375],[11.521191406250011,79.15126953125],[11.3388671875,79.109130859375],[11.208105468750006,79.129638671875],[11.107226562500017,79.232958984375],[10.975390625000017,79.3048828125],[10.92578125,79.3501953125],[10.888085937500023,79.4154296875],[10.834375000000023,79.462841796875],[10.737597656250017,79.520166015625],[10.725000000000023,79.555517578125],[10.737011718750011,79.581640625],[10.810742187500011,79.64091796875],[10.754589843750011,79.69033203125],[10.686230468750011,79.73359375],[10.68212890625,79.758251953125],[10.746386718750017,79.788671875],[10.804003906250017,79.798779296875],[10.865917968750011,79.79658203125],[11.049609375000017,79.760302734375],[11.150390625,79.7169921875],[11.185253906250011,79.720458984375],[11.250585937500006,79.78486328125],[11.343652343750023,79.7994140625],[11.702343750000011,79.82060546875],[12.101757812500011,79.737548828125],[12.205175781250006,79.719091796875],[12.287792968750011,79.713134765625],[12.245214843750006,79.75],[12.219140625000023,79.797900390625],[12.279980468750011,79.815966796875],[12.602441406250023,79.7732421875],[12.753515625000006,79.77578125],[13.107519531250006,79.83173828125],[13.69287109375,79.860986328125],[13.914160156250006,79.816943359375],[13.925683593750023,79.793408203125],[13.921093750000011,79.76171875],[13.907031250000017,79.752197265625],[13.777539062500011,79.715283203125],[13.039257812500011,79.68515625],[12.555371093750011,79.569482421875],[13.215136718750017,79.5880859375],[13.333789062500017,79.5748046875],[13.383593750000017,79.48076171875],[13.431640625,79.4708984375],[13.601269531250011,79.4572265625],[13.716210937500023,79.429150390625],[13.833691406250011,79.37568359375],[13.957226562500011,79.3396484375],[14.029589843750017,79.344140625],[14.055859375000011,79.38310546875],[14.0263671875,79.429296875],[14.011132812500023,79.48193359375],[14.019824218750017,79.538671875],[14.039843750000017,79.58564453125],[14.178417968750011,79.618701171875],[14.379785156250023,79.7259765625],[14.593652343750023,79.79873046875],[14.831835937500017,79.76640625],[15.052343750000006,79.675341796875],[15.251269531250017,79.545458984375],[15.443945312500006,79.406787109375],[15.66015625,79.23486328125],[15.764062500000023,79.174267578125],[15.858496093750006,79.159912109375],[16.294531250000006,78.9810546875],[16.34375,78.976123046875],[16.253515625000006,79.112109375],[16.02753906250001,79.3423828125],[15.875097656250006,79.51923828125],[15.840722656250023,79.586865234375],[15.816113281250011,79.6818359375],[15.825781250000006,79.709033203125],[15.845117187500023,79.73359375],[15.955761718750011,79.835107421875],[16.100195312500006,79.884423828125],[16.056640625,79.953955078125],[16.093847656250006,80.00732421875],[16.245703125000006,80.049462890625],[16.386621093750023,80.052587890625],[16.524023437500006,80.0205078125],[16.786718750000006,79.90673828125]]]}}]}