{
 "type": "FeatureCollection",
 "features": [
  {
   "type": "Feature",
   "properties": {
    "_manaName": "Sahara",
    "name": "Sahara",
    "_manaColor": "#d97706",
    "_manaFillOpacity": 0.85,
    "_manaBorderColor": "#FFFFFF",
    "_manaWeight": 1,
    "_manaOpacity": 1,
    "_manaGroupName": "Desiertos cálidos",
    "_manaGroupId": 1,
    "_manaGeometryType": "polygon",
    "_manaLabelStyle": {
     "enabled": true,
     "field": "name",
     "fontFamily": "DM Mono, monospace",
     "fontSize": 11,
     "color": "#ffffff",
     "fontWeight": "bold",
     "fontStyle": "normal",
     "haloColor": "#000000",
     "haloWidth": 3,
     "opacity": 1,
     "offsetX": 0,
     "offsetY": 0,
     "placement": "point"
    },
    "Continent": "África",
    "Area": "9.2 million km²",
    "Countries": "Algeria, Egypt, Libya, Mali, Niger, Chad, Sudan, Morocco, Tunisia",
    "Type": "Cálido",
    "Description": "Sahara: El desierto cálido más grande de la Tierra. Cubre la mayor parte del norte de África. Temperaturas extremas que pueden superar los 50 °C. Hogar de asentamientos oásiticos dispersos."
   },
   "geometry": {
    "type": "Polygon",
    "coordinates": [
     [
      [
       -16.4540805431838,
       21.3121179276782
      ],
      [
       -16.2240004859268,
       20.7744480074959
      ],
      [
       -15.8826394321619,
       20.2521783256702
      ],
      [
       -15.8336294384211,
       19.9248561215469
      ],
      [
       -15.829700505123,
       19.2787045928819
      ],
      [
       -15.5843804714982,
       19.1699897998525
      ],
      [
       -15.4722694989372,
       18.9861805303761
      ],
      [
       -15.682840508897,
       18.3920559776837
      ],
      [
       -15.7366504833148,
       17.9408321454296
      ],
      [
       -14.4727295559915,
       19.2151481414426
      ],
      [
       -13.1623185703004,
       20.9143459949378
      ],
      [
       -13.0045964657393,
       21.2331094377206
      ],
      [
       -13.161522457136,
       20.9000799957199
      ],
      [
       -13.2324254790773,
       20.4047036502577
      ],
      [
       -13.2047014961084,
       20.328378039871
      ],
      [
       -13.1600324900262,
       20.4041817929655
      ],
      [
       -13.1256334946383,
       20.3887904394263
      ],
      [
       -13.1662775108119,
       20.5295826082998
      ],
      [
       -13.1178165317296,
       20.7201617733392
      ],
      [
       -13.0575015298894,
       20.7592145690126
      ],
      [
       -13.0739164814454,
       20.6298328525805
      ],
      [
       -12.9919424741416,
       20.84015022615
      ],
      [
       -12.863499530866,
       20.7662801781199
      ],
      [
       -12.8720765647553,
       20.6350837796486
      ],
      [
       -12.819610544694,
       20.6188966482212
      ],
      [
       -12.9086164658543,
       20.4908746441234
      ],
      [
       -12.9745164974236,
       20.4818994698328
      ],
      [
       -13.0166905462043,
       20.4115893837227
      ],
      [
       -13.0593054830925,
       20.4292921308838
      ],
      [
       -13.0353994570235,
       20.3978509414912
      ],
      [
       -13.165482571114,
       20.3034443924718
      ],
      [
       -13.1744025924816,
       20.2657655583683
      ],
      [
       -13.0391215249511,
       20.3322288538315
      ],
      [
       -13.1955875175011,
       20.2003701173706
      ],
      [
       -13.071403586871,
       20.0247033639226
      ],
      [
       -13.089174562724,
       20.0803380786633
      ],
      [
       -13.0392105407629,
       20.0514067663599
      ],
      [
       -12.9993205605996,
       20.1142051584752
      ],
      [
       -13.003966481896,
       20.3105871150885
      ],
      [
       -13.0386844925191,
       20.290853265148
      ],
      [
       -12.9714715196352,
       20.3995491150761
      ],
      [
       -12.921528452432,
       20.3983969386646
      ],
      [
       -12.9893125681988,
       20.2488294200723
      ],
      [
       -12.881370586643,
       20.2731791840958
      ],
      [
       -12.9792405380577,
       20.2359113985244
      ],
      [
       -12.9975875182974,
       20.0364806084473
      ],
      [
       -12.8383645501523,
       20.2391020537901
      ],
      [
       -12.8853784774691,
       20.077259237986
      ],
      [
       -12.849862509663,
       20.0923454902494
      ],
      [
       -12.9173544322848,
       20.0197815103734
      ],
      [
       -12.9147335787975,
       19.987714360451
      ],
      [
       -12.8606585686011,
       20.0235704658883
      ],
      [
       -12.8693254564925,
       19.9926940491322
      ],
      [
       -13.0360864378084,
       19.9311288026132
      ],
      [
       -13.0327635161104,
       19.8967965271746
      ],
      [
       -13.0034105940769,
       19.8714020427383
      ],
      [
       -13.0097394338945,
       19.9026023362335
      ],
      [
       -12.7346664938162,
       19.9986217310634
      ],
      [
       -12.7018945934742,
       20.0929253503117
      ],
      [
       -12.7339895713152,
       20.2057809711516
      ],
      [
       -12.6344905131978,
       20.0488908543004
      ],
      [
       -12.4396615556063,
       20.1184220939667
      ],
      [
       -12.4302265501071,
       20.0601172401479
      ],
      [
       -12.6418865369286,
       19.9578662355774
      ],
      [
       -12.5687145337956,
       19.9430550773765
      ],
      [
       -12.5899165578977,
       19.8761146839841
      ],
      [
       -12.667073485442,
       19.8797765698468
      ],
      [
       -12.7464415590461,
       19.8078527997359
      ],
      [
       -12.5850205206102,
       19.8481603663157
      ],
      [
       -12.5934245520179,
       19.7056815908837
      ],
      [
       -12.527043566844,
       19.7161029787494
      ],
      [
       -12.5238245807455,
       19.8256376895481
      ],
      [
       -12.4855564988482,
       19.6654288419506
      ],
      [
       -12.4409364430805,
       19.7068166682127
      ],
      [
       -12.3596205828147,
       19.5742121100067
      ],
      [
       -12.3177695725826,
       19.6954130889319
      ],
      [
       -12.2380405742275,
       19.5621069654294
      ],
      [
       -12.1338365862152,
       19.6532308258861
      ],
      [
       -12.2631775665979,
       19.6672587790535
      ],
      [
       -12.4459085880488,
       19.7812082382589
      ],
      [
       -12.4172225302325,
       19.7679170543812
      ],
      [
       -12.3467335743085,
       19.8877812873868
      ],
      [
       -12.2422345433042,
       19.8056548970832
      ],
      [
       -12.1941354948013,
       19.8597448270672
      ],
      [
       -12.2260195839582,
       19.8651305351386
      ],
      [
       -12.1066535712778,
       19.8930089127641
      ],
      [
       -12.0622125529621,
       19.9910850589972
      ],
      [
       -12.0097125023738,
       19.970509330701
      ],
      [
       -11.9643154441811,
       20.0430801837377
      ],
      [
       -12.0838574768284,
       20.1303953073879
      ],
      [
       -12.1626825707443,
       20.071118488076
      ],
      [
       -12.1086494700638,
       20.1447625599962
      ],
      [
       -12.1367925481919,
       20.1675080277504
      ],
      [
       -12.2674375850717,
       20.0471041678178
      ],
      [
       -12.3306644600778,
       20.1033316507517
      ],
      [
       -12.3379005570959,
       20.0219643256004
      ],
      [
       -12.3910205332436,
       20.0753273769404
      ],
      [
       -12.4003675287594,
       20.1496220521857
      ],
      [
       -12.3718375419804,
       20.1020839206439
      ],
      [
       -12.1854764858988,
       20.1543660417494
      ],
      [
       -12.1292275452928,
       20.3952691476727
      ],
      [
       -12.023692859696885,
       20.489334801951735
      ],
      [
       -12.0231755152668,
       20.4867359956077
      ],
      [
       -12.1019055584006,
       20.407316457118
      ],
      [
       -12.0090945884712,
       20.3421243610916
      ],
      [
       -11.5522454933527,
       20.8914132754665
      ],
      [
       -11.55011282930956,
       20.892773036198488
      ],
      [
       -12.0237815268669,
       20.3231391827434
      ],
      [
       -11.2780395773398,
       19.35524997677
      ],
      [
       -9.96057354373931,
       18.1760097409264
      ],
      [
       -9.58214352314653,
       17.9896902590847
      ],
      [
       -8.92015757353991,
       17.8615279419277
      ],
      [
       -7.72130452243786,
       17.737595300755
      ],
      [
       -6.33964350401368,
       17.6735493461699
      ],
      [
       -4.68989854402355,
       17.836640394996
      ],
      [
       -2.80821358246007,
       17.8336996880832
      ],
      [
       -2.2291315284964,
       17.9112247488154
      ],
      [
       -1.61951956565417,
       18.0971645304429
      ],
      [
       -0.659096456122199,
       18.0006584823142
      ],
      [
       0.653961534594202,
       18.2858834158899
      ],
      [
       2.23089156052694,
       18.4563771939694
      ],
      [
       2.5791864598811,
       18.3226529811361
      ],
      [
       2.75293643970926,
       18.1261717827892
      ],
      [
       3.3504774561392,
       17.764247908859
      ],
      [
       4.32508743972303,
       17.4260686255425
      ],
      [
       4.1488884354228,
       17.2198950972687
      ],
      [
       4.41979456379056,
       17.4106375417822
      ],
      [
       5.40919357735092,
       17.3157103089371
      ],
      [
       6.31527747909817,
       17.4354387551111
      ],
      [
       6.33416643319774,
       17.3348901150771
      ],
      [
       6.2038875178489,
       17.2835053605264
      ],
      [
       6.25472158136046,
       17.1710133466466
      ],
      [
       6.37916652445571,
       17.2068419594414
      ],
      [
       6.46944448324314,
       17.3157264021912
      ],
      [
       6.365277543243,
       17.3968291944781
      ],
      [
       6.40361050107097,
       17.4762683466212
      ],
      [
       6.32722152349623,
       17.5359878980593
      ],
      [
       6.27166643683572,
       17.5193226628742
      ],
      [
       6.20194442505294,
       17.7073681462194
      ],
      [
       6.38083251153242,
       17.6259832190714
      ],
      [
       6.4472215433334,
       17.5390436046837
      ],
      [
       6.57444357859131,
       17.527100398476
      ],
      [
       6.71083256608463,
       17.5573753298597
      ],
      [
       7.17273645173682,
       17.9129126964784
      ],
      [
       7.51306753723853,
       18.7015233869221
      ],
      [
       7.52472257361481,
       18.7484167824711
      ],
      [
       7.45826648658837,
       18.8202855672971
      ],
      [
       7.50666644541553,
       19.0878397725819
      ],
      [
       7.51499956592227,
       18.9578463448555
      ],
      [
       7.55861044054663,
       18.9611799953895
      ],
      [
       7.49611044418461,
       18.8528536197537
      ],
      [
       7.57296947888986,
       18.7932369980867
      ],
      [
       7.86351658571078,
       19.0275353319397
      ],
      [
       8.40255644414938,
       19.3299906086131
      ],
      [
       8.59424654663675,
       19.3871841897078
      ],
      [
       8.65562424979277,
       19.38873804713991
      ],
      [
       8.57816854758869,
       19.3798056003357
      ],
      [
       8.56535747912537,
       19.3627455775107
      ],
      [
       8.60698050159081,
       19.3434155676656
      ],
      [
       8.51450648416935,
       19.3426947239918
      ],
      [
       8.465097511837,
       19.3012649882138
      ],
      [
       8.49792942660579,
       19.2375328520838
      ],
      [
       8.48604958758611,
       19.2160961346927
      ],
      [
       8.41078043227665,
       19.2318762409015
      ],
      [
       8.43903448680288,
       19.149155070748
      ],
      [
       8.42083553097333,
       19.1236534655891
      ],
      [
       8.40740051363704,
       19.1320690640231
      ],
      [
       8.41400847083059,
       19.0787442341617
      ],
      [
       8.46865646792861,
       19.0427753083075
      ],
      [
       8.49667046474767,
       18.9843797622963
      ],
      [
       8.57262358335686,
       18.9196656023893
      ],
      [
       8.56281055402411,
       18.8704375115277
      ],
      [
       8.57825052260182,
       18.8332976337988
      ],
      [
       8.52756850681399,
       18.794432928033
      ],
      [
       8.51521944885411,
       18.8097268838573
      ],
      [
       8.48952858032135,
       18.7957160297722
      ],
      [
       8.45435744401217,
       18.8040104258863
      ],
      [
       8.47702747463771,
       18.7649618211645
      ],
      [
       8.45131146039537,
       18.7328976887273
      ],
      [
       8.43405446284558,
       18.8008006598812
      ],
      [
       8.38740347193664,
       18.8334565546832
      ],
      [
       8.38466543944278,
       18.8669947286142
      ],
      [
       8.33273653173742,
       18.8598811750206
      ],
      [
       8.37743353337629,
       18.8064842607918
      ],
      [
       8.32376152508493,
       18.7962829817035
      ],
      [
       8.30358544593253,
       18.7613839219717
      ],
      [
       8.30788754156038,
       18.7367803539199
      ],
      [
       8.28770743909445,
       18.7434198270694
      ],
      [
       8.26582145169266,
       18.7268950725817
      ],
      [
       8.20667555770845,
       18.7649127032118
      ],
      [
       8.17539848598014,
       18.764383805121
      ],
      [
       8.17660950335207,
       18.7268840084695
      ],
      [
       8.20707855961351,
       18.7128107930248
      ],
      [
       8.19641543765991,
       18.7076381529324
      ],
      [
       8.20797743491087,
       18.6843433352435
      ],
      [
       8.1559045261088,
       18.6837135190384
      ],
      [
       8.16858248994959,
       18.6514582792085
      ],
      [
       8.25590851007397,
       18.6372652025483
      ],
      [
       8.24792742950092,
       18.6127908834436
      ],
      [
       8.32060858838352,
       18.647596568774
      ],
      [
       8.3055704482444,
       18.6179232904008
      ],
      [
       8.33643043647029,
       18.5987724856457
      ],
      [
       8.33961555967991,
       18.6657514357927
      ],
      [
       8.35196746748687,
       18.6708954097763
      ],
      [
       8.35866745797739,
       18.6460358584013
      ],
      [
       8.37150149285543,
       18.671829321429
      ],
      [
       8.4091234976554,
       18.6734750243
      ],
      [
       8.40987753366576,
       18.6560260811673
      ],
      [
       8.42100953928343,
       18.6598007874468
      ],
      [
       8.42696052290546,
       18.693470892534
      ],
      [
       8.44197251150666,
       18.6988074826527
      ],
      [
       8.4987104523444,
       18.6864463547522
      ],
      [
       8.53190547115909,
       18.7562821927802
      ],
      [
       8.57047546920904,
       18.6626368882079
      ],
      [
       8.59601445765617,
       18.6437360318058
      ],
      [
       8.58439848094869,
       18.6216161893053
      ],
      [
       8.60887849974762,
       18.6323306085063
      ],
      [
       8.63160854479995,
       18.7100787955013
      ],
      [
       8.65360249111473,
       18.714164805665
      ],
      [
       8.6714095091514,
       18.6939709568779
      ],
      [
       8.69750153557055,
       18.6979966173387
      ],
      [
       8.634036446876,
       18.6395921865101
      ],
      [
       8.66692653205288,
       18.6148105868346
      ],
      [
       8.64870142468541,
       18.6013093524632
      ],
      [
       8.65518750900668,
       18.5821786642758
      ],
      [
       8.69083456977859,
       18.5642824627893
      ],
      [
       8.7491154513543,
       18.5805078156952
      ],
      [
       8.75295050733675,
       18.5620966300771
      ],
      [
       8.64235347412861,
       18.5414888829108
      ],
      [
       8.63388657844709,
       18.5207123242143
      ],
      [
       8.61509954829023,
       18.5204861804664
      ],
      [
       8.61432556335029,
       18.4803355231141
      ],
      [
       8.64295043327334,
       18.4607009149074
      ],
      [
       8.64417452641422,
       18.4264908476172
      ],
      [
       8.67756249664018,
       18.3865953353979
      ],
      [
       8.6698764590592,
       18.369941331963
      ],
      [
       8.56387656447095,
       18.3958145907091
      ],
      [
       8.52937447167386,
       18.3696112526157
      ],
      [
       8.43217842527511,
       18.3496324834642
      ],
      [
       8.41154150908568,
       18.3338024211123
      ],
      [
       8.4073314467548,
       18.3035603467891
      ],
      [
       8.38319257141544,
       18.2957997102698
      ],
      [
       8.38979047032515,
       18.2642874423382
      ],
      [
       8.42847848557196,
       18.2427417602056
      ],
      [
       8.39897150415791,
       18.2276999320292
      ],
      [
       8.38561343269282,
       18.2363391596401
      ],
      [
       8.35620250788924,
       18.187789164746
      ],
      [
       8.3974595764617,
       18.2017884518046
      ],
      [
       8.42840153970073,
       18.1571529733351
      ],
      [
       8.36940752580219,
       18.1254598239328
      ],
      [
       8.36680544777801,
       18.087859276805
      ],
      [
       8.43690648922271,
       18.066191386524
      ],
      [
       8.49055553109935,
       17.9974237382377
      ],
      [
       8.54480857291938,
       17.9981546401953
      ],
      [
       8.55283055717993,
       18.0246729702103
      ],
      [
       8.58583145111689,
       18.0148634612769
      ],
      [
       8.54686348030378,
       17.9712851084369
      ],
      [
       8.47577052443634,
       17.9471207521118
      ],
      [
       8.47865943118748,
       17.9092300234958
      ],
      [
       8.44707558180269,
       17.8765590412681
      ],
      [
       8.44955846916363,
       17.8049504307169
      ],
      [
       8.40385446567635,
       17.8320838247875
      ],
      [
       8.40224849302643,
       17.8582549763727
      ],
      [
       8.36638953774204,
       17.8474148286239
      ],
      [
       8.26816151142336,
       17.9634138307956
      ],
      [
       8.26189050673779,
       17.9387023038307
      ],
      [
       8.30115754385648,
       17.8891882224324
      ],
      [
       8.26881747916647,
       17.8927439934008
      ],
      [
       8.23663952048406,
       17.8673837071296
      ],
      [
       8.2206704861774,
       17.8987477830129
      ],
      [
       8.20863357029205,
       17.8722582867448
      ],
      [
       8.20944544143438,
       17.8362303522922
      ],
      [
       8.24750447866631,
       17.8521294815264
      ],
      [
       8.27473342643322,
       17.8424379897898
      ],
      [
       8.29097252566044,
       17.857866056065
      ],
      [
       8.31192946291338,
       17.8450248127502
      ],
      [
       8.30119358604017,
       17.8286209253064
      ],
      [
       8.31571255109611,
       17.8192885143022
      ],
      [
       8.31504350758402,
       17.7814428803252
      ],
      [
       8.2847184524193,
       17.7489608261953
      ],
      [
       8.32659159087572,
       17.7223593477007
      ],
      [
       8.37682551011937,
       17.715384766062
      ],
      [
       8.30001743738549,
       17.6818108852234
      ],
      [
       8.30533156400367,
       17.6645510378265
      ],
      [
       8.32924345740483,
       17.6402054647546
      ],
      [
       8.40306556094873,
       17.645354132604
      ],
      [
       8.39594647529907,
       17.6105662169084
      ],
      [
       8.43917044127249,
       17.6011297026666
      ],
      [
       8.43652444207561,
       17.5802849152782
      ],
      [
       8.41321252530432,
       17.5727515959733
      ],
      [
       8.43542054542638,
       17.5484139018904
      ],
      [
       8.43228856348293,
       17.5071603537173
      ],
      [
       8.46865747375699,
       17.5652320229895
      ],
      [
       8.48864345134518,
       17.5555946783475
      ],
      [
       8.5008235301369,
       17.4960412562304
      ],
      [
       8.47808443262912,
       17.4566265299777
      ],
      [
       8.5453855831345,
       17.4069697885872
      ],
      [
       8.5380415272034,
       17.2997201522344
      ],
      [
       8.59055750340772,
       17.2768335332306
      ],
      [
       8.62819358980502,
       17.3041151193495
      ],
      [
       8.6331285191232,
       17.3336380263796
      ],
      [
       8.61600647021464,
       17.3583946479836
      ],
      [
       8.60918846252733,
       17.4577936261769
      ],
      [
       8.64836950131937,
       17.4540896631602
      ],
      [
       8.68560258581161,
       17.395354482432
      ],
      [
       8.68200155256602,
       17.3417305862649
      ],
      [
       8.73808453148902,
       17.3180621033322
      ],
      [
       8.75281555869552,
       17.396768341861
      ],
      [
       8.82139545235054,
       17.4428616009321
      ],
      [
       8.86559456894031,
       17.40692972309
      ],
      [
       8.89742249934579,
       17.4083174309811
      ],
      [
       8.91725056187803,
       17.3910637861925
      ],
      [
       8.94456148465807,
       17.4027149668934
      ],
      [
       8.96532647632813,
       17.4851027049383
      ],
      [
       8.99311751452251,
       17.487450811296
      ],
      [
       9.00086457235867,
       17.5545496226586
      ],
      [
       9.04573357065084,
       17.5612242998014
      ],
      [
       9.05267747452399,
       17.5914004923657
      ],
      [
       9.03346849936085,
       17.6483508306301
      ],
      [
       9.08839159052135,
       17.6234364616081
      ],
      [
       9.09790655937692,
       17.5900273689862
      ],
      [
       9.14149647924333,
       17.590964298124
      ],
      [
       9.15074859161507,
       17.5713196316335
      ],
      [
       9.12703954027094,
       17.5416374684428
      ],
      [
       9.13716454404016,
       17.5169349939334
      ],
      [
       9.17538049049969,
       17.4982171982968
      ],
      [
       9.19653356428711,
       17.5038476579411
      ],
      [
       9.1942605597819,
       17.5821088174109
      ],
      [
       9.22063053011058,
       17.6264231013504
      ],
      [
       9.25940756116918,
       17.6530995140595
      ],
      [
       9.22317343189832,
       17.6773119825088
      ],
      [
       9.22519045308033,
       17.6972387838606
      ],
      [
       9.24002055438245,
       17.7238452914971
      ],
      [
       9.30383650954423,
       17.7418512959153
      ],
      [
       9.29455556342555,
       17.7729753140915
      ],
      [
       9.31291947510974,
       17.794929027271
      ],
      [
       9.27075045547093,
       17.8516004157975
      ],
      [
       9.27406046903801,
       17.807494170695
      ],
      [
       9.25250355515519,
       17.8365243894559
      ],
      [
       9.23422446833123,
       17.875363111322
      ],
      [
       9.24481148260392,
       17.8912540262909
      ],
      [
       9.20857651514274,
       17.8904570749363
      ],
      [
       9.17784946390134,
       17.9320115334337
      ],
      [
       9.15122049276428,
       17.9321987851508
      ],
      [
       9.13407145412748,
       17.9689455516204
      ],
      [
       9.10441443664644,
       17.9457667394716
      ],
      [
       9.08115046436134,
       17.9612647108194
      ],
      [
       9.07999946141621,
       17.9791798554071
      ],
      [
       9.11716448485461,
       17.9770067631878
      ],
      [
       9.14846955213955,
       18.0267749838906
      ],
      [
       9.06183353028524,
       18.0735300780371
      ],
      [
       9.02687043281307,
       18.1100768522967
      ],
      [
       9.05338557770489,
       18.115878470404
      ],
      [
       9.06382155008222,
       18.1375220531658
      ],
      [
       9.03930649492798,
       18.1518854500986
      ],
      [
       9.04048348177298,
       18.1805505531569
      ],
      [
       9.06647844575326,
       18.1831465962109
      ],
      [
       9.0663334388282,
       18.2040311138203
      ],
      [
       9.110095522986,
       18.2043191160137
      ],
      [
       9.16151548153007,
       18.0892151334639
      ],
      [
       9.18826850483424,
       18.0520833023621
      ],
      [
       9.23942258940934,
       18.0246520154524
      ],
      [
       9.25259642664247,
       18.0368312560537
      ],
      [
       9.19750452395186,
       18.072818957371
      ],
      [
       9.18684056380795,
       18.1383842157272
      ],
      [
       9.20131057854931,
       18.1462145896809
      ],
      [
       9.22697646901062,
       18.1111297869746
      ],
      [
       9.26186345880186,
       18.1422378795347
      ],
      [
       9.25074553478154,
       18.1662823746442
      ],
      [
       9.27797448254844,
       18.1706622543336
      ],
      [
       9.2845685257827,
       18.1905179771463
      ],
      [
       9.32864543422409,
       18.1689134540534
      ],
      [
       9.32113055510612,
       18.2195233854739
      ],
      [
       9.3534194901867,
       18.2104979197642
      ],
      [
       9.37240450089675,
       18.2237188632932
      ],
      [
       9.35574144500652,
       18.2462588067814
      ],
      [
       9.38264953351955,
       18.2933998037504
      ],
      [
       9.34694748746276,
       18.2913360115486
      ],
      [
       9.34319557995988,
       18.3273947914049
      ],
      [
       9.29338142642766,
       18.3028162014245
      ],
      [
       9.26932553192978,
       18.3125868183272
      ],
      [
       9.27465357250725,
       18.3356962283176
      ],
      [
       9.36301157255153,
       18.3462755312394
      ],
      [
       9.32967557012532,
       18.368116256364
      ],
      [
       9.34125751630586,
       18.3907049825286
      ],
      [
       9.39659249418878,
       18.3767097187836
      ],
      [
       9.42042543006196,
       18.3126386184889
      ],
      [
       9.44321448371269,
       18.3354271692254
      ],
      [
       9.44693453998349,
       18.2894651707581
      ],
      [
       9.49226957209265,
       18.2448476295614
      ],
      [
       9.53373149437891,
       18.32650781841
      ],
      [
       9.58284257387214,
       18.3038290706052
      ],
      [
       9.56528047504648,
       18.2910639349713
      ],
      [
       9.58881853556568,
       18.2647077109638
      ],
      [
       9.59950244463917,
       18.2948096398658
      ],
      [
       9.63423654851636,
       18.3123085391415
      ],
      [
       9.65171549886244,
       18.2961537618603
      ],
      [
       9.68009343791772,
       18.3082520332769
      ],
      [
       9.69169147735238,
       18.2988564227227
      ],
      [
       9.71938947642144,
       18.3127987128396
      ],
      [
       9.73640457224536,
       18.345297698414
      ],
      [
       9.73390458580192,
       18.3643946913506
      ],
      [
       9.70847255043944,
       18.3439859305658
      ],
      [
       9.68514353458562,
       18.356354099265
      ],
      [
       9.71729651519658,
       18.3878861484881
      ],
      [
       9.71249049954937,
       18.4120758181608
      ],
      [
       9.67750259164379,
       18.4196111491225
      ],
      [
       9.69814151948995,
       18.4405719420509
      ],
      [
       9.69362149437936,
       18.4672803736302
      ],
      [
       9.714822512653,
       18.4560982442314
      ],
      [
       9.72489353696574,
       18.466008336003
      ],
      [
       9.70193248666169,
       18.4854872084487
      ],
      [
       9.70824556850124,
       18.5000583089424
      ],
      [
       9.66823354782761,
       18.5102108053541
      ],
      [
       9.6866435599793,
       18.5156074098996
      ],
      [
       9.68656544064163,
       18.5358074612951
      ],
      [
       9.70411345786997,
       18.5341045938444
      ],
      [
       9.70637757755782,
       18.5508174382395
      ],
      [
       9.68274144877137,
       18.5613546640074
      ],
      [
       9.69014551912926,
       18.5701684028426
      ],
      [
       9.72171847203992,
       18.5590218127133
      ],
      [
       9.69514348035938,
       18.5911920600449
      ],
      [
       9.73884756174715,
       18.583948586952
      ],
      [
       9.7535534432441,
       18.6080001228602
      ],
      [
       9.67117157253142,
       18.6577390069018
      ],
      [
       9.6681745392292,
       18.7069530161661
      ],
      [
       9.62813452299895,
       18.7000714736527
      ],
      [
       9.60811954402575,
       18.6751859383777
      ],
      [
       9.61051458904132,
       18.7114090035364
      ],
      [
       9.52577354785868,
       18.6929498734321
      ],
      [
       9.53337442530332,
       18.7249519797857
      ],
      [
       9.56795245814322,
       18.729847681797
      ],
      [
       9.58777649736194,
       18.7572660605758
      ],
      [
       9.60100951083152,
       18.8545814652759
      ],
      [
       9.59319455957959,
       18.8622958336897
      ],
      [
       9.57897248153438,
       18.8382204931764
      ],
      [
       9.56678251209692,
       18.856801160877
      ],
      [
       9.52433253106341,
       18.8327616949093
      ],
      [
       9.56027748467446,
       18.8828537923511
      ],
      [
       9.51292543138328,
       18.9346336698178
      ],
      [
       9.51354150126724,
       18.9756652651947
      ],
      [
       9.4992835486764,
       18.9885985418065
      ],
      [
       9.4732624331582,
       18.9791789590091
      ],
      [
       9.45532549562216,
       19.0146079226602
      ],
      [
       9.40793756778535,
       19.0388274319082
      ],
      [
       9.41780558240299,
       18.9973428784833
      ],
      [
       9.39220054455882,
       18.9840035824814
      ],
      [
       9.3724665269803,
       18.9345225257817
      ],
      [
       9.35309544580963,
       18.9449459253042
      ],
      [
       9.30645451318449,
       18.8881003608296
      ],
      [
       9.29914649943709,
       18.9254043562228
      ],
      [
       9.28825354569821,
       18.9237452423067
      ],
      [
       9.26536457976152,
       18.8570911747271
      ],
      [
       9.21712052433355,
       18.8160857308882
      ],
      [
       9.24716646212229,
       18.9211934557016
      ],
      [
       9.21111556125501,
       19.015644764084
      ],
      [
       9.2274485377979,
       19.0663448847827
      ],
      [
       9.18741757402307,
       19.0568755134805
      ],
      [
       9.16938055656306,
       19.0906684972682
      ],
      [
       9.108178581728,
       19.0872466691127
      ],
      [
       9.07788856291856,
       19.1120351419488
      ],
      [
       9.03801350254295,
       19.0671807281681
      ],
      [
       8.99803752405302,
       19.091181469743
      ],
      [
       8.97104058736622,
       19.0647161133561
      ],
      [
       8.95856244809733,
       19.0704035699421
      ],
      [
       8.92983045745157,
       19.1034068108119
      ],
      [
       8.96032248012773,
       19.1837701516
      ],
      [
       8.97951251218964,
       19.1738525161155
      ],
      [
       8.98697357948919,
       19.1870577016666
      ],
      [
       9.00668647467168,
       19.2560929003025
      ],
      [
       8.98183748449463,
       19.2759657221977
      ],
      [
       8.93260050881557,
       19.2681770901218
      ],
      [
       8.87685247074378,
       19.2937465886965
      ],
      [
       8.84035246750395,
       19.3291395101639
      ],
      [
       8.79625158681949,
       19.3423606213309
      ],
      [
       8.79401244520312,
       19.3715408761589
      ],
      [
       8.763547941049842,
       19.391470277593925
      ],
      [
       8.91714243532698,
       19.3953587246063
      ],
      [
       9.17958552368864,
       19.3414446469511
      ],
      [
       9.52598946568469,
       19.0884345524318
      ],
      [
       9.80174452504394,
       18.7586971867254
      ],
      [
       10.0814595307431,
       18.2376532744212
      ],
      [
       10.1872664739201,
       17.8767989313372
      ],
      [
       10.2211945739871,
       17.5019397691386
      ],
      [
       10.0941364887555,
       16.7094249558302
      ],
      [
       10.1072605374837,
       16.4950842687327
      ],
      [
       10.1795044962962,
       16.293598068357
      ],
      [
       10.3280695392677,
       16.1406266588821
      ],
      [
       10.6073994803346,
       15.9792339512789
      ],
      [
       11.1689254704429,
       15.7983754469992
      ],
      [
       12.5102395273423,
       15.731538486292
      ],
      [
       15.6563325724421,
       15.753962088964
      ],
      [
       17.2109275086005,
       15.8664178930221
      ],
      [
       17.8456405892675,
       15.981793616873
      ],
      [
       18.1009505103822,
       15.9278279066941
      ],
      [
       19.5621795946205,
       16.2572470953558
      ],
      [
       20.4831004708304,
       16.6825906280652
      ],
      [
       20.6428605513315,
       16.8395208104135
      ],
      [
       20.7265895615238,
       17.0004909024582
      ],
      [
       20.8448104385913,
       17.5821148523812
      ],
      [
       20.9350295564184,
       17.7604452070228
      ],
      [
       21.0936906017741,
       17.8576680755118
      ],
      [
       21.5501304923792,
       17.8806078357818
      ],
      [
       22.0731205149644,
       17.8382103254622
      ],
      [
       23.4508594732511,
       17.8944557456689
      ],
      [
       23.991221460721206,
       17.85116852586439
      ],
      [
       23.8857365826412,
       17.806420113621
      ],
      [
       23.7306864611768,
       17.8554004354246
      ],
      [
       23.4934534553813,
       17.6220784256544
      ],
      [
       23.3407955290855,
       17.6568975220299
      ],
      [
       23.2473964848287,
       17.4943472735971
      ],
      [
       23.1562365821883,
       17.4811722628976
      ],
      [
       23.0867824560313,
       17.6507936524938
      ],
      [
       23.00927550021,
       17.7106290418338
      ],
      [
       23.015647590648,
       17.77796388759
      ],
      [
       22.9290234710962,
       17.7847446796272
      ],
      [
       22.8182715403172,
       17.6968399729071
      ],
      [
       22.9183405678511,
       17.7003057222353
      ],
      [
       23.0113734905768,
       17.5828988956049
      ],
      [
       22.8672065998436,
       17.5359246985093
      ],
      [
       22.7942946033473,
       17.3923435351705
      ],
      [
       22.6615884564747,
       17.3616614109302
      ],
      [
       22.6026224381328,
       17.3916644333746
      ],
      [
       22.6698515042708,
       17.4845008842897
      ],
      [
       22.6308655961849,
       17.5539365702597
      ],
      [
       22.4637354758528,
       17.5820779720072
      ],
      [
       22.3877315629103,
       17.5254183181452
      ],
      [
       22.3894154872598,
       17.4627013981288
      ],
      [
       22.2179715366354,
       17.5164260447721
      ],
      [
       22.212593539915,
       17.4839508638028
      ],
      [
       22.1580754623163,
       17.5435423397603
      ],
      [
       22.1240715898445,
       17.4187559179293
      ],
      [
       21.9572864686474,
       17.4686708219378
      ],
      [
       21.9241165955423,
       17.4122413351373
      ],
      [
       21.9891475913895,
       17.3306884346494
      ],
      [
       21.8631875354749,
       17.2207572598301
      ],
      [
       21.9997934466226,
       17.1475175309194
      ],
      [
       22.0233004941,
       17.0136489817133
      ],
      [
       22.1567365371018,
       17.0617649616606
      ],
      [
       22.2318425805753,
       17.0297018350518
      ],
      [
       22.2227225669978,
       16.9622189648854
      ],
      [
       22.3557034726568,
       16.8021961955385
      ],
      [
       22.4244305525317,
       16.8044847903837
      ],
      [
       22.4501765739874,
       16.9020548373025
      ],
      [
       22.5019536016071,
       16.8149271330074
      ],
      [
       22.5512485800562,
       16.8997239976653
      ],
      [
       22.5774515828735,
       16.8811520471441
      ],
      [
       22.6170654631459,
       16.7367080506917
      ],
      [
       22.5276625750508,
       16.7351092864785
      ],
      [
       22.6039405762274,
       16.6675244923694
      ],
      [
       22.4679715220835,
       16.624656086729
      ],
      [
       22.4744815786479,
       16.5393786037427
      ],
      [
       22.4045444872295,
       16.5317230762892
      ],
      [
       22.3390804822638,
       16.4035009123435
      ],
      [
       22.3673005062631,
       16.3823944419377
      ],
      [
       22.5018595566534,
       16.4870686547185
      ],
      [
       22.6234794630998,
       16.4203958116757
      ],
      [
       22.6006585582169,
       16.3349741599546
      ],
      [
       22.5265105662773,
       16.2832147343316
      ],
      [
       22.5862155332038,
       16.2940629287075
      ],
      [
       22.5777474640558,
       16.2282289465353
      ],
      [
       22.700338497805,
       16.2121720698833
      ],
      [
       22.6961864382442,
       16.1409594204384
      ],
      [
       22.7504255661049,
       16.1612974379603
      ],
      [
       22.7824935542176,
       16.046460502846
      ],
      [
       22.9172975238189,
       16.0312926108456
      ],
      [
       22.906728446819,
       15.9332627327182
      ],
      [
       22.9621085193411,
       15.8947802417374
      ],
      [
       23.0004424829974,
       15.9988635303438
      ],
      [
       23.1139445162108,
       15.9348294780611
      ],
      [
       23.1196175559233,
       16.0597086037413
      ],
      [
       22.9806804698623,
       16.2535783363324
      ],
      [
       22.9950105068205,
       16.3112029148889
      ],
      [
       23.045928557002,
       16.351964110069
      ],
      [
       23.1107535256689,
       16.3340444392535
      ],
      [
       23.2000754445793,
       16.3018463640035
      ],
      [
       23.2429404974584,
       16.2294729886058
      ],
      [
       23.3583775768407,
       16.2287570064359
      ],
      [
       23.4503765079897,
       16.2881013838875
      ],
      [
       23.2847705529325,
       16.423437604341
      ],
      [
       23.0521776011012,
       16.4476752184999
      ],
      [
       23.1855655319788,
       16.4835021549141
      ],
      [
       23.1879925958645,
       16.5683206448821
      ],
      [
       23.3890645625849,
       16.7038860265686
      ],
      [
       23.4179284843868,
       16.8407278044719
      ],
      [
       23.4908295844089,
       16.8547478786504
      ],
      [
       23.4588814575117,
       16.9486950993754
      ],
      [
       23.6995235509699,
       16.9856374994652
      ],
      [
       23.7401405774153,
       17.0688025752114
      ],
      [
       23.6821155115247,
       17.1312817844534
      ],
      [
       23.7995396048756,
       17.3240067167078
      ],
      [
       23.8171885402183,
       17.5114931271107
      ],
      [
       23.9506566020903,
       17.5727463991933
      ],
      [
       24.0634845626497,
       17.7312807101729
      ],
      [
       24.00237071545599,
       17.850275383394063
      ],
      [
       24.007610460754,
       17.8498556388308
      ],
      [
       24.4885405960799,
       17.3470903104364
      ],
      [
       25.0925975364065,
       16.3927886724372
      ],
      [
       25.2324795982323,
       16.2521286023578
      ],
      [
       25.9650705093031,
       15.7528303643962
      ],
      [
       26.3655794687089,
       15.5580817054372
      ],
      [
       26.7188895960137,
       15.4539182858364
      ],
      [
       27.2788605754435,
       15.4348105640638
      ],
      [
       27.5603404746769,
       15.487197123683
      ],
      [
       28.3345604431833,
       15.7840573123435
      ],
      [
       28.8416595507996,
       16.0597997988479
      ],
      [
       29.7316795350961,
       16.7051300686391
      ],
      [
       30.4889794585607,
       17.1047741832745
      ],
      [
       31.3228304656076,
       17.3444203389964
      ],
      [
       33.7601206085088,
       17.6838595899994
      ],
      [
       33.9536515445733,
       17.7362555373502
      ],
      [
       34.3350105374144,
       17.9423930234403
      ],
      [
       34.6861805971985,
       18.219176207044
      ],
      [
       35.3086395030497,
       18.8498686563921
      ],
      [
       36.006290450701,
       19.3249306212994
      ],
      [
       36.4729695065967,
       19.5367694779348
      ],
      [
       36.7203905480734,
       19.7127383151736
      ],
      [
       36.6515695908828,
       20.1153259865689
      ],
      [
       36.6660805093117,
       20.3030744152653
      ],
      [
       36.8233794954001,
       20.569480299814
      ],
      [
       36.8399394538812,
       20.7744988018292
      ],
      [
       36.6447294549711,
       21.0664027711374
      ],
      [
       36.3003995310987,
       21.3940535458654
      ],
      [
       36.2288095283725,
       21.5516547833826
      ],
      [
       36.0686415844625,
       22.0681178179591
      ],
      [
       35.3797115041592,
       22.9468706803586
      ],
      [
       34.9775194585941,
       22.5181329797742
      ],
      [
       35.3722195914559,
       22.9656196566751
      ],
      [
       34.9696005717427,
       23.9473294475312
      ],
      [
       34.7128715944191,
       24.2817616848487
      ],
      [
       33.8802984923315,
       25.7868707028035
      ],
      [
       33.4660115281112,
       26.7133194441628
      ],
      [
       33.2194595223565,
       27.055663359895
      ],
      [
       32.8638805814981,
       27.773093587402
      ],
      [
       32.3637694665657,
       28.4172758717332
      ],
      [
       32.4164314555235,
       28.9684738483772
      ],
      [
       32.2421604565934,
       29.4430451366721
      ],
      [
       32.3077015750684,
       29.5746279408802
      ],
      [
       32.3632625290612,
       29.5507319730951
      ],
      [
       32.3501394861613,
       29.6088386787226
      ],
      [
       32.3283053646855,
       29.64571242131791
      ],
      [
       32.3395005040889,
       29.6386775835027
      ],
      [
       32.4898185382921,
       29.8620893338632
      ],
      [
       32.4505194823033,
       29.9232079925807
      ],
      [
       32.5725665305359,
       29.9938682746057
      ],
      [
       32.7661665334826,
       30.9699129047384
      ],
      [
       32.7000465607738,
       30.8380244963403
      ],
      [
       32.4585994693339,
       30.6474912641303
      ],
      [
       32.3610114851423,
       30.5498377334558
      ],
      [
       31.7352776020793,
       30.4559812049233
      ],
      [
       31.3410644577925,
       30.1462546272385
      ],
      [
       31.2406004749807,
       30.1183254552797
      ],
      [
       31.9032705555251,
       29.9127971659129
      ],
      [
       31.95632435444303,
       29.879459048590743
      ],
      [
       31.2480125919656,
       30.1052592416834
      ],
      [
       31.3794026124004,
       29.8501286932969
      ],
      [
       31.4046054865299,
       29.5349714805396
      ],
      [
       31.3040615403617,
       29.0708385115549
      ],
      [
       30.9621824849801,
       28.5152619963261
      ],
      [
       30.9253425117471,
       28.1420730121557
      ],
      [
       31.0293275644482,
       27.6865013190823
      ],
      [
       31.1533034562413,
       27.4292571899891
      ],
      [
       31.3194044465005,
       27.2253191152942
      ],
      [
       31.2924995431107,
       27.1882566863508
      ],
      [
       31.4093325446491,
       27.1633208596568
      ],
      [
       31.5747485657802,
       26.884114970757
      ],
      [
       32.0484045502475,
       26.3732557413727
      ],
      [
       32.3085865364065,
       26.1885110515011
      ],
      [
       32.670387531636,
       26.2638328451625
      ],
      [
       32.7935295917004,
       26.2301332357762
      ],
      [
       32.8542514511211,
       26.1605904290834
      ],
      [
       32.9085085162547,
       25.8219642226892
      ],
      [
       32.6821215255403,
       25.5201111019405
      ],
      [
       32.6729124961509,
       25.4273904889274
      ],
      [
       32.709281574063,
       25.3407896710665
      ],
      [
       32.9729884857867,
       25.1172491746731
      ],
      [
       33.0761755813047,
       24.5330204645168
      ],
      [
       32.9765315162622,
       23.7316153017781
      ],
      [
       32.8403815806477,
       23.5429839234003
      ],
      [
       32.7058755038855,
       23.569227494629
      ],
      [
       32.6723475558763,
       23.6689106193403
      ],
      [
       32.7523234850993,
       24.3484035148497
      ],
      [
       32.7212334974501,
       24.7532878277172
      ],
      [
       32.3883745433601,
       25.1861889872508
      ],
      [
       32.3317485847489,
       25.3634364000012
      ],
      [
       32.3418615185776,
       25.6102180699031
      ],
      [
       32.4694635893258,
       25.7916083221207
      ],
      [
       32.4814455199263,
       25.8822731895592
      ],
      [
       32.1609424969568,
       25.9026433935893
      ],
      [
       31.7837825023343,
       26.1650112124603
      ],
      [
       31.3984265151412,
       26.6843247646714
      ],
      [
       30.8649525756925,
       27.261650474642
      ],
      [
       30.7113875598341,
       27.5426113664303
      ],
      [
       30.6088044642595,
       28.1174892253953
      ],
      [
       30.6290645300817,
       28.4727154557679
      ],
      [
       30.7373255268727,
       28.8381379360867
      ],
      [
       31.0248264824388,
       29.3367332676474
      ],
      [
       31.1174865781109,
       29.6406525275308
      ],
      [
       31.096637599771,
       29.8572102280203
      ],
      [
       30.97852350815,
       30.1236913820595
      ],
      [
       30.71974676937323,
       30.16029377425501
      ],
      [
       30.9741994519358,
       30.1308032592724
      ],
      [
       30.8188854681592,
       30.3320177183469
      ],
      [
       30.7628594861779,
       30.6014300239294
      ],
      [
       30.7037085630518,
       30.6753652831662
      ],
      [
       30.6075875795553,
       30.7419070332432
      ],
      [
       30.4449235048773,
       30.7566945544771
      ],
      [
       30.5040745956415,
       30.7862684234786
      ],
      [
       30.4375304986316,
       30.8084504597008
      ],
      [
       30.2896536099115,
       30.8232371427445
      ],
      [
       30.1787456080953,
       30.7788755848709
      ],
      [
       30.0826244569607,
       30.8158424601181
      ],
      [
       30.1102025948142,
       30.9707348341646
      ],
      [
       29.5987645111962,
       30.7673672318004
      ],
      [
       29.2589264492397,
       30.776247690585
      ],
      [
       29.0112594827236,
       30.8258640312021
      ],
      [
       28.756639559879,
       30.9821885372264
      ],
      [
       28.434560571473,
       31.0823048386943
      ],
      [
       27.9365804716059,
       31.0924345363293
      ],
      [
       27.8567904529956,
       31.2436594924569
      ],
      [
       27.6649395856052,
       31.1779726965046
      ],
      [
       27.466190579533,
       31.208960424935
      ],
      [
       27.3920005104393,
       31.2540600932028
      ],
      [
       27.3444995945476,
       31.3681061119328
      ],
      [
       27.0842604438089,
       31.380205724454
      ],
      [
       26.9730704747696,
       31.4394937755162
      ],
      [
       25.8956904791702,
       31.6226465743352
      ],
      [
       25.5060905667573,
       31.5135891291038
      ],
      [
       25.2266996054352,
       31.5124602543831
      ],
      [
       25.1623892856237,
       31.5434191490665
      ],
      [
       25.1478195262345,
       31.6642962512528
      ],
      [
       24.9999994668179,
       31.9570853495372
      ],
      [
       24.725759520278,
       32.0249752449222
      ],
      [
       24.5470794726356,
       31.9786447779909
      ],
      [
       24.2003005242912,
       32.0006839865829
      ],
      [
       23.7173195048944,
       32.1788961563897
      ],
      [
       23.3474505925749,
       32.2098671210138
      ],
      [
       23.3239095145705,
       32.1609987814367
      ],
      [
       23.1709194972706,
       32.3058382360813
      ],
      [
       22.6485864482568,
       32.1798431438113
      ],
      [
       22.0645315787726,
       32.1785233293361
      ],
      [
       22.0016634492227,
       32.2463961256386
      ],
      [
       21.9868504470031,
       32.1799573053327
      ],
      [
       21.5612395315822,
       32.1589499090226
      ],
      [
       21.0585305295772,
       31.9837644444553
      ],
      [
       20.7757705460896,
       31.7892109162024
      ],
      [
       20.5105205259899,
       31.4588319996264
      ],
      [
       20.4646034545237,
       31.337246291345
      ],
      [
       19.7534004781676,
       30.5103153835661
      ],
      [
       19.3764805412523,
       30.3128325477888
      ],
      [
       19.0258504436713,
       30.2676452048137
      ],
      [
       18.6732594836596,
       30.4053600417526
      ],
      [
       18.1800495248941,
       30.7856563769081
      ],
      [
       17.3900695667464,
       31.079234044644
      ],
      [
       16.7352105817784,
       31.2153702339373
      ],
      [
       15.1483595676,
       31.2858598604136
      ],
      [
       14.9077295440823,
       31.3571564965284
      ],
      [
       14.4481204558837,
       31.8274198218633
      ],
      [
       14.14457955511,
       31.8937873959921
      ],
      [
       13.6469895490171,
       31.8943774819762
      ],
      [
       12.6876495490145,
       31.7849120056978
      ],
      [
       12.079719498865,
       31.8327483653549
      ],
      [
       11.1698794986632,
       31.807691503979
      ],
      [
       10.9349005542718,
       31.8467878855488
      ],
      [
       10.9587604798732,
       31.9230073810412
      ],
      [
       11.1107505361235,
       31.9753148154943
      ],
      [
       12.0208505429619,
       32.1776573110992
      ],
      [
       12.1740194300759,
       32.2491960165779
      ],
      [
       12.2317895184716,
       32.3410920179559
      ],
      [
       11.8957095666264,
       32.5966649631924
      ],
      [
       11.8026504923627,
       32.7543290649835
      ],
      [
       11.6680205310714,
       32.7703696807433
      ],
      [
       11.4346105113178,
       32.7153102998371
      ],
      [
       10.8284995017972,
       32.877105171155
      ],
      [
       10.4576105118603,
       32.7965798919974
      ],
      [
       10.2564005790136,
       32.8184489479547
      ],
      [
       10.1682905156654,
       32.8896978072213
      ],
      [
       9.98759445266936,
       33.1499401430832
      ],
      [
       10.0053595611901,
       33.2614248198385
      ],
      [
       9.90862451946643,
       33.4571278422939
      ],
      [
       9.89216749075644,
       33.7156314361594
      ],
      [
       9.81078055195161,
       33.9356952867505
      ],
      [
       9.97415557965758,
       33.8561874030013
      ],
      [
       10.0900295238337,
       33.6903521190729
      ],
      [
       10.3797905757742,
       33.6120155224746
      ],
      [
       10.7051095050366,
       33.6137933241397
      ],
      [
       10.7442105804723,
       33.6956310416978
      ],
      [
       10.447540493376,
       33.633273872966
      ],
      [
       10.4714694858596,
       33.6605331632224
      ],
      [
       10.2201994744412,
       33.7965082523365
      ],
      [
       10.0131104747017,
       34.0074430368946
      ],
      [
       10.0487694377761,
       34.0131841376609
      ],
      [
       10.036227428405,
       34.0795810484509
      ],
      [
       9.96473247646091,
       34.2001867446121
      ],
      [
       10.0401295396129,
       34.4977409548561
      ],
      [
       10.2495894444868,
       34.7228248949017
      ],
      [
       10.2028504435945,
       34.7506223033425
      ],
      [
       10.0956205885331,
       34.6882458562334
      ],
      [
       9.96904345690612,
       34.7976030383227
      ],
      [
       9.99084545763799,
       34.6161765762832
      ],
      [
       9.94131343896692,
       34.5348799943947
      ],
      [
       9.63502645907235,
       34.4077620623743
      ],
      [
       9.79187148128437,
       34.250276495121
      ],
      [
       9.79269743402406,
       34.1603899712122
      ],
      [
       9.66049353079015,
       34.0478210114612
      ],
      [
       8.18710146684268,
       34.2211564223579
      ],
      [
       7.53034347788952,
       34.4569318151898
      ],
      [
       7.18467043785105,
       34.7023365060367
      ],
      [
       6.99554251552874,
       34.7741234834877
      ],
      [
       6.74616044398334,
       34.8031718071596
      ],
      [
       5.86909955256033,
       34.7286157841729
      ],
      [
       5.65473656960035,
       34.694856495636
      ],
      [
       5.28784742386253,
       34.5166993111141
      ],
      [
       4.26842845641329,
       33.8572975022589
      ],
      [
       3.7796555419169,
       33.6015255706407
      ],
      [
       3.0761215040593,
       33.3891827939859
      ],
      [
       2.45221856392772,
       33.3207529363979
      ],
      [
       0.774853556568132,
       32.8245179487736
      ],
      [
       -0.345391491910448,
       32.3721241704731
      ],
      [
       -0.706504500526648,
       32.1801482450872
      ],
      [
       -1.34284450860153,
       32.0490145432517
      ],
      [
       -1.67603555369561,
       31.8738181822103
      ],
      [
       -2.06032150712835,
       31.819030039691
      ],
      [
       -2.18026050671034,
       31.8518787182662
      ],
      [
       -2.25392151007506,
       31.9441059724579
      ],
      [
       -2.17272852850988,
       32.1046497609067
      ],
      [
       -2.46479058051213,
       32.1097493108033
      ],
      [
       -2.28106546534369,
       32.2329684843771
      ],
      [
       -2.31620357695431,
       32.2798338843694
      ],
      [
       -2.57051655450437,
       32.1959895391893
      ],
      [
       -2.83706157864586,
       32.2223978986346
      ],
      [
       -3.14860250309374,
       32.0716005872073
      ],
      [
       -4.03862248739028,
       31.921416495817
      ],
      [
       -4.45557556737521,
       31.9115280293556
      ],
      [
       -5.3310004789349,
       31.5637283328415
      ],
      [
       -5.34418253043313,
       31.5219400192453
      ],
      [
       -5.07018850893269,
       31.4455626086969
      ],
      [
       -5.03190148393418,
       31.3782849275205
      ],
      [
       -5.41421450499561,
       30.9343499982745
      ],
      [
       -5.71832453699542,
       30.8560538024494
      ],
      [
       -5.65921150007168,
       30.7618764146631
      ],
      [
       -6.07203045776856,
       30.6921497090145
      ],
      [
       -6.18856757812461,
       30.7873864017252
      ],
      [
       -6.4442414414755,
       30.7852154888007
      ],
      [
       -6.50275047845585,
       30.8206452906421
      ],
      [
       -6.37101344722925,
       31.0551858614971
      ],
      [
       -6.37576447759156,
       31.1223547455703
      ],
      [
       -6.6346935368627,
       31.0368474307986
      ],
      [
       -6.92950954697486,
       31.0274979207119
      ],
      [
       -7.09774356395616,
       30.9440196970628
      ],
      [
       -7.10163243175705,
       30.8310747251349
      ],
      [
       -6.92669255695304,
       30.7855765811898
      ],
      [
       -6.88220644399826,
       30.7456467031674
      ],
      [
       -6.90356554496594,
       30.6822590632583
      ],
      [
       -7.2979954452691,
       30.4244474793196
      ],
      [
       -7.69906649510239,
       29.9415172542561
      ],
      [
       -7.78734352596192,
       29.8771395439429
      ],
      [
       -8.05726947457143,
       29.8911792317749
      ],
      [
       -8.04043458966592,
       29.7675126322092
      ],
      [
       -8.31231352171713,
       29.5070627604245
      ],
      [
       -8.93438853640251,
       29.1740966856118
      ],
      [
       -8.9734715069273,
       29.0489905779935
      ],
      [
       -9.56526454943031,
       28.6806451603966
      ],
      [
       -9.68228748489486,
       28.5306022202559
      ],
      [
       -9.679520451016,
       28.4407348070863
      ],
      [
       -9.40020056823292,
       28.4758444202262
      ],
      [
       -9.59437858722313,
       28.3422700758218
      ],
      [
       -10.9547904752494,
       28.0786608970893
      ],
      [
       -11.4444104648815,
       27.9165775206638
      ],
      [
       -12.6755395429332,
       27.6664080531334
      ],
      [
       -13.1851104737982,
       27.1565999144083
      ],
      [
       -13.3392404299311,
       26.800215640292
      ],
      [
       -13.4989294318932,
       26.56819500481
      ],
      [
       -13.9471104656538,
       26.1513438487678
      ],
      [
       -14.3963295143046,
       25.6112289274269
      ],
      [
       -14.4998394807332,
       25.3594707539671
      ],
      [
       -14.4933994968795,
       25.0952542225299
      ],
      [
       -14.4196194704896,
       24.9176819272122
      ],
      [
       -14.5846205874131,
       24.8574048115743
      ],
      [
       -14.7447595299381,
       24.7232420575665
      ],
      [
       -15.0982104732164,
       24.1927281034078
      ],
      [
       -15.5825595868507,
       23.6323353466099
      ],
      [
       -16.2034495680641,
       22.4727154697377
      ],
      [
       -16.4410404811255,
       21.6448907158034
      ],
      [
       -16.4540805431838,
       21.3121179276782
      ]
     ],
     [
      [
       36.2288095283725,
       21.5516547833826
      ],
      [
       36.1959804634508,
       21.5068382558044
      ],
      [
       36.1333005914465,
       21.5651142758762
      ],
      [
       36.1928905586614,
       21.6060018701564
      ],
      [
       36.2288095283725,
       21.5516547833826
      ]
     ],
     [
      [
       -12.9662884859828,
       22.6682709706971
      ],
      [
       -12.936189574566,
       22.848376780071
      ],
      [
       -12.8695205871987,
       23.0002089212652
      ],
      [
       -12.8034894626636,
       23.0146371941288
      ],
      [
       -12.7730795826386,
       22.9433807911493
      ],
      [
       -12.8555855055184,
       22.7268470629029
      ],
      [
       -12.8682495553999,
       22.5950099517523
      ],
      [
       -12.9314804537195,
       22.6006875176924
      ],
      [
       -12.9662884859828,
       22.6682709706971
      ]
     ],
     [
      [
       -12.8714844671145,
       24.4077666677644
      ],
      [
       -12.7005555006217,
       24.2772818928734
      ],
      [
       -12.7608334544498,
       24.1481196146666
      ],
      [
       -12.8714844671145,
       24.4077666677644
      ]
     ],
     [
      [
       -12.819690022926203,
       21.2236269344686
      ],
      [
       -12.653981455584,
       21.2685623736148
      ],
      [
       -12.6973165655936,
       21.217351292098
      ],
      [
       -12.819690022926203,
       21.2236269344686
      ]
     ],
     [
      [
       -12.4221095150645,
       20.4573418346104
      ],
      [
       -12.232394475634543,
       20.543038465249474
      ],
      [
       -12.37080611289905,
       20.46816547969112
      ],
      [
       -12.4221095150645,
       20.4573418346104
      ]
     ],
     [
      [
       -12.2915474590261,
       21.3276512706574
      ],
      [
       -11.98748359039221,
       21.292101822353022
      ],
      [
       -11.9932884983624,
       21.291816119978
      ],
      [
       -11.9417404643377,
       21.2635615625376
      ],
      [
       -11.9688594415348,
       21.1627961664873
      ],
      [
       -12.2390495877327,
       20.883812733298
      ],
      [
       -12.2891395058796,
       20.917471941911
      ],
      [
       -12.2778395269222,
       21.0110146519883
      ],
      [
       -12.0039635226185,
       21.2882585049909
      ],
      [
       -12.2915474590261,
       21.3276512706574
      ]
     ],
     [
      [
       -12.2057264934373,
       20.647773981068
      ],
      [
       -12.1611307756896,
       20.630091287586204
      ],
      [
       -12.193608852453966,
       20.627351166447127
      ],
      [
       -12.2057264934373,
       20.647773981068
      ]
     ],
     [
      [
       -12.199672681924275,
       20.504270054439264
      ],
      [
       -12.18877984349903,
       20.515683006256612
      ],
      [
       -12.166968573118,
       20.511169746301
      ],
      [
       -12.199672681924275,
       20.504270054439264
      ]
     ],
     [
      [
       -12.192538326399077,
       20.564598421804398
      ],
      [
       -12.175542576526038,
       20.582497590833327
      ],
      [
       -12.1724464821244,
       20.5754669903435
      ],
      [
       -12.192538326399077,
       20.564598421804398
      ]
     ],
     [
      [
       -12.131916459834,
       20.5422198360911
      ],
      [
       -12.1288875752997,
       20.5784350222607
      ],
      [
       -12.129495866591244,
       20.54273472567884
      ],
      [
       -12.131916459834,
       20.5422198360911
      ]
     ],
     [
      [
       -12.08379144732724,
       20.636616277660753
      ],
      [
       -12.075481794763803,
       20.641576193604273
      ],
      [
       -12.0730015711015,
       20.6375266015124
      ],
      [
       -12.08379144732724,
       20.636616277660753
      ]
     ],
     [
      [
       -12.0828395785058,
       24.2261866492586
      ],
      [
       -11.9720004759337,
       24.2805230071963
      ],
      [
       -11.6257405350344,
       24.1627986740734
      ],
      [
       -11.3416795125347,
       23.9989869492115
      ],
      [
       -11.3199794357456,
       23.9183119692631
      ],
      [
       -11.3894905588442,
       23.911181316587
      ],
      [
       -11.5020995840925,
       23.9523493693477
      ],
      [
       -11.6220595384324,
       24.0718841935582
      ],
      [
       -12.0578895025763,
       24.1630187828509
      ],
      [
       -12.0828395785058,
       24.2261866492586
      ]
     ],
     [
      [
       -12.003907854496859,
       20.935248427223133
      ],
      [
       -12.0038185156935,
       20.9372577596512
      ],
      [
       -11.921417563012692,
       21.00655991382222
      ],
      [
       -11.9229095130081,
       20.9977152538455
      ],
      [
       -12.003907854496859,
       20.935248427223133
      ]
     ],
     [
      [
       -11.89670393957732,
       21.281488372888496
      ],
      [
       -11.8754605649162,
       21.2790047162386
      ],
      [
       -11.87980257901966,
       21.253264149545743
      ],
      [
       -11.89670393957732,
       21.281488372888496
      ]
     ],
     [
      [
       -11.8236124587575,
       24.3494983590435
      ],
      [
       -11.7546305690258,
       24.4258308425907
      ],
      [
       -11.7430575076626,
       24.463937991947
      ],
      [
       -11.6602785023771,
       24.4531045497206
      ],
      [
       -11.3886124706667,
       24.350608458301
      ],
      [
       -11.3280565729291,
       24.282557630375
      ],
      [
       -11.3783345809834,
       24.2447825720229
      ],
      [
       -11.8013895188477,
       24.3261646493239
      ],
      [
       -11.8236124587575,
       24.3494983590435
      ]
     ],
     [
      [
       -11.422215756579687,
       20.97431865881706
      ],
      [
       -11.1073885547565,
       21.1750486649225
      ],
      [
       -11.101646469441249,
       21.175445273641994
      ],
      [
       -11.422215756579687,
       20.97431865881706
      ]
     ],
     [
      [
       -10.652723703316676,
       21.206452594789184
      ],
      [
       -10.5824354904458,
       21.2113074369888
      ],
      [
       -10.578279541421168,
       21.211090228652637
      ],
      [
       -10.652723703316676,
       21.206452594789184
      ]
     ],
     [
      [
       -10.400049414869425,
       21.201775131423865
      ],
      [
       -9.50331457355517,
       21.1549077897635
      ],
      [
       -9.61738456452827,
       21.7798326515312
      ],
      [
       -9.448657328024236,
       20.959120280267715
      ],
      [
       -9.51152246842832,
       21.1542766324538
      ],
      [
       -10.400049414869425,
       21.201775131423865
      ]
     ],
     [
      [
       -9.95174354401189,
       25.1072056430028
      ],
      [
       -9.84222459119118,
       25.1505727718826
      ],
      [
       -9.72083451653009,
       25.0089134113057
      ],
      [
       -9.81558958508384,
       24.9784049600993
      ],
      [
       -9.95174354401189,
       25.1072056430028
      ]
     ],
     [
      [
       -9.63547656727317,
       22.1459927393302
      ],
      [
       -9.623634731886272,
       22.30458761457952
      ],
      [
       -9.61738456452827,
       21.7798326515312
      ],
      [
       -9.63547656727317,
       22.1459927393302
      ]
     ],
     [
      [
       -9.598248678330373,
       22.64457697140041
      ],
      [
       -9.58279043843421,
       22.8516054891772
      ],
      [
       -9.4833394924411,
       23.2854631915021
      ],
      [
       -9.454787229461367,
       23.363398259243805
      ],
      [
       -9.598248678330373,
       22.64457697140041
      ]
     ],
     [
      [
       -9.35733307759786,
       20.67561645820065
      ],
      [
       -9.280977548036795,
       20.529475971579043
      ],
      [
       -9.33324156701545,
       20.600827611891
      ],
      [
       -9.35733307759786,
       20.67561645820065
      ]
     ],
     [
      [
       -9.182929580548294,
       20.39561938254759
      ],
      [
       -9.084010070923263,
       20.288104077516586
      ],
      [
       -9.12811342970664,
       20.3207835326728
      ],
      [
       -9.182929580548294,
       20.39561938254759
      ]
     ],
     [
      [
       -8.979237771386874,
       24.37649932565534
      ],
      [
       -8.95710449985751,
       24.4138874687449
      ],
      [
       -8.929710350095178,
       24.441209461312745
      ],
      [
       -8.979237771386874,
       24.37649932565534
      ]
     ],
     [
      [
       -8.838317272361094,
       20.106052029457068
      ],
      [
       -8.768596453448952,
       20.064964765677328
      ],
      [
       -8.79929455295101,
       20.0771371974757
      ],
      [
       -8.838317272361094,
       20.106052029457068
      ]
     ],
     [
      [
       -7.90477147498828,
       27.7008055397787
      ],
      [
       -7.7919135072155,
       27.8005803625109
      ],
      [
       -7.59075755382523,
       27.7622981990162
      ],
      [
       -7.55694445346981,
       27.724343767936
      ],
      [
       -7.69666658858296,
       27.66351327905
      ],
      [
       -7.90477147498828,
       27.7008055397787
      ]
     ],
     [
      [
       -7.45905757061067,
       27.7612831505407
      ],
      [
       -7.4538864392608,
       27.8169606129877
      ],
      [
       -7.16274455259,
       27.9414255050125
      ],
      [
       -7.07012753990026,
       27.9152075824076
      ],
      [
       -7.23255558018457,
       27.7799122656416
      ],
      [
       -7.45905757061067,
       27.7612831505407
      ]
     ],
     [
      [
       -5.951445898640064,
       19.67109214918801
      ],
      [
       -5.573396010451603,
       19.665216680425363
      ],
      [
       -5.79708257568586,
       19.6583912283999
      ],
      [
       -5.951445898640064,
       19.67109214918801
      ]
     ],
     [
      [
       -4.3736534245861085,
       19.701824983003373
      ],
      [
       -4.016965296766907,
       19.73016514983956
      ],
      [
       -4.15756957254959,
       19.708418449911
      ],
      [
       -4.3736534245861085,
       19.701824983003373
      ]
     ],
     [
      [
       -0.172792515027453,
       21.0419839402317
      ],
      [
       0.346269580088062,
       21.2326725729267
      ],
      [
       0.4815922072889923,
       21.25444775495649
      ],
      [
       -0.172792515027453,
       21.0419839402317
      ]
     ],
     [
      [
       -0.139675447912367,
       28.8372888492942
      ],
      [
       -0.136294523444377,
       29.0046923873081
      ],
      [
       -0.0220164936342826,
       29.0289222901161
      ],
      [
       0.262878528232108,
       29.3866771730409
      ],
      [
       0.289042471380554,
       29.3282097103004
      ],
      [
       0.155233433687044,
       29.1413279703931
      ],
      [
       0.171961533145975,
       29.0199717586209
      ],
      [
       -0.0714504440381347,
       28.8137709053427
      ],
      [
       -0.139675447912367,
       28.8372888492942
      ]
     ],
     [
      [
       0.551057579765711,
       26.085487067819
      ],
      [
       0.669632508423661,
       26.1932721401472
      ],
      [
       0.8220594294678,
       26.245349575177
      ],
      [
       0.88997145307718,
       26.134855807016
      ],
      [
       1.00978053315984,
       26.0604690984737
      ],
      [
       1.09638855945752,
       25.8608173614287
      ],
      [
       1.05769752672558,
       25.6701159882409
      ],
      [
       0.924833464796961,
       25.6655262256958
      ],
      [
       0.7406644440359,
       26.0172541849557
      ],
      [
       0.77379156943482,
       26.0553083606838
      ],
      [
       0.706652524936999,
       26.0916677155882
      ],
      [
       0.551057579765711,
       26.085487067819
      ]
     ],
     [
      [
       0.9382520525745016,
       21.327930301537734
      ],
      [
       1.19221349413357,
       21.3687960217272
      ],
      [
       1.3069992030905957,
       21.359879125461326
      ],
      [
       0.9382520525745016,
       21.327930301537734
      ]
     ],
     [
      [
       0.971389572561861,
       26.3239061129149
      ],
      [
       0.991912494867989,
       26.3931828780006
      ],
      [
       1.51739747475474,
       26.4609809077266
      ],
      [
       1.57387457076541,
       26.4049032932217
      ],
      [
       1.568238579065,
       26.1956328193597
      ],
      [
       1.49058745450895,
       25.9667922779455
      ],
      [
       1.47063651327605,
       26.1496728325492
      ],
      [
       1.41100346307883,
       26.2199508997891
      ],
      [
       1.05198056584041,
       26.2901775021435
      ],
      [
       0.971389572561861,
       26.3239061129149
      ]
     ],
     [
      [
       1.0557195652124,
       20.2638145865833
      ],
      [
       1.06738875761797,
       20.26981485285281
      ],
      [
       1.0831375316009064,
       20.169494137163948
      ],
      [
       1.06042147762207,
       20.1553437069367
      ],
      [
       1.0557195652124,
       20.2638145865833
      ]
     ],
     [
      [
       1.0706235684168142,
       19.505119405004237
      ],
      [
       1.1484399819695643,
       19.588687350228103
      ],
      [
       1.16482646367263,
       19.5777418970752
      ],
      [
       1.0706235684168142,
       19.505119405004237
      ]
     ],
     [
      [
       1.07474346795323,
       19.43885711409
      ],
      [
       1.28944357105925,
       19.4604019580323
      ],
      [
       1.327414262475461,
       19.504507071536615
      ],
      [
       1.32747746258161,
       19.4980175925858
      ],
      [
       1.28572049730332,
       19.4557002132606
      ],
      [
       1.07474346795323,
       19.43885711409
      ]
     ],
     [
      [
       1.0897379450521392,
       20.281306742852685
      ],
      [
       1.1320865822008,
       20.3030822942543
      ],
      [
       1.191044627062951,
       20.271177578824705
      ],
      [
       1.18717546740623,
       20.2659144209688
      ],
      [
       1.0897379450521392,
       20.281306742852685
      ]
     ],
     [
      [
       1.09211747687146,
       19.6263083204996
      ],
      [
       1.1351202590646479,
       19.59758434262142
      ],
      [
       1.09425754439221,
       19.5919262565561
      ],
      [
       1.09211747687146,
       19.6263083204996
      ]
     ],
     [
      [
       1.1146638372104187,
       20.189132705916506
      ],
      [
       1.16274456655995,
       20.2247768783358
      ],
      [
       1.1723680903851994,
       20.22507820988149
      ],
      [
       1.1146638372104187,
       20.189132705916506
      ]
     ],
     [
      [
       1.1240887132857296,
       19.686549249844195
      ],
      [
       1.12952054636025,
       19.6967840330166
      ],
      [
       1.15321451027867,
       19.6706266277526
      ],
      [
       1.1240887132857296,
       19.686549249844195
      ]
     ],
     [
      [
       1.12828656257363,
       19.7332578847185
      ],
      [
       1.1641886769864631,
       19.766751503820863
      ],
      [
       1.1380478899628943,
       19.730841453376595
      ],
      [
       1.12828656257363,
       19.7332578847185
      ]
     ],
     [
      [
       1.14694048810796,
       19.244700552772
      ],
      [
       1.1630271363258826,
       19.176149279797755
      ],
      [
       1.1571734507902,
       19.1777264641288
      ],
      [
       1.14694048810796,
       19.244700552772
      ]
     ],
     [
      [
       1.14694048810796,
       19.244700552772
      ],
      [
       1.233905832782667,
       19.292637489586596
      ],
      [
       1.23704058290983,
       19.2864169496388
      ],
      [
       1.14694048810796,
       19.244700552772
      ]
     ],
     [
      [
       1.1747302050464163,
       19.77658585289393
      ],
      [
       1.2250886272163595,
       19.82356597755626
      ],
      [
       1.20818655175376,
       19.7613575445881
      ],
      [
       1.1747302050464163,
       19.77658585289393
      ]
     ],
     [
      [
       1.2020268079269065,
       20.226006882929163
      ],
      [
       1.28218249596966,
       20.2285167158981
      ],
      [
       1.3058691582241848,
       20.18295639008717
      ],
      [
       1.2020268079269065,
       20.226006882929163
      ]
     ],
     [
      [
       1.21061043051628,
       19.4043531772742
      ],
      [
       1.24490046116284,
       19.400313435216
      ],
      [
       1.3681428473499733,
       19.320391876989067
      ],
      [
       1.21061043051628,
       19.4043531772742
      ]
     ],
     [
      [
       1.242544487000732,
       19.83985081003156
      ],
      [
       1.2432004435592,
       19.8404627617084
      ],
      [
       1.2482970721946096,
       19.839336236171704
      ],
      [
       1.242544487000732,
       19.83985081003156
      ]
     ],
     [
      [
       1.25393145892858,
       19.912651567598
      ],
      [
       1.2764736611142578,
       19.931395143149235
      ],
      [
       1.2793961277471813,
       19.91286316533863
      ],
      [
       1.25393145892858,
       19.912651567598
      ]
     ],
     [
      [
       1.2551707098056386,
       20.35657173991684
      ],
      [
       1.26132044186076,
       20.3659070055456
      ],
      [
       1.37609250104447,
       20.40411473774
      ],
      [
       1.4194351788994681,
       20.388358426045464
      ],
      [
       1.2551707098056386,
       20.35657173991684
      ]
     ],
     [
      [
       1.27244155100428,
       19.6975720995538
      ],
      [
       1.3596524157575716,
       19.742528750007896
      ],
      [
       1.35868848491282,
       19.7322171876192
      ],
      [
       1.27244155100428,
       19.6975720995538
      ]
     ],
     [
      [
       1.3197133831500019,
       19.627349348888075
      ],
      [
       1.32623442633954,
       19.6256543644132
      ],
      [
       1.3269592255729052,
       19.551230923455705
      ],
      [
       1.3197133831500019,
       19.627349348888075
      ]
     ],
     [
      [
       1.3285302110356265,
       20.173561673104572
      ],
      [
       1.450503517106,
       20.2342442379813
      ],
      [
       1.4520597791370509,
       20.232665844055003
      ],
      [
       1.33051254972429,
       20.1727398440793
      ],
      [
       1.3285302110356265,
       20.173561673104572
      ]
     ],
     [
      [
       1.351889911661386,
       19.913465549802975
      ],
      [
       1.3712115511828,
       19.9307395470294
      ],
      [
       1.4677692206656792,
       19.91442844471222
      ],
      [
       1.351889911661386,
       19.913465549802975
      ]
     ],
     [
      [
       1.3543018012014296,
       19.815905642581455
      ],
      [
       1.36626455192405,
       19.8132614742219
      ],
      [
       1.3636481896923922,
       19.785273177623594
      ],
      [
       1.3543018012014296,
       19.815905642581455
      ]
     ],
     [
      [
       1.41754352685658,
       19.3949736599741
      ],
      [
       1.4309092431769044,
       19.398546718030406
      ],
      [
       1.4196884894639403,
       19.389893665539375
      ],
      [
       1.41754352685658,
       19.3949736599741
      ]
     ],
     [
      [
       1.4200452088481883,
       20.0637117542158
      ],
      [
       1.42276545253975,
       20.0665347605011
      ],
      [
       1.52859552976952,
       20.0582442200626
      ],
      [
       1.4200452088481883,
       20.0637117542158
      ]
     ],
     [
      [
       1.4364156337395253,
       19.27611760056876
      ],
      [
       1.45339242385714,
       19.2651083077283
      ],
      [
       1.441289137518172,
       19.2375364993582
      ],
      [
       1.4364156337395253,
       19.27611760056876
      ]
     ],
     [
      [
       1.43823743998763,
       19.3459634985952
      ],
      [
       1.4400562446115663,
       19.400991986685217
      ],
      [
       1.44924757273304,
       19.4034491051969
      ],
      [
       1.43823743998763,
       19.3459634985952
      ]
     ],
     [
      [
       1.48836557961312,
       19.7074194946896
      ],
      [
       1.55782842294948,
       19.7837452727144
      ],
      [
       1.4912111783348552,
       19.702385321458905
      ],
      [
       1.48836557961312,
       19.7074194946896
      ]
     ],
     [
      [
       1.4937715786148684,
       19.697855695250173
      ],
      [
       1.60810643100388,
       19.5704335480517
      ],
      [
       1.6258855086838682,
       19.486235258211348
      ],
      [
       1.60977157989026,
       19.4926390929511
      ],
      [
       1.4937715786148684,
       19.697855695250173
      ]
     ],
     [
      [
       1.5197502165839867,
       20.407770308812623
      ],
      [
       1.6008468223142451,
       20.442651872577784
      ],
      [
       1.5704435225164,
       20.4175799299278
      ],
      [
       1.5197502165839867,
       20.407770308812623
      ]
     ],
     [
      [
       1.52859552976952,
       20.0582442200626
      ],
      [
       1.620267107593279,
       20.15017584785548
      ],
      [
       1.622965533691,
       20.1453293442894
      ],
      [
       1.52859552976952,
       20.0582442200626
      ]
     ],
     [
      [
       1.559957299591144,
       19.898855479914804
      ],
      [
       1.6313975606553,
       19.8867873613073
      ],
      [
       1.6932916656467039,
       19.833838108846074
      ],
      [
       1.559957299591144,
       19.898855479914804
      ]
     ],
     [
      [
       1.5698658726162882,
       20.16471349574211
      ],
      [
       1.60621748530249,
       20.1754096478813
      ],
      [
       1.6153959874158421,
       20.15892461489812
      ],
      [
       1.5698658726162882,
       20.16471349574211
      ]
     ],
     [
      [
       1.632852879366589,
       21.334565839899838
      ],
      [
       1.88243153768005,
       21.3151778252543
      ],
      [
       2.30050946907218,
       21.2210529081818
      ],
      [
       1.632852879366589,
       21.334565839899838
      ]
     ],
     [
      [
       1.65201553374351,
       19.3073457236971
      ],
      [
       1.7310517958714142,
       19.429851861089602
      ],
      [
       1.73728144970349,
       19.4269657080439
      ],
      [
       1.65201553374351,
       19.3073457236971
      ]
     ],
     [
      [
       1.6628864487037502,
       19.143608040470863
      ],
      [
       1.6643955430329604,
       19.14196286377534
      ],
      [
       1.66316949994751,
       19.1393447236243
      ],
      [
       1.6628864487037502,
       19.143608040470863
      ]
     ],
     [
      [
       1.67164745974125,
       19.78569792088
      ],
      [
       1.7073198458781453,
       19.82183726229131
      ],
      [
       1.70946157776217,
       19.820005050609
      ],
      [
       1.67164745974125,
       19.78569792088
      ]
     ],
     [
      [
       1.67508819731552,
       20.47458483984319
      ],
      [
       1.68366157684994,
       20.4782724526874
      ],
      [
       1.690324328435583,
       20.453074689116875
      ],
      [
       1.67508819731552,
       20.47458483984319
      ]
     ],
     [
      [
       1.7934296948336619,
       19.40674870902995
      ],
      [
       1.79448844184336,
       19.4094228875956
      ],
      [
       1.86277848928631,
       19.4100557212859
      ],
      [
       1.7934296948336619,
       19.40674870902995
      ]
     ],
     [
      [
       1.81800152429108,
       19.0876776665744
      ],
      [
       1.8255754575409258,
       19.094689578345342
      ],
      [
       1.8462655206580418,
       19.075835981722083
      ],
      [
       1.81800152429108,
       19.0876776665744
      ]
     ],
     [
      [
       1.83341953228245,
       19.1638490499425
      ],
      [
       1.86277848928631,
       19.4100557212859
      ],
      [
       1.8478475749690562,
       19.166355581315628
      ],
      [
       1.83341953228245,
       19.1638490499425
      ]
     ],
     [
      [
       1.83876249264759,
       18.9538835486685
      ],
      [
       1.8752232698168114,
       19.04944854546022
      ],
      [
       1.87742653565127,
       19.0474408432574
      ],
      [
       1.84732645076798,
       18.9525256803528
      ],
      [
       1.8553610542553323,
       18.945396098418296
      ],
      [
       1.83876249264759,
       18.9538835486685
      ]
     ],
     [
      [
       1.856543661680061,
       19.12335979604663
      ],
      [
       1.8918853082004228,
       19.15607892612948
      ],
      [
       1.91819644801072,
       19.1593843453929
      ],
      [
       1.856543661680061,
       19.12335979604663
      ]
     ],
     [
      [
       1.9359372743037646,
       18.904194536790726
      ],
      [
       2.052114838638012,
       18.991675546231548
      ],
      [
       2.05386643584899,
       18.9860276444621
      ],
      [
       1.94129144112767,
       18.9014567559141
      ],
      [
       1.9359372743037646,
       18.904194536790726
      ]
     ],
     [
      [
       2.03708754205675,
       19.0850209385414
      ],
      [
       2.0374761561105563,
       19.084708032101357
      ],
      [
       2.0371765921015736,
       19.084645970005106
      ],
      [
       2.03708754205675,
       19.0850209385414
      ]
     ],
     [
      [
       2.05334642257549,
       18.9440019553677
      ],
      [
       2.0974354726076316,
       19.07988145258681
      ],
      [
       2.12227952963067,
       19.0988351531777
      ],
      [
       2.0661501769152455,
       18.94199760882411
      ],
      [
       2.05334642257549,
       18.9440019553677
      ]
     ],
     [
      [
       2.09009050683602,
       18.671721362516
      ],
      [
       2.18810709254664,
       18.58050618450841
      ],
      [
       2.17706046371316,
       18.5760580309333
      ],
      [
       2.09009050683602,
       18.671721362516
      ]
     ],
     [
      [
       2.13132745884084,
       18.8655746665769
      ],
      [
       2.162469714199517,
       18.906541252552216
      ],
      [
       2.16547550004748,
       18.905893297269
      ],
      [
       2.1360652181540796,
       18.84859990936068
      ],
      [
       2.13132745884084,
       18.8655746665769
      ]
     ],
     [
      [
       2.139284089644048,
       18.837067123830668
      ],
      [
       2.182585693224246,
       18.78551938408556
      ],
      [
       2.15112048501777,
       18.7946589041428
      ],
      [
       2.139284089644048,
       18.837067123830668
      ]
     ],
     [
      [
       2.1700698626919497,
       18.741023262247435
      ],
      [
       2.1989455845408874,
       18.76604399864662
      ],
      [
       2.21015456441353,
       18.7527004379119
      ],
      [
       2.1700698626919497,
       18.741023262247435
      ]
     ],
     [
      [
       2.30796047808789,
       18.6287676291012
      ],
      [
       2.41166456939425,
       18.7583469908104
      ],
      [
       2.44282345628767,
       18.9753073579288
      ],
      [
       2.43040751074039,
       18.780124684023
      ],
      [
       2.30796047808789,
       18.6287676291012
      ]
     ],
     [
      [
       2.6565885478980444,
       19.725362350502884
      ],
      [
       2.65801054796864,
       19.729383266153
      ],
      [
       2.91976849956413,
       19.8704441588426
      ],
      [
       2.6565885478980444,
       19.725362350502884
      ]
     ],
     [
      [
       3.0840457771963043,
       20.778632868699177
      ],
      [
       3.19056750720918,
       20.7026109062638
      ],
      [
       3.35803256839245,
       20.4940145050559
      ],
      [
       3.0840457771963043,
       20.778632868699177
      ]
     ],
     [
      [
       3.35803256839245,
       20.4940145050559
      ],
      [
       3.8591031742321236,
       19.44807122460348
      ],
      [
       3.79006955370789,
       19.5511685817752
      ],
      [
       3.35803256839245,
       20.4940145050559
      ]
     ],
     [
      [
       3.961499997803137,
       19.295148028445105
      ],
      [
       4.0868656486146975,
       19.171461843416417
      ],
      [
       4.02029746773701,
       19.2073377164184
      ],
      [
       3.961499997803137,
       19.295148028445105
      ]
     ],
     [
      [
       5.54207557655235,
       18.9774112156278
      ],
      [
       6.1267614072699255,
       19.118247804628542
      ],
      [
       6.0576035260097,
       19.0938241161787
      ],
      [
       5.54207557655235,
       18.9774112156278
      ]
     ],
     [
      [
       5.83092048647484,
       34.1602680983399
      ],
      [
       5.95712948491402,
       34.3858019789483
      ],
      [
       5.9463654448461,
       34.5675777987125
      ],
      [
       6.05458855543466,
       34.6612455667853
      ],
      [
       6.912341565237,
       34.409902129895
      ],
      [
       7.01573049698365,
       34.2040588486066
      ],
      [
       7.08825357317221,
       34.1636087896727
      ],
      [
       7.86529254335724,
       34.2240972969087
      ],
      [
       8.0360255409536,
       34.1967080871529
      ],
      [
       8.10618642918706,
       34.1808664577747
      ],
      [
       8.13450854476713,
       34.0698805042588
      ],
      [
       8.0224715005921,
       33.9562857671963
      ],
      [
       7.19737857654331,
       34.001443270596
      ],
      [
       7.11730843472856,
       33.9901137873393
      ],
      [
       7.01528742958141,
       33.8420006965875
      ],
      [
       6.88489552617764,
       33.8018828962957
      ],
      [
       6.73346856618326,
       33.8140587841358
      ],
      [
       6.67604951189284,
       33.8948863147222
      ],
      [
       6.22959045632226,
       33.8085698110172
      ],
      [
       6.00892646146329,
       33.8319722523429
      ],
      [
       5.9019375022994,
       33.948988817561
      ],
      [
       5.83092048647484,
       34.1602680983399
      ]
     ],
     [
      [
       5.85157953088864,
       33.4029995231932
      ],
      [
       5.94108149307937,
       33.7000328819735
      ],
      [
       6.02741442531459,
       33.7166805151618
      ],
      [
       6.04356752621516,
       33.6824743035471
      ],
      [
       6.02306958198051,
       33.5382686884212
      ],
      [
       5.9387925629581,
       33.4235598287875
      ],
      [
       5.85157953088864,
       33.4029995231932
      ]
     ],
     [
      [
       5.89274255450738,
       33.0682004937925
      ],
      [
       5.92905849115331,
       33.3117921789808
      ],
      [
       6.00706551131856,
       33.3486531069717
      ],
      [
       6.07603449291935,
       33.2644724798359
      ],
      [
       6.05682149444269,
       33.1341773035949
      ],
      [
       5.89274255450738,
       33.0682004937925
      ]
     ],
     [
      [
       6.0243556249025705,
       26.650716710937356
      ],
      [
       6.04324348183809,
       26.6445526340668
      ],
      [
       6.03983255015669,
       26.3898131852828
      ],
      [
       6.0243556249025705,
       26.650716710937356
      ]
     ],
     [
      [
       6.521137556112821,
       19.257525064369105
      ],
      [
       7.0804394601106,
       19.5388693123203
      ],
      [
       6.6283905133071,
       19.2954023498513
      ],
      [
       6.521137556112821,
       19.257525064369105
      ]
     ],
     [
      [
       7.367122066452642,
       23.24334911971777
      ],
      [
       7.36712250956404,
       23.2433493247862
      ],
      [
       7.367122877569073,
       23.243348401766713
      ],
      [
       7.367122066452642,
       23.24334911971777
      ]
     ],
     [
      [
       7.69802747438393,
       33.8198495057689
      ],
      [
       7.74538053350349,
       33.8924485220004
      ],
      [
       8.10093751377565,
       33.9107547661907
      ],
      [
       8.17074150057155,
       33.9879586323929
      ],
      [
       8.41044549142546,
       34.068427417523
      ],
      [
       8.94470347409799,
       34.028469543944
      ],
      [
       9.15918548008321,
       33.9601655825417
      ],
      [
       9.60302049704325,
       34.0189329497782
      ],
      [
       9.74115359095092,
       34.0401421823169
      ],
      [
       9.83667543600788,
       33.9824009276682
      ],
      [
       9.79838656699067,
       33.9383121169243
      ],
      [
       9.37635254493412,
       33.8649302309355
      ],
      [
       9.22875158846676,
       33.7869372923677
      ],
      [
       9.00947345748011,
       33.7909884338142
      ],
      [
       8.90310056820022,
       33.8513004181693
      ],
      [
       8.91240850404714,
       33.7939103652639
      ],
      [
       8.85147642649457,
       33.7818756286734
      ],
      [
       9.08304058352917,
       33.6221281210271
      ],
      [
       9.09178944643378,
       33.5314897404028
      ],
      [
       8.84695958650718,
       33.4030105873054
      ],
      [
       8.6843684343869,
       33.4130120418217
      ],
      [
       8.59384656221684,
       33.3346985792761
      ],
      [
       8.26001044585377,
       33.3939276217399
      ],
      [
       8.157408574816,
       33.5367996760693
      ],
      [
       7.80453346828639,
       33.6713057528316
      ],
      [
       7.69802747438393,
       33.8198495057689
      ]
     ],
     [
      [
       8.27593455315937,
       23.596322164307
      ],
      [
       8.28976150828854,
       23.6292965714298
      ],
      [
       8.42457151286018,
       23.6601351019836
      ],
      [
       8.28830255422045,
       23.6258155670379
      ],
      [
       8.40606343244124,
       23.5452497194689
      ],
      [
       8.31644144139693,
       23.3947675676013
      ],
      [
       8.39030243697158,
       23.5525775145078
      ],
      [
       8.27593455315937,
       23.596322164307
      ]
     ],
     [
      [
       14.7946905272008,
       16.9429841734605
      ],
      [
       17.32343307171831,
       16.760319124208316
      ],
      [
       17.3205525763155,
       16.7602025253143
      ],
      [
       14.7946905272008,
       16.9429841734605
      ]
     ],
     [
      [
       17.363568929862833,
       16.76194377414371
      ],
      [
       17.4142345936237,
       16.7879068946298
      ],
      [
       17.418305891141546,
       16.764159458689058
      ],
      [
       17.363568929862833,
       16.76194377414371
      ]
     ],
     [
      [
       17.599888703732677,
       16.77150970653183
      ],
      [
       17.738678005553187,
       16.787353596903717
      ],
      [
       17.7333904771136,
       16.7769136933288
      ],
      [
       17.599888703732677,
       16.77150970653183
      ]
     ],
     [
      [
       17.804459619617987,
       16.917235396252064
      ],
      [
       17.8252755820174,
       16.9618582077724
      ],
      [
       17.827223386228383,
       16.96218107004461
      ],
      [
       17.804459619617987,
       16.917235396252064
      ]
     ],
     [
      [
       17.995139413214638,
       16.95758625970372
      ],
      [
       18.0027774693484,
       16.9551905714282
      ],
      [
       18.044527372155454,
       16.855573549259656
      ],
      [
       17.995139413214638,
       16.95758625970372
      ]
     ],
     [
      [
       18.078981362866603,
       16.784407519048308
      ],
      [
       18.1372185025419,
       16.7963105907613
      ],
      [
       18.156601317913392,
       16.771172457813535
      ],
      [
       18.0824965770578,
       16.7771467102373
      ],
      [
       18.078981362866603,
       16.784407519048308
      ]
     ],
     [
      [
       18.27612540987335,
       16.76153654130069
      ],
      [
       18.407553894397637,
       16.779653187394107
      ],
      [
       18.3165605528978,
       16.7582766992389
      ],
      [
       18.27612540987335,
       16.76153654130069
      ]
     ],
     [
      [
       18.798610510489,
       30.1993067099704
      ],
      [
       18.8118495589288,
       30.2306853703653
      ],
      [
       19.3299594698427,
       30.0894308557122
      ],
      [
       19.2139395129131,
       30.0191742461444
      ],
      [
       19.3578495821327,
       29.9415462556411
      ],
      [
       19.3371794736067,
       29.9066485370138
      ],
      [
       19.1666204843204,
       29.9191469604884
      ],
      [
       19.0867295475958,
       29.9488869588109
      ],
      [
       19.0449105562339,
       30.0436634850368
      ],
      [
       18.8095604611695,
       30.148388659789
      ],
      [
       18.798610510489,
       30.1993067099704
      ]
     ],
     [
      [
       18.880178991046154,
       16.89068400144965
      ],
      [
       18.97529215528694,
       16.922599524046618
      ],
      [
       18.926380554577,
       16.9015378415141
      ],
      [
       18.880178991046154,
       16.89068400144965
      ]
     ],
     [
      [
       19.0583995530267,
       29.2496526696482
      ],
      [
       19.132999497186,
       29.30522150263
      ],
      [
       19.5180094794157,
       29.3007417106547
      ],
      [
       19.6336304577538,
       29.2106551945359
      ],
      [
       19.6050895745007,
       29.1305171593054
      ],
      [
       19.5534895726762,
       29.1163978433932
      ],
      [
       19.242179485842,
       29.1617959074143
      ],
      [
       19.0583995530267,
       29.2496526696482
      ]
     ],
     [
      [
       20.4718494421876,
       30.1563191136668
      ],
      [
       20.9250695085038,
       30.3596617379595
      ],
      [
       20.980435263564864,
       30.427329585084813
      ],
      [
       20.9887444800541,
       30.3707582043077
      ],
      [
       20.4718494421876,
       30.1563191136668
      ]
     ],
     [
      [
       20.995776400155794,
       30.446079472707925
      ],
      [
       20.9997215881009,
       30.4509012686801
      ],
      [
       21.01275880494653,
       30.435350948202938
      ],
      [
       20.995776400155794,
       30.446079472707925
      ]
     ],
     [
      [
       21.080718451616047,
       30.392417880499718
      ],
      [
       21.110081155009475,
       30.416149616087655
      ],
      [
       21.0877055876252,
       30.3880038024691
      ],
      [
       21.080718451616047,
       30.392417880499718
      ]
     ],
     [
      [
       21.139533333905675,
       30.439953668210784
      ],
      [
       21.1558305115754,
       30.4531254905088
      ],
      [
       21.16695104440847,
       30.415014901870695
      ],
      [
       21.1477775142731,
       30.4156285437043
      ],
      [
       21.139533333905675,
       30.439953668210784
      ]
     ],
     [
      [
       21.6769369967338,
       30.39869298761241
      ],
      [
       24.1695495008066,
       30.3917796822151
      ],
      [
       22.1775494732581,
       30.3826710680258
      ],
      [
       21.6769369967338,
       30.39869298761241
      ]
     ],
     [
      [
       24.7618365726833,
       22.3035775483172
      ],
      [
       24.789075578734,
       22.2909170188349
      ],
      [
       24.782339488965377,
       22.283321680318746
      ],
      [
       24.7618365726833,
       22.3035775483172
      ]
     ],
     [
      [
       24.768037418396613,
       22.28196915351129
      ],
      [
       24.779611526637062,
       22.280245741895328
      ],
      [
       24.7712405651407,
       22.2708069890796
      ],
      [
       24.768037418396613,
       22.28196915351129
      ]
     ],
     [
      [
       24.7818904436872,
       21.9410518537384
      ],
      [
       24.78624809813926,
       21.94834738785289
      ],
      [
       24.81209785867567,
       21.881992446681053
      ],
      [
       24.7818904436872,
       21.9410518537384
      ]
     ],
     [
      [
       24.827298736418648,
       22.01707388631291
      ],
      [
       24.8352985896664,
       22.0304671470503
      ],
      [
       24.9055424587414,
       22.018327804308
      ],
      [
       24.827298736418648,
       22.01707388631291
      ]
     ],
     [
      [
       24.856486029499905,
       21.795207826075806
      ],
      [
       24.86169661019314,
       21.794516288567817
      ],
      [
       24.857044599285,
       21.7941157498316
      ],
      [
       24.856486029499905,
       21.795207826075806
      ]
     ],
     [
      [
       24.9055424587414,
       22.018327804308
      ],
      [
       25.0728514488873,
       22.0863628742561
      ],
      [
       25.08889775628457,
       22.08014635633186
      ],
      [
       24.9055424587414,
       22.018327804308
      ]
     ],
     [
      [
       25.2256918552185,
       22.02715080122378
      ],
      [
       25.2369676044728,
       22.0227824505738
      ],
      [
       25.246931429694126,
       21.98414389199113
      ],
      [
       25.2256918552185,
       22.02715080122378
      ]
     ],
     [
      [
       25.237750896242968,
       21.896780037059266
      ],
      [
       25.260417856800874,
       21.93184509185564
      ],
      [
       25.262056484719,
       21.9254906828407
      ],
      [
       25.237750896242968,
       21.896780037059266
      ]
     ],
     [
      [
       25.2800004630537,
       29.2201126635356
      ],
      [
       25.9915294954436,
       29.3174609252962
      ],
      [
       26.1229495230918,
       29.2592833087677
      ],
      [
       26.0289704511347,
       29.1814454354088
      ],
      [
       26.040330444519,
       29.0881298749077
      ],
      [
       25.5281205552558,
       29.1030883869666
      ],
      [
       25.2800004630537,
       29.2201126635356
      ]
     ],
     [
      [
       26.3142394735212,
       29.0815502485469
      ],
      [
       26.5879404636863,
       29.301050667606
      ],
      [
       26.4915795901208,
       29.5901896146921
      ],
      [
       26.7409095262284,
       29.8521284477583
      ],
      [
       26.923389593498,
       29.9160972888342
      ],
      [
       27.1463856014606,
       30.1661908163218
      ],
      [
       27.4034005693208,
       30.257055508332
      ],
      [
       27.9958304688277,
       30.3981272974958
      ],
      [
       28.1374604927434,
       30.3499072143109
      ],
      [
       28.4224964982214,
       30.3842389868353
      ],
      [
       29.0786494814027,
       30.2507747806388
      ],
      [
       29.1255304717351,
       30.17849846768
      ],
      [
       29.1012304962165,
       30.1488593874717
      ],
      [
       28.7566794577382,
       30.2039164214451
      ],
      [
       28.5737995736867,
       30.1565591713739
      ],
      [
       28.2895395648055,
       30.1706885455699
      ],
      [
       28.2375695857745,
       30.0921216142721
      ],
      [
       28.3099994551997,
       29.9576755519366
      ],
      [
       28.0051305256856,
       29.7634138815526
      ],
      [
       27.9477104655668,
       29.8570692444087
      ],
      [
       27.8804705029547,
       29.7016561865365
      ],
      [
       27.8882195724476,
       29.6027889562811
      ],
      [
       27.7331194948403,
       29.5599207182787
      ],
      [
       27.3938866062936,
       29.5789898832967
      ],
      [
       27.58888655471,
       29.3812203864306
      ],
      [
       27.6522215562672,
       29.3812203864306
      ],
      [
       27.7269435409368,
       29.452052832747
      ],
      [
       27.7021104763758,
       29.4706970352737
      ],
      [
       27.8503895288107,
       29.4035377065701
      ],
      [
       27.8737296087767,
       29.3167110802374
      ],
      [
       27.6459404932978,
       29.0906987605953
      ],
      [
       27.4328805610066,
       28.9631850351066
      ],
      [
       26.9587895557641,
       28.9094969335612
      ],
      [
       26.6482695471239,
       28.7757222616707
      ],
      [
       26.631399458225,
       28.9297461029093
      ],
      [
       26.8254904730602,
       28.9508745339014
      ],
      [
       26.8366295194766,
       28.9868838605289
      ],
      [
       26.5369204895622,
       29.0380808604483
      ],
      [
       26.3971195645591,
       28.9301663715349
      ],
      [
       26.3142394735212,
       29.0815502485469
      ]
     ],
     [
      [
       30.161266874471817,
       30.216845845219307
      ],
      [
       30.2579405115796,
       30.2138161196568
      ],
      [
       30.298846153674738,
       30.20907524430453
      ],
      [
       30.161266874471817,
       30.216845845219307
      ]
     ]
    ]
   }
  },
  {
   "type": "Feature",
   "properties": {
    "_manaName": "Desierto arábigo",
    "name": "Desierto arábigo",
    "_manaColor": "#d97706",
    "_manaFillOpacity": 0.85,
    "_manaBorderColor": "#FFFFFF",
    "_manaWeight": 1,
    "_manaOpacity": 1,
    "_manaGroupName": "Desiertos cálidos",
    "_manaGroupId": 1,
    "_manaGeometryType": "polygon",
    "_manaLabelStyle": {
     "enabled": true,
     "field": "name",
     "fontFamily": "DM Mono, monospace",
     "fontSize": 11,
     "color": "#ffffff",
     "fontWeight": "bold",
     "fontStyle": "normal",
     "haloColor": "#000000",
     "haloWidth": 3,
     "opacity": 1,
     "offsetX": 0,
     "offsetY": 0,
     "placement": "point"
    },
    "Continent": "Asia",
    "Area": "2.3 million km²",
    "Countries": "Saudi Arabia, Yemen, Oman, UAE, Qatar, Kuwait, Iraq",
    "Type": "Cálido",
    "Description": "Desierto arábigo: Incluye el Rub' al Khali (El Cuarto Vacío), la mayor masa de arena continua de la Tierra. Rico en reservas de petróleo."
   },
   "geometry": {
    "type": "Polygon",
    "coordinates": [
     [
      [
       35.650920554508,
       30.2360261514356
      ],
      [
       35.6631246055428,
       30.0690033194643
      ],
      [
       35.7264515604728,
       29.9545018281153
      ],
      [
       35.6776004876164,
       29.8689547831225
      ],
      [
       35.7388914782632,
       29.7627218716258
      ],
      [
       35.8282965456532,
       29.7165385909145
      ],
      [
       35.8463665878117,
       29.6067049814483
      ],
      [
       35.7922704552193,
       29.5495911960718
      ],
      [
       36.0667035208085,
       29.457874567422
      ],
      [
       36.6189725370412,
       29.67727725349
      ],
      [
       36.8460575726527,
       29.6000522648918
      ],
      [
       36.8907435101794,
       29.4712750513172
      ],
      [
       36.8615184959884,
       29.2192759819599
      ],
      [
       36.7026935006064,
       29.1154969564391
      ],
      [
       35.908290579787,
       28.9417675960928
      ],
      [
       35.8124805648986,
       28.878557317255
      ],
      [
       35.7107546027435,
       28.7557170057051
      ],
      [
       35.7029036093079,
       28.6143027319774
      ],
      [
       35.7810786028129,
       28.162588390749
      ],
      [
       36.3512765099546,
       27.6519227833282
      ],
      [
       36.9362714936998,
       27.2880224566275
      ],
      [
       36.9888385995136,
       27.2003261240205
      ],
      [
       37.0782056130631,
       27.1774311231135
      ],
      [
       37.4082834516769,
       27.3910558280411
      ],
      [
       37.345836596581,
       27.1780242265828
      ],
      [
       37.4381255415801,
       26.7950000848552
      ],
      [
       37.5226855336541,
       26.7570225197222
      ],
      [
       37.7347835587359,
       26.7878152850846
      ],
      [
       37.8453024726063,
       26.712632631016
      ],
      [
       38.1729856014806,
       26.1324988158409
      ],
      [
       37.9941255105578,
       25.888868909174
      ],
      [
       37.8765906084468,
       25.8326084015416
      ],
      [
       38.0294155022541,
       25.6204672934774
      ],
      [
       38.8853456157521,
       25.1466528910399
      ],
      [
       39.3281474793258,
       24.8089959679298
      ],
      [
       39.8531116077488,
       24.5309856737001
      ],
      [
       40.3307075896265,
       24.1611668851617
      ],
      [
       40.8224755257683,
       23.9869674676848
      ],
      [
       41.0711515057895,
       23.7947721040736
      ],
      [
       41.132125492858,
       23.8096774748662
      ],
      [
       41.4084936046161,
       23.2084539530918
      ],
      [
       41.6206244867584,
       23.2877098768313
      ],
      [
       41.9461705655971,
       23.9251626663728
      ],
      [
       42.1206325042816,
       24.1207139763806
      ],
      [
       42.7306446191818,
       24.4829147883919
      ],
      [
       42.9591026105348,
       24.4810038821042
      ],
      [
       43.1350975993115,
       24.2974738976418
      ],
      [
       43.5820424699906,
       24.2556482007574
      ],
      [
       44.2204395647447,
       24.0600707392117
      ],
      [
       44.2106895673239,
       23.9923362443117
      ],
      [
       43.7352405261276,
       23.8634886227505
      ],
      [
       43.238754584322,
       23.5910415653015
      ],
      [
       42.6877255868462,
       23.0963537093668
      ],
      [
       42.5925945061156,
       22.8387830213255
      ],
      [
       42.7436255050036,
       22.1812810546458
      ],
      [
       43.066287538595,
       21.8207023085385
      ],
      [
       43.0741385320307,
       21.0346454163567
      ],
      [
       43.1391836094752,
       20.7885151879702
      ],
      [
       43.2658085179504,
       20.5654657034653
      ],
      [
       43.6819415125279,
       20.0895405701682
      ],
      [
       45.0858455874294,
       18.7856855738709
      ],
      [
       45.221263615258,
       18.5688313216468
      ],
      [
       45.1448665910562,
       17.8915690182126
      ],
      [
       45.0117795705029,
       17.4568974330885
      ],
      [
       45.0383144966863,
       17.3088676584543
      ],
      [
       45.1378975414736,
       17.2003952700651
      ],
      [
       45.3981665317876,
       16.9825517856273
      ],
      [
       45.7562905537286,
       16.8103876618815
      ],
      [
       46.2125515745197,
       16.6261742170336
      ],
      [
       46.7194255442165,
       16.551649877641
      ],
      [
       47.0704425504485,
       16.6414379980064
      ],
      [
       47.4219016182543,
       16.8923165745461
      ],
      [
       47.6893005906921,
       16.9628670536395
      ],
      [
       48.0327685196411,
       16.9791430332407
      ],
      [
       48.1394275670957,
       17.0395931513603
      ],
      [
       48.385433575677,
       17.5243464403661
      ],
      [
       48.5988425304166,
       17.6802049125735
      ],
      [
       49.6042865183265,
       17.8408551511927
      ],
      [
       50.4685324856107,
       18.1519783215859
      ],
      [
       51.5160254643058,
       18.1489973815378
      ],
      [
       52.4870525195549,
       18.3676014398704
      ],
      [
       53.1101796307278,
       18.2712781172311
      ],
      [
       53.5449375494546,
       18.472103991274
      ],
      [
       53.6791115352127,
       18.6345145971998
      ],
      [
       54.3339725318374,
       19.0033247075091
      ],
      [
       54.4152484942441,
       19.1548638173681
      ],
      [
       54.7695465126582,
       19.4543802311473
      ],
      [
       54.7978205161139,
       19.6078951232246
      ],
      [
       55.0932125306128,
       19.7324709916476
      ],
      [
       55.6621665633222,
       19.7201038287769
      ],
      [
       56.9874876136718,
       20.5029631925324
      ],
      [
       57.9264336050392,
       20.8775571513143
      ],
      [
       58.11750943429228,
       20.908836966193427
      ],
      [
       57.7535746215195,
       20.6001066005791
      ],
      [
       57.4257585556607,
       19.8104027423223
      ],
      [
       56.9787295306736,
       19.3634033892725
      ],
      [
       56.6509096091394,
       19.2591015006311
      ],
      [
       56.2783884950147,
       18.9313018633025
      ],
      [
       56.0250736344957,
       18.3800016274398
      ],
      [
       55.0565145468198,
       17.9777007847714
      ],
      [
       54.8926045860527,
       17.5009029277148
      ],
      [
       54.6740415990456,
       17.2826983508879
      ],
      [
       54.2840304704627,
       17.0807107450638
      ],
      [
       53.3855015133306,
       16.8303603960626
      ],
      [
       52.3189506013678,
       16.3807924926014
      ],
      [
       52.048702620038,
       16.192949348399
      ],
      [
       51.901950582725,
       15.9881232948809
      ],
      [
       51.3766785031791,
       15.5411428849323
      ],
      [
       50.9357605561649,
       15.3221517503106
      ],
      [
       49.4532965907641,
       15.0222631800301
      ],
      [
       49.0929144841055,
       14.8093990489973
      ],
      [
       48.5276565354239,
       14.3077408023753
      ],
      [
       48.1117704717142,
       14.1815381741825
      ],
      [
       47.0991975075089,
       13.7564501218821
      ],
      [
       45.9494365927989,
       13.4969324853695
      ],
      [
       45.6970675462351,
       13.3431897731637
      ],
      [
       46.2411045277135,
       13.4293079610393
      ],
      [
       46.6966624744656,
       13.4287530790486
      ],
      [
       46.9191664647114,
       13.532078140693
      ],
      [
       47.3872105973595,
       13.6426255530343
      ],
      [
       47.658882496402,
       13.8792790340437
      ],
      [
       47.9849925096869,
       14.0445451867458
      ],
      [
       48.2119365616869,
       13.9734388198333
      ],
      [
       48.6980555979974,
       14.0389903318683
      ],
      [
       49.0008315662866,
       14.3139712386495
      ],
      [
       49.0783304754808,
       14.5042377587003
      ],
      [
       49.5819395262496,
       14.7386666826048
      ],
      [
       49.9544375063216,
       14.8428287611011
      ],
      [
       50.189437573109,
       14.8419917442492
      ],
      [
       50.5594405958794,
       15.0442016381458
      ],
      [
       51.36804950149,
       15.2283559067572
      ],
      [
       51.6477735596446,
       15.3244607969996
      ],
      [
       51.6927714716077,
       15.4072354436954
      ],
      [
       51.8736034890734,
       15.4597308004179
      ],
      [
       51.9083325638087,
       15.5158374163079
      ],
      [
       52.2274934764405,
       15.6124981943693
      ],
      [
       52.2238845642059,
       15.8252635865826
      ],
      [
       52.1586074756812,
       15.9885853053843
      ],
      [
       52.2238845642059,
       16.1596852627021
      ],
      [
       52.2988814753,
       16.2710675126004
      ],
      [
       52.5686035760241,
       16.462721237628
      ],
      [
       53.3113865460895,
       16.7243740801575
      ],
      [
       53.590270569907,
       16.7371482682469
      ],
      [
       53.7402726063603,
       16.8568656503087
      ],
      [
       53.9894406040984,
       16.9115832172031
      ],
      [
       54.0097196130219,
       16.9760211095811
      ],
      [
       54.1088865801351,
       17.0126859010376
      ],
      [
       54.6069416142167,
       17.0304649235176
      ],
      [
       54.8172145636994,
       16.9482478410215
      ],
      [
       55.0399934803695,
       17.0174077623768
      ],
      [
       55.263610587358,
       17.2351722892866
      ],
      [
       55.305274513511,
       17.395162369211
      ],
      [
       55.2277756043167,
       17.5401535363033
      ],
      [
       55.4369434836838,
       17.827637895701
      ],
      [
       55.6438826149943,
       17.8898560924781
      ],
      [
       56.3580556349244,
       17.9412410146668
      ],
      [
       56.5627745677198,
       18.1484507138122
      ],
      [
       56.641937619972,
       18.5725922816051
      ],
      [
       56.8063885487706,
       18.7398030358458
      ],
      [
       57.1388855722811,
       18.8875723009291
      ],
      [
       57.8074955723354,
       18.9711816175439
      ],
      [
       57.838607520571,
       19.0339528522929
      ],
      [
       57.7519376358278,
       19.2494970130495
      ],
      [
       57.7738874933318,
       19.3892100957072
      ],
      [
       57.7091595871037,
       19.5255932158684
      ],
      [
       57.692771625276,
       19.7472440960081
      ],
      [
       57.8149945258373,
       19.9816778814165
      ],
      [
       57.8294375508504,
       20.2174971954211
      ],
      [
       57.9663846054577,
       20.3252670126856
      ],
      [
       57.9591595725518,
       20.4010957438515
      ],
      [
       58.0847166265614,
       20.5580351462934
      ],
      [
       58.3797145239726,
       20.6463530808405
      ],
      [
       58.2663875048977,
       20.5699783525011
      ],
      [
       58.2002715555024,
       20.431928239435
      ],
      [
       58.3022156147784,
       20.3802650380605
      ],
      [
       58.2744364788865,
       20.3649878460426
      ],
      [
       58.4488834977834,
       20.3547114651018
      ],
      [
       58.5208285579284,
       20.4172079410645
      ],
      [
       58.6038814838099,
       20.6605263762091
      ],
      [
       58.7191614863266,
       20.7483011634299
      ],
      [
       58.7158275005164,
       20.7816323043523
      ],
      [
       58.6686095576761,
       20.7621896417284
      ],
      [
       58.676940498888,
       20.823019124786
      ],
      [
       58.7374955584354,
       20.8530164475363
      ],
      [
       58.8983305342007,
       21.1138361288894
      ],
      [
       59.057777634437,
       21.2749371462618
      ],
      [
       59.3497164724624,
       21.4565942782769
      ],
      [
       59.4899975128799,
       21.7501880392668
      ],
      [
       59.8130494726074,
       22.2312752514584
      ],
      [
       59.8386075717937,
       22.4668166215534
      ],
      [
       59.8049926196296,
       22.5343140762314
      ],
      [
       59.743049516915,
       22.5190370518516
      ],
      [
       59.7597196136039,
       22.4898715491732
      ],
      [
       59.6502766008261,
       22.5656994421488
      ],
      [
       59.5172195874862,
       22.5534782920315
      ],
      [
       59.2991635379836,
       22.7906898401549
      ],
      [
       59.2274935719011,
       22.9434605868675
      ],
      [
       59.0213855901101,
       23.1340068948465
      ],
      [
       58.9236064985259,
       23.321218378825
      ],
      [
       58.799720628373,
       23.4228791297734
      ],
      [
       58.7761076336394,
       23.5159293192196
      ],
      [
       58.6602705698372,
       23.5589839707488
      ],
      [
       58.6094435471243,
       23.6314785484665
      ],
      [
       58.304992539303,
       23.6192570630731
      ],
      [
       58.149719626852,
       23.702031709769
      ],
      [
       57.8683315932775,
       23.7228629184742
      ],
      [
       57.0944445539655,
       23.9828517855837
      ],
      [
       56.6144406189413,
       24.4825488344989
      ],
      [
       56.3735276223723,
       24.9777409457292
      ],
      [
       56.3683315129509,
       25.5241671048909
      ],
      [
       56.3416596264695,
       25.5972184086181
      ],
      [
       56.279716523755,
       25.6144368494132
      ],
      [
       56.2755505502349,
       25.7188788834758
      ],
      [
       56.3966594958632,
       25.933869000432
      ],
      [
       56.4483265529131,
       25.948867242712
      ],
      [
       56.3830486261981,
       26.0319173187464
      ],
      [
       56.4694445903453,
       26.0905277767553
      ],
      [
       56.3347165607867,
       26.1085817256598
      ],
      [
       56.3249965705793,
       26.1702470521028
      ],
      [
       56.3777775825623,
       26.2038566398489
      ],
      [
       56.4663845251311,
       26.1663563402832
      ],
      [
       56.432777619594,
       26.2130232568082
      ],
      [
       56.4777755315572,
       26.2219105887534
      ],
      [
       56.4149935679721,
       26.2827410776393
      ],
      [
       56.51527348419,
       26.3205163036295
      ],
      [
       56.3574756072241,
       26.3596153674084
      ],
      [
       56.318328598959,
       26.2160787957946
      ],
      [
       56.3752745786337,
       26.2407966930059
      ],
      [
       56.393051589457,
       26.2088542658029
      ],
      [
       56.2969435140914,
       26.1919099132418
      ],
      [
       56.2022176145608,
       26.2644088495492
      ],
      [
       55.9611056316101,
       25.7919305224791
      ],
      [
       55.7652735278457,
       25.6786006535571
      ],
      [
       55.6283264732385,
       25.5311084941931
      ],
      [
       55.5413814944328,
       25.5366623432423
      ],
      [
       55.5505524699818,
       25.5741636486364
      ],
      [
       55.4799956206419,
       25.4136141604935
      ],
      [
       55.3177715958811,
       25.2936206785408
      ],
      [
       55.3358305739275,
       25.2127918068499
      ],
      [
       55.3049925462879,
       25.1969575535464
      ],
      [
       55.2791595206771,
       25.2558456201887
      ],
      [
       55.0499956054381,
       25.0041907117762
      ],
      [
       54.6586074978001,
       24.751146754368
      ],
      [
       54.5980526058908,
       24.5222691649418
      ],
      [
       54.5266646070313,
       24.5081015692672
      ],
      [
       54.581901516647,
       24.464082998872
      ],
      [
       54.58898914486895,
       24.470288606685468
      ],
      [
       54.5195886043641,
       24.3355751796658
      ],
      [
       54.5558896212223,
       24.4321013443621
      ],
      [
       54.4944385362247,
       24.4344932042545
      ],
      [
       54.420138528296256,
       24.286375544797643
      ],
      [
       54.1288836218355,
       24.1422868158795
      ],
      [
       53.8741606015818,
       24.0581227849119
      ],
      [
       53.580825506124,
       24.042571839936
      ],
      [
       53.4433285986679,
       24.1172901365683
      ],
      [
       53.3127745892566,
       24.0859005796993
      ],
      [
       53.1830525675553,
       24.1528413083678
      ],
      [
       52.978506835969576,
       24.13835421713251
      ],
      [
       52.669715479952,
       24.1514532652006
      ],
      [
       52.6183315635916,
       24.1989508283311
      ],
      [
       52.3215335686527,
       23.9974919529598
      ],
      [
       52.0805515052014,
       23.9539640591769
      ],
      [
       51.9341655894195,
       23.9859076598463
      ],
      [
       51.9358295648395,
       23.9542389856013
      ],
      [
       51.8019405637896,
       24.00868347009
      ],
      [
       51.7758336175828,
       24.2736702984298
      ],
      [
       51.7438885081708,
       24.2847816845656
      ],
      [
       51.7208325747227,
       24.2161741306301
      ],
      [
       51.6286085056541,
       24.2289484863575
      ],
      [
       51.615829623699,
       24.3511653519486
      ],
      [
       51.5791624853097,
       24.361720012075
      ],
      [
       51.5569385395716,
       24.2492263218145
      ],
      [
       51.4141615360243,
       24.3178342110262
      ],
      [
       51.2872166064856,
       24.2922804704295
      ],
      [
       51.3091656257993,
       24.4081084817762
      ],
      [
       51.4819416284775,
       24.5892098936102
      ],
      [
       51.39842013378618,
       24.62492428344836
      ],
      [
       51.4338834836622,
       24.6575393359981
      ],
      [
       51.6049044834519,
       25.0513763004701
      ],
      [
       51.604438617273,
       25.2725106877357
      ],
      [
       51.5086054683318,
       25.3025083457621
      ],
      [
       51.4769434996094,
       25.527221805687
      ],
      [
       51.5483325042972,
       25.6277721221016
      ],
      [
       51.5238875218536,
       25.6897132131594
      ],
      [
       51.5883336284967,
       25.7044326733395
      ],
      [
       51.5372165919337,
       25.7377638142619
      ],
      [
       51.5930486166753,
       25.7483223300638
      ],
      [
       51.5719376200419,
       25.8969255945138
      ],
      [
       51.4102704889285,
       25.9491461924499
      ],
      [
       51.3138884929669,
       26.1227481478678
      ],
      [
       51.2358325224871,
       26.1491380671261
      ],
      [
       51.0333326147404,
       26.0352513045566
      ],
      [
       50.9499965481694,
       25.8599813504052
      ],
      [
       50.975273518323,
       25.8008180220624
      ],
      [
       50.9219434916815,
       25.7922084663887
      ],
      [
       50.8880536130929,
       25.7105442542265
      ],
      [
       50.9605485260868,
       25.6180494496852
      ],
      [
       50.8863836027027,
       25.527774843659
      ],
      [
       50.8477705216703,
       25.6455481270966
      ],
      [
       50.8038865646402,
       25.5933276967984
      ],
      [
       50.8424984722061,
       25.4866657994968
      ],
      [
       50.820274526468,
       25.4597240157329
      ],
      [
       50.778610600315,
       25.5211110629903
      ],
      [
       50.7608265486931,
       25.4836107634246
      ],
      [
       50.7677764875365,
       25.1269607829773
      ],
      [
       50.8655545732923,
       24.7991983612989
      ],
      [
       50.7966615317343,
       24.7342035752735
      ],
      [
       50.7508314644232,
       24.7489238736438
      ],
      [
       50.6522215585955,
       24.979746902799
      ],
      [
       50.5647205243326,
       25.0386321195942
      ],
      [
       50.4791645945225,
       25.4158380470461
      ],
      [
       50.3605496003674,
       25.4947224848365
      ],
      [
       50.3616635553004,
       25.463057666267
      ],
      [
       50.16028949527276,
       25.687929355730276
      ],
      [
       49.9807244958088,
       25.9413014016226
      ],
      [
       50.1380534891106,
       25.724432564887
      ],
      [
       50.2316666071746,
       25.6799897025526
      ],
      [
       50.2541654793372,
       25.6252701240014
      ],
      [
       50.2488865567124,
       25.675545952761
      ],
      [
       50.2105485697425,
       25.7361011799464
      ],
      [
       50.1680524882415,
       25.7669294845783
      ],
      [
       50.1177744801871,
       25.856926314333
      ],
      [
       50.1074986021606,
       25.9194234608479
      ],
      [
       50.1261065948654,
       25.9327590688125
      ],
      [
       50.106941540875,
       25.9866424687021
      ],
      [
       50.0741656172195,
       25.9891453049926
      ],
      [
       50.0255505787567,
       26.0319173187464
      ],
      [
       50.0261074724041,
       26.0049757026206
      ],
      [
       49.9955445388271,
       25.9908042512707
      ],
      [
       49.990554624224,
       26.0624678471068
      ],
      [
       50.0097195105764,
       26.079415049515
      ],
      [
       49.97919085597275,
       26.12830363875766
      ],
      [
       49.97916887951275,
       26.13098330779708
      ],
      [
       50.0186085189022,
       26.1913570429079
      ],
      [
       50.0608295063408,
       26.1796916129716
      ],
      [
       50.0702745701238,
       26.1283030027454
      ],
      [
       50.1027755673549,
       26.1088598372074
      ],
      [
       50.1194386232451,
       26.0544193760322
      ],
      [
       50.1419374954076,
       26.0346980989465
      ],
      [
       50.1586075920966,
       26.1694120469077
      ],
      [
       50.1719435353372,
       26.177746843795
      ],
      [
       50.189163484875,
       26.1549698600849
      ],
      [
       50.2108305369656,
       26.1846882330972
      ],
      [
       50.2097165820325,
       26.3796794643343
      ],
      [
       50.1774975520245,
       26.4185686452575
      ],
      [
       50.0752715255255,
       26.4474565393024
      ],
      [
       50.0422215136359,
       26.4730092740707
      ],
      [
       49.999999520369,
       26.5660611398976
      ],
      [
       50.0113834859963,
       26.6413366654535
      ],
      [
       49.9824905628095,
       26.6777201602391
      ],
      [
       49.9894405016529,
       26.7277210625742
      ],
      [
       49.999999520369,
       26.7455771985636
      ],
      [
       50.0163874821967,
       26.6996653238774
      ],
      [
       50.0427705282944,
       26.6805009404392
      ],
      [
       50.1044385369464,
       26.6802221583393
      ],
      [
       50.1522215876993,
       26.6371678420863
      ],
      [
       50.159164485744,
       26.6549471998425
      ],
      [
       50.0752715255255,
       26.7179973843294
      ],
      [
       49.9529876047089,
       26.8494574774749
      ],
      [
       49.8702696196786,
       26.8557673741912
      ],
      [
       49.6655424726181,
       26.9779847426965
      ],
      [
       49.6224894974696,
       27.054923405482
      ],
      [
       49.566665519355,
       27.1082582936273
      ],
      [
       49.5547105784827,
       27.1557531745487
      ],
      [
       49.5680465217234,
       27.1876997927033
      ],
      [
       49.5477675127999,
       27.1713123337897
      ],
      [
       49.5024945067743,
       27.1821419203405
      ],
      [
       49.4913785944107,
       27.1585300990733
      ],
      [
       49.5208205322561,
       27.1304782160519
      ],
      [
       49.5097195396802,
       27.1265875042323
      ],
      [
       49.4647216277171,
       27.1418646962502
      ],
      [
       49.4405896255383,
       27.1305581794082
      ],
      [
       49.4283215367632,
       27.1557531745487
      ],
      [
       49.4169385769642,
       27.130760183275
      ],
      [
       49.3741605282401,
       27.1407545969926
      ],
      [
       49.3663786016867,
       27.1527013235997
      ],
      [
       49.4005506151364,
       27.1560349741338
      ],
      [
       49.4127655626454,
       27.1949202993815
      ],
      [
       49.3736034669545,
       27.2157553637621
      ],
      [
       49.3463745191876,
       27.1729794943329
      ],
      [
       49.3394316211429,
       27.1999212780967
      ],
      [
       49.3222195505942,
       27.1979721503305
      ],
      [
       49.3072125911349,
       27.3426920790357
      ],
      [
       49.2713776080936,
       27.351579746257
      ],
      [
       49.2205425387536,
       27.3315803576237
      ],
      [
       49.2338865286214,
       27.3793533500928
      ],
      [
       49.2616576178862,
       27.4071341623653
      ],
      [
       49.2352675309898,
       27.4213015904018
      ],
      [
       49.2074966093631,
       27.3907440212427
      ],
      [
       49.1316526231333,
       27.4268554394509
      ],
      [
       49.1255415451605,
       27.4429646191788
      ],
      [
       49.1727675346278,
       27.4576850851873
      ],
      [
       49.185546584221,
       27.4365787824196
      ],
      [
       49.2091595789546,
       27.4568530974773
      ],
      [
       49.2638774811252,
       27.4457415437034
      ],
      [
       49.290542494446,
       27.4687964713232
      ],
      [
       49.2947155087648,
       27.4429646191788
      ],
      [
       49.3097075484364,
       27.4457415437034
      ],
      [
       49.3030544966037,
       27.4854658974598
      ],
      [
       49.2416535353871,
       27.541570501693
      ],
      [
       49.0741576288001,
       27.5496302045179
      ],
      [
       49.0766525861016,
       27.5379617570965
      ],
      [
       49.0547106075866,
       27.5332429132424
      ],
      [
       49.0599895302114,
       27.5640683680272
      ],
      [
       48.9733275244572,
       27.6190662257641
      ],
      [
       48.9111094953183,
       27.600183977187
      ],
      [
       48.9133224853967,
       27.5690693467424
      ],
      [
       48.896102535859,
       27.5654602668698
      ],
      [
       48.8941575990443,
       27.6248988569131
      ],
      [
       48.8705446043107,
       27.5974001795018
      ],
      [
       48.8305434801112,
       27.6115706250234
      ],
      [
       48.8713834651813,
       27.6154611692049
      ],
      [
       48.8605495200408,
       27.6357354842627
      ],
      [
       48.8780516044397,
       27.6407332778547
      ],
      [
       48.8799895004556,
       27.6804534406595
      ],
      [
       48.8538815484204,
       27.6554567613483
      ],
      [
       48.8380504802402,
       27.6979506635545
      ],
      [
       48.8124845020648,
       27.6879532323517
      ],
      [
       48.8105466060489,
       27.7298972817091
      ],
      [
       48.7747116230076,
       27.7126753205146
      ],
      [
       48.7994305260472,
       27.8082291844417
      ],
      [
       48.8230435207809,
       27.8287852990844
      ],
      [
       48.802497464422,
       27.7523995066329
      ],
      [
       48.8533244871349,
       27.8085041108661
      ],
      [
       48.8386075415257,
       27.7290626117901
      ],
      [
       48.8583294891637,
       27.7315644422522
      ],
      [
       48.8763805882211,
       27.7701718235904
      ],
      [
       48.8758315735626,
       27.8371130551731
      ],
      [
       48.8294295251781,
       27.865721664204
      ],
      [
       48.7427745602226,
       27.9585029621961
      ],
      [
       48.7444304890155,
       27.9798870412353
      ],
      [
       48.7780456088177,
       27.9793340032633
      ],
      [
       48.7877655990252,
       28.0018318695974
      ],
      [
       48.6519314935226,
       28.034331525724
      ],
      [
       48.6513745998751,
       28.0590537815249
      ],
      [
       48.6033245016868,
       28.1193241916402
      ],
      [
       48.6047135506823,
       28.184048577469
      ],
      [
       48.6244354983203,
       28.2068215378657
      ],
      [
       48.5316615764029,
       28.2968218880197
      ],
      [
       48.5177685718767,
       28.3387590642164
      ],
      [
       48.536651491006,
       28.4057004634371
      ],
      [
       48.4680405843092,
       28.3804255049403
      ],
      [
       48.5191576208722,
       28.4179259721441
      ],
      [
       48.5008315953904,
       28.449586432124
      ],
      [
       48.5027694914064,
       28.4909779464235
      ],
      [
       48.4166565003107,
       28.5490313431469
      ],
      [
       48.3905485482755,
       28.5945846400149
      ],
      [
       48.3847196051638,
       28.6459707356701
      ],
      [
       48.3519435138703,
       28.6312502696616
      ],
      [
       48.3491515019199,
       28.6540232300583
      ],
      [
       48.370269539352,
       28.6526382043763
      ],
      [
       48.3594434732005,
       28.6784702241587
      ],
      [
       48.3808285580681,
       28.6812442988362
      ],
      [
       48.3911056095611,
       28.7373559438681
      ],
      [
       48.3111035288002,
       28.7737463118142
      ],
      [
       48.2788844987922,
       28.8348518947627
      ],
      [
       48.2866515055579,
       28.8834639157404
      ],
      [
       48.2216565518943,
       28.9159568663445
      ],
      [
       48.1438825486376,
       29.0320670125524
      ],
      [
       48.079711536057,
       29.2528914370383
      ],
      [
       48.0830455218671,
       29.3553885342863
      ],
      [
       48.028602546121,
       29.3431630255792
      ],
      [
       47.978599464491,
       29.3959410200771
      ],
      [
       47.8772124665006,
       29.3334435382861
      ],
      [
       47.822486517703,
       29.3267755666657
      ],
      [
       47.8077695720938,
       29.3545536967292
      ],
      [
       47.823318505413,
       29.3928891691281
      ],
      [
       47.7072216026121,
       29.3739998797524
      ],
      [
       47.68610356518,
       29.3837195346837
      ],
      [
       47.7380445428259,
       29.4139951366196
      ],
      [
       47.8558195026441,
       29.5331618276423
      ],
      [
       47.9108275863028,
       29.560653464255
      ],
      [
       47.9688794742836,
       29.6278769983369
      ],
      [
       48.0155485701034,
       29.6256571350979
      ],
      [
       48.0283276196966,
       29.6092696761843
      ],
      [
       48.0138775538848,
       29.601487917269
      ],
      [
       48.0791625213985,
       29.5906583307182
      ],
      [
       48.0947184955162,
       29.5631596533068
      ],
      [
       48.1455535648562,
       29.5442663406176
      ],
      [
       48.1677625908067,
       29.5637123560027
      ],
      [
       48.0841594768002,
       29.7289821967423
      ],
      [
       48.0524975080777,
       29.7325981497755
      ],
      [
       48.0060956273314,
       29.8017595798734
      ],
      [
       47.9822155851623,
       29.8623121248498
      ],
      [
       47.978599464491,
       29.9300886969038
      ],
      [
       47.9511105100873,
       29.9798076320159
      ],
      [
       47.9368364642424,
       30.1003531461122
      ],
      [
       47.8612254949211,
       30.1139177476717
      ],
      [
       47.6420786245383,
       30.3674854063907
      ],
      [
       47.54141859500276,
       30.273988780436802
      ],
      [
       47.7031134642239,
       30.5402201701053
      ],
      [
       47.5969544811132,
       30.6900669737116
      ],
      [
       47.2441554822645,
       30.8474021696218
      ],
      [
       46.5199474802055,
       30.7949829205801
      ],
      [
       46.4056935902765,
       30.8171391405406
      ],
      [
       46.2675745779662,
       30.9594494397186
      ],
      [
       46.3071364904389,
       31.0451264042107
      ],
      [
       46.3997726138679,
       31.0798410620726
      ],
      [
       46.7645305769023,
       31.1447589022268
      ],
      [
       47.0755234925201,
       31.3757027984258
      ],
      [
       46.7100064643334,
       31.691057321184
      ],
      [
       46.1848795593506,
       31.9774817051052
      ],
      [
       45.8984456200597,
       32.0093086296824
      ],
      [
       45.8687664743543,
       32.0538203912609
      ],
      [
       45.8325305010647,
       31.9112720460324
      ],
      [
       45.7587665679289,
       31.8518347970935
      ],
      [
       45.6515274927741,
       32.1370624128782
      ],
      [
       45.6686285869247,
       32.2391134252388
      ],
      [
       45.5324436149548,
       32.4548584163956
      ],
      [
       45.4261704703228,
       32.4774788261543
      ],
      [
       45.1906316147987,
       32.6579158883421
      ],
      [
       45.1081194893106,
       32.9478931933846
      ],
      [
       45.1344225720518,
       33.0773062581346
      ],
      [
       45.2338485399735,
       33.133029653411
      ],
      [
       45.3536985237437,
       32.8252119703571
      ],
      [
       45.3921204973834,
       32.8713793254524
      ],
      [
       45.4271085729271,
       32.7294587847724
      ],
      [
       45.5172955042459,
       32.6121444943532
      ],
      [
       46.0575755490795,
       32.7412833032311
      ],
      [
       46.0612065895385,
       32.7848691997839
      ],
      [
       45.7001914815515,
       33.1788391012404
      ],
      [
       45.5714794791837,
       33.4364944465038
      ],
      [
       44.4091495653743,
       33.7790827785328
      ],
      [
       43.9672925099274,
       33.7429205659912
      ],
      [
       43.6815644945227,
       33.6552420030189
      ],
      [
       43.1565624798973,
       33.364647454626
      ],
      [
       42.9745975643974,
       33.3855931601287
      ],
      [
       42.7747575698069,
       33.2699505564803
      ],
      [
       42.7284165416776,
       33.2875849073115
      ],
      [
       42.2244185706011,
       32.9763003014629
      ],
      [
       42.2133635108547,
       32.9156020790092
      ],
      [
       41.9571765073909,
       32.7924300117314
      ],
      [
       41.4673156218613,
       32.7013948318103
      ],
      [
       40.6834445623916,
       32.661833925166
      ],
      [
       38.775093581679,
       32.2354745057908
      ],
      [
       37.5067905953715,
       31.8790689416404
      ],
      [
       36.9890325567533,
       31.6582002607057
      ],
      [
       37.6556895733658,
       31.2836270890436
      ],
      [
       38.0288125081391,
       30.9280504951181
      ],
      [
       38.6194384544429,
       30.6204913099584
      ],
      [
       38.753238607319,
       30.4590761388547
      ],
      [
       38.7849505321845,
       30.31508426226
      ],
      [
       39.0934754802289,
       29.9912933539479
      ],
      [
       39.0143204746037,
       29.6283768950428
      ],
      [
       39.2106514692456,
       29.7052000552024
      ],
      [
       39.737541591382,
       29.7894049898574
      ],
      [
       40.6441575763433,
       29.7231933191278
      ],
      [
       41.1387026046479,
       29.5554637250801
      ],
      [
       41.8167575008471,
       29.2423879065213
      ],
      [
       42.3138125738788,
       29.0904228283425
      ],
      [
       43.1648785013216,
       28.9824270349683
      ],
      [
       43.2932285731099,
       29.0561852684099
      ],
      [
       43.3982355474471,
       29.0422138092699
      ],
      [
       44.5973355294169,
       28.5903199276753
      ],
      [
       44.8940465202007,
       28.222315988814
      ],
      [
       44.9565926170302,
       27.7618021579858
      ],
      [
       45.0186195387766,
       27.6426689945758
      ],
      [
       45.2128025869087,
       27.4893376661782
      ],
      [
       45.9659915221381,
       27.2001640180129
      ],
      [
       46.8939935977953,
       27.0451950333714
      ],
      [
       47.1125906153293,
       26.9670572555165
      ],
      [
       47.5347704825012,
       26.6541230911215
      ],
      [
       48.3059615664734,
       25.7040476087072
      ],
      [
       48.5797195535802,
       25.0228057452797
      ],
      [
       48.6879765270576,
       24.2973181618807
      ],
      [
       48.5957675454148,
       24.2970599992626
      ],
      [
       48.3482135669537,
       24.4768491403343
      ],
      [
       48.1761475114751,
       24.7642391195022
      ],
      [
       48.0208395626688,
       25.7867557030918
      ],
      [
       47.7060665763534,
       26.1553058067645
      ],
      [
       47.4789926048541,
       26.3428311091981
      ],
      [
       47.1201095177608,
       26.5311657682032
      ],
      [
       46.4625934694837,
       26.620446783426
      ],
      [
       46.0560835703129,
       26.8236807782535
      ],
      [
       45.9135436069876,
       26.7418822880023
      ],
      [
       45.1401935123935,
       27.412023158854
      ],
      [
       44.8385925192926,
       27.5888202957654
      ],
      [
       44.5048635236522,
       28.0216731755366
      ],
      [
       44.238166619425,
       28.219343095393
      ],
      [
       43.9573664925398,
       28.6307312622166
      ],
      [
       43.7487146031327,
       28.7127218656886
      ],
      [
       43.6611215355729,
       28.8442635985711
      ],
      [
       43.5237994746173,
       28.8555000427024
      ],
      [
       43.0890385384053,
       28.655631214365
      ],
      [
       42.765510486577,
       28.6491944156344
      ],
      [
       41.924415503523,
       28.8591580728896
      ],
      [
       41.2785685732196,
       29.1077250881695
      ],
      [
       40.7838785379901,
       29.3781425515817
      ],
      [
       40.5268976006568,
       29.4754968483126
      ],
      [
       40.0945245010237,
       29.5550459710254
      ],
      [
       39.6495664766751,
       29.4568057071281
      ],
      [
       39.636047472669,
       29.3758018212987
      ],
      [
       39.9814524594436,
       29.0168496673232
      ],
      [
       39.9931836035008,
       28.9183197248518
      ],
      [
       38.9624745477399,
       29.0197275099621
      ],
      [
       38.7996674777936,
       28.976562217311
      ],
      [
       38.749736480531,
       28.9117468040136
      ],
      [
       38.7692185380998,
       28.85420336228
      ],
      [
       38.9659235332617,
       28.8757324482442
      ],
      [
       39.2407185294304,
       28.7879477703776
      ],
      [
       39.2295224860724,
       28.6580212302386
      ],
      [
       39.2766495690821,
       28.6033913380515
      ],
      [
       39.8108974934709,
       28.4955895019169
      ],
      [
       39.8956375288251,
       28.405389327191
      ],
      [
       39.7694015406577,
       28.2218829796956
      ],
      [
       39.8325045311347,
       28.1587754629909
      ],
      [
       39.7362254649442,
       28.0163084222233
      ],
      [
       39.6535604535419,
       27.9700783704922
      ],
      [
       39.5058555614751,
       28.0028160726692
      ],
      [
       39.2566265434818,
       27.6950349347132
      ],
      [
       39.1997905343769,
       27.5667882956101
      ],
      [
       39.3631935576395,
       27.318728888387
      ],
      [
       39.7348706141136,
       27.2963738496831
      ],
      [
       39.9809644650403,
       27.3462587464782
      ],
      [
       40.5556145038768,
       27.6280749276673
      ],
      [
       41.0557135488686,
       27.7648389215091
      ],
      [
       41.3486825227953,
       27.995158365921
      ],
      [
       42.2296295998101,
       28.3875870030201
      ],
      [
       43.3331566071136,
       28.5196598132882
      ],
      [
       43.6556935827095,
       28.4453336220869
      ],
      [
       43.9228245018835,
       28.177586800667
      ],
      [
       44.3309745718693,
       27.8749452781049
      ],
      [
       44.4124714812439,
       27.7137492099504
      ],
      [
       44.1869315656652,
       27.8229974272983
      ],
      [
       44.0320894830378,
       27.7906840170605
      ],
      [
       44.6599994758052,
       27.48033198176
      ],
      [
       44.7696414749646,
       27.1926033737035
      ],
      [
       44.489177462397,
       26.8228417497448
      ],
      [
       44.2287825758972,
       27.0053866929451
      ],
      [
       43.9094815178442,
       27.3361821901094
      ],
      [
       43.2822766107726,
       27.7110081599715
      ],
      [
       43.0431405776784,
       27.8215646247682
      ],
      [
       42.9715495691238,
       27.777148584524
      ],
      [
       42.6838115733357,
       27.8719505917356
      ],
      [
       42.5108686031461,
       27.8726685855623
      ],
      [
       41.9357335873914,
       27.7977216306112
      ],
      [
       41.2303696124308,
       27.2212880904153
      ],
      [
       40.8153914764739,
       27.0778016425826
      ],
      [
       40.1080815588703,
       26.9306181048938
      ],
      [
       38.971706543544,
       26.5513126783325
      ],
      [
       38.7561794818699,
       26.5856293634312
      ],
      [
       38.545700505207,
       26.5444629870512
      ],
      [
       38.4103735048469,
       26.6056713321327
      ],
      [
       37.905281527767,
       27.1125820145654
      ],
      [
       37.6338845551488,
       27.2465270067285
      ],
      [
       37.5037494732586,
       27.3815961797466
      ],
      [
       37.4152255115313,
       27.3950846736251
      ],
      [
       37.5958515018168,
       27.5494322239647
      ],
      [
       38.1729735315401,
       28.2645341264055
      ],
      [
       38.1473694995242,
       28.3275933633479
      ],
      [
       37.8610415074897,
       28.3280344190935
      ],
      [
       37.7316054763249,
       28.5931238419281
      ],
      [
       37.8526575926496,
       28.8429075742741
      ],
      [
       38.5380744820528,
       29.6349357342837
      ],
      [
       38.6130105405297,
       29.8363459946165
      ],
      [
       38.4752735753665,
       30.0837569778093
      ],
      [
       38.0476375921364,
       30.5301965873646
      ],
      [
       37.3178105298214,
       31.0474781986059
      ],
      [
       36.8972285886723,
       31.2571749760638
      ],
      [
       36.6685105906826,
       31.4528602288844
      ],
      [
       36.625686609129,
       31.5509838166894
      ],
      [
       36.4312365135615,
       31.4574521707243
      ],
      [
       36.2855945755061,
       31.1188606654093
      ],
      [
       36.3725055237849,
       31.0531519088706
      ],
      [
       36.184471607466,
       31.0557600218651
      ],
      [
       36.0093386136127,
       30.9906262638848
      ],
      [
       36.0771104918008,
       30.7691009446548
      ],
      [
       36.0513006002428,
       30.7376860744382
      ],
      [
       35.8918385802189,
       30.7803137518192
      ],
      [
       35.8339845051533,
       30.6680767154342
      ],
      [
       35.8470684883843,
       30.5652373012602
      ],
      [
       35.6900065425179,
       30.3614066825642
      ],
      [
       35.650920554508,
       30.2360261514356
      ]
     ],
     [
      [
       41.5653535466158,
       30.4102857509773
      ],
      [
       41.6392215829891,
       30.5973812294157
      ],
      [
       41.8810616180503,
       30.8773093030938
      ],
      [
       42.3421365334776,
       31.1962289845519
      ],
      [
       42.6877445299474,
       31.2922477088296
      ],
      [
       42.8864824719073,
       31.2713095470398
      ],
      [
       42.9852824792992,
       31.1829656285928
      ],
      [
       43.0387575128658,
       30.9106939205585
      ],
      [
       43.0438345992619,
       30.460720165345
      ],
      [
       43.2036665964924,
       29.9744289647431
      ],
      [
       43.1661795403337,
       29.7464985303766
      ],
      [
       43.0592495897682,
       29.6781662381416
      ],
      [
       42.8901555895203,
       29.6749221063336
      ],
      [
       42.4389346071132,
       29.7931329251172
      ],
      [
       42.3318635052981,
       29.8646181540536
      ],
      [
       41.8902205236586,
       30.4144388163665
      ],
      [
       41.610946573705,
       30.360223828387
      ],
      [
       41.5653535466158,
       30.4102857509773
      ]
     ],
     [
      [
       41.8119166164826,
       26.5643562607901
      ],
      [
       41.8266905590334,
       26.6404307493574
      ],
      [
       41.9465904989466,
       26.7038230831324
      ],
      [
       42.2675285426913,
       26.7577864463783
      ],
      [
       42.1860125225774,
       26.8836531278915
      ],
      [
       42.291423504648,
       26.9766930914159
      ],
      [
       42.4470446013572,
       26.9899101792695
      ],
      [
       42.7509234604672,
       26.8539894048879
      ],
      [
       42.7780645658888,
       26.6280243591798
      ],
      [
       42.7161295098013,
       26.5304776139519
      ],
      [
       42.5671344751965,
       26.3998967824504
      ],
      [
       42.1713374864842,
       26.2656785402434
      ],
      [
       42.00931546559,
       26.307462662888
      ],
      [
       41.8119166164826,
       26.5643562607901
      ]
     ],
     [
      [
       42.9822425306527,
       25.3481323858931
      ],
      [
       43.1020014869544,
       25.4153901181399
      ],
      [
       43.1885835293522,
       25.3553668065305
      ],
      [
       43.4135244741294,
       25.0895865472355
      ],
      [
       43.4226875706894,
       25.0124723673973
      ],
      [
       43.3435935853193,
       24.8511851041363
      ],
      [
       43.1286624769616,
       24.8088191097726
      ],
      [
       43.0305486121642,
       24.7206004169593
      ],
      [
       42.9822425306527,
       25.3481323858931
      ]
     ],
     [
      [
       44.2134475487473,
       32.6650297772118
      ],
      [
       44.2147175747176,
       32.7222030741008
      ],
      [
       44.3071974594713,
       32.7485500780148
      ],
      [
       44.4204865923438,
       32.6551200207162
      ],
      [
       44.4798884696513,
       32.4934691504951
      ],
      [
       44.3205225062378,
       32.6058657783167
      ],
      [
       44.2134475487473,
       32.6650297772118
      ]
     ],
     [
      [
       45.2635764683554,
       31.7148672906425
      ],
      [
       45.3103255275316,
       31.8615685336222
      ],
      [
       45.4605295678516,
       31.7985434948447
      ],
      [
       45.5440445042366,
       31.5897745940692
      ],
      [
       45.4672775028283,
       31.533614501637
      ],
      [
       45.3276324812244,
       31.6422687773253
      ],
      [
       45.2635764683554,
       31.7148672906425
      ]
     ],
     [
      [
       45.2986036035679,
       28.0006691319878
      ],
      [
       45.4560125602261,
       28.3749755914906
      ],
      [
       45.547447556929,
       29.0446826150335
      ],
      [
       45.6397435427268,
       29.2702877418189
      ],
      [
       45.7241214798636,
       29.4137203778333
      ],
      [
       45.8195264811901,
       29.4753727961455
      ],
      [
       45.8656995359796,
       29.4654801387324
      ],
      [
       45.8944285091401,
       29.3255687402454
      ],
      [
       45.7712975131879,
       28.8561670745577
      ],
      [
       45.7630195456041,
       28.5122611073484
      ],
      [
       45.8465995255578,
       28.3435307140605
      ],
      [
       46.2629085401021,
       27.8607718150981
      ],
      [
       46.5725365466055,
       27.3928358090011
      ],
      [
       46.6246755048047,
       27.2618925440059
      ],
      [
       46.617561615935,
       27.1675745078842
      ],
      [
       46.5742875261805,
       27.1428577841394
      ],
      [
       46.4530986171958,
       27.2031600454868
      ],
      [
       46.2566075282032,
       27.5304998516066
      ],
      [
       46.0224075978936,
       27.7501315312696
      ],
      [
       45.7836795958463,
       27.8458724792757
      ],
      [
       45.5360984600188,
       27.7725516135422
      ],
      [
       45.4499395360937,
       27.8746723633373
      ],
      [
       45.4530374875102,
       27.9601776664521
      ],
      [
       45.2986036035679,
       28.0006691319878
      ]
     ],
     [
      [
       45.5298085122321,
       31.0223209220297
      ],
      [
       45.5446015655221,
       31.0891317311989
      ],
      [
       45.6356395952902,
       31.1314563189608
      ],
      [
       45.7191396118875,
       31.109736125604
      ],
      [
       45.7636946240865,
       31.026007953602
      ],
      [
       45.6847265349023,
       30.8574619621842
      ],
      [
       45.6111865662195,
       30.8501581393884
      ],
      [
       45.5298085122321,
       31.0223209220297
      ]
     ],
     [
      [
       45.8123435254382,
       25.126880819621
      ],
      [
       45.9570654658002,
       25.4441896669253
      ],
      [
       46.2838475400823,
       25.6375296632353
      ],
      [
       46.2562335276831,
       25.5233200297552
      ],
      [
       45.8123435254382,
       25.126880819621
      ]
     ],
     [
      [
       46.4092906002086,
       25.1161672386102
      ],
      [
       46.478782612568,
       25.2108366441134
      ],
      [
       46.6516645625025,
       25.2261151772358
      ],
      [
       46.8319815958366,
       25.1288525785258
      ],
      [
       46.8822285908493,
       25.0327443355222
      ],
      [
       46.8427315543072,
       24.865058495009
      ],
      [
       46.7157856189401,
       24.7563157064231
      ],
      [
       46.6219175233812,
       24.7848031131339
      ],
      [
       46.4957385321555,
       24.9130539431886
      ],
      [
       46.4092906002086,
       25.1161672386102
      ]
     ],
     [
      [
       46.6494555957376,
       24.3202740154048
      ],
      [
       46.6962475702581,
       24.4043587535681
      ],
      [
       46.9240266274532,
       24.545954914595
      ],
      [
       47.1289556107423,
       24.5412959175297
      ],
      [
       47.2352374725537,
       24.4279896855746
      ],
      [
       47.2163005739679,
       24.3439996629172
      ],
      [
       47.0382075948244,
       24.2323721585317
      ],
      [
       47.0026626256333,
       24.115833194157
      ],
      [
       46.9298855777783,
       23.8772989817113
      ],
      [
       46.7996945047747,
       23.7631208641872
      ],
      [
       46.7452926003542,
       23.7683563685535
      ],
      [
       46.6729586199015,
       23.9928302736854
      ],
      [
       46.6494555957376,
       24.3202740154048
      ]
     ],
     [
      [
       46.8887745219592,
       29.0300741312515
      ],
      [
       46.9713285569633,
       29.6454642428721
      ],
      [
       46.9679255042709,
       29.4562457959955
      ],
      [
       46.8887745219592,
       29.0300741312515
      ]
     ],
     [
      [
       47.1717836156094,
       30.0256440695734
      ],
      [
       47.52222017987893,
       30.25615660766651
      ],
      [
       47.4888225656313,
       30.2251357122677
      ],
      [
       47.1717836156094,
       30.0256440695734
      ]
     ],
     [
      [
       47.27356892425078,
       28.210622976892715
      ],
      [
       47.3169214660073,
       28.1325567021956
      ],
      [
       47.3754615160294,
       27.9936343682842
      ],
      [
       47.27356892425078,
       28.210622976892715
      ]
     ],
     [
      [
       47.62715870615426,
       27.30093907334365
      ],
      [
       47.7457275629218,
       27.2482991086995
      ],
      [
       47.7964841073439,
       27.210143540667115
      ],
      [
       47.62715870615426,
       27.30093907334365
      ]
     ],
     [
      [
       48.09865624693596,
       27.04811303501639
      ],
      [
       48.1242254769303,
       27.0396212353926
      ],
      [
       48.3781664656171,
       26.8982342866692
      ],
      [
       48.09865624693596,
       27.04811303501639
      ]
     ],
     [
      [
       48.3781664656171,
       26.8982342866692
      ],
      [
       48.4502986098412,
       26.8247105788786
      ],
      [
       48.50362887974926,
       26.71412598398883
      ],
      [
       48.3781664656171,
       26.8982342866692
      ]
     ],
     [
      [
       48.4184374870991,
       28.0445282785845
      ],
      [
       48.4290845157986,
       28.2040486366546
      ],
      [
       48.4371185699997,
       27.7924427079864
      ],
      [
       48.4184374870991,
       28.0445282785845
      ]
     ],
     [
      [
       48.4371185699997,
       27.7924427079864
      ],
      [
       48.6243665990761,
       27.3669447806203
      ],
      [
       48.4618565837786,
       27.6918211453947
      ],
      [
       48.4371185699997,
       27.7924427079864
      ]
     ],
     [
      [
       48.6243665990761,
       27.3669447806203
      ],
      [
       48.9938544700769,
       26.8840480831695
      ],
      [
       48.8649525337829,
       27.0229808106409
      ],
      [
       48.6243665990761,
       27.3669447806203
      ]
     ],
     [
      [
       49.0255073136375,
       27.275028267912113
      ],
      [
       49.1631855105468,
       27.2395546043845
      ],
      [
       49.3056185207875,
       27.1658537031607
      ],
      [
       49.0255073136375,
       27.275028267912113
      ]
     ],
     [
      [
       49.278572466148,
       24.8652661985699
      ],
      [
       49.30207198519886,
       25.153721725215483
      ],
      [
       49.3007885328971,
       25.0577651547144
      ],
      [
       49.278572466148,
       24.8652661985699
      ]
     ],
     [
      [
       49.30826785915269,
       26.547779493730843
      ],
      [
       49.3756214939649,
       26.3858212200728
      ],
      [
       49.3166995644338,
       26.5134154118321
      ],
      [
       49.30826785915269,
       26.547779493730843
      ]
     ],
     [
      [
       49.315048905200506,
       25.31301282752321
      ],
      [
       49.3329845964905,
       25.533172621671
      ],
      [
       49.340045511732,
       25.4311623453599
      ],
      [
       49.315048905200506,
       25.31301282752321
      ]
     ],
     [
      [
       49.5043945165879,
       24.1149579558266
      ],
      [
       49.5254785234931,
       24.5611062104272
      ],
      [
       49.5435825961786,
       24.675196653244
      ],
      [
       49.5152125361123,
       23.9490834445913
      ],
      [
       49.5043945165879,
       24.1149579558266
      ]
     ],
     [
      [
       49.9768865899792,
       26.4092711029705
      ],
      [
       49.9878274882043,
       26.3523148973738
      ],
      [
       49.97789351318663,
       26.28649332425963
      ],
      [
       49.9768865899792,
       26.4092711029705
      ]
     ],
     [
      [
       50.7808725407081,
       24.499142991145
      ],
      [
       50.85872914958546,
       24.564751417876444
      ],
      [
       50.8488236239863,
       24.5429630780728
      ],
      [
       50.7808725407081,
       24.499142991145
      ]
     ],
     [
      [
       50.9484864644919,
       25.2403934140324
      ],
      [
       51.0315135741116,
       25.6360475751144
      ],
      [
       51.057774973063204,
       25.683549493592153
      ],
      [
       50.9484864644919,
       25.2403934140324
      ]
     ],
     [
      [
       51.1113666246339,
       24.5544214750004
      ],
      [
       51.2652245041895,
       24.645473921642
      ],
      [
       51.27982980013686,
       24.673211160361923
      ],
      [
       51.3494415087851,
       24.6303187701345
      ],
      [
       51.336936547426,
       24.5683788525431
      ],
      [
       51.39486600355578,
       24.621655609038346
      ],
      [
       51.3249965263415,
       24.5244890281808
      ],
      [
       51.266605506558,
       24.6199161577318
      ],
      [
       51.1113666246339,
       24.5544214750004
      ]
     ],
     [
      [
       51.126828766935745,
       25.808454784934725
      ],
      [
       51.1516835789453,
       25.8534124528805
      ],
      [
       51.2341115501255,
       25.8852412214763
      ],
      [
       51.126828766935745,
       25.808454784934725
      ]
     ],
     [
      [
       51.16701371401142,
       24.213307779557883
      ],
      [
       51.6030654938935,
       24.0489033619626
      ],
      [
       51.2114904698146,
       24.1685803432511
      ],
      [
       51.16701371401142,
       24.213307779557883
      ]
     ],
     [
      [
       51.2341115501255,
       25.8852412214763
      ],
      [
       51.3261145045881,
       25.8512306434819
      ],
      [
       51.34468401394952,
       25.821365173036302
      ],
      [
       51.2341115501255,
       25.8852412214763
      ]
     ],
     [
      [
       51.3072789034323,
       24.725340356065818
      ],
      [
       51.43403443984884,
       24.966064582766094
      ],
      [
       51.4160915530512,
       24.8929080388876
      ],
      [
       51.3072789034323,
       24.725340356065818
      ]
     ],
     [
      [
       51.41913870015861,
       25.70161918582493
      ],
      [
       51.4363445780749,
       25.6739468532717
      ],
      [
       51.43308004302759,
       25.6436900450197
      ],
      [
       51.41913870015861,
       25.70161918582493
      ]
     ],
     [
      [
       51.47802013488205,
       25.14540258255482
      ],
      [
       51.4806930977477,
       25.173876598238298
      ],
      [
       51.4825784854814,
       25.1639878402893
      ],
      [
       51.47802013488205,
       25.14540258255482
      ]
     ],
     [
      [
       56.0519525539856,
       24.8254902122899
      ],
      [
       56.2053905001918,
       24.7693540921007
      ],
      [
       56.6414035251012,
       23.8903003193769
      ],
      [
       56.8124845393177,
       23.6975209047518
      ],
      [
       57.2902835308905,
       23.4174261988385
      ],
      [
       57.8306735462938,
       23.3980173991035
      ],
      [
       58.2426985701212,
       23.2319749145285
      ],
      [
       59.1116335416842,
       22.5771948870885
      ],
      [
       59.0057105929671,
       22.4033052647533
      ],
      [
       58.7616915983545,
       22.4069418372684
      ],
      [
       59.1500935691644,
       22.3097580284483
      ],
      [
       58.7404366006243,
       22.4111016081802
      ],
      [
       58.3905255026984,
       22.459237201781
      ],
      [
       58.0762596215256,
       22.4030799591958
      ],
      [
       57.8378865092592,
       22.4184262180959
      ],
      [
       57.4951436149355,
       22.4957911844773
      ],
      [
       57.1240425628481,
       22.6991383349978
      ],
      [
       56.7856525584856,
       22.9884335207592
      ],
      [
       56.3014905289303,
       23.6418177936811
      ],
      [
       56.0989346300703,
       24.4165991820628
      ],
      [
       56.0519525539856,
       24.8254902122899
      ]
     ],
     [
      [
       56.23373329359154,
       23.011640761453545
      ],
      [
       56.37990786035628,
       22.81373724445196
      ],
      [
       56.2690465286408,
       22.9332222597673
      ],
      [
       56.23373329359154,
       23.011640761453545
      ]
     ],
     [
      [
       58.209320490541,
       22.2572728976477
      ],
      [
       58.2182656299912,
       22.286192307175153
      ],
      [
       58.4310416110294,
       22.001799697059
      ],
      [
       58.209320490541,
       22.2572728976477
      ]
     ]
    ]
   }
  },
  {
   "type": "Feature",
   "properties": {
    "_manaName": "Desierto de Gobi",
    "name": "Desierto de Gobi",
    "_manaColor": "#7c3aed",
    "_manaFillOpacity": 0.85,
    "_manaBorderColor": "#FFFFFF",
    "_manaWeight": 1,
    "_manaOpacity": 1,
    "_manaGroupName": "Desiertos fríos",
    "_manaGroupId": 2,
    "_manaGeometryType": "polygon",
    "_manaLabelStyle": {
     "enabled": true,
     "field": "name",
     "fontFamily": "DM Mono, monospace",
     "fontSize": 11,
     "color": "#ffffff",
     "fontWeight": "bold",
     "fontStyle": "normal",
     "haloColor": "#000000",
     "haloWidth": 3,
     "opacity": 1,
     "offsetX": 0,
     "offsetY": 0,
     "placement": "point"
    },
    "Continent": "Asia",
    "Area": "1.3 million km²",
    "Countries": "China, Mongolia",
    "Type": "Frío",
    "Description": "Desierto de Gobi: Un desierto frío que se extiende por el sur de Mongolia y el norte de China. Parte de la antigua Ruta de la Seda. Famoso por descubrimientos de fósiles de dinosaurios."
   },
   "geometry": {
    "type": "Polygon",
    "coordinates": [
     [
      [
       89.6280666668361,
       50.4294278478662
      ],
      [
       89.6927186330214,
       50.2572913844008
      ],
      [
       90.0367815094584,
       50.0501316413985
      ],
      [
       90.165061508536,
       49.8988766780574
      ],
      [
       90.1832576145185,
       49.5161360122956
      ],
      [
       90.1261906001618,
       49.3973714849876
      ],
      [
       90.3127516484533,
       49.1781151469492
      ],
      [
       90.4387125425582,
       49.1209705161691
      ],
      [
       90.9072726651663,
       49.2092664901298
      ],
      [
       91.0493016676735,
       49.1867443162763
      ],
      [
       91.1894755873683,
       49.0965292217628
      ],
      [
       91.4624255590082,
       48.80730427635
      ],
      [
       91.5137935497526,
       48.6464134771095
      ],
      [
       91.4736405454674,
       48.5270203070628
      ],
      [
       91.1334536287005,
       48.2792152067823
      ],
      [
       91.3848416573157,
       47.9056733444879
      ],
      [
       92.0177615136157,
       47.5734567794579
      ],
      [
       92.0861516409827,
       47.4151987360072
      ],
      [
       92.0509035588023,
       47.2865088618639
      ],
      [
       92.1385645197778,
       47.210535459049
      ],
      [
       92.3979336289661,
       47.1013157401719
      ],
      [
       92.6930545727161,
       47.1803832387279
      ],
      [
       93.3668216225229,
       46.8477896556927
      ],
      [
       93.3617326338242,
       46.7823412410669
      ],
      [
       93.279220508336,
       46.7748600571998
      ],
      [
       92.8335345995151,
       46.922302763335
      ],
      [
       92.7341386388068,
       46.8974078403285
      ],
      [
       93.3322065416709,
       46.4854947987276
      ],
      [
       93.5815125055354,
       46.4673977668409
      ],
      [
       93.4496455548094,
       46.7350798799682
      ],
      [
       93.4767375422783,
       46.8030091702981
      ],
      [
       93.5497895165577,
       46.8233414881258
      ],
      [
       93.9501115595226,
       46.6379086440028
      ],
      [
       94.0062865717425,
       46.5342131022377
      ],
      [
       93.9408565973038,
       46.3482684591064
      ],
      [
       94.1356275521252,
       46.1310546232357
      ],
      [
       94.4249576066039,
       45.9636391829192
      ],
      [
       94.9608006071684,
       45.864395940487
      ],
      [
       95.410682664361,
       45.9777680542011
      ],
      [
       95.7741246685957,
       45.8747638518105
      ],
      [
       96.1902085452204,
       45.8885998593951
      ],
      [
       96.3329396159384,
       46.0815055054821
      ],
      [
       96.207122555292,
       45.8859977813709
      ],
      [
       96.483848574316,
       45.7634966016238
      ],
      [
       96.8075025223302,
       45.7783015572164
      ],
      [
       97.3670195378835,
       45.5070410419821
      ],
      [
       97.8677515842037,
       45.4256661731178
      ],
      [
       98.4011916607636,
       45.1557340218999
      ],
      [
       98.4697495938323,
       45.0540918787767
      ],
      [
       98.3398815593775,
       45.0048327748733
      ],
      [
       97.6494526271469,
       45.2167809315262
      ],
      [
       97.519073631874,
       45.213260029275
      ],
      [
       97.4033886157956,
       45.1061849041464
      ],
      [
       96.8829265752104,
       45.2237957463002
      ],
      [
       96.89714756441731,
       45.17335982050707
      ],
      [
       96.725669666276,
       45.4107891331578
      ],
      [
       96.0854186621758,
       45.6911275848158
      ],
      [
       95.4037476453052,
       45.6717684059476
      ],
      [
       95.252647579535,
       45.5564231922243
      ],
      [
       94.9796825204693,
       45.4800140980819
      ],
      [
       94.3788606594954,
       45.5061072979674
      ],
      [
       94.3122406224426,
       45.3439900586532
      ],
      [
       94.3341906475848,
       45.1903489351139
      ],
      [
       94.6526796668574,
       44.8976657840857
      ],
      [
       94.7135165259897,
       45.027350757775
      ],
      [
       95.0389635307328,
       45.1451257175932
      ],
      [
       95.1749116301187,
       45.1483990184243
      ],
      [
       95.554214542109,
       44.9309186380324
      ],
      [
       95.6988985962686,
       44.7765308545576
      ],
      [
       95.738296558715,
       44.6421659290449
      ],
      [
       95.6682815155969,
       44.5416669098778
      ],
      [
       95.4767915729576,
       44.5077361276017
      ],
      [
       95.1584856144505,
       44.5552549807662
      ],
      [
       95.869094649147,
       44.1022758103474
      ],
      [
       96.0608445984231,
       43.7204407254055
      ],
      [
       96.0608445984231,
       43.3905318659599
      ],
      [
       95.8045806490881,
       42.8323376823669
      ],
      [
       95.2728955754167,
       42.3728865092243
      ],
      [
       94.8393176610201,
       42.2892771926094
      ],
      [
       94.6876605339643,
       42.1426289232579
      ],
      [
       94.3163526165063,
       42.0157119892758
      ],
      [
       94.1858515807231,
       41.918673690295
      ],
      [
       94.0994495816057,
       41.5854824775628
      ],
      [
       94.2012176209147,
       41.306379183158
      ],
      [
       94.1677096218352,
       41.2061980057595
      ],
      [
       93.4863056524001,
       41.034221804283
      ],
      [
       93.4869916273566,
       40.9812133074477
      ],
      [
       93.7837066414539,
       40.7496709433614
      ],
      [
       93.5537645503234,
       40.4653648340126
      ],
      [
       93.5134886673375,
       40.2761163799225
      ],
      [
       93.6302185714668,
       40.2302866478875
      ],
      [
       94.0858915179306,
       40.2429025856447
      ],
      [
       94.1801525571107,
       40.1738766071023
      ],
      [
       94.0179285323499,
       40.0767737674669
      ],
      [
       94.212806607894,
       40.0460130209747
      ],
      [
       94.4911805090838,
       39.8501955017218
      ],
      [
       94.6573026217391,
       39.6143248904698
      ],
      [
       94.7401575670674,
       39.3954249509547
      ],
      [
       94.9532166611682,
       39.3766342327605
      ],
      [
       95.7735136278536,
       39.8738314628702
      ],
      [
       95.9038845764994,
       39.9284985707075
      ],
      [
       96.0775906351549,
       39.9106997669359
      ],
      [
       96.6109165501935,
       39.7722585542672
      ],
      [
       96.980003598584,
       39.5697695429947
      ],
      [
       97.8003005652694,
       39.5882670622156
      ],
      [
       98.0901186141514,
       39.4777868727378
      ],
      [
       98.3415835886378,
       39.4913256580356
      ],
      [
       98.4821476021067,
       39.4190104530459
      ],
      [
       98.6923065577062,
       39.3953220211836
      ],
      [
       99.2933505391144,
       39.1315589507087
      ],
      [
       99.9754336103455,
       38.737083117576
      ],
      [
       100.960563552977,
       38.3994577104219
      ],
      [
       101.102630609324,
       38.3139220648175
      ],
      [
       102.167953572471,
       38.1279931796641
      ],
      [
       102.541778575455,
       37.7880942650905
      ],
      [
       102.661620512598,
       37.599102800152
      ],
      [
       102.849670522171,
       37.4718502547665
      ],
      [
       103.221923583032,
       37.3749132091761
      ],
      [
       103.720611618442,
       37.3599295514077
      ],
      [
       103.856498529934,
       37.3108354033589
      ],
      [
       103.833175549051,
       37.1501977375945
      ],
      [
       103.577194572767,
       36.8273404056589
      ],
      [
       103.477378678709,
       36.7832083442946
      ],
      [
       103.501861547355,
       36.9791921605067
      ],
      [
       103.352577672367,
       37.0245364127093
      ],
      [
       103.164779622804,
       37.0246703555222
      ],
      [
       103.10003662915,
       36.9132906201948
      ],
      [
       103.271720637481,
       36.602308098137
      ],
      [
       103.988075634448,
       36.205042767625
      ],
      [
       104.212402520998,
       36.133042386919
      ],
      [
       104.453491537534,
       36.2017049261394
      ],
      [
       104.577117568688,
       36.3216591807852
      ],
      [
       104.662429585116,
       36.3201071875918
      ],
      [
       104.796348593379,
       36.4737858620573
      ],
      [
       104.62748761004,
       36.7277903855702
      ],
      [
       104.296852542502,
       36.9875650112344
      ],
      [
       104.304725664162,
       37.0584145566334
      ],
      [
       104.336219659545,
       37.1528797789751
      ],
      [
       104.430679517469,
       37.2316019431199
      ],
      [
       104.682594600156,
       37.2709613488117
      ],
      [
       104.777061666516,
       37.373296172414
      ],
      [
       105.091590571811,
       37.4455760057722
      ],
      [
       105.005355540205,
       37.8141329826054
      ],
      [
       105.099822606565,
       38.4202810401381
      ],
      [
       105.273010663604,
       38.7587806797943
      ],
      [
       105.296623658338,
       39.0500509772219
      ],
      [
       105.446197547176,
       39.2704687117653
      ],
      [
       105.713851664747,
       39.4357844853343
      ],
      [
       105.847679645542,
       39.5853523392027
      ],
      [
       106.194061626951,
       39.6955617932076
      ],
      [
       106.634902628094,
       39.6325857047448
      ],
      [
       106.737243654305,
       39.5066295045056
      ],
      [
       106.745117614155,
       39.7979003048473
      ],
      [
       106.697883578061,
       40.0025758193843
      ],
      [
       106.721496572795,
       40.0970373536885
      ],
      [
       106.784477522761,
       40.0970373536885
      ],
      [
       106.894683624005,
       40.2072499928167
      ],
      [
       107.107238630448,
       40.3253327361197
      ],
      [
       107.264678600148,
       40.3489452279392
      ],
      [
       107.553184545906,
       40.5505388843137
      ],
      [
       107.899917561421,
       40.6323972213536
      ],
      [
       108.65489955338,
       40.5500049570809
      ],
      [
       108.831863657802,
       40.6695067565929
      ],
      [
       108.836440679854,
       40.768267704316
      ],
      [
       108.957198591377,
       40.8732626087125
      ],
      [
       108.91376400052317,
       40.96425167336708
      ],
      [
       109.07307454721,
       40.9595046811173
      ],
      [
       109.362052561755,
       41.1514497610994
      ],
      [
       109.612007620202,
       41.1378006699558
      ],
      [
       109.821060667496,
       41.2340336356789
      ],
      [
       110.510620564004,
       41.3614625363073
      ],
      [
       111.07096068245,
       41.5849596144423
      ],
      [
       111.572578528299,
       41.5978643925832
      ],
      [
       111.884559670302,
       41.8346444403306
      ],
      [
       112.368682640189,
       41.8818699268838
      ],
      [
       112.851478587163,
       42.0482466817577
      ],
      [
       113.129691555812,
       42.2601173896252
      ],
      [
       113.212058674375,
       42.3781354246357
      ],
      [
       113.09298653122,
       42.5522114604976
      ],
      [
       113.163391668112,
       42.7077584611827
      ],
      [
       113.307311627978,
       42.7312561209285
      ],
      [
       113.425254561136,
       42.8415505674318
      ],
      [
       113.286727685416,
       43.2792843970648
      ],
      [
       113.636947572656,
       43.6246810019362
      ],
      [
       113.74052459431,
       43.9163593304107
      ],
      [
       114.023910538327,
       44.0852166257127
      ],
      [
       114.053542577736,
       44.2397873023151
      ],
      [
       114.003448636276,
       44.4650219489798
      ],
      [
       114.101051540255,
       44.6457969695039
      ],
      [
       114.115173538376,
       44.8681829425528
      ],
      [
       114.042159617938,
       44.9717358243258
      ],
      [
       113.930480648666,
       45.021994889279
      ],
      [
       113.070526551088,
       45.2565260724024
      ],
      [
       112.802490554008,
       45.4017142142194
      ],
      [
       112.72431153719,
       45.4631383094888
      ],
      [
       112.807304616283,
       45.6693684994282
      ],
      [
       112.766090630693,
       45.7906226196196
      ],
      [
       112.677749562093,
       45.7853656575812
      ],
      [
       112.22732553104,
       45.5157010567129
      ],
      [
       111.925811542095,
       45.5685952243889
      ],
      [
       111.975425535779,
       45.6685375175466
      ],
      [
       112.199790643807,
       45.8420447574586
      ],
      [
       112.230552563766,
       45.9043888504214
      ],
      [
       112.193267679112,
       45.9584930296409
      ],
      [
       111.658851613745,
       45.732036636768
      ],
      [
       111.241714634805,
       45.6584014496652
      ],
      [
       111.176681627301,
       45.7194515444145
      ],
      [
       111.385917567722,
       45.9403190518828
      ],
      [
       111.34525259679,
       46.0249184389016
      ],
      [
       111.021514662106,
       46.1383596194979
      ],
      [
       110.983169634337,
       46.4065034078526
      ],
      [
       110.815872546494,
       46.4092317173387
      ],
      [
       110.649749595648,
       46.3538342104581
      ],
      [
       110.064819655472,
       46.3320561819693
      ],
      [
       109.676872654367,
       46.1605575813362
      ],
      [
       109.152831541122,
       46.0905884710476
      ],
      [
       108.06356852138,
       45.8026506506876
      ],
      [
       107.440177547895,
       45.818721776575
      ],
      [
       107.045265520521,
       45.879588978197
      ],
      [
       106.351737631045,
       46.0913203788335
      ],
      [
       106.033714645589,
       46.0634123292707
      ],
      [
       105.956741617001,
       46.0019842106878
      ],
      [
       105.844795600294,
       45.7337225727743
      ],
      [
       105.277961518538,
       45.6582866175915
      ],
      [
       105.213867619467,
       45.6164775168754
      ],
      [
       105.156532551846,
       45.4169991175883
      ],
      [
       105.102012630229,
       45.3818281489172
      ],
      [
       104.953758555866,
       45.3878659690562
      ],
      [
       104.778694628894,
       45.5430862431552
      ],
      [
       104.640434632973,
       45.5855253277145
      ],
      [
       104.259437570711,
       45.494899352307
      ],
      [
       104.322395554263,
       45.2602270179339
      ],
      [
       104.239135595373,
       45.5705711742453
      ],
      [
       103.85309564488,
       45.9263351875261
      ],
      [
       103.467063573376,
       46.1912628396293
      ],
      [
       103.321105637571,
       46.4041955346301
      ],
      [
       102.948623583115,
       46.4091475630308
      ],
      [
       102.984825525877,
       46.2640170887076
      ],
      [
       102.93005364425,
       46.1892939305716
      ],
      [
       102.062919608405,
       45.8484389761209
      ],
      [
       101.817329677498,
       45.8901179896996
      ],
      [
       101.736152621549,
       45.9669570754753
      ],
      [
       101.494605617823,
       45.9985013622771
      ],
      [
       101.275726633066,
       46.2077877617551
      ],
      [
       100.928871577041,
       46.3532543503959
      ],
      [
       100.461341590334,
       46.6702606109953
      ],
      [
       99.7301935400771,
       46.909202854488
      ],
      [
       99.6553646023228,
       47.0115862931288
      ],
      [
       99.0528256246628,
       47.0503815967363
      ],
      [
       98.6731565911414,
       46.8546904765835
      ],
      [
       98.4825896636806,
       46.7944101758224
      ],
      [
       98.2678675999883,
       46.8093564503027
      ],
      [
       98.0155485095675,
       46.6795606678533
      ],
      [
       97.4911116028547,
       46.9111327038769
      ],
      [
       97.1498415765584,
       46.9756671557795
      ],
      [
       97.0497205812249,
       47.035290315331
      ],
      [
       96.9393156612376,
       47.1402640973316
      ],
      [
       96.753936628933,
       47.5033451768152
      ],
      [
       96.4048615420306,
       47.6628353600338
      ],
      [
       96.3573225722984,
       47.7063077656176
      ],
      [
       96.297828661694,
       47.9706418113374
      ],
      [
       95.9191966372346,
       48.2404348229624
      ],
      [
       95.752349657592,
       48.4823648796637
      ],
      [
       95.6311495168571,
       48.7672987935609
      ],
      [
       95.61575363709,
       48.908387346531
      ],
      [
       95.7344355188326,
       49.1132152440678
      ],
      [
       95.7617266603212,
       49.3144657453259
      ],
      [
       95.982208600243,
       49.5525362708875
      ],
      [
       96.1052626503241,
       49.9295660107345
      ],
      [
       96.0658185874101,
       50.192253515393
      ],
      [
       95.8662716241549,
       50.3953135019104
      ],
      [
       95.4854735482748,
       50.4735724820853
      ],
      [
       95.0808405248647,
       50.7905522558707
      ],
      [
       94.1335676155988,
       50.8397617389073
      ],
      [
       93.302452629389,
       51.1294475213571
      ],
      [
       92.8337785128977,
       51.1584197373481
      ],
      [
       92.2471386644717,
       51.1111290395882
      ],
      [
       92.0057826005004,
       51.0400369219111
      ],
      [
       91.5062025629537,
       50.7874120596621
      ],
      [
       91.282379596423,
       50.7449424649752
      ],
      [
       90.8868406026907,
       50.7442824739185
      ],
      [
       90.5690536516287,
       50.6556961508315
      ],
      [
       90.1362995106769,
       50.6873815888829
      ],
      [
       89.9436726466898,
       50.643031933312
      ],
      [
       90.0796205784376,
       50.5403494283656
      ],
      [
       90.0565876114042,
       50.4307786753832
      ],
      [
       89.9487385013357,
       50.3953163517574
      ],
      [
       89.7319186149146,
       50.457470175518
      ],
      [
       89.6280666668361,
       50.4294278478662
      ]
     ],
     [
      [
       96.3329396159384,
       46.0815055054821
      ],
      [
       95.9490885156428,
       46.4279885726441
      ],
      [
       95.7601625971871,
       46.508661876212
      ],
      [
       95.6826856485792,
       46.6208212961735
      ],
      [
       95.2609936081726,
       46.8052064023986
      ],
      [
       95.2355116166672,
       46.9072538943598
      ],
      [
       95.3525546686993,
       47.0159693579413
      ],
      [
       95.1786115698218,
       47.1860334796637
      ],
      [
       95.1868436045762,
       47.2594778946502
      ],
      [
       95.310081553613,
       47.2650736532153
      ],
      [
       95.3745875070449,
       47.3673813194513
      ],
      [
       95.5223086600039,
       47.3888356388392
      ],
      [
       95.7436066620197,
       47.0343255582746
      ],
      [
       96.1780546179667,
       46.8184312016031
      ],
      [
       96.2165605782763,
       46.7488439708235
      ],
      [
       96.1806565283529,
       46.6027634915935
      ],
      [
       96.3640896180144,
       46.4491486872302
      ],
      [
       96.5711826410674,
       46.3924995945663
      ],
      [
       97.3834606409774,
       46.1255086531754
      ],
      [
       97.6525646601608,
       45.9879540782255
      ],
      [
       97.6663436708037,
       45.9188389162331
      ],
      [
       96.5282285723765,
       46.1688397398715
      ],
      [
       96.4346845211946,
       46.0756923203484
      ],
      [
       96.3329396159384,
       46.0815055054821
      ]
     ],
     [
      [
       90.792388623756,
       50.1193576121508
      ],
      [
       90.9721065186507,
       50.3601068263317
      ],
      [
       91.1348646382823,
       50.4143597005137
      ],
      [
       91.5722806261466,
       50.4109687177619
      ],
      [
       91.7577746581629,
       50.3319074218143
      ],
      [
       91.9918136559313,
       49.7250544462239
      ],
      [
       91.9797896481769,
       49.4416150256642
      ],
      [
       91.9404835513894,
       49.3620161144465
      ],
      [
       91.7724986445707,
       49.2774891470712
      ],
      [
       91.6781925107514,
       49.165794084546
      ],
      [
       91.5709155493941,
       49.1629558044901
      ],
      [
       91.4161455511342,
       49.2478948262259
      ],
      [
       91.2352146272109,
       49.2750942696936
      ],
      [
       91.1342085029012,
       49.4817646771881
      ],
      [
       91.1493755567113,
       49.7647197913818
      ],
      [
       90.8542026451616,
       49.9301691724876
      ],
      [
       90.792388623756,
       50.1193576121508
      ]
     ],
     [
      [
       92.4322206421275,
       48.0640953379648
      ],
      [
       92.4529115377734,
       48.1468741756123
      ],
      [
       92.5460356556058,
       48.2037824367227
      ],
      [
       92.6339876362599,
       48.1882603254938
      ],
      [
       92.7529756251067,
       47.9606247664812
      ],
      [
       93.208244563837,
       47.6139990393269
      ],
      [
       93.3220595773153,
       47.4122307040901
      ],
      [
       93.3117146324065,
       47.2466795666796
      ],
      [
       93.1720275336487,
       47.2828929088306
      ],
      [
       92.7418895523184,
       47.5681766833666
      ],
      [
       92.5408625125991,
       47.7019474995816
      ],
      [
       92.4787826172246,
       47.8675029955817
      ],
      [
       92.4322206421275,
       48.0640953379648
      ]
     ],
     [
      [
       92.7458035658289,
       49.671075660276
      ],
      [
       93.0518726162406,
       49.6835760954074
      ],
      [
       93.3237535599486,
       49.8147424866652
      ],
      [
       93.5165936595527,
       49.8243937452665
      ],
      [
       94.0924456633057,
       49.6926821950256
      ],
      [
       94.7772976124343,
       49.6048970142449
      ],
      [
       94.9333195317537,
       49.6272901067892
      ],
      [
       95.1776885546433,
       49.7704991136267
      ],
      [
       95.3215106138795,
       49.796420484497
      ],
      [
       95.6189575357628,
       49.6647277097192
      ],
      [
       95.6997295781501,
       49.5825128065179
      ],
      [
       95.6068575879656,
       49.4661092936986
      ],
      [
       95.559646518286,
       49.2969564524903
      ],
      [
       95.3517605671918,
       49.226253590397
      ],
      [
       94.9676516395543,
       49.2537998770185
      ],
      [
       94.889694575532,
       49.2050512310189
      ],
      [
       94.4283985454987,
       49.195751174161
      ],
      [
       94.112289651454,
       49.2783213024192
      ],
      [
       94.0381316012305,
       49.3684172062694
      ],
      [
       93.7257236527174,
       49.4222546733296
      ],
      [
       93.2144315818528,
       49.5951347792454
      ],
      [
       92.8154065545864,
       49.5856367418343
      ],
      [
       92.7458035658289,
       49.671075660276
      ]
     ],
     [
      [
       93.9659275402771,
       46.7905990920831
      ],
      [
       94.7296295613931,
       46.5544042688159
      ],
      [
       94.718543656243,
       46.4967708054421
      ],
      [
       94.4872435291586,
       46.3701832802551
      ],
      [
       94.4312135238637,
       46.2843680143605
      ],
      [
       94.3333816262895,
       46.2796989590113
      ],
      [
       94.189803648074,
       46.5078339118155
      ],
      [
       93.9784016562325,
       46.6766087291902
      ],
      [
       93.9659275402771,
       46.7905990920831
      ]
     ],
     [
      [
       94.5639805233535,
       46.121273612773
      ],
      [
       94.582824550452,
       46.2343310698416
      ],
      [
       94.6634366661266,
       46.2792721525012
      ],
      [
       95.4386296059545,
       46.4907477374526
      ],
      [
       95.6770555242111,
       46.4417977581386
      ],
      [
       95.9649886507053,
       46.1890008992363
      ],
      [
       95.9432676191581,
       46.1249854547788
      ],
      [
       95.8185505994855,
       46.0573203620372
      ],
      [
       95.4784235295073,
       46.1206637454974
      ],
      [
       94.7686466501589,
       46.0399594288879
      ],
      [
       94.5639805233535,
       46.121273612773
      ]
     ],
     [
      [
       98.02467400916306,
       44.41948538856875
      ],
      [
       98.2566906673695,
       44.3132664183807
      ],
      [
       98.42151760197133,
       44.20813986617667
      ],
      [
       98.02467400916306,
       44.41948538856875
      ]
     ],
     [
      [
       98.7946380765229,
       44.00942847700883
      ],
      [
       99.40210261350805,
       44.03828388270647
      ],
      [
       98.8281706704221,
       43.991570147674
      ],
      [
       98.7946380765229,
       44.00942847700883
      ]
     ],
     [
      [
       101.26539762174001,
       44.181612890813824
      ],
      [
       101.367782561157,
       44.1921423853266
      ],
      [
       101.995948537247,
       44.1240305371454
      ],
      [
       101.26539762174001,
       44.181612890813824
      ]
     ],
     [
      [
       102.925025675807,
       43.4722996784454
      ],
      [
       102.97044150408661,
       43.50408870651191
      ],
      [
       102.94756755739014,
       43.46290779980172
      ],
      [
       102.925025675807,
       43.4722996784454
      ]
     ],
     [
      [
       102.97953040961163,
       43.4495907557891
      ],
      [
       103.439742592312,
       43.4495907557891
      ],
      [
       103.01586153407,
       43.4344537091924
      ],
      [
       102.97953040961163,
       43.4495907557891
      ]
     ],
     [
      [
       102.99249927968184,
       43.51952815293495
      ],
      [
       103.000724655112,
       43.5252855441422
      ],
      [
       103.03856274506059,
       43.5252855441422
      ],
      [
       102.99249927968184,
       43.51952815293495
      ]
     ],
     [
      [
       103.021751665075,
       43.8642471943018
      ],
      [
       103.02477285230522,
       43.87581412980842
      ],
      [
       103.04554320818409,
       43.667545788282624
      ],
      [
       103.030998580667,
       43.6842439794228
      ],
      [
       103.021751665075,
       43.8642471943018
      ]
     ],
     [
      [
       103.237319630437,
       44.1013258054406
      ],
      [
       103.7002220137391,
       44.103787358237575
      ],
      [
       103.699882668955,
       44.1009678981747
      ],
      [
       103.237319630437,
       44.1013258054406
      ]
     ],
     [
      [
       103.35575172793817,
       40.65846191991678
      ],
      [
       103.357452587258,
       40.6648677084571
      ],
      [
       103.39948927255888,
       40.67440409075103
      ],
      [
       103.35575172793817,
       40.65846191991678
      ]
     ],
     [
      [
       103.63142841780308,
       44.208727953460375
      ],
      [
       103.64673654127,
       44.2079615512044
      ],
      [
       103.6906420167644,
       44.173753250117045
      ],
      [
       103.63142841780308,
       44.208727953460375
      ]
     ],
     [
      [
       103.6996443349538,
       44.16673922720442
      ],
      [
       103.707099655234,
       44.1609305248051
      ],
      [
       103.70247263571362,
       44.12248674326163
      ],
      [
       103.6996443349538,
       44.16673922720442
      ]
     ],
     [
      [
       104.776245604422,
       40.5617810281392
      ],
      [
       104.98405122166467,
       40.31002766807564
      ],
      [
       104.952590621476,
       40.322002605985
      ],
      [
       104.776245604422,
       40.5617810281392
      ]
     ],
     [
      [
       105.728164602623,
       40.743247890952
      ],
      [
       105.743667603112,
       40.8136852143525
      ],
      [
       105.77541428266733,
       40.658357401567706
      ],
      [
       105.728164602623,
       40.743247890952
      ]
     ],
     [
      [
       105.77331791909153,
       40.53561827381364
      ],
      [
       105.79196626927487,
       40.57737306200837
      ],
      [
       105.798240665996,
       40.546674156394
      ],
      [
       105.77331791909153,
       40.53561827381364
      ]
     ],
     [
      [
       107.957206528574,
       41.245187769521
      ],
      [
       108.190772619365,
       41.3173230988682
      ],
      [
       108.28684716230474,
       41.31148294774936
      ],
      [
       107.957206528574,
       41.245187769521
      ]
     ],
     [
      [
       108.62382915238815,
       41.29099858543865
      ],
      [
       108.65464759337,
       41.2891252030933
      ],
      [
       108.66092029177304,
       41.28594216708634
      ],
      [
       108.62382915238815,
       41.29099858543865
      ]
     ],
     [
      [
       108.838653669933,
       43.3898068313345
      ],
      [
       108.990035535288,
       43.4503618908819
      ],
      [
       109.06893183754295,
       43.45753403650773
      ],
      [
       108.838653669933,
       43.3898068313345
      ]
     ],
     [
      [
       109.126281527513,
       43.162726992503
      ],
      [
       109.48653428827957,
       43.2160957526656
      ],
      [
       109.444198565713,
       43.1930039355435
      ],
      [
       109.126281527513,
       43.162726992503
      ]
     ],
     [
      [
       109.13156752032758,
       43.46322799459531
      ],
      [
       109.323089620084,
       43.4806384986463
      ],
      [
       109.807525570236,
       43.4200839420131
      ],
      [
       109.13156752032758,
       43.46322799459531
      ]
     ],
     [
      [
       109.852943583186,
       44.4646521394114
      ],
      [
       110.155715528162,
       44.4040980856924
      ],
      [
       110.25563423806769,
       44.34959775759245
      ],
      [
       109.852943583186,
       44.4646521394114
      ]
     ],
     [
      [
       109.89115316936967,
       44.02753137489792
      ],
      [
       109.913497636905,
       44.0861857413588
      ],
      [
       110.004333662807,
       44.1921576403904
      ],
      [
       109.89115316936967,
       44.02753137489792
      ]
     ],
     [
      [
       110.28060893077935,
       44.33597539449083
      ],
      [
       110.322242654379,
       44.3132664183807
      ],
      [
       110.352523620733,
       44.1921576403904
      ],
      [
       110.28060893077935,
       44.33597539449083
      ]
     ],
     [
      [
       110.28187174800078,
       44.18509203847374
      ],
      [
       110.352523620733,
       44.1921576403904
      ],
      [
       110.322242654379,
       44.1770177439466
      ],
      [
       110.28187174800078,
       44.18509203847374
      ]
     ],
     [
      [
       110.2837632603586,
       42.85664753121607
      ],
      [
       110.443351600007,
       43.1021721005937
      ],
      [
       110.337379533338,
       42.9053692048026
      ],
      [
       110.2837632603586,
       42.85664753121607
      ]
     ]
    ]
   }
  },
  {
   "type": "Feature",
   "properties": {
    "_manaName": "Desierto del Kalahari",
    "name": "Desierto del Kalahari",
    "_manaColor": "#d97706",
    "_manaFillOpacity": 0.85,
    "_manaBorderColor": "#FFFFFF",
    "_manaWeight": 1,
    "_manaOpacity": 1,
    "_manaGroupName": "Desiertos cálidos",
    "_manaGroupId": 1,
    "_manaGeometryType": "polygon",
    "_manaLabelStyle": {
     "enabled": true,
     "field": "name",
     "fontFamily": "DM Mono, monospace",
     "fontSize": 11,
     "color": "#ffffff",
     "fontWeight": "bold",
     "fontStyle": "normal",
     "haloColor": "#000000",
     "haloWidth": 3,
     "opacity": 1,
     "offsetX": 0,
     "offsetY": 0,
     "placement": "point"
    },
    "Continent": "África",
    "Area": "900,000 km²",
    "Countries": "Botswana, Namibia, South Africa",
    "Type": "Cálido",
    "Description": "Desierto del Kalahari: Una sabana semiárida y arenosa que cubre gran parte de Botsuana. Hogar del pueblo San y una diversa fauna silvestre que incluye suricatas y chacales pardos."
   },
   "geometry": {
    "type": "Polygon",
    "coordinates": [
     [
      [
       17.4706595541966,
       -19.4318953567629
      ],
      [
       17.7637995189482,
       -19.3878580109046
      ],
      [
       17.8982794441725,
       -19.413895387315
      ],
      [
       17.9967005895405,
       -19.5532282668443
      ],
      [
       17.9231394984618,
       -19.716628943174
      ],
      [
       17.7004105379346,
       -19.9422649153632
      ],
      [
       17.2950895279112,
       -20.1293541911933
      ],
      [
       17.2513294554102,
       -20.2211588298265
      ],
      [
       17.3181405998555,
       -20.2598377926179
      ],
      [
       17.6738605243255,
       -20.1752025310534
      ],
      [
       17.7005994660323,
       -20.2445186910841
      ],
      [
       17.5501005503584,
       -20.3896193258318
      ],
      [
       17.6096004959331,
       -20.4362765193492
      ],
      [
       18.2914604409013,
       -20.3896193258318
      ],
      [
       18.4238395259118,
       -20.5240417512003
      ],
      [
       18.489839469767,
       -20.7971075607423
      ],
      [
       18.6152094396976,
       -20.9973963224292
      ],
      [
       19.7353995028913,
       -21.4746199801674
      ],
      [
       21.5704304560606,
       -21.8920461347681
      ],
      [
       22.6561605036113,
       -22.0591673702827
      ],
      [
       23.0626905193498,
       -22.096345301852
      ],
      [
       23.8079295546859,
       -21.9318742564858
      ],
      [
       24.0944994484464,
       -22.0711375662187
      ],
      [
       24.3105394825953,
       -22.4220380639964
      ],
      [
       24.4012794518862,
       -22.774760284612
      ],
      [
       24.5081805687047,
       -22.9721901467612
      ],
      [
       25.1628794593219,
       -23.5603498018723
      ],
      [
       25.2553194462164,
       -23.6942921118265
      ],
      [
       25.3696705662223,
       -23.9497093213019
      ],
      [
       25.4049396031606,
       -24.2371858017106
      ],
      [
       25.3658105321683,
       -24.4759741534608
      ],
      [
       25.2299095390783,
       -24.6284956223729
      ],
      [
       24.796440589423,
       -24.7440998369046
      ],
      [
       24.1530604532265,
       -24.7420310155609
      ],
      [
       24.1163805743443,
       -24.8333657647017
      ],
      [
       24.2934794597703,
       -24.893683616389
      ],
      [
       24.8477405191136,
       -24.8587144839466
      ],
      [
       25.0121495383962,
       -24.9053721803781
      ],
      [
       25.1092605922967,
       -25.068244293893
      ],
      [
       25.0112305465312,
       -25.2975743384531
      ],
      [
       25.0564894709595,
       -25.3316727587929
      ],
      [
       25.4758795054759,
       -25.2955244602107
      ],
      [
       25.5939805213279,
       -25.2352874100701
      ],
      [
       25.3684295416369,
       -24.9757097591306
      ],
      [
       25.3943505772311,
       -24.8328465896185
      ],
      [
       25.7838894693888,
       -24.7292008363583
      ],
      [
       25.8842795238146,
       -24.8407353016185
      ],
      [
       25.7084696074601,
       -25.2797854253274
      ],
      [
       25.6177465696136,
       -25.6820783890067
      ],
      [
       25.4888744728951,
       -25.9432373698007
      ],
      [
       25.116594589944,
       -26.2938932836435
      ],
      [
       25.0220125238719,
       -26.4876803706693
      ],
      [
       24.6956974892352,
       -26.5129492941958
      ],
      [
       24.6181015176021,
       -26.5812202308995
      ],
      [
       24.6888385778603,
       -26.6985948710216
      ],
      [
       25.0417275983492,
       -26.7886828958829
      ],
      [
       25.2191674595967,
       -26.7626772030666
      ],
      [
       25.255626559149,
       -26.8175907388574
      ],
      [
       25.3789085969966,
       -26.6744549898539
      ],
      [
       25.446449469933,
       -26.8427976363004
      ],
      [
       25.6558265616035,
       -26.913835606883
      ],
      [
       25.6967865755272,
       -26.9694441700858
      ],
      [
       25.7108954978794,
       -27.1808828746632
      ],
      [
       25.2886604777845,
       -27.2038977367857
      ],
      [
       25.218454494912,
       -27.3543951437171
      ],
      [
       25.0267615425775,
       -27.524395060061
      ],
      [
       25.0401784550029,
       -27.7418087205036
      ],
      [
       25.0836255472391,
       -27.7951395853354
      ],
      [
       25.816177566279,
       -27.4528229946076
      ],
      [
       26.0258964719613,
       -27.4958912248199
      ],
      [
       26.0580655458264,
       -27.6260568168378
      ],
      [
       26.0902974839653,
       -27.6044755954357
      ],
      [
       26.0819435763387,
       -27.7290702393218
      ],
      [
       25.433328606328,
       -28.0304657081567
      ],
      [
       25.4471374565463,
       -28.0967459428544
      ],
      [
       25.5713404979157,
       -28.1752565477628
      ],
      [
       25.5644095021735,
       -28.2818782119292
      ],
      [
       25.51891554918,
       -28.3780032187392
      ],
      [
       25.3742945269323,
       -28.2848311564207
      ],
      [
       25.2304424604827,
       -28.339071960662
      ],
      [
       25.2180655746043,
       -28.4104970075336
      ],
      [
       25.3274685218849,
       -28.5874597708519
      ],
      [
       25.1792144475215,
       -28.8787910885346
      ],
      [
       24.4476734536435,
       -29.1255221317412
      ],
      [
       23.7934365735298,
       -28.9203733749506
      ],
      [
       23.6627695760636,
       -28.9756501824254
      ],
      [
       23.5210954633371,
       -28.9472983949081
      ],
      [
       23.3852695720996,
       -29.0641857111791
      ],
      [
       23.1650945774724,
       -29.0455934764522
      ],
      [
       23.0144424406083,
       -29.190588834496
      ],
      [
       22.7232244462566,
       -29.1293382446225
      ],
      [
       22.4534664709869,
       -29.2248243827719
      ],
      [
       22.4298534762532,
       -29.1600840713271
      ],
      [
       22.2858005794033,
       -29.1536331909991
      ],
      [
       22.2091695324647,
       -28.9498682864241
      ],
      [
       22.4047946032204,
       -28.5617189461761
      ],
      [
       22.0908294647339,
       -28.8123666851022
      ],
      [
       21.8501245070019,
       -28.6893327515888
      ],
      [
       21.6895384737611,
       -28.2170867708749
      ],
      [
       21.3803104516776,
       -28.2776993302782
      ],
      [
       21.1313406021307,
       -28.1777496610457
      ],
      [
       21.1002214454584,
       -28.3486633724747
      ],
      [
       21.0134444399925,
       -28.3589340537212
      ],
      [
       20.4711705080297,
       -28.0203019799948
      ],
      [
       20.0417154841709,
       -27.8536261588152
      ],
      [
       18.7337665987208,
       -27.6556764510306
      ],
      [
       18.3217145851652,
       -27.6955267009728
      ],
      [
       18.2371155334224,
       -27.6649879072769
      ],
      [
       18.2202224781089,
       -27.5779706764658
      ],
      [
       18.3167625567645,
       -27.482738845259
      ],
      [
       18.6337624471176,
       -27.4943901935979
      ],
      [
       18.7076205928451,
       -27.4418004566455
      ],
      [
       18.9447174765329,
       -26.9945109221076
      ],
      [
       19.1764605033815,
       -26.7094055144713
      ],
      [
       19.2212485324889,
       -26.4893374729286
      ],
      [
       18.7100655940037,
       -25.9650200921553
      ],
      [
       18.5810714567748,
       -25.149352618236
      ],
      [
       18.5114215293594,
       -24.9803025391608
      ],
      [
       18.2410545250044,
       -24.7314247229109
      ],
      [
       17.3878134936856,
       -24.191099080524
      ],
      [
       17.2900335639111,
       -23.7916112045639
      ],
      [
       17.0967084873888,
       -23.6752608330108
      ],
      [
       16.8874415339262,
       -23.1336537652653
      ],
      [
       16.79615053832,
       -23.0182265765288
      ],
      [
       16.6817605262834,
       -22.4182791156949
      ],
      [
       16.3005594484982,
       -22.0819871016991
      ],
      [
       16.0020195264398,
       -21.4386220529283
      ],
      [
       15.4890294496283,
       -20.9527687229487
      ],
      [
       15.5198094744978,
       -20.8772018424382
      ],
      [
       15.7634895049457,
       -20.9404084332385
      ],
      [
       16.1155205538248,
       -20.785779083314
      ],
      [
       16.3875595802268,
       -20.7522798014137
      ],
      [
       16.5536194991604,
       -20.6299457568161
      ],
      [
       17.1470104676863,
       -19.9249968537012
      ],
      [
       17.4706595541966,
       -19.4318953567629
      ]
     ]
    ]
   }
  },
  {
   "type": "Feature",
   "properties": {
    "_manaName": "Desierto patagónico",
    "name": "Desierto patagónico",
    "_manaColor": "#7c3aed",
    "_manaFillOpacity": 0.85,
    "_manaBorderColor": "#FFFFFF",
    "_manaWeight": 1,
    "_manaOpacity": 1,
    "_manaGroupName": "Desiertos fríos",
    "_manaGroupId": 2,
    "_manaGeometryType": "polygon",
    "_manaLabelStyle": {
     "enabled": true,
     "field": "name",
     "fontFamily": "DM Mono, monospace",
     "fontSize": 11,
     "color": "#ffffff",
     "fontWeight": "bold",
     "fontStyle": "normal",
     "haloColor": "#000000",
     "haloWidth": 3,
     "opacity": 1,
     "offsetX": 0,
     "offsetY": 0,
     "placement": "point"
    },
    "Continent": "Sudamérica",
    "Area": "673,000 km²",
    "Countries": "Argentina, Chile",
    "Type": "Frío",
    "Description": "Desierto patagónico: El desierto más grande de las Américas. Formado por la sombra pluviométrica de los Andes. Rico en fósiles de dinosaurios y fauna esteparia."
   },
   "geometry": {
    "type": "Polygon",
    "coordinates": [
     [
      [
       -72.9119945684149,
       -49.9047363827536
      ],
      [
       -72.8881985129158,
       -50.1069672314081
      ],
      [
       -72.7882765039637,
       -50.356779629863
      ],
      [
       -72.4183195816609,
       -50.8373815298602
      ],
      [
       -72.2565305776752,
       -51.1990174015969
      ],
      [
       -72.028137629891,
       -51.3227373100668
      ],
      [
       -71.9900665227185,
       -51.4845211172725
      ],
      [
       -71.3048705802832,
       -51.741476405982
      ],
      [
       -71.2477725528848,
       -51.8176107413381
      ],
      [
       -71.4190676409086,
       -51.8366431936201
      ],
      [
       -72.1423335170499,
       -51.5606564584569
      ],
      [
       -72.1891176125814,
       -51.6387446154449
      ],
      [
       -72.0595776458171,
       -51.7206659843968
      ],
      [
       -72.0924985763977,
       -51.7602936109904
      ],
      [
       -71.6546405269596,
       -51.9096044757071
      ],
      [
       -71.5579455507331,
       -52.170526081003
      ],
      [
       -70.5007855554588,
       -52.6742179449753
      ],
      [
       -70.5681455469245,
       -52.7108585965505
      ],
      [
       -70.5353625824703,
       -52.7264068593174
      ],
      [
       -69.8519975829664,
       -52.4879492574668
      ],
      [
       -69.6682666004657,
       -52.5420963520306
      ],
      [
       -69.4944385012999,
       -52.3955253638264
      ],
      [
       -69.4471285251627,
       -52.2615968001935
      ],
      [
       -69.2044675665038,
       -52.1945705761125
      ],
      [
       -68.9152756457896,
       -52.2986376038267
      ],
      [
       -68.474601612158,
       -52.343854451101
      ],
      [
       -68.423126500691,
       -52.3928513690729
      ],
      [
       -68.3742826362712,
       -52.3464023820306
      ],
      [
       -68.9728925129951,
       -51.6225625131594
      ],
      [
       -69.2159725668132,
       -51.6847394709727
      ],
      [
       -69.1527555824528,
       -51.6482279007065
      ],
      [
       -69.1943125555212,
       -51.621471357003
      ],
      [
       -69.169273631418,
       -51.6010508615538
      ],
      [
       -68.9409334896238,
       -51.5474990497541
      ],
      [
       -69.1431044914896,
       -51.0302554923532
      ],
      [
       -69.2182546237738,
       -50.9692997778336
      ],
      [
       -69.127967612531,
       -50.8989135840426
      ],
      [
       -69.1343304828754,
       -50.7237519240803
      ],
      [
       -69.0641865260864,
       -50.5475143630255
      ],
      [
       -68.8630676207082,
       -50.3374353707825
      ],
      [
       -68.3635864896191,
       -50.1709521657381
      ],
      [
       -68.5839465566686,
       -49.9671413283335
      ],
      [
       -68.5921246119664,
       -49.8581728989139
      ],
      [
       -68.3181994897102,
       -50.1251633373906
      ],
      [
       -67.9831315688553,
       -50.0492232945504
      ],
      [
       -67.7885205407466,
       -49.9066055471635
      ],
      [
       -67.5922695094611,
       -49.2732060783633
      ],
      [
       -67.6766125778806,
       -49.2521477200819
      ],
      [
       -67.6008916379896,
       -49.1712219535901
      ],
      [
       -67.5966185437468,
       -49.0706508500557
      ],
      [
       -67.4001995391215,
       -48.8911098133182
      ],
      [
       -67.2300795939239,
       -48.8193662541257
      ],
      [
       -67.1144336375144,
       -48.6663455590601
      ],
      [
       -66.8563075645682,
       -48.5716825238033
      ],
      [
       -66.6652834881077,
       -48.4414094757866
      ],
      [
       -66.3336486271587,
       -48.3418686757914
      ],
      [
       -66.3283006376516,
       -48.2735078850856
      ],
      [
       -66.1478494938665,
       -48.1904122114978
      ],
      [
       -66.1012955653965,
       -48.1181798197117
      ],
      [
       -65.9184956447014,
       -48.1107487596255
      ],
      [
       -65.9682004982161,
       -48.0423851190726
      ],
      [
       -65.9516604886646,
       -47.9607882974121
      ],
      [
       -65.7953944883245,
       -47.9394221556457
      ],
      [
       -65.8854065731429,
       -47.7476217473125
      ],
      [
       -65.7652736163213,
       -47.5807496219604
      ],
      [
       -65.7158125085511,
       -47.3350399974757
      ],
      [
       -65.7516935920599,
       -47.1987021395918
      ],
      [
       -65.8830566227665,
       -47.09880175595
      ],
      [
       -66.7399065663198,
       -47.0345853134541
      ],
      [
       -67.1168514813066,
       -46.7022964964186
      ],
      [
       -67.4207075416399,
       -46.5540799729815
      ],
      [
       -67.6077265771213,
       -46.2533319223485
      ],
      [
       -67.6113735431964,
       -46.0473372638886
      ],
      [
       -67.5451275066637,
       -45.9270976892585
      ],
      [
       -67.3669585874774,
       -45.7746353965829
      ],
      [
       -67.3433605125314,
       -45.6296542877745
      ],
      [
       -66.9474714905221,
       -45.2674516317445
      ],
      [
       -66.5375214906468,
       -45.2255737994223
      ],
      [
       -66.5160145329069,
       -45.1993857163926
      ],
      [
       -66.5883406343707,
       -45.13936961322
      ],
      [
       -66.4922716186739,
       -45.1630885552098
      ],
      [
       -66.4624025390423,
       -45.147055818439
      ],
      [
       -66.5308835262398,
       -45.1375956672302
      ],
      [
       -66.5221705378808,
       -45.1063377062412
      ],
      [
       -66.1874776233744,
       -44.9871964962042
      ],
      [
       -65.9351885401669,
       -45.0473314547641
      ],
      [
       -65.8644796431034,
       -45.0028295838313
      ],
      [
       -65.8198926120343,
       -45.0421747402876
      ],
      [
       -65.619750533653,
       -45.0370354601699
      ],
      [
       -65.5443496148255,
       -44.9139245807853
      ],
      [
       -65.7154616420839,
       -44.8606366312977
      ],
      [
       -65.6690676403265,
       -44.7004658375407
      ],
      [
       -65.4570765683293,
       -44.5752177404824
      ],
      [
       -65.3620226011081,
       -44.5744278299265
      ],
      [
       -65.3701175079263,
       -44.5157808268197
      ],
      [
       -65.2848354987122,
       -44.4950248876051
      ],
      [
       -65.3179165236436,
       -44.4422950052315
      ],
      [
       -65.2203976063342,
       -44.3595619327754
      ],
      [
       -65.308975547518,
       -44.2004393798304
      ],
      [
       -65.2162856122706,
       -44.1301765676543
      ],
      [
       -65.2047884909503,
       -44.0352667691678
      ],
      [
       -65.3014675415607,
       -43.931809105815
      ],
      [
       -65.3615265600777,
       -43.7346275156381
      ],
      [
       -65.4630585649931,
       -43.7281845142992
      ],
      [
       -65.8395386196294,
       -43.8702172048439
      ],
      [
       -66.1981425893467,
       -44.0634807581968
      ],
      [
       -66.7410885823067,
       -44.2056383390989
      ],
      [
       -67.06332364175,
       -44.2281533045155
      ],
      [
       -67.3749775542528,
       -43.9276890651243
      ],
      [
       -67.5292436324934,
       -43.5677159953411
      ],
      [
       -67.4937975697598,
       -43.2614702544102
      ],
      [
       -67.0913775364282,
       -43.0392492372159
      ],
      [
       -67.0331496284806,
       -42.9634029040532
      ],
      [
       -67.0196606316878,
       -42.6376784583148
      ],
      [
       -67.1191635454806,
       -42.4159278335272
      ],
      [
       -67.2583316367934,
       -42.3667374612298
      ],
      [
       -67.6604385222221,
       -42.4165271396047
      ],
      [
       -67.8780895581628,
       -42.2603769771666
      ],
      [
       -67.8727955481123,
       -42.1900385602237
      ],
      [
       -67.7982785847945,
       -42.052763605564
      ],
      [
       -67.3588024927659,
       -41.7221731297515
      ],
      [
       -67.0466154912206,
       -41.7302182480649
      ],
      [
       -66.6589125711362,
       -41.8429223240952
      ],
      [
       -66.4156415775636,
       -41.7485590256962
      ],
      [
       -66.3513185172593,
       -41.6461046761545
      ],
      [
       -66.1524655755876,
       -41.6883253283169
      ],
      [
       -66.2230375123532,
       -40.9038098681305
      ],
      [
       -66.3312525763147,
       -40.8295237424264
      ],
      [
       -66.5170976424363,
       -40.8754061128134
      ],
      [
       -66.6106795798205,
       -40.9597173300008
      ],
      [
       -67.1910175781571,
       -40.9133999388386
      ],
      [
       -67.4009785532033,
       -41.1665332473346
      ],
      [
       -67.5760875748136,
       -41.2215748586061
      ],
      [
       -67.6209795395205,
       -41.182749044871
      ],
      [
       -67.5937725523399,
       -40.7760073022581
      ],
      [
       -67.4900895834296,
       -40.6341139189444
      ],
      [
       -67.5436625176253,
       -40.5784845686216
      ],
      [
       -67.5351255492332,
       -40.4102475341552
      ],
      [
       -67.5762865611952,
       -40.3667070675176
      ],
      [
       -68.4683535738871,
       -40.0442539109535
      ],
      [
       -68.8755186026108,
       -40.0850025332788
      ],
      [
       -68.9444505361995,
       -39.9531380971238
      ],
      [
       -69.2498245591993,
       -40.0464479579307
      ],
      [
       -69.9435806040795,
       -40.0368231861435
      ],
      [
       -70.154029573529,
       -39.9733547446876
      ],
      [
       -70.1423336334652,
       -39.8567954961072
      ],
      [
       -69.9889605631897,
       -39.6150875598402
      ],
      [
       -69.7454605760222,
       -39.5074080994921
      ],
      [
       -69.6376416408051,
       -39.390259938394
      ],
      [
       -69.7102886015227,
       -39.2805203738815
      ],
      [
       -69.9852296104448,
       -39.2260591255864
      ],
      [
       -70.0839766442086,
       -38.7033463763585
      ],
      [
       -69.9417035606806,
       -38.5816942834039
      ],
      [
       -69.9690555547863,
       -38.4983937561023
      ],
      [
       -70.1648945317113,
       -38.575148519932
      ],
      [
       -70.1754455038003,
       -38.4947888671813
      ],
      [
       -69.9695205827749,
       -38.3407884952716
      ],
      [
       -69.874275508161,
       -38.2317593808729
      ],
      [
       -69.8601075772104,
       -38.1355160215899
      ],
      [
       -69.9357296106439,
       -37.8261724968806
      ],
      [
       -70.1282956220139,
       -37.608253407676
      ],
      [
       -70.1241604938975,
       -37.5606433594049
      ],
      [
       -69.8408126037206,
       -37.6502108680785
      ],
      [
       -69.6471175499918,
       -38.2294932495282
      ],
      [
       -69.5487515575468,
       -38.2922133546679
      ],
      [
       -69.4944306223109,
       -38.2651906017193
      ],
      [
       -69.4816515727178,
       -38.0924367272654
      ],
      [
       -69.6491696075291,
       -37.6312292101297
      ],
      [
       -69.5855865016378,
       -37.5579616533004
      ],
      [
       -69.2845075334671,
       -37.4305920965465
      ],
      [
       -69.3794096206027,
       -37.3431296190383
      ],
      [
       -69.6022646449537,
       -37.4058044619007
      ],
      [
       -69.589065494373,
       -37.2545543600635
      ],
      [
       -69.6583635494928,
       -37.2357136857263
      ],
      [
       -69.8032685506203,
       -37.3254719665164
      ],
      [
       -69.8806155797289,
       -37.1140050987442
      ],
      [
       -69.8326945628496,
       -37.0212372117972
      ],
      [
       -69.8873065177639,
       -36.9824419081896
      ],
      [
       -69.8700025815563,
       -36.9053986392524
      ],
      [
       -69.1630556003605,
       -37.2488055479462
      ],
      [
       -69.0144045590624,
       -37.2299920309753
      ],
      [
       -68.5819395937704,
       -36.9870006576929
      ],
      [
       -68.4583965434577,
       -36.7101095151762
      ],
      [
       -68.3093795482666,
       -36.5888582448318
      ],
      [
       -68.3345336397195,
       -36.4402405635084
      ],
      [
       -68.2835694890705,
       -36.3659661724687
      ],
      [
       -68.2619626190447,
       -35.8204043551633
      ],
      [
       -68.3049016003099,
       -35.6308217984123
      ],
      [
       -68.4625935300196,
       -35.4281787277592
      ],
      [
       -68.7684475007957,
       -35.2805844768144
      ],
      [
       -69.0664975844321,
       -35.3032550103541
      ],
      [
       -69.1215596475474,
       -35.1811908630391
      ],
      [
       -69.1119236440098,
       -35.0810995396427
      ],
      [
       -69.1512454987753,
       -35.0454402412922
      ],
      [
       -69.0562134921404,
       -34.400381209888
      ],
      [
       -69.1336134948771,
       -34.0005920883276
      ],
      [
       -69.0925596036378,
       -33.3779601799947
      ],
      [
       -69.2574616464657,
       -33.370151096075
      ],
      [
       -69.2761536258405,
       -33.6396675048949
      ],
      [
       -69.3209305908357,
       -33.6898410744357
      ],
      [
       -69.3320926036668,
       -33.7934750930314
      ],
      [
       -69.2399215082264,
       -34.0802679454166
      ],
      [
       -69.2584606016871,
       -34.2637499853927
      ],
      [
       -69.3721316140687,
       -34.4434361966933
      ],
      [
       -69.3162385690718,
       -34.4521337623504
      ],
      [
       -69.348052585518,
       -34.5265218119972
      ],
      [
       -69.2777785415916,
       -34.6849226830781
      ],
      [
       -69.3443985786443,
       -35.0092062796594
      ],
      [
       -69.3932875377032,
       -35.0329327653621
      ],
      [
       -69.6304705873557,
       -34.9125937813602
      ],
      [
       -69.7431946123156,
       -34.9043919214574
      ],
      [
       -69.4125595447782,
       -35.216335177258
      ],
      [
       -69.4170685057766,
       -35.3237045071884
      ],
      [
       -69.7612685101497,
       -35.2668978347446
      ],
      [
       -69.8559875365197,
       -35.3295943029172
      ],
      [
       -69.7109065154254,
       -35.4392376431812
      ],
      [
       -69.4925465381134,
       -35.4517342226371
      ],
      [
       -69.478713548014,
       -35.63845184488
      ],
      [
       -69.5783916435834,
       -35.8063126995316
      ],
      [
       -69.5478285423682,
       -35.8442419849022
      ],
      [
       -69.6607134998692,
       -36.002079089175
      ],
      [
       -70.0825346215849,
       -36.0314244674957
      ],
      [
       -70.0861665002342,
       -36.0730956020854
      ],
      [
       -69.9345014941895,
       -36.1581836540598
      ],
      [
       -69.8956525464015,
       -36.2358758499415
      ],
      [
       -70.1381455317207,
       -36.4175658390171
      ],
      [
       -70.2744755106155,
       -36.6097508090684
      ],
      [
       -70.2590564967958,
       -36.6637155134189
      ],
      [
       -70.4390635673502,
       -36.7864470278654
      ],
      [
       -70.3817905258133,
       -36.8191733306541
      ],
      [
       -70.4063335765241,
       -36.9500865884359
      ],
      [
       -70.4717945640047,
       -36.9419048451006
      ],
      [
       -70.5045245548307,
       -37.2528263469033
      ],
      [
       -70.60270664832,
       -37.2773700681664
      ],
      [
       -70.6305315494032,
       -37.0024535344016
      ],
      [
       -70.5650715677511,
       -36.8519026509279
      ],
      [
       -70.6043474896871,
       -36.7275341507897
      ],
      [
       -70.5323405710966,
       -36.6751712281375
      ],
      [
       -70.5519785320646,
       -36.5835283602357
      ],
      [
       -70.6370696015242,
       -36.590075129536
      ],
      [
       -70.7418055051124,
       -36.6882629227194
      ],
      [
       -70.7876285316249,
       -36.6293503809198
      ],
      [
       -70.8858106251142,
       -36.6358961443918
      ],
      [
       -70.8334505523091,
       -36.7471717764816
      ],
      [
       -70.9447245080183,
       -36.8780862077298
      ],
      [
       -71.0101854954988,
       -36.8584485820379
      ],
      [
       -70.9578175437047,
       -37.0024535344016
      ],
      [
       -70.839996483419,
       -37.0744550885741
      ],
      [
       -70.9250865470502,
       -37.185730888302
      ],
      [
       -70.9578175437047,
       -37.1071842412098
      ],
      [
       -70.9970936332788,
       -37.1595473315001
      ],
      [
       -70.8923565562242,
       -37.2053683463558
      ],
      [
       -70.9054485860822,
       -37.2970075262202
      ],
      [
       -71.062553614931,
       -37.3624661667679
      ],
      [
       -70.8727185952561,
       -37.4017375624762
      ],
      [
       -70.9381785769083,
       -37.5522896194163
      ],
      [
       -70.9774555046727,
       -37.5522896194163
      ],
      [
       -70.9447245080183,
       -37.6439279610904
      ],
      [
       -71.0101854954988,
       -37.6766581195545
      ],
      [
       -70.8530885132771,
       -37.7159335385764
      ],
      [
       -70.8596346120251,
       -37.7879340869205
      ],
      [
       -70.9905475345308,
       -37.8141176437224
      ],
      [
       -70.9119945171922,
       -37.8272093383043
      ],
      [
       -70.9119945171922,
       -38.0235788897009
      ],
      [
       -70.7548985407989,
       -38.5799624145681
      ],
      [
       -70.6370696015242,
       -38.7501526001144
      ],
      [
       -70.6436155326342,
       -38.959614349007
      ],
      [
       -70.5748906320541,
       -39.1985327878945
      ],
      [
       -70.823631488006,
       -39.453815886919
      ],
      [
       -71.1509166441172,
       -39.6436403453959
      ],
      [
       -71.2229235627077,
       -39.7876471417783
      ],
      [
       -71.2294694938177,
       -40.029839049135
      ],
      [
       -71.072372511596,
       -40.2196636752499
      ],
      [
       -71.1509166441172,
       -40.625500004681
      ],
      [
       -71.1410975798141,
       -41.0542452489783
      ],
      [
       -71.2458344892307,
       -41.1786142520307
      ],
      [
       -70.9447245080183,
       -41.6957265488277
      ],
      [
       -71.1476435109241,
       -41.7873697520056
      ],
      [
       -71.2261965282627,
       -42.1408367885381
      ],
      [
       -71.2982026086629,
       -42.2324803269921
      ],
      [
       -71.3832935104844,
       -42.2259342282441
      ],
      [
       -71.4484866123392,
       -42.4415208014308
      ],
      [
       -71.2916565099148,
       -42.4681274767054
      ],
      [
       -71.2327426270108,
       -42.3830300369994
      ],
      [
       -71.1541896096722,
       -42.3830300369994
      ],
      [
       -71.1738285764686,
       -42.5466761354543
      ],
      [
       -71.330932599489,
       -42.6252236207367
      ],
      [
       -71.118186485653,
       -42.6743184393378
      ],
      [
       -71.1901935718816,
       -42.7659589603067
      ],
      [
       -71.1967395029916,
       -42.8968742297452
      ],
      [
       -71.2752915145018,
       -42.8968742297452
      ],
      [
       -71.327659633934,
       -42.7855967536367
      ],
      [
       -71.4454805265816,
       -42.9296038852952
      ],
      [
       -71.327659633934,
       -43.0277903373741
      ],
      [
       -71.3211135351859,
       -43.1259757836246
      ],
      [
       -71.2032856017397,
       -43.1456137445926
      ],
      [
       -71.078918610344,
       -43.3223480172301
      ],
      [
       -71.1050946234331,
       -43.5907270017881
      ],
      [
       -71.3145676040759,
       -43.6954587144247
      ],
      [
       -71.3014755742179,
       -43.8001914328897
      ],
      [
       -71.2032856017397,
       -43.8983770467783
      ],
      [
       -71.2883835443599,
       -44.0292938249594
      ],
      [
       -71.2491076224238,
       -44.173301291894
      ],
      [
       -71.3865666436775,
       -44.2322123249511
      ],
      [
       -71.4127505357555,
       -44.3369482285393
      ],
      [
       -71.2818376132499,
       -44.3304021297912
      ],
      [
       -71.2163776315977,
       -44.4089499503498
      ],
      [
       -71.4749375518527,
       -44.5824117603465
      ],
      [
       -71.3047485397729,
       -44.5758658292365
      ],
      [
       -71.330932599489,
       -44.7002368439457
      ],
      [
       -71.2654726178368,
       -44.7067827750557
      ],
      [
       -71.2523805879788,
       -44.6216878499206
      ],
      [
       -71.1869206063266,
       -44.5955036225665
      ],
      [
       -71.082191575899,
       -44.660964610047
      ],
      [
       -71.062553614931,
       -44.7519295496194
      ],
      [
       -71.3178405696309,
       -44.8442456519849
      ],
      [
       -71.4029316390905,
       -44.8049725798959
      ],
      [
       -71.3898396092325,
       -44.896613603779
      ],
      [
       -71.3374704839719,
       -44.9162517323851
      ],
      [
       -71.3767475793744,
       -45.0406177179523
      ],
      [
       -71.4683916207427,
       -44.9947997205818
      ],
      [
       -71.6123965731063,
       -45.0798946457168
      ],
      [
       -71.6713106236485,
       -45.2828138162607
      ],
      [
       -71.5469436322529,
       -45.3679119265189
      ],
      [
       -71.5665745524222,
       -45.4071838251415
      ],
      [
       -71.6976624890663,
       -45.4220040357978
      ],
      [
       -71.7092746100983,
       -45.5433379517076
      ],
      [
       -71.6830905503822,
       -45.5799940259847
      ],
      [
       -71.5835955155784,
       -45.5695221790617
      ],
      [
       -71.4595415044476,
       -45.6756851854859
      ],
      [
       -71.4646605003597,
       -45.7273445311849
      ],
      [
       -71.5417025958304,
       -45.7465704377925
      ],
      [
       -71.5417025958304,
       -45.8104056713316
      ],
      [
       -71.6202546073406,
       -45.8627737907637
      ],
      [
       -71.7616425618924,
       -45.8889586886702
      ],
      [
       -71.7721175939386,
       -46.0041619129536
      ],
      [
       -71.8426895307042,
       -46.0898023323478
      ],
      [
       -72.2655946001395,
       -46.2730838771998
      ],
      [
       -71.9826966505256,
       -46.4127255460425
      ],
      [
       -71.8437655994348,
       -46.40144937169
      ],
      [
       -71.8184205682274,
       -46.5180307484949
      ],
      [
       -71.9321054945682,
       -46.6220731334137
      ],
      [
       -72.3558955253417,
       -46.7400507676508
      ],
      [
       -72.3899535449081,
       -46.8970795211807
      ],
      [
       -72.2945175305398,
       -46.9623120179804
      ],
      [
       -71.8338244946214,
       -47.0915846020331
      ],
      [
       -71.8184586220678,
       -47.1870672197831
      ],
      [
       -72.2018205544936,
       -47.8614754851834
      ],
      [
       -72.2058336420997,
       -48.2348077998982
      ],
      [
       -72.061325607907,
       -48.519825029913
      ],
      [
       -72.2901384890407,
       -48.487708762038
      ],
      [
       -72.4025346139481,
       -48.5679946540407
      ],
      [
       -72.4432984913372,
       -48.953061465574
      ],
      [
       -72.6562345390993,
       -49.336110585373
      ],
      [
       -72.7680516421348,
       -49.4407946887995
      ],
      [
       -72.9119945684149,
       -49.9047363827536
      ]
     ]
    ]
   }
  },
  {
   "type": "Feature",
   "properties": {
    "_manaName": "Gran Desierto de Victoria",
    "name": "Gran Desierto de Victoria",
    "_manaColor": "#d97706",
    "_manaFillOpacity": 0.85,
    "_manaBorderColor": "#FFFFFF",
    "_manaWeight": 1,
    "_manaOpacity": 1,
    "_manaGroupName": "Desiertos cálidos",
    "_manaGroupId": 1,
    "_manaGeometryType": "polygon",
    "_manaLabelStyle": {
     "enabled": true,
     "field": "name",
     "fontFamily": "DM Mono, monospace",
     "fontSize": 11,
     "color": "#ffffff",
     "fontWeight": "bold",
     "fontStyle": "normal",
     "haloColor": "#000000",
     "haloWidth": 3,
     "opacity": 1,
     "offsetX": 0,
     "offsetY": 0,
     "placement": "point"
    },
    "Continent": "Oceania",
    "Area": "348,750 km²",
    "Countries": "Australia",
    "Type": "Cálido",
    "Description": "Gran Desierto de Victoria: El desierto más grande de Australia. Presenta dunas de arena, praderas y lagos salados. Una área silvestre protegida."
   },
   "geometry": {
    "type": "Polygon",
    "coordinates": [
     [
      [
       123.609565659812,
       -25.8677435794859
      ],
      [
       123.819640628742,
       -25.9492909479177
      ],
      [
       124.218795575507,
       -25.6139294928134
      ],
      [
       124.308380686178,
       -25.6341357468172
      ],
      [
       124.364143644037,
       -25.6671381494967
      ],
      [
       124.349265598249,
       -25.7999197334981
      ],
      [
       124.474594664492,
       -25.9069968702834
      ],
      [
       124.567062646943,
       -26.1455671249128
      ],
      [
       124.722076558586,
       -26.2563027947995
      ],
      [
       125.000411567745,
       -26.2986689568012
      ],
      [
       125.226699652001,
       -26.3967496292619
      ],
      [
       125.314155591625,
       -26.6868675826399
      ],
      [
       125.597938670215,
       -26.8632858575274
      ],
      [
       125.906226578038,
       -27.2244149593977
      ],
      [
       126.077278590869,
       -27.3118839747903
      ],
      [
       126.3161465707,
       -27.2527228257423
      ],
      [
       126.656814608709,
       -26.8623216033852
      ],
      [
       127.349296604306,
       -26.3564132289351
      ],
      [
       128.557784653117,
       -26.1924729256785
      ],
      [
       128.73641960612,
       -26.2205895169925
      ],
      [
       128.999969608616,
       -26.3518455946144
      ],
      [
       129.419601544858,
       -26.3150123269041
      ],
      [
       129.661193643223,
       -26.3436118834795
      ],
      [
       129.774703555426,
       -26.4046061547536
      ],
      [
       129.871093598014,
       -26.384108042881
      ],
      [
       129.967605681113,
       -26.4637004162143
      ],
      [
       130.072296657701,
       -26.4468041757775
      ],
      [
       130.07409658759,
       -26.3853100077974
      ],
      [
       130.272796643348,
       -26.2617196835508
      ],
      [
       130.524093644494,
       -26.2292230449093
      ],
      [
       130.69659455311,
       -26.4015061916804
      ],
      [
       130.928802607947,
       -26.4251054400928
      ],
      [
       131.202499574799,
       -26.7103786534308
      ],
      [
       131.290496650092,
       -26.7104773922503
      ],
      [
       131.593994635522,
       -26.5647948857836
      ],
      [
       131.974792543764,
       -26.6863784147701
      ],
      [
       132.117553621695,
       -27.0809751149466
      ],
      [
       132.222350545538,
       -27.2133583909086
      ],
      [
       132.538894627996,
       -27.1927481291713
      ],
      [
       132.943878685512,
       -27.2856192811656
      ],
      [
       133.170196609344,
       -27.2757086864798
      ],
      [
       133.391479691572,
       -27.3549102954867
      ],
      [
       133.488845555329,
       -27.3148798346261
      ],
      [
       133.490493605133,
       -27.3499223925404
      ],
      [
       133.585006604323,
       -27.3336242847148
      ],
      [
       133.753738673991,
       -27.4140156210595
      ],
      [
       133.934402550479,
       -27.6180988703175
      ],
      [
       134.049453559401,
       -27.8491510607057
      ],
      [
       134.039092688876,
       -28.0091674598061
      ],
      [
       134.197906620146,
       -28.1683500271779
      ],
      [
       134.233306582412,
       -28.292341844587
      ],
      [
       134.060699558902,
       -28.4330280662043
      ],
      [
       134.062194555153,
       -28.5912165398586
      ],
      [
       133.933456568886,
       -28.6194323729063
      ],
      [
       134.062499656429,
       -28.7703002599584
      ],
      [
       133.947296599784,
       -28.8506952843405
      ],
      [
       133.96244756034,
       -29.0519980886745
      ],
      [
       134.117294672109,
       -29.1884678777146
      ],
      [
       134.746948603653,
       -29.3282574033293
      ],
      [
       134.758437678346,
       -29.4822703480938
      ],
      [
       134.872085556675,
       -29.5400563621055
      ],
      [
       134.946517695133,
       -29.6600667755027
      ],
      [
       134.892623566407,
       -29.7197605106789
      ],
      [
       134.730697602123,
       -29.6468302416337
      ],
      [
       134.473907604544,
       -29.6145322540977
      ],
      [
       134.329299658066,
       -29.6948241810707
      ],
      [
       134.007797679875,
       -29.6910275142048
      ],
      [
       134.019103693803,
       -29.7565210234697
      ],
      [
       133.96560669965,
       -29.7697193358601
      ],
      [
       133.903594697691,
       -29.6523287701219
      ],
      [
       133.813201571554,
       -29.6273319231727
      ],
      [
       133.464904660543,
       -29.7485241849187
      ],
      [
       133.649093630234,
       -30.0655975007436
      ],
      [
       133.638793612326,
       -30.1368917899255
      ],
      [
       133.419906580942,
       -30.1241922007745
      ],
      [
       133.30039958465,
       -30.172690563145
      ],
      [
       133.274200605146,
       -30.2411829497308
      ],
      [
       133.335098652172,
       -30.3012796868122
      ],
      [
       133.524200590594,
       -30.3262788806943
      ],
      [
       133.516692584637,
       -30.5688560203213
      ],
      [
       133.598205587265,
       -30.6870478960038
      ],
      [
       134.049194558592,
       -30.8038406644069
      ],
      [
       134.071700639192,
       -30.8701331366832
      ],
      [
       134.001098695213,
       -30.8841325913799
      ],
      [
       134.033706645528,
       -30.9207294894206
      ],
      [
       134.371093671356,
       -30.918629487397
      ],
      [
       134.383895687364,
       -30.9956249794861
      ],
      [
       134.280746645686,
       -31.1147977054791
      ],
      [
       134.304092592985,
       -31.1383148112403
      ],
      [
       134.682098656914,
       -31.1495123633409
      ],
      [
       134.845596563321,
       -31.2168091552566
      ],
      [
       134.83760056296,
       -31.2732032704258
      ],
      [
       135.095001601281,
       -31.2900026160617
      ],
      [
       135.056503687599,
       -31.388195270749
      ],
      [
       134.619796641106,
       -31.2986024487277
      ],
      [
       134.340026650122,
       -31.3263383339992
      ],
      [
       134.36320462408,
       -31.4901877774253
      ],
      [
       134.491195615136,
       -31.4531898891364
      ],
      [
       134.638900674841,
       -31.566084234369
      ],
      [
       134.557693611678,
       -31.5958810619952
      ],
      [
       134.597595661782,
       -31.6583750233869
      ],
      [
       134.970794704236,
       -31.7692662613967
      ],
      [
       134.882003695074,
       -31.8062641496857
      ],
      [
       134.533202696405,
       -31.7152732262135
      ],
      [
       134.124267577367,
       -31.5286245032147
      ],
      [
       134.027999575289,
       -31.5300854689396
      ],
      [
       133.98269656205,
       -31.583781449474
      ],
      [
       134.609832569877,
       -31.8059231738642
      ],
      [
       134.913406662988,
       -32.179834845727
      ],
      [
       135.165984586579,
       -32.3498924295649
      ],
      [
       135.227096707412,
       -32.6162071190069
      ],
      [
       135.159362547788,
       -32.6296535357315
      ],
      [
       135.00012164237,
       -32.4430334788416
      ],
      [
       134.703796554409,
       -32.2598344119169
      ],
      [
       134.470413692022,
       -32.2006204568789
      ],
      [
       134.243804580873,
       -32.0619457243875
      ],
      [
       134.192504651182,
       -32.140140331546
      ],
      [
       134.128600686037,
       -31.9729557288432
      ],
      [
       134.028793676797,
       -32.0141492625895
      ],
      [
       133.974304600583,
       -31.9517565545883
      ],
      [
       133.850143636368,
       -31.9711378616808
      ],
      [
       133.787795687729,
       -31.8531627420147
      ],
      [
       133.728698576422,
       -31.8976592485294
      ],
      [
       133.469894575146,
       -31.826163458395
      ],
      [
       133.373794546407,
       -31.8981591452352
      ],
      [
       133.380798632345,
       -31.8154647971719
      ],
      [
       133.3238985855,
       -31.7851679052018
      ],
      [
       133.233901588107,
       -31.8571624185756
      ],
      [
       132.822204631971,
       -31.7089713761242
      ],
      [
       132.816497561731,
       -31.6482744947749
      ],
      [
       132.976806656891,
       -31.5836805313597
      ],
      [
       132.936401692596,
       -31.522584839057
      ],
      [
       132.897903611275,
       -31.5556836336231
      ],
      [
       132.840698630792,
       -31.5184859207623
      ],
      [
       132.817001649389,
       -31.4570898210495
      ],
      [
       132.901901611456,
       -31.4024936241132
      ],
      [
       132.749694631551,
       -31.3284002821823
      ],
      [
       132.816696548113,
       -31.3294012490604
      ],
      [
       132.719802585505,
       -31.2496080453268
      ],
      [
       132.745101683883,
       -31.1572143265379
      ],
      [
       132.638198555407,
       -31.1403147333398
      ],
      [
       132.561096613148,
       -31.0409231312213
      ],
      [
       132.363906641068,
       -30.9949267669509
      ],
      [
       132.289901644397,
       -31.0224219239629
      ],
      [
       132.026794541665,
       -30.7564423430102
      ],
      [
       132.071700587969,
       -30.7003451148517
      ],
      [
       132.031005609824,
       -30.5744556345619
      ],
      [
       131.72160357943,
       -30.3899704484128
      ],
      [
       131.229369609472,
       -30.1865419934315
      ],
      [
       130.520995693078,
       -30.1226911695525
      ],
      [
       130.442306553632,
       -30.0513958745422
      ],
      [
       130.415267539791,
       -29.8377810602603
      ],
      [
       130.118392598981,
       -29.9333042464218
      ],
      [
       129.988296576759,
       -29.8740096574751
      ],
      [
       129.980102595845,
       -29.7942184653983
      ],
      [
       129.847701550249,
       -29.7158235307537
      ],
      [
       129.903503567777,
       -29.5381384150191
      ],
      [
       129.38246166713,
       -29.521754811781
      ],
      [
       129.206207677545,
       -29.4195478960213
      ],
      [
       129.06829854809,
       -29.4891440116182
      ],
      [
       128.760909683203,
       -29.3589343307897
      ],
      [
       128.573440539521,
       -29.3926820523002
      ],
      [
       128.42141762621,
       -29.3321392303315
      ],
      [
       128.328323683229,
       -29.1905296582595
      ],
      [
       128.027038687878,
       -29.0198415876643
      ],
      [
       127.632743568578,
       -29.0306200446057
      ],
      [
       126.756416596598,
       -28.8425933367236
      ],
      [
       125.794288607958,
       -28.9609047383454
      ],
      [
       125.639572589155,
       -29.0172614702264
      ],
      [
       125.482353566423,
       -29.1994495119891
      ],
      [
       125.159667560588,
       -29.4252256295996
      ],
      [
       125.209937689654,
       -29.5870173157942
      ],
      [
       124.975677577279,
       -29.7841559906268
      ],
      [
       124.9351656599,
       -29.9100151284271
      ],
      [
       125.0486376859,
       -29.9610173329165
      ],
      [
       124.954414532922,
       -30.1472132655054
      ],
      [
       124.973762647678,
       -30.2650301348395
      ],
      [
       124.942100678955,
       -30.2993357558259
      ],
      [
       124.730209686882,
       -30.2607840303249
      ],
      [
       124.659057554778,
       -30.4496353498421
      ],
      [
       124.449554566922,
       -30.6417614789331
      ],
      [
       124.194801539455,
       -30.6460850322331
      ],
      [
       124.101844556772,
       -30.5684359193338
      ],
      [
       124.115760695351,
       -30.4662206216708
      ],
      [
       123.806648678808,
       -30.5484765961977
      ],
      [
       123.359565674364,
       -30.5191387615899
      ],
      [
       123.556083585447,
       -30.3540697512506
      ],
      [
       123.548148605341,
       -30.1991835798125
      ],
      [
       123.053382630069,
       -30.0157013721983
      ],
      [
       123.026191568504,
       -29.8525622112479
      ],
      [
       122.9278636299,
       -29.891904014943
      ],
      [
       122.87639656506,
       -29.8622030762892
      ],
      [
       122.925491551299,
       -29.7708394934015
      ],
      [
       122.80684654993,
       -29.5190291845039
      ],
      [
       122.6375346202,
       -29.4265585198437
      ],
      [
       122.836906569317,
       -29.3539273171041
      ],
      [
       122.855430575351,
       -29.2958817993698
      ],
      [
       123.025924688707,
       -29.2052041914386
      ],
      [
       122.735916538261,
       -29.0514701964121
      ],
      [
       122.612464683055,
       -28.4522792861595
      ],
      [
       122.46909357021,
       -28.0849375176498
      ],
      [
       122.624694550351,
       -27.759543821811
      ],
      [
       122.519691599328,
       -27.5944870490503
      ],
      [
       122.546684680339,
       -27.5289648736765
      ],
      [
       122.930335620787,
       -27.1858595458592
      ],
      [
       122.811195584216,
       -26.8874927939206
      ],
      [
       122.836990555986,
       -26.7508387706486
      ],
      [
       123.205367657177,
       -26.5978804369427
      ],
      [
       123.474922622752,
       -26.5722046558356
      ],
      [
       123.533477592562,
       -26.2617056019534
      ],
      [
       123.479698631186,
       -25.9855171981996
      ],
      [
       123.503631646983,
       -25.9175885784219
      ],
      [
       123.609565659812,
       -25.8677435794859
      ]
     ]
    ]
   }
  },
  {
   "type": "Feature",
   "properties": {
    "_manaName": "Desierto sirio",
    "name": "Desierto sirio",
    "_manaColor": "#d97706",
    "_manaFillOpacity": 0.85,
    "_manaBorderColor": "#FFFFFF",
    "_manaWeight": 1,
    "_manaOpacity": 1,
    "_manaGroupName": "Desiertos cálidos",
    "_manaGroupId": 1,
    "_manaGeometryType": "polygon",
    "_manaLabelStyle": {
     "enabled": true,
     "field": "name",
     "fontFamily": "DM Mono, monospace",
     "fontSize": 11,
     "color": "#ffffff",
     "fontWeight": "bold",
     "fontStyle": "normal",
     "haloColor": "#000000",
     "haloWidth": 3,
     "opacity": 1,
     "offsetX": 0,
     "offsetY": 0,
     "placement": "point"
    },
    "Continent": "Asia",
    "Area": "500,000 km²",
    "Countries": "Syria, Jordan, Iraq, Saudi Arabia",
    "Type": "Cálido",
    "Description": "Desierto sirio: Un meseta estéril que conecta la Media Luna Fértil. Históricamente vital como ruta de caravanas que conectaba Mesopotamia con el Mediterráneo."
   },
   "geometry": {
    "type": "Polygon",
    "coordinates": [
     [
      [
       36.3147394587027,
       31.7551820656591
      ],
      [
       36.4312365135615,
       31.4574521707243
      ],
      [
       36.6156615176458,
       31.5779069926282
      ],
      [
       36.6090084658131,
       31.7781223288433
      ],
      [
       36.6825445788204,
       31.8325084752859
      ],
      [
       36.9705395637601,
       31.6701030661401
      ],
      [
       37.5067905953715,
       31.8790689416404
      ],
      [
       38.775093581679,
       32.2354745057908
      ],
      [
       40.6834445623916,
       32.661833925166
      ],
      [
       41.4673156218613,
       32.7013948318103
      ],
      [
       41.9571765073909,
       32.7924300117314
      ],
      [
       42.2133635108547,
       32.9156020790092
      ],
      [
       42.2244185706011,
       32.9763003014629
      ],
      [
       42.7284165416776,
       33.2875849073115
      ],
      [
       42.7747575698069,
       33.2699505564803
      ],
      [
       42.9745975643974,
       33.3855931601287
      ],
      [
       43.1565624798973,
       33.364647454626
      ],
      [
       43.6815644945227,
       33.6552420030189
      ],
      [
       44.1925695690223,
       33.7754586112344
      ],
      [
       44.4091495653743,
       33.7790827785328
      ],
      [
       45.5714794791837,
       33.4364944465038
      ],
      [
       46.1356655500863,
       33.141479282372
      ],
      [
       45.9486384679778,
       33.3053993014229
      ],
      [
       45.703144593681,
       33.6287198173284
      ],
      [
       45.7700766051702,
       34.4997816130051
      ],
      [
       45.4934116064014,
       34.8042857620926
      ],
      [
       44.3130755205356,
       35.4901733791785
      ],
      [
       43.9543116241056,
       35.6327601135236
      ],
      [
       43.4466284654755,
       35.6895406344295
      ],
      [
       42.7310186197018,
       35.6688842722247
      ],
      [
       41.7716214551195,
       35.5114099367216
      ],
      [
       41.2397305219059,
       35.3445671480307
      ],
      [
       41.2060694692742,
       35.2285300920185
      ],
      [
       41.0502624619524,
       35.2758347037378
      ],
      [
       40.9704395862815,
       35.2508573028039
      ],
      [
       40.9739495920585,
       35.525329763338
      ],
      [
       40.940204552757,
       35.5507120101956
      ],
      [
       40.7551385007173,
       35.3547820058021
      ],
      [
       40.7014465434963,
       35.1491217852792
      ],
      [
       40.6126444702214,
       35.1901550570366
      ],
      [
       40.6187205118389,
       35.0688890345427
      ],
      [
       40.5628435600962,
       34.98326319966
      ],
      [
       40.3538855635849,
       35.0517993397804
      ],
      [
       40.0471915584718,
       34.9652085802033
      ],
      [
       39.8541224652727,
       35.021546201345
      ],
      [
       39.6289215138587,
       34.9820722988557
      ],
      [
       39.3717845054881,
       35.0139433122436
      ],
      [
       39.4083674895695,
       34.9145659593604
      ],
      [
       39.6202735690684,
       34.8592884813333
      ],
      [
       39.2006265454004,
       34.5966422156385
      ],
      [
       38.9778325413045,
       34.5212042487989
      ],
      [
       38.6412275470439,
       34.4915380112244
      ],
      [
       38.5406034698812,
       34.5057245500001
      ],
      [
       38.4978525785234,
       34.5662430644496
      ],
      [
       38.3957745764346,
       34.5499815017218
      ],
      [
       38.304100527853,
       34.4899441085151
      ],
      [
       38.3409044589023,
       34.4607928550721
      ],
      [
       38.25284150185,
       34.3585425210538
      ],
      [
       38.1020775503974,
       34.3251263876332
      ],
      [
       38.0269964849954,
       34.2397867109252
      ],
      [
       37.8745115611813,
       34.2247073318224
      ],
      [
       37.9170074750442,
       34.1014886611629
      ],
      [
       37.8087845320937,
       34.0681374036728
      ],
      [
       37.617954580511,
       34.1073893533658
      ],
      [
       37.0496905460717,
       33.7314241152231
      ],
      [
       37.1146085538641,
       33.6910189832902
      ],
      [
       37.0377994753018,
       33.5725236827125
      ],
      [
       36.8495295245893,
       33.6208461927542
      ],
      [
       36.7856825563858,
       33.5953838149022
      ],
      [
       36.8092995744329,
       33.2060522910293
      ],
      [
       36.9850575229876,
       32.9707643896865
      ],
      [
       37.1290205658354,
       32.8943737357312
      ],
      [
       37.1693075129334,
       32.7703086604882
      ],
      [
       37.1133725584207,
       32.6316297370452
      ],
      [
       37.182735489471,
       32.6264689992553
      ],
      [
       37.2049674818362,
       32.4582532548229
      ],
      [
       37.109397524655,
       32.2674362113711
      ],
      [
       36.8623385813959,
       32.2053734150791
      ],
      [
       36.6632915148465,
       32.2291116354463
      ],
      [
       36.4712485342351,
       32.1533350397182
      ],
      [
       36.3649785747263,
       32.0278472202289
      ],
      [
       36.4366344592115,
       31.9455119528979
      ],
      [
       36.3147394587027,
       31.7551820656591
      ]
     ],
     [
      [
       37.449218487529,
       32.6542392503297
      ],
      [
       37.5248985237325,
       32.7777392176602
      ],
      [
       37.5927734993298,
       32.7376524304101
      ],
      [
       37.5756264723498,
       32.6699355375068
      ],
      [
       37.656627508332,
       32.5694408769293
      ],
      [
       37.7437096150738,
       32.52101426365
      ],
      [
       37.7054935009762,
       32.3398721157666
      ],
      [
       37.773601493482,
       32.3005363470418
      ],
      [
       37.778388566028,
       32.1774581570796
      ],
      [
       37.7238845700267,
       32.028103035914
      ],
      [
       37.6294325910921,
       32.0302078994414
      ],
      [
       37.5357475562987,
       32.1375616390318
      ],
      [
       37.5427554979121,
       32.2241988343526
      ],
      [
       37.4548725841403,
       32.3839646145478
      ],
      [
       37.449218487529,
       32.6542392503297
      ]
     ]
    ]
   }
  },
  {
   "type": "Feature",
   "properties": {
    "_manaName": "Gran Cuenca",
    "name": "Gran Cuenca",
    "_manaColor": "#7c3aed",
    "_manaFillOpacity": 0.85,
    "_manaBorderColor": "#FFFFFF",
    "_manaWeight": 1,
    "_manaOpacity": 1,
    "_manaGroupName": "Desiertos fríos",
    "_manaGroupId": 2,
    "_manaGeometryType": "polygon",
    "_manaLabelStyle": {
     "enabled": true,
     "field": "name",
     "fontFamily": "DM Mono, monospace",
     "fontSize": 11,
     "color": "#ffffff",
     "fontWeight": "bold",
     "fontStyle": "normal",
     "haloColor": "#000000",
     "haloWidth": 3,
     "opacity": 1,
     "offsetX": 0,
     "offsetY": 0,
     "placement": "point"
    },
    "Continent": "Norteamérica",
    "Area": "492,000 km²",
    "Countries": "United States",
    "Type": "Frío",
    "Description": "Gran Cuenca: El desierto más grande de EE.UU. Nombrado por las cuencas endorreicas. Presenta estepa de artemisa y el Gran Lago Salado."
   },
   "geometry": {
    "type": "Polygon",
    "coordinates": [
     [
      [
       -111.59915955495,
       43.4854986613881
      ],
      [
       -111.594787554249,
       43.4128208552667
      ],
      [
       -111.489211616324,
       43.3216961566197
      ],
      [
       -111.490661685575,
       43.045684443385
      ],
      [
       -111.297462672876,
       42.9548190808225
      ],
      [
       -111.235191670109,
       42.7946948904471
      ],
      [
       -111.300132644316,
       42.708204210794
      ],
      [
       -111.4746016238,
       42.7163252691502
      ],
      [
       -111.668235657273,
       42.6079048485607
      ],
      [
       -111.674590648629,
       42.2869460176961
      ],
      [
       -111.760459558704,
       41.8498274197568
      ],
      [
       -111.708763667907,
       41.6720026615151
      ],
      [
       -111.613899634612,
       41.5755415403875
      ],
      [
       -111.870147658331,
       41.5381839008139
      ],
      [
       -111.922538576539,
       41.4833483167227
      ],
      [
       -111.885841598575,
       41.2772954878547
      ],
      [
       -111.958984600323,
       41.0818972313991
      ],
      [
       -111.870704551978,
       40.9633373901668
      ],
      [
       -111.850059589162,
       40.8125140948397
      ],
      [
       -111.745658626425,
       40.7040742282348
      ],
      [
       -111.815589682873,
       40.4421952419573
      ],
      [
       -111.602584568228,
       40.1411427606008
      ],
      [
       -111.815414668734,
       39.9010910884028
      ],
      [
       -111.837760654983,
       39.6672871191996
      ],
      [
       -111.9423676449,
       39.4093788080981
      ],
      [
       -111.876434588632,
       39.3398148790093
      ],
      [
       -111.761398667136,
       39.3482145518274
      ],
      [
       -111.577476577243,
       39.5946520607845
      ],
      [
       -111.478317489119,
       39.6286716912343
      ],
      [
       -111.455917523414,
       39.5702043961318
      ],
      [
       -111.755828557195,
       39.0548769417987
      ],
      [
       -112.098907565836,
       38.6948247468493
      ],
      [
       -112.152557613541,
       38.7122693313924
      ],
      [
       -112.061691580426,
       38.9748342926263
      ],
      [
       -112.077850548659,
       39.1041922044535
      ],
      [
       -112.153289521327,
       39.1463706118238
      ],
      [
       -112.236579655069,
       39.0864505652615
      ],
      [
       -112.290237581763,
       38.8658578165796
      ],
      [
       -112.434547635402,
       38.7605814478742
      ],
      [
       -112.521285581199,
       38.6267868270542
      ],
      [
       -112.408409676154,
       38.3306877152027
      ],
      [
       -112.737647648069,
       37.8408083894861
      ],
      [
       -113.003379627601,
       37.5908402552701
      ],
      [
       -113.392547536724,
       37.6086506260681
      ],
      [
       -113.960067593437,
       37.3369810739584
      ],
      [
       -114.264953622033,
       37.2539326743046
      ],
      [
       -114.217872639491,
       36.9983417917952
      ],
      [
       -114.61722556681,
       36.8034947292929
      ],
      [
       -114.796058668004,
       36.6088961064009
      ],
      [
       -114.99793965602,
       36.5381613930756
      ],
      [
       -115.154914597731,
       36.3973646979743
      ],
      [
       -115.305374621375,
       36.5375354325458
      ],
      [
       -115.398109651261,
       36.7868553103697
      ],
      [
       -115.382888617995,
       36.8505289408154
      ],
      [
       -115.259513541022,
       36.8925428952453
      ],
      [
       -115.243209565864,
       37.0348821958084
      ],
      [
       -115.454635529948,
       37.395374943589
      ],
      [
       -115.785262550859,
       37.265327368768
      ],
      [
       -116.128448680223,
       36.9753582779906
      ],
      [
       -116.334907528481,
       37.0072447140803
      ],
      [
       -116.561248586366,
       37.1639453999196
      ],
      [
       -116.551277641977,
       37.2264210887623
      ],
      [
       -116.362083670258,
       37.3651513094528
      ],
      [
       -116.406539608361,
       37.4960550118649
      ],
      [
       -116.720771626645,
       37.5367260177668
      ],
      [
       -117.048553661977,
       37.8791267628025
      ],
      [
       -117.430938599768,
       38.0221221987468
      ],
      [
       -117.60711664931,
       38.1661734192161
      ],
      [
       -117.750709547313,
       38.1613446047922
      ],
      [
       -117.900314616831,
       38.0552364160148
      ],
      [
       -117.916503592278,
       37.9234257916782
      ],
      [
       -117.704055538919,
       37.7653099053056
      ],
      [
       -117.696914660321,
       37.5435158622594
      ],
      [
       -117.483550632582,
       37.4754023376975
      ],
      [
       -117.453430598769,
       37.3754013712175
      ],
      [
       -117.715621559483,
       37.3005127543126
      ],
      [
       -117.787612552458,
       37.2272951536263
      ],
      [
       -117.767852550979,
       36.848102882758
      ],
      [
       -117.850768684201,
       36.7282093130913
      ],
      [
       -117.777610595027,
       36.5340157037611
      ],
      [
       -117.881553570574,
       36.5854284538685
      ],
      [
       -118.173042635675,
       36.9113304283164
      ],
      [
       -118.202796547957,
       36.8482668327843
      ],
      [
       -118.103622540045,
       36.6009500621832
      ],
      [
       -118.145172639953,
       36.5434183551141
      ],
      [
       -118.186752579436,
       36.5610111317054
      ],
      [
       -118.500144563383,
       37.1955538920997
      ],
      [
       -118.598266642445,
       37.2444337987031
      ],
      [
       -118.684387680168,
       37.4432138178171
      ],
      [
       -118.851791553458,
       37.514326554976
      ],
      [
       -118.915298551668,
       37.6043818904149
      ],
      [
       -118.901489533812,
       37.7269764445634
      ],
      [
       -118.731017548681,
       37.7237914889919
      ],
      [
       -118.749519594129,
       37.7834404648052
      ],
      [
       -118.913741529333,
       37.8469541685382
      ],
      [
       -119.131431624943,
       37.7489370309036
      ],
      [
       -119.266769689415,
       38.0096635054933
      ],
      [
       -119.370063570379,
       38.105887754037
      ],
      [
       -119.328536604524,
       38.2194187886354
      ],
      [
       -119.488166597888,
       38.2969121657736
      ],
      [
       -119.500312646153,
       38.418145163569
      ],
      [
       -119.630630621171,
       38.582502550328
      ],
      [
       -119.788864692378,
       38.9345180088672
      ],
      [
       -119.821266615514,
       39.3192731812401
      ],
      [
       -119.934066580516,
       39.4417611175801
      ],
      [
       -119.910606639335,
       39.5424146990419
      ],
      [
       -120.112228626542,
       39.6816260409752
      ],
      [
       -120.158393634704,
       39.6364765842025
      ],
      [
       -120.339912632955,
       39.6621371102457
      ],
      [
       -120.297691645517,
       39.753647041163
      ],
      [
       -120.106216622665,
       39.8161651424359
      ],
      [
       -120.091575617099,
       39.9091928683816
      ],
      [
       -120.221237624373,
       40.0754236105022
      ],
      [
       -119.820136567326,
       40.4433241166781
      ],
      [
       -119.621169631771,
       40.8546316495929
      ],
      [
       -119.362701577175,
       41.0885041827642
      ],
      [
       -119.081718557163,
       41.2108860042099
      ],
      [
       -118.910423636777,
       41.4897574551727
      ],
      [
       -118.73043064782,
       41.590509607816
      ],
      [
       -118.584358550493,
       41.7797589000964
      ],
      [
       -118.336349602327,
       41.9161569400451
      ],
      [
       -118.08780655929,
       41.8217814040676
      ],
      [
       -117.953826530772,
       41.8352705684985
      ],
      [
       -117.732147655076,
       42.0548308343462
      ],
      [
       -117.695205590262,
       42.2393882725008
      ],
      [
       -117.547088643835,
       42.265309308095
      ],
      [
       -117.477104613758,
       42.2513212527866
      ],
      [
       -117.424529628956,
       42.1637630539441
      ],
      [
       -117.430946646395,
       41.7200482334757
      ],
      [
       -117.351493580292,
       41.4913052574145
      ],
      [
       -117.03708654787,
       41.2984943268335
      ],
      [
       -116.674041678208,
       41.3193830353945
      ],
      [
       -116.463699661843,
       41.4477158404623
      ],
      [
       -116.275588632015,
       41.4954605020986
      ],
      [
       -116.118331555442,
       41.7804649916206
      ],
      [
       -115.928283635427,
       41.9212036839518
      ],
      [
       -115.460838641218,
       41.9226148611717
      ],
      [
       -115.401405583231,
       41.8815502410964
      ],
      [
       -115.552574548245,
       41.8385623095165
      ],
      [
       -115.565208590913,
       41.7962536473707
      ],
      [
       -115.393127615647,
       41.7253315146902
      ],
      [
       -115.365157540001,
       41.6724908235565
      ],
      [
       -115.261924679291,
       41.8046725985661
      ],
      [
       -115.366477689752,
       41.8275303838229
      ],
      [
       -115.381332601488,
       41.8766022360092
      ],
      [
       -115.085288642559,
       41.8744849672651
      ],
      [
       -115.022346584623,
       41.8020485599555
      ],
      [
       -115.093383549377,
       41.7031603749421
      ],
      [
       -115.069587661516,
       41.6484890761532
      ],
      [
       -114.988181611972,
       41.6824317607319
      ],
      [
       -114.860969634998,
       41.6354890795922
      ],
      [
       -114.713241608878,
       41.6621609660735
      ],
      [
       -114.596389664239,
       41.7350702803607
      ],
      [
       -114.545051680708,
       41.8744430577492
      ],
      [
       -114.358261638821,
       42.0184200145563
      ],
      [
       -114.395721537614,
       42.1912437940827
      ],
      [
       -114.367538561627,
       42.2692270096428
      ],
      [
       -114.094016608913,
       42.2834289711204
      ],
      [
       -113.883491531783,
       42.183808878321
      ],
      [
       -113.677604664598,
       42.3907664498186
      ],
      [
       -113.321845680459,
       42.3443947439238
      ],
      [
       -112.73789256728,
       42.743322205837
      ],
      [
       -112.63846559353,
       42.8898973849928
      ],
      [
       -112.439681551102,
       42.8538605657228
      ],
      [
       -112.050079627032,
       43.3045984152304
      ],
      [
       -111.59915955495,
       43.4854986613881
      ]
     ],
     [
      [
       -117.569145622061,
       41.7710920122049
      ],
      [
       -117.678573547413,
       41.6722549568009
      ],
      [
       -117.64816266156,
       41.5483429351101
      ],
      [
       -117.555847565023,
       41.6558440285585
      ],
      [
       -117.569145622061,
       41.7710920122049
      ]
     ],
     [
      [
       -115.988555554285,
       41.5800694444871
      ],
      [
       -116.024436637793,
       41.5151742354714
      ],
      [
       -115.980255626114,
       41.4308658681311
      ],
      [
       -115.935241620897,
       41.5034174427905
      ],
      [
       -115.988555554285,
       41.5800694444871
      ]
     ],
     [
      [
       -116.401664525832,
       41.3722614450925
      ],
      [
       -116.349342674505,
       41.3058479381342
      ],
      [
       -116.318023525623,
       41.4024052835104
      ],
      [
       -116.401664525832,
       41.3722614450925
      ]
     ],
     [
      [
       -115.403419586928,
       40.6564868111022
      ],
      [
       -115.486022572246,
       40.6197442355843
      ],
      [
       -115.580490644435,
       40.0944706472958
      ],
      [
       -115.497764612778,
       40.3577271155423
      ],
      [
       -115.294067601618,
       40.7377959658455
      ],
      [
       -115.403419586928,
       40.6564868111022
      ]
     ],
     [
      [
       -116.330634601876,
       39.836561665642
      ],
      [
       -116.213821549267,
       39.8509585901876
      ],
      [
       -116.257163532438,
       39.8906541101971
      ],
      [
       -116.330634601876,
       39.836561665642
      ]
     ],
     [
      [
       -116.078086685498,
       39.3807232604094
      ],
      [
       -115.965347573113,
       39.4341934324721
      ],
      [
       -116.055152624923,
       39.4782907927572
      ],
      [
       -116.078086685498,
       39.3807232604094
      ]
     ],
     [
      [
       -114.291404561547,
       39.3455296605997
      ],
      [
       -114.296958578234,
       39.2453151232266
      ],
      [
       -114.130599592995,
       39.1947868315431
      ],
      [
       -114.121887610464,
       39.3002881705301
      ],
      [
       -114.220031650113,
       39.3061513118067
      ],
      [
       -114.268340581472,
       39.3951921016843
      ],
      [
       -114.291404561547,
       39.3455296605997
      ]
     ],
     [
      [
       -114.746368566639,
       39.3542195149059
      ],
      [
       -114.748229684422,
       39.2667989469136
      ],
      [
       -114.549857528717,
       39.1565443982695
      ],
      [
       -114.589965606001,
       39.2849266565661
      ],
      [
       -114.746368566639,
       39.3542195149059
      ]
     ],
     [
      [
       -116.472808611308,
       39.1180401143405
      ],
      [
       -116.410209540851,
       39.1270917315881
      ],
      [
       -116.376037527401,
       39.2145726492833
      ],
      [
       -116.373184662834,
       39.4146015719716
      ],
      [
       -116.519050565342,
       39.3608075231699
      ],
      [
       -116.472808611308,
       39.1180401143405
      ]
     ],
     [
      [
       -114.947471546401,
       39.0994091552209
      ],
      [
       -114.899787569744,
       38.9563253740171
      ],
      [
       -114.863662572853,
       39.1095370088373
      ],
      [
       -114.895294534362,
       39.1589094360717
      ],
      [
       -114.947471546401,
       39.0994091552209
      ]
     ],
     [
      [
       -116.747894627156,
       39.1201910783354
      ],
      [
       -116.816100687929,
       39.0929433551054
      ],
      [
       -116.867195596267,
       38.8804946311944
      ],
      [
       -116.768318643004,
       38.9395796725615
      ],
      [
       -116.747894627156,
       39.1201910783354
      ]
     ],
     [
      [
       -115.405250529859,
       38.9979777331437
      ],
      [
       -115.393310676413,
       38.8655760169946
      ],
      [
       -115.307540672795,
       38.8817566105376
      ],
      [
       -115.316650628089,
       39.0988593023721
      ],
      [
       -115.415840561617,
       39.2716777174805
      ],
      [
       -115.451782665381,
       39.2011299205961
      ],
      [
       -115.405250529859,
       38.9979777331437
      ]
     ],
     [
      [
       -117.262885631895,
       38.9497526208169
      ],
      [
       -117.346656551603,
       38.8944064111838
      ],
      [
       -117.361472571308,
       38.8025838352777
      ],
      [
       -117.270133631216,
       38.8472313836878
      ],
      [
       -117.262885631895,
       38.9497526208169
      ]
     ],
     [
      [
       -114.343826660435,
       38.9975239369053
      ],
      [
       -114.272712582172,
       38.7818481802688
      ],
      [
       -114.203391560637,
       38.8353334397572
      ],
      [
       -114.179717545649,
       38.9410595813875
      ],
      [
       -114.286811613878,
       39.0467552128902
      ],
      [
       -114.343826660435,
       38.9975239369053
      ]
     ],
     [
      [
       -117.226127633675,
       38.8001658238474
      ],
      [
       -117.270217617885,
       38.7735053367544
      ],
      [
       -117.244094578425,
       38.7384030996894
      ],
      [
       -117.226127633675,
       38.8001658238474
      ]
     ],
     [
      [
       -114.793815670713,
       38.6917956946769
      ],
      [
       -114.696914667306,
       38.6158579987696
      ],
      [
       -114.675483649609,
       38.6415834007435
      ],
      [
       -114.602477608159,
       38.9333269404248
      ],
      [
       -114.666885660962,
       38.9186669917573
      ],
      [
       -114.687301630183,
       38.8095077902212
      ],
      [
       -114.793815670713,
       38.6917956946769
      ]
     ],
     [
      [
       -116.204521660047,
       38.9997749808242
      ],
      [
       -116.180564672007,
       39.0385191548224
      ],
      [
       -116.22897368329,
       39.0643977779865
      ],
      [
       -116.300994683478,
       38.8621121116851
      ],
      [
       -116.297584589986,
       38.6629302641326
      ],
      [
       -116.372360554113,
       38.5760255184622
      ],
      [
       -116.329444539262,
       38.5611908909324
      ],
      [
       -116.250808541082,
       38.6128629771242
      ],
      [
       -116.204521660047,
       38.9997749808242
      ]
     ],
     [
      [
       -116.662750584068,
       38.627644798664
      ],
      [
       -116.82526361685,
       38.4106304520891
      ],
      [
       -116.80722056442,
       38.367834130816
      ],
      [
       -116.719024670383,
       38.3912677528216
      ],
      [
       -116.651656632291,
       38.5562090229563
      ],
      [
       -116.520782601816,
       38.6922268597767
      ],
      [
       -116.449783690902,
       38.9346888320541
      ],
      [
       -116.476798564862,
       38.9581413971608
      ],
      [
       -116.662750584068,
       38.627644798664
      ]
     ],
     [
      [
       -115.802528600864,
       38.4855460587223
      ],
      [
       -115.999687559902,
       38.2138567253211
      ],
      [
       -115.937873538497,
       38.2238927132785
      ],
      [
       -115.785224664656,
       38.3981834935
      ],
      [
       -115.802528600864,
       38.4855460587223
      ]
     ],
     [
      [
       -115.228965527232,
       38.9259498597952
      ],
      [
       -115.223518631268,
       38.8598459803405
      ],
      [
       -115.311027544519,
       38.80569687412
      ],
      [
       -115.457427541899,
       38.3980275901008
      ],
      [
       -115.738868549101,
       38.1572436748407
      ],
      [
       -115.74445357883,
       38.1026865375733
      ],
      [
       -115.58335155563,
       38.1496949328339
      ],
      [
       -115.274398627609,
       38.4428449558694
      ],
      [
       -115.268157630136,
       38.7155873915865
      ],
      [
       -115.103477540105,
       38.8610739291569
      ],
      [
       -115.228965527232,
       38.9259498597952
      ]
     ],
     [
      [
       -118.170410550437,
       37.6150205372113
      ],
      [
       -118.30383267948,
       37.8061530754989
      ],
      [
       -118.274963560898,
       37.9003552737186
      ],
      [
       -118.346031538694,
       37.8832996094833
      ],
      [
       -118.365714594301,
       37.8057869539678
      ],
      [
       -118.292442678882,
       37.6154907619798
      ],
      [
       -118.251975688504,
       37.6185384219772
      ],
      [
       -118.125938686718,
       37.3928578580631
      ],
      [
       -118.133796553314,
       37.6059268428097
      ],
      [
       -118.170410550437,
       37.6150205372113
      ]
     ],
     [
      [
       -115.077690614962,
       36.615868844021
      ],
      [
       -115.07378364225,
       36.7283623666434
      ],
      [
       -115.161529595724,
       36.7489000410991
      ],
      [
       -115.278800635522,
       36.6012901998144
      ],
      [
       -115.266998580564,
       36.5692808850241
      ],
      [
       -115.077690614962,
       36.615868844021
      ]
     ]
    ]
   }
  },
  {
   "type": "Feature",
   "properties": {
    "_manaName": "Desierto de Chihuahua",
    "name": "Desierto de Chihuahua",
    "_manaColor": "#d97706",
    "_manaFillOpacity": 0.85,
    "_manaBorderColor": "#FFFFFF",
    "_manaWeight": 1,
    "_manaOpacity": 1,
    "_manaGroupName": "Desiertos cálidos",
    "_manaGroupId": 1,
    "_manaGeometryType": "polygon",
    "_manaLabelStyle": {
     "enabled": true,
     "field": "name",
     "fontFamily": "DM Mono, monospace",
     "fontSize": 11,
     "color": "#ffffff",
     "fontWeight": "bold",
     "fontStyle": "normal",
     "haloColor": "#000000",
     "haloWidth": 3,
     "opacity": 1,
     "offsetX": 0,
     "offsetY": 0,
     "placement": "point"
    },
    "Continent": "Norteamérica",
    "Area": "450,000 km²",
    "Countries": "Mexico, United States",
    "Type": "Cálido",
    "Description": "Desierto de Chihuahua: El desierto con mayor diversidad biológica de Norteamérica. Conocido por sus agaves, yucas y el hábitat del lobo mexicano."
   },
   "geometry": {
    "type": "Polygon",
    "coordinates": [
     [
      [
       -111.638030630962,
       31.5233837182496
      ],
      [
       -111.534286641796,
       31.4667579272764
      ],
      [
       -111.547271550932,
       31.3397062122912
      ],
      [
       -111.377197538564,
       31.2123224063018
      ],
      [
       -111.352561616366,
       31.3683840558423
      ],
      [
       -111.263252605586,
       31.3472630009251
      ],
      [
       -111.297897526014,
       31.2496713286961
      ],
      [
       -111.216918618256,
       31.2959265261367
      ],
      [
       -111.169464641022,
       31.1920960357303
      ],
      [
       -111.185050622353,
       31.5036944600341
      ],
      [
       -111.097015660857,
       31.4734435008934
      ],
      [
       -111.053924631868,
       31.3819236793304
      ],
      [
       -110.893585529495,
       31.343479074552
      ],
      [
       -110.772056650518,
       31.3647831902348
      ],
      [
       -110.731941532435,
       31.4895101005532
      ],
      [
       -110.635558530645,
       31.3661372028751
      ],
      [
       -110.601615678428,
       31.1530653682814
      ],
      [
       -110.53802452591,
       31.3195487409639
      ],
      [
       -110.472404617545,
       31.3146890811363
      ],
      [
       -110.401824634152,
       31.1269223798909
      ],
      [
       -110.34316254362,
       31.1125148941473
      ],
      [
       -110.250015627011,
       30.9652720125839
      ],
      [
       -110.560203544647,
       31.0198742444906
      ],
      [
       -110.685829665539,
       31.1239885461387
      ],
      [
       -110.629852633872,
       31.0055995280933
      ],
      [
       -110.64190664884,
       30.860718666847
      ],
      [
       -110.671020686633,
       30.8360676572232
      ],
      [
       -110.823020633528,
       30.9442367883552
      ],
      [
       -110.878463570324,
       30.937174029095
      ],
      [
       -110.84484861816,
       30.8363645442339
      ],
      [
       -110.945152674259,
       30.640304620341
      ],
      [
       -110.934944522011,
       30.5425501715522
      ],
      [
       -110.841438524669,
       30.4950038257452
      ],
      [
       -110.786064654755,
       30.3927943954145
      ],
      [
       -110.750732585905,
       30.4038911970388
      ],
      [
       -110.731483545245,
       30.4641168477911
      ],
      [
       -110.798690650797,
       30.4598561587649
      ],
      [
       -110.811958532983,
       30.716080880793
      ],
      [
       -110.762023680045,
       30.7522135890354
      ],
      [
       -110.69949367647,
       30.7136928765761
      ],
      [
       -110.701690573294,
       30.5585426751878
      ],
      [
       -110.654334664328,
       30.6121816587806
      ],
      [
       -110.685233544584,
       30.7351002573062
      ],
      [
       -110.615737676549,
       30.7985628314297
      ],
      [
       -110.59989956757,
       30.8948993974761
      ],
      [
       -110.526328585846,
       30.9907001922709
      ],
      [
       -110.434478684935,
       30.9424997227396
      ],
      [
       -110.31056968073,
       30.724501508369
      ],
      [
       -110.371978520935,
       30.7088752939025
      ],
      [
       -110.356918587848,
       30.6761404415726
      ],
      [
       -110.266609616019,
       30.6589768184243
      ],
      [
       -110.233085523685,
       30.5304356392434
      ],
      [
       -110.303863655269,
       30.4765525746299
      ],
      [
       -110.262672636094,
       30.3737331093854
      ],
      [
       -110.300331521268,
       30.2632794067217
      ],
      [
       -110.140098533789,
       30.2442119180844
      ],
      [
       -110.083953528782,
       30.0792761800057
      ],
      [
       -109.910118556456,
       29.8950981067892
      ],
      [
       -109.864128562432,
       29.9361984337721
      ],
      [
       -109.792144610256,
       29.8642989711804
      ],
      [
       -109.731712597047,
       29.8858682902799
      ],
      [
       -109.615898667298,
       29.4325206513972
      ],
      [
       -109.665542668196,
       29.3845032426313
      ],
      [
       -109.52505459477,
       29.3790427679835
      ],
      [
       -109.392188521184,
       29.6396886086647
      ],
      [
       -109.545753537043,
       29.77295466667
      ],
      [
       -109.667083597277,
       30.0655534957521
      ],
      [
       -109.685447676599,
       30.281190695634
      ],
      [
       -109.633819679218,
       30.3301918045575
      ],
      [
       -109.709800625746,
       30.390549721742
      ],
      [
       -109.731475556825,
       30.3226221077927
      ],
      [
       -109.81950364516,
       30.5203558977513
      ],
      [
       -109.889678614991,
       30.5423979561904
      ],
      [
       -109.811210590151,
       30.6259651956512
      ],
      [
       -109.912803615322,
       30.8121944882147
      ],
      [
       -110.092193610164,
       30.6388666210309
      ],
      [
       -110.087058520997,
       30.5051484431679
      ],
      [
       -110.282813678891,
       30.7395860842517
      ],
      [
       -110.287612653739,
       30.8723113418637
      ],
      [
       -110.243278588508,
       30.9120980569797
      ],
      [
       -110.172653678114,
       30.9224046127719
      ],
      [
       -110.01140564216,
       30.8181622356431
      ],
      [
       -110.138206570602,
       30.9625562759526
      ],
      [
       -110.046081575629,
       31.0830489840589
      ],
      [
       -109.923149566059,
       31.1479676624034
      ],
      [
       -109.743835678898,
       31.0215412373956
      ],
      [
       -109.834571624875,
       31.0132862362266
      ],
      [
       -109.80746454998,
       30.8461452194204
      ],
      [
       -109.663238650649,
       30.5907663990616
      ],
      [
       -109.529991535745,
       30.5886345458059
      ],
      [
       -109.487289594701,
       30.6317249042426
      ],
      [
       -109.419593656556,
       30.5608336169658
      ],
      [
       -109.513534674673,
       30.3934714855536
      ],
      [
       -109.48850262373,
       30.2893913820704
      ],
      [
       -109.407905595481,
       30.2290165334415
      ],
      [
       -109.418838614717,
       30.1217663941744
      ],
      [
       -109.492507664709,
       30.0913306978876
      ],
      [
       -109.504623538122,
       30.0223783124552
      ],
      [
       -109.418655553952,
       29.8886130282963
      ],
      [
       -109.417182518286,
       30.0322957803016
      ],
      [
       -109.316459534666,
       29.8797446394523
      ],
      [
       -109.15592161355,
       30.0402644556579
      ],
      [
       -109.169593671108,
       30.184249291454
      ],
      [
       -109.238288564475,
       30.251180800029
      ],
      [
       -109.313331576036,
       30.4812204565126
      ],
      [
       -109.20909154584,
       30.7644183106224
      ],
      [
       -109.134658569192,
       30.7324582814228
      ],
      [
       -109.020439547981,
       30.573583832812
      ],
      [
       -108.947059673649,
       30.2455050781074
      ],
      [
       -108.859527626344,
       30.280513773133
      ],
      [
       -108.818191600244,
       30.4975847813733
      ],
      [
       -108.761886668525,
       30.4676707747407
      ],
      [
       -108.774528590182,
       30.5310994859754
      ],
      [
       -108.914298669781,
       30.6481391852464
      ],
      [
       -108.960266535581,
       30.7995027780527
      ],
      [
       -108.93059560414,
       30.8875377395483
      ],
      [
       -108.833053552778,
       30.8620968193684
      ],
      [
       -108.807563682284,
       30.6091277961748
      ],
      [
       -108.679046642984,
       30.7621701165506
      ],
      [
       -108.602241587735,
       30.7486878252804
      ],
      [
       -108.484771561555,
       30.5752778154454
      ],
      [
       -108.426666532308,
       30.5892635238208
      ],
      [
       -108.437400565162,
       30.632876745378
      ],
      [
       -108.373794660494,
       30.6177903254766
      ],
      [
       -108.24588061531,
       30.506407572664
      ],
      [
       -108.084175597994,
       30.0657655579026
      ],
      [
       -108.048614535549,
       30.0478101801796
      ],
      [
       -107.944526553076,
       30.1936787648971
      ],
      [
       -107.839881676957,
       30.1243032609919
      ],
      [
       -107.805198535051,
       30.2321294046457
      ],
      [
       -107.763809535322,
       30.1837822518086
      ],
      [
       -107.762412607338,
       30.0197043177017
      ],
      [
       -107.596031661512,
       29.8748385438811
      ],
      [
       -107.505226648653,
       29.7177004903337
      ],
      [
       -107.418418630145,
       29.7322410806999
      ],
      [
       -107.37047565268,
       29.8591674024136
      ],
      [
       -107.305732659026,
       29.7922457844843
      ],
      [
       -107.303451607893,
       29.8764187002692
      ],
      [
       -107.203628673037,
       29.8440368937013
      ],
      [
       -107.055877680503,
       29.374064755683
      ],
      [
       -107.12790655968,
       29.2462388881198
      ],
      [
       -107.09110262863,
       29.022281475862
      ],
      [
       -107.022109674786,
       29.0382069242722
      ],
      [
       -106.970207589171,
       29.1637968353422
      ],
      [
       -106.713569639316,
       28.9852609564346
      ],
      [
       -106.847427627324,
       28.9078369814548
      ],
      [
       -106.934272526206,
       28.6945604607853
      ],
      [
       -107.011535568645,
       28.7648277991892
      ],
      [
       -107.010642560679,
       28.8308481948882
      ],
      [
       -107.138809571702,
       28.8705955150593
      ],
      [
       -107.170730541233,
       28.7980853470017
      ],
      [
       -107.139442573031,
       28.6929925419759
      ],
      [
       -107.009818619596,
       28.5981073862848
      ],
      [
       -106.939216675618,
       28.3235197584009
      ],
      [
       -106.965820668683,
       28.2622143508805
      ],
      [
       -107.023849590249,
       28.2693570734972
      ],
      [
       -107.232063609034,
       28.5243053993085
      ],
      [
       -107.57579757959,
       28.698535494551
      ],
      [
       -107.629577546794,
       28.787861772051
      ],
      [
       -107.649459588783,
       28.7618549057682
      ],
      [
       -107.566703549912,
       28.5661227142897
      ],
      [
       -107.438506531676,
       28.5356181187588
      ],
      [
       -107.531471560986,
       28.3639599266891
      ],
      [
       -107.513915664769,
       28.2919280300271
      ],
      [
       -107.432197640788,
       28.2698457384528
      ],
      [
       -107.452514535914,
       28.3996564406898
      ],
      [
       -107.298004544291,
       28.4400329065138
      ],
      [
       -107.165473579195,
       28.2361972586759
      ],
      [
       -107.103767516702,
       28.2419150577513
      ],
      [
       -107.040077625364,
       28.0657294644962
      ],
      [
       -106.958343675768,
       28.0476061134334
      ],
      [
       -106.886436669463,
       28.13945115284
      ],
      [
       -106.893005566988,
       28.2411521369236
      ],
      [
       -106.813186546992,
       28.4250725504362
      ],
      [
       -106.662917630742,
       28.4796601978313
      ],
      [
       -106.565101658784,
       28.4393598396882
      ],
      [
       -106.553436564123,
       28.4720006470644
      ],
      [
       -106.861640652914,
       28.7124538124248
      ],
      [
       -106.86811852297,
       28.7461525836208
      ],
      [
       -106.712547550042,
       28.8073222043096
      ],
      [
       -106.728835599584,
       28.8658126334649
      ],
      [
       -106.647842610229,
       28.916026603779
      ],
      [
       -106.738372529026,
       29.150741350582
      ],
      [
       -106.685768542838,
       29.1977596364885
      ],
      [
       -106.719871657043,
       29.2520235747827
      ],
      [
       -106.853507524617,
       29.238972113336
      ],
      [
       -106.789810592481,
       29.3433918515362
      ],
      [
       -106.841613604,
       29.4300717945632
      ],
      [
       -106.937194625294,
       29.3564704703491
      ],
      [
       -106.989250602651,
       29.3744836832041
      ],
      [
       -106.921218550188,
       29.3970167535317
      ],
      [
       -107.023948664345,
       29.4478970851488
      ],
      [
       -107.014106633627,
       29.806045246971
      ],
      [
       -106.944244644061,
       29.7863169290866
      ],
      [
       -106.859260527686,
       29.6615516296517
      ],
      [
       -106.76248156479,
       29.6998274229
      ],
      [
       -106.671256618581,
       29.5661253382911
      ],
      [
       -106.558700566961,
       29.4973831709905
      ],
      [
       -106.528610540361,
       29.5190611195552
      ],
      [
       -106.388076534106,
       29.2462006666412
      ],
      [
       -106.417007678771,
       29.1796203598096
      ],
      [
       -106.334586580751,
       29.0759933820125
      ],
      [
       -106.351898563586,
       28.7512162589719
      ],
      [
       -106.255096634275,
       28.7039882578478
      ],
      [
       -106.244224635294,
       28.6065622120257
      ],
      [
       -106.247955588039,
       28.3919950459041
      ],
      [
       -106.329490551254,
       28.4665690061636
      ],
      [
       -106.466720578913,
       28.4631030891973
      ],
      [
       -106.492141550163,
       28.2720538670273
      ],
      [
       -106.439605625029,
       28.1107635862811
      ],
      [
       -106.388351628168,
       28.1462309390488
      ],
      [
       -106.419761636881,
       28.3117373170962
      ],
      [
       -106.312972669927,
       28.2898932392103
      ],
      [
       -106.281066620184,
       28.0778389676631
      ],
      [
       -106.323089627069,
       28.0406875229079
      ],
      [
       -106.302551617337,
       27.9742572521432
      ],
      [
       -106.343154562185,
       27.9648314667376
      ],
      [
       -106.531135672514,
       28.0645482866996
      ],
      [
       -106.509261587415,
       28.0004242127768
      ],
      [
       -106.579482657713,
       27.9174884659018
      ],
      [
       -106.732330517935,
       28.0669272384611
      ],
      [
       -106.705650584827,
       27.9641615850351
      ],
      [
       -106.727500530045,
       27.9408015561395
      ],
      [
       -106.768875615814,
       27.9941022461199
      ],
      [
       -106.803665543166,
       27.9493301426285
      ],
      [
       -106.748008532563,
       27.8322661358384
      ],
      [
       -106.648155590493,
       27.807806233607
      ],
      [
       -106.616493621771,
       27.7126161442781
      ],
      [
       -106.556205609659,
       27.6916000307887
      ],
      [
       -106.510726576453,
       27.8683827508266
      ],
      [
       -106.54399066215,
       27.8817071270409
      ],
      [
       -106.446876590764,
       27.9219592054217
      ],
      [
       -106.417243545526,
       27.8142329740538
      ],
      [
       -106.30567152934,
       27.7441736744869
      ],
      [
       -106.311859553184,
       27.6742107668066
      ],
      [
       -106.478279558679,
       27.5308780430783
      ],
      [
       -106.576087651648,
       27.5734881184626
      ],
      [
       -106.620765542547,
       27.5323847739945
      ],
      [
       -106.517082573637,
       27.4719284532666
      ],
      [
       -106.379783646734,
       27.4955283722313
      ],
      [
       -106.482597579922,
       27.3377732429716
      ],
      [
       -106.430206661714,
       27.1362089232583
      ],
      [
       -106.478843660763,
       27.0928099431464
      ],
      [
       -106.466667605285,
       26.992737059937
      ],
      [
       -106.30366557227,
       26.8244455430999
      ],
      [
       -106.313819577425,
       27.0294885202724
      ],
      [
       -106.245345631026,
       26.9932580790389
      ],
      [
       -106.124793579045,
       27.0370563730185
      ],
      [
       -106.078933672158,
       26.9480881704225
      ],
      [
       -106.047225602968,
       26.9607176868628
      ],
      [
       -106.130409621816,
       27.1308061161044
      ],
      [
       -106.100814630418,
       27.1908636258788
      ],
      [
       -105.95270556298,
       27.0805783994691
      ],
      [
       -105.801681604891,
       27.0720296964125
      ],
      [
       -105.789878544104,
       27.1338710428224
      ],
      [
       -105.720466662739,
       27.1102530189468
      ],
      [
       -105.757568654266,
       27.0275807991079
      ],
      [
       -105.709579576332,
       26.9539420916056
      ],
      [
       -105.794441652197,
       26.954158847622
      ],
      [
       -105.855117578788,
       26.8925947745694
      ],
      [
       -105.644470628786,
       26.7350654537815
      ],
      [
       -105.653419651538,
       26.6688536154138
      ],
      [
       -105.503112681447,
       26.6841267841182
      ],
      [
       -105.372207637931,
       26.5984176331179
      ],
      [
       -105.365981560246,
       26.5056978582951
      ],
      [
       -105.27365858472,
       26.4999951466453
      ],
      [
       -105.273048549806,
       26.44609665933
      ],
      [
       -105.369842600128,
       26.4446405551089
      ],
      [
       -105.3246616274,
       26.3644612809148
      ],
      [
       -105.199584521166,
       26.3351034973774
      ],
      [
       -105.13801558661,
       26.2240877042862
      ],
      [
       -105.069206531722,
       26.2289124953966
      ],
      [
       -105.102249670451,
       26.137209613068
      ],
      [
       -105.032691608694,
       26.0154081545986
      ],
      [
       -104.97773767213,
       26.0470376015368
      ],
      [
       -104.866348549071,
       25.9730761907619
      ],
      [
       -104.807845547061,
       25.8581735415266
      ],
      [
       -104.857818621478,
       25.7497204315147
      ],
      [
       -104.76258863429,
       25.7026226851661
      ],
      [
       -104.781524527047,
       25.6462563979155
      ],
      [
       -104.846694662487,
       25.6806724923859
      ],
      [
       -105.05954756177,
       25.8812323248218
      ],
      [
       -105.07083865591,
       25.943672306757
      ],
      [
       -105.212837651204,
       25.9566107801488
      ],
      [
       -105.232215605535,
       25.8956285788152
      ],
      [
       -105.163970652731,
       25.8783212898463
      ],
      [
       -105.167098611361,
       25.8073297550074
      ],
      [
       -105.231277670569,
       25.8288298395866
      ],
      [
       -105.261711522837,
       25.7747442681922
      ],
      [
       -105.156608659527,
       25.7521833699461
      ],
      [
       -105.110076524005,
       25.6600686008951
      ],
      [
       -105.273101523434,
       25.716198853752
      ],
      [
       -105.278793673886,
       25.5960186229964
      ],
      [
       -105.363876529081,
       25.6266549820454
      ],
      [
       -105.369949553213,
       25.595738499792
      ],
      [
       -105.267021626141,
       25.5137314677897
      ],
      [
       -105.394744563934,
       25.5163853459756
      ],
      [
       -105.397003654479,
       25.440412948989
      ],
      [
       -105.272682595913,
       25.3816507785326
      ],
      [
       -105.269889578135,
       25.3227355545239
      ],
      [
       -105.250785544399,
       25.3857103018823
      ],
      [
       -105.127708527904,
       25.4469774879241
      ],
      [
       -105.020164519111,
       25.3516279747966
      ],
      [
       -104.94953156209,
       25.4023557557758
      ],
      [
       -104.924926652934,
       25.3309739595247
      ],
      [
       -104.767967636838,
       25.3090520975773
      ],
      [
       -104.744071669053,
       25.183809197299
      ],
      [
       -104.674102558765,
       25.1043088572627
      ],
      [
       -104.776245604422,
       24.9443186097001
      ],
      [
       -104.703811544046,
       24.8578145190019
      ],
      [
       -104.571563552001,
       24.8381825930042
      ],
      [
       -104.47513562321,
       24.9031173646029
      ],
      [
       -104.386505546588,
       24.7004922312227
      ],
      [
       -104.291877547687,
       24.6947326902693
      ],
      [
       -104.235641515212,
       24.7894698215502
      ],
      [
       -104.127334585591,
       24.7241799925327
      ],
      [
       -104.042098676845,
       24.7646141258506
      ],
      [
       -104.181556614369,
       24.4746852682085
      ],
      [
       -104.185882514602,
       24.3693473763337
      ],
      [
       -104.124168573121,
       24.3548540599015
      ],
      [
       -104.098922616009,
       24.1918882367089
      ],
      [
       -103.971923539376,
       24.2385100585947
      ],
      [
       -103.874244527716,
       24.2008297157486
      ],
      [
       -103.753944603383,
       24.3115913695353
      ],
      [
       -103.669036594688,
       24.5244300195824
      ],
      [
       -103.515334618532,
       24.655095508306
      ],
      [
       -103.485946660143,
       24.8408453560074
      ],
      [
       -103.645385546114,
       25.0879517408386
      ],
      [
       -103.616889589862,
       25.1736754763505
      ],
      [
       -103.45696254185,
       25.4802368797552
      ],
      [
       -103.169258576589,
       25.6488529438836
      ],
      [
       -102.966613661917,
       25.5343563140385
      ],
      [
       -102.489173583438,
       25.4451948247551
      ],
      [
       -102.31510157089,
       25.4771412752716
      ],
      [
       -102.215095575268,
       25.4233088373533
      ],
      [
       -102.182868666271,
       25.3317759400213
      ],
      [
       -102.044464669252,
       25.3805346443047
      ],
      [
       -101.913009605249,
       25.3295232197218
      ],
      [
       -101.890754646469,
       25.26977282288
      ],
      [
       -101.831855515715,
       25.313200972015
      ],
      [
       -101.733711643704,
       25.1813712369391
      ],
      [
       -101.723121611946,
       25.306676163301
      ],
      [
       -101.559745578412,
       25.2974315946421
      ],
      [
       -101.30859358419,
       25.2553287920385
      ],
      [
       -101.152076629669,
       25.1388620796691
      ],
      [
       -101.067962554844,
       25.1608241747518
      ],
      [
       -101.08185555937,
       25.2639913213403
      ],
      [
       -101.031188631008,
       25.3605255326637
      ],
      [
       -100.812988580409,
       25.4226317472141
      ],
      [
       -100.828750581707,
       25.5040297501312
      ],
      [
       -100.721839574243,
       25.5786092424468
      ],
      [
       -100.774841533194,
       25.611387010121
      ],
      [
       -100.510574542699,
       25.79659337522
      ],
      [
       -100.599922613148,
       25.8544464444572
      ],
      [
       -100.514533650849,
       25.8635570703032
      ],
      [
       -100.546325539071,
       25.9621455184587
      ],
      [
       -100.459449627147,
       26.0154272653379
      ],
      [
       -100.624313616135,
       26.1420154610771
      ],
      [
       -100.482170619744,
       26.174028799181
      ],
      [
       -100.56211855341,
       26.497419220159
      ],
      [
       -100.638267640916,
       26.6197217488007
      ],
      [
       -100.581695661761,
       26.6238746465518
      ],
      [
       -100.572296530808,
       26.6818110319067
      ],
      [
       -100.508949626948,
       26.679505170341
      ],
      [
       -100.499465671134,
       26.7539686571164
      ],
      [
       -100.432578586646,
       26.7740498531248
      ],
      [
       -100.502128601776,
       26.8958516468703
      ],
      [
       -100.516204667067,
       27.0697677560195
      ],
      [
       -100.357932542019,
       27.2425162660553
      ],
      [
       -100.37500765227,
       27.2723801489069
      ],
      [
       -100.545043610798,
       27.1045662329132
      ],
      [
       -100.638069660363,
       27.1863145993832
      ],
      [
       -100.702972580729,
       27.1661817708513
      ],
      [
       -100.696868543555,
       27.107512304244
      ],
      [
       -100.802413636077,
       27.0345503516048
      ],
      [
       -100.850166511978,
       26.922735260226
      ],
      [
       -100.98063653472,
       27.2074338102818
      ],
      [
       -101.250480675954,
       27.3612110559288
      ],
      [
       -101.346145516279,
       27.508150847873
      ],
      [
       -101.446464659804,
       27.5107546022779
      ],
      [
       -101.528312603284,
       27.5905622228849
      ],
      [
       -101.449211577115,
       27.6496667102674
      ],
      [
       -101.484123544978,
       27.7601390207562
      ],
      [
       -101.513259543357,
       27.6632291325321
      ],
      [
       -101.678169632812,
       27.80168945594
      ],
      [
       -101.946479550488,
       27.8365559938876
      ],
      [
       -102.133285517991,
       28.1634503856723
      ],
      [
       -102.13557461575,
       28.3874079655681
      ],
      [
       -102.205634585869,
       28.3386961999425
      ],
      [
       -102.215858663734,
       28.1482779674442
      ],
      [
       -102.273231617557,
       28.1888512403549
      ],
      [
       -102.340011581322,
       28.123383882628
      ],
      [
       -102.375381536375,
       28.1944030777474
      ],
      [
       -102.291984617187,
       28.2012485780772
      ],
      [
       -102.376495658946,
       28.356044392599
      ],
      [
       -102.264945603346,
       28.2873432966239
      ],
      [
       -102.243820525115,
       28.3850541595162
      ],
      [
       -102.424758657475,
       28.645043697178
      ],
      [
       -102.477882656936,
       28.5704695692806
      ],
      [
       -102.406623571748,
       28.4588600021679
      ],
      [
       -102.530868522633,
       28.4816492234567
      ],
      [
       -102.485114563003,
       28.3037183503208
      ],
      [
       -102.422080639408,
       28.2747208209822
      ],
      [
       -102.392158586148,
       28.0484210020609
      ],
      [
       -102.51129158192,
       28.2645872676717
      ],
      [
       -102.62809759373,
       28.3283105189843
      ],
      [
       -102.582038532824,
       28.3572934638113
      ],
      [
       -102.657569538789,
       28.6055731474501
      ],
      [
       -102.527053583218,
       28.789994631135
      ],
      [
       -102.653671618533,
       28.931791287286
      ],
      [
       -102.673988513659,
       29.0929457812007
      ],
      [
       -102.801971625726,
       29.1030483214694
      ],
      [
       -102.892555523979,
       29.2782146752974
      ],
      [
       -102.841049567109,
       29.3146761217826
      ],
      [
       -102.61788960912,
       29.2494484864867
      ],
      [
       -102.526405662102,
       29.0025162776037
      ],
      [
       -102.463958639368,
       29.0291784410774
      ],
      [
       -102.410415544748,
       28.9908246961295
      ],
      [
       -102.531921624949,
       28.8296921628012
      ],
      [
       -102.470115650171,
       28.8567221241866
      ],
      [
       -102.433563679131,
       28.788943875752
      ],
      [
       -102.40152754225,
       28.8538751269513
      ],
      [
       -102.402770578493,
       28.7350879685047
      ],
      [
       -102.465598642545,
       28.7349370942475
      ],
      [
       -102.423057634043,
       28.6840091534202
      ],
      [
       -102.19557965481,
       28.5973295456694
      ],
      [
       -102.087844538625,
       28.5040272285753
      ],
      [
       -101.996795612383,
       28.5117310357911
      ],
      [
       -101.990577581325,
       28.286938115424
      ],
      [
       -101.904907657632,
       28.1570174426172
      ],
      [
       -101.937324668193,
       28.2457910174213
      ],
      [
       -101.894248558992,
       28.2516137579246
      ],
      [
       -101.83840966109,
       28.0319876103179
      ],
      [
       -101.792007612705,
       28.1815236129541
      ],
      [
       -101.666625572834,
       28.2033955187585
      ],
      [
       -101.728858521761,
       28.3276525395844
      ],
      [
       -101.667716561352,
       28.3554874989514
      ],
      [
       -101.672347562861,
       28.4200677160455
      ],
      [
       -101.549278592992,
       28.338199991274
      ],
      [
       -101.353362670196,
       28.3417110028795
      ],
      [
       -101.273971630177,
       28.4381618980852
      ],
      [
       -101.34626755679,
       28.4651608464288
      ],
      [
       -101.250762643177,
       28.4679726396707
      ],
      [
       -101.235908569632,
       28.5327090954401
      ],
      [
       -101.352790521485,
       28.663343906398
      ],
      [
       -101.295547654799,
       28.6939236037815
      ],
      [
       -101.317489633315,
       28.7530052923873
      ],
      [
       -101.42156956916,
       28.828430351096
      ],
      [
       -101.299117675003,
       28.81335298365
      ],
      [
       -101.28897054301,
       28.8745764161571
      ],
      [
       -101.342689657597,
       28.917951591664
      ],
      [
       -101.235412528602,
       28.9941756133841
      ],
      [
       -101.291664654331,
       29.041584663617
      ],
      [
       -101.448707657096,
       29.0211976957805
      ],
      [
       -101.39730865331,
       29.0555653428505
      ],
      [
       -101.466163641027,
       29.0752026332663
      ],
      [
       -101.367164647254,
       29.1113110339894
      ],
      [
       -101.389419606034,
       29.1323841444204
      ],
      [
       -101.552337652378,
       29.2447078496843
      ],
      [
       -101.712127572455,
       29.2591014214687
      ],
      [
       -101.665824598166,
       29.1945027641876
      ],
      [
       -101.811233519313,
       29.1298492892598
      ],
      [
       -101.549247579951,
       29.0943747280554
      ],
      [
       -101.513755584388,
       29.0362599758007
      ],
      [
       -101.57633956742,
       28.8109519036641
      ],
      [
       -101.437713617605,
       28.7800040730928
      ],
      [
       -101.394988542509,
       28.7267474719232
      ],
      [
       -101.514480619013,
       28.6697847284421
      ],
      [
       -101.523010546606,
       28.5236304884642
      ],
      [
       -101.483535638289,
       28.4712335352851
      ],
      [
       -101.654632578121,
       28.5664026698561
      ],
      [
       -101.779556630803,
       28.5233466772224
      ],
      [
       -101.849487519613,
       28.5477975269982
      ],
      [
       -101.880546661858,
       28.6188856213619
      ],
      [
       -101.802390611454,
       28.6647879406785
      ],
      [
       -101.887138525798,
       28.8374759333733
      ],
      [
       -101.984283610225,
       28.8109398337235
      ],
      [
       -101.87400056311,
       28.6615280508924
      ],
      [
       -101.974647606688,
       28.6590449958935
      ],
      [
       -102.04385362851,
       28.5698876975616
      ],
      [
       -102.041770557931,
       28.6697505302772
      ],
      [
       -102.234542596482,
       28.6963774897574
      ],
      [
       -102.277290637992,
       28.7436765694205
      ],
      [
       -102.303771584719,
       28.9230853397257
      ],
      [
       -102.249603535397,
       28.9714397009996
      ],
      [
       -102.251029632405,
       29.0569481892376
      ],
      [
       -102.336097567812,
       29.1588022268734
      ],
      [
       -102.312812640769,
       29.2702877418189
      ],
      [
       -102.249023675335,
       29.3028274634428
      ],
      [
       -102.337554677861,
       29.3966139192647
      ],
      [
       -102.25142659934,
       29.4976560857581
      ],
      [
       -102.010383515633,
       29.4329955700315
      ],
      [
       -101.976898650606,
       29.3746707672832
      ],
      [
       -102.057472544803,
       29.2888551661125
      ],
      [
       -101.931190623806,
       29.2997135864102
      ],
      [
       -101.85203561818,
       29.2501696654366
      ],
      [
       -101.805740522881,
       29.3696280466901
      ],
      [
       -101.719673632252,
       29.4040887328854
      ],
      [
       -101.77577957759,
       29.4442219558791
      ],
      [
       -101.73748752345,
       29.5086816412053
      ],
      [
       -101.941062661737,
       29.4895023379795
      ],
      [
       -101.889892651546,
       29.5797407341839
      ],
      [
       -101.970275605987,
       29.6912485449919
      ],
      [
       -101.900329629751,
       29.6629866114767
      ],
      [
       -101.88266761864,
       29.7210405111142
      ],
      [
       -101.720458513667,
       29.6460881917451
      ],
      [
       -101.613899546136,
       29.7200174160117
      ],
      [
       -101.408615673066,
       29.751484254028
      ],
      [
       -101.287902520906,
       29.5727490534626
      ],
      [
       -101.240837631618,
       29.6148236928716
      ],
      [
       -101.218612512413,
       29.5384375651439
      ],
      [
       -101.13639861504,
       29.4876045074607
      ],
      [
       -100.887588524568,
       29.4560657527151
      ],
      [
       -100.791824610147,
       29.510934529143
      ],
      [
       -100.644302611208,
       29.7440436385722
      ],
      [
       -100.673896596777,
       29.8305752219129
      ],
      [
       -100.625335537771,
       29.9488587956162
      ],
      [
       -100.696456656833,
       30.1766083485121
      ],
      [
       -100.835784674858,
       30.2225968337934
      ],
      [
       -101.007102561659,
       30.4252704145741
      ],
      [
       -100.945197512785,
       30.7136789626168
      ],
      [
       -100.887313598144,
       30.7765108823449
      ],
      [
       -100.930831601281,
       30.8962956549083
      ],
      [
       -101.059989520898,
       30.9250065231581
      ],
      [
       -101.173705627919,
       30.8236491971049
      ],
      [
       -101.281188616456,
       30.8269620605191
      ],
      [
       -101.496185606573,
       30.9950599553927
      ],
      [
       -101.881965550429,
       31.0999834459741
      ],
      [
       -102.063209622255,
       31.27722432084
      ],
      [
       -102.262229531438,
       31.3917833120448
      ],
      [
       -102.46512556793,
       31.3292854949776
      ],
      [
       -102.759757679086,
       31.3981049434257
      ],
      [
       -103.106857654322,
       31.6546884109099
      ],
      [
       -103.24255362606,
       31.6149028692604
      ],
      [
       -103.407295574537,
       31.6912972112531
      ],
      [
       -103.510017642067,
       32.0068897800617
      ],
      [
       -103.744544634239,
       32.2507397955062
      ],
      [
       -103.71274553758,
       32.3887325763546
      ],
      [
       -103.790534628263,
       32.544683417135
      ],
      [
       -103.828987614944,
       32.8719404100515
      ],
      [
       -103.931526621708,
       33.1028905088589
      ],
      [
       -103.940238604239,
       33.3983106865525
      ],
      [
       -104.124801574449,
       33.5940370106987
      ],
      [
       -104.162879554782,
       33.8820618352137
      ],
      [
       -104.655609565772,
       34.3299483288965
      ],
      [
       -104.733169662859,
       34.3552085352437
      ],
      [
       -104.776748518613,
       34.2690098810975
      ],
      [
       -104.714980597675,
       34.0178689509881
      ],
      [
       -104.610374613586,
       33.8471126517008
      ],
      [
       -104.626266534384,
       33.7379467446423
      ],
      [
       -104.784347552039,
       33.6497344220753
      ],
      [
       -105.148589525114,
       33.6897801379997
      ],
      [
       -105.078521676006,
       33.5020566873748
      ],
      [
       -105.270416632207,
       33.2862158072455
      ],
      [
       -105.283126614918,
       33.122317916419
      ],
      [
       -105.180015627081,
       32.9303495347459
      ],
      [
       -105.234260622274,
       32.8007567619916
      ],
      [
       -105.211936596611,
       32.7265668605361
      ],
      [
       -105.005378674258,
       32.5732548105158
      ],
      [
       -104.771186622937,
       32.5404805632409
      ],
      [
       -104.730270530186,
       32.3912273660181
      ],
      [
       -104.564300632893,
       32.2705071730594
      ],
      [
       -104.438560518117,
       32.2532997963764
      ],
      [
       -104.446433639777,
       32.1875290137543
      ],
      [
       -104.637428547215,
       31.9922782787946
      ],
      [
       -104.632614652579,
       31.8124691887934
      ],
      [
       -104.678642532805,
       31.721907083488
      ],
      [
       -104.746726553068,
       31.7268619617358
      ],
      [
       -104.862922529964,
       31.8564585901655
      ],
      [
       -104.982444613682,
       32.2108022061329
      ],
      [
       -105.184142540932,
       32.4099949501596
      ],
      [
       -105.665260598527,
       32.3902434982224
      ],
      [
       -105.740615584525,
       32.4571854003574
      ],
      [
       -105.855819646999,
       32.6585069801545
      ],
      [
       -105.883048594766,
       32.9619835079118
      ],
      [
       -105.956474569565,
       33.1707904625277
      ],
      [
       -105.963325601951,
       33.3262227987772
      ],
      [
       -105.905746620948,
       33.5023386545978
      ],
      [
       -105.933975529765,
       33.6280060144534
      ],
      [
       -105.991683592077,
       33.6542051615952
      ],
      [
       -106.406654519597,
       33.5668695861012
      ],
      [
       -106.445915521745,
       33.7849345204211
      ],
      [
       -106.41059166716,
       34.0857759454556
      ],
      [
       -106.545936604793,
       34.2736527849087
      ],
      [
       -106.798515534213,
       34.3016511913879
      ],
      [
       -106.908637648786,
       34.2565404590079
      ],
      [
       -106.98017853356,
       33.8948972111963
      ],
      [
       -107.11577559884,
       33.7072005826616
      ],
      [
       -107.25221253082,
       33.6437943349274
      ],
      [
       -107.25658453152,
       33.4674697697175
      ],
      [
       -107.312118663423,
       33.4276148259095
      ],
      [
       -107.455276540651,
       33.4389513499649
      ],
      [
       -107.513732604003,
       33.3781743376212
      ],
      [
       -107.578857644804,
       33.1955807793824
      ],
      [
       -107.60263056625,
       32.7113582324862
      ],
      [
       -107.670371599035,
       32.5906462537927
      ],
      [
       -107.736266601462,
       32.5976840349815
      ],
      [
       -107.876449573612,
       32.7574918923307
      ],
      [
       -107.992339611043,
       32.7017036211236
      ],
      [
       -108.127380620866,
       32.8422092965463
      ],
      [
       -108.202949680671,
       32.8442923671254
      ],
      [
       -108.323249605005,
       32.7917807495108
      ],
      [
       -108.360565670338,
       32.5542350987266
      ],
      [
       -108.446105674532,
       32.4970361532137
      ],
      [
       -108.779380538658,
       32.8096482848885
      ],
      [
       -109.076805667593,
       32.9104260861554
      ],
      [
       -109.233184655988,
       33.031256417322
      ],
      [
       -109.477767585047,
       33.0013766088543
      ],
      [
       -109.461784636781,
       33.3512731222688
      ],
      [
       -109.516601613047,
       33.3483020728664
      ],
      [
       -109.598113609848,
       33.1872077610166
      ],
      [
       -110.105491667202,
       33.4657834984351
      ],
      [
       -110.33607463865,
       33.5272629142655
      ],
      [
       -110.646560616763,
       33.4864390224496
      ],
      [
       -110.742080617801,
       33.3887859946893
      ],
      [
       -110.715644598076,
       33.2566379149305
      ],
      [
       -110.983558554645,
       33.2079444218539
      ],
      [
       -110.841674559063,
       33.1222729894179
      ],
      [
       -110.699195615993,
       33.1331446531227
      ],
      [
       -110.411140616626,
       33.3432172751193
      ],
      [
       -110.194869577226,
       33.2801851955432
      ],
      [
       -110.070648598583,
       33.1266937727948
      ],
      [
       -110.115974578237,
       33.0699474500539
      ],
      [
       -110.192451565795,
       33.0769973011833
      ],
      [
       -110.158943566716,
       33.0450312370133
      ],
      [
       -110.205238662015,
       32.9816169426521
      ],
      [
       -110.190910636714,
       32.9066683113203
      ],
      [
       -110.092658638152,
       32.9142752237353
      ],
      [
       -110.2053456151,
       32.7893468124644
      ],
      [
       -110.391754615668,
       32.9408854194092
      ],
      [
       -110.99703263165,
       32.9191538266641
      ],
      [
       -111.025886662806,
       32.5139766500993
      ],
      [
       -110.809829529575,
       32.5265840383153
      ],
      [
       -110.795707531454,
       32.562857059617
      ],
      [
       -110.655975673333,
       32.4575552099258
      ],
      [
       -110.621688660171,
       32.3382540731761
      ],
      [
       -110.753486544015,
       32.308122975251
      ],
      [
       -110.485801581041,
       32.2082762357895
      ],
      [
       -110.52559667806,
       32.0276599685118
      ],
      [
       -110.635490637229,
       32.1451494407075
      ],
      [
       -110.610679533254,
       31.974589948507
      ],
      [
       -110.818756591741,
       31.9175618261811
      ],
      [
       -111.022666670879,
       31.6649121534987
      ],
      [
       -111.080848645997,
       31.6914420505402
      ],
      [
       -111.02471151998,
       31.8620085835393
      ],
      [
       -111.063316554385,
       31.9860396282554
      ],
      [
       -111.198638525603,
       31.993161396114
      ],
      [
       -111.228416577766,
       31.9621503659928
      ],
      [
       -111.159919664953,
       31.9126758471775
      ],
      [
       -111.166938670678,
       31.8159709803053
      ],
      [
       -111.249404528061,
       31.8095313317277
      ],
      [
       -111.276191581892,
       31.8661593019956
      ],
      [
       -111.317474634364,
       31.7126566474969
      ],
      [
       -111.378143520157,
       31.6688558389464
      ],
      [
       -111.426063531208,
       31.7172534508407
      ],
      [
       -111.482292522884,
       32.0262952270354
      ],
      [
       -111.547271550932,
       31.8957603283634
      ],
      [
       -111.535941564761,
       31.7231350323044
      ],
      [
       -111.602439561303,
       31.6618671757103
      ],
      [
       -111.630126663898,
       31.7174534430507
      ],
      [
       -111.638030630962,
       31.5233837182496
      ]
     ],
     [
      [
       -110.936912592878,
       31.7025479046199
      ],
      [
       -110.834030598636,
       31.751258329141
      ],
      [
       -110.739799566669,
       31.8925094910328
      ],
      [
       -110.690177526358,
       31.8711103245679
      ],
      [
       -110.676872596159,
       31.6933660325968
      ],
      [
       -110.806823611455,
       31.5883857127118
      ],
      [
       -110.909210570495,
       31.6333692078015
      ],
      [
       -110.936912592878,
       31.7025479046199
      ]
     ],
     [
      [
       -110.51576956713,
       32.8357785327861
      ],
      [
       -110.261962521256,
       32.6269719134462
      ],
      [
       -110.273170634554,
       32.414751512578
      ],
      [
       -110.368354521275,
       32.471737893026
      ],
      [
       -110.51576956713,
       32.8357785327861
      ]
     ],
     [
      [
       -110.446952633253,
       31.4985087441726
      ],
      [
       -110.406433675075,
       31.5482260029041
      ],
      [
       -110.2480235839,
       31.3962312527881
      ],
      [
       -110.312820557011,
       31.297275509635
      ],
      [
       -110.35919963898,
       31.3404270559649
      ],
      [
       -110.446952633253,
       31.4985087441726
      ]
     ],
     [
      [
       -110.438865605423,
       31.7346789246445
      ],
      [
       -110.429344601598,
       31.8586657129117
      ],
      [
       -110.378715559438,
       31.8532598882728
      ],
      [
       -110.438865605423,
       31.7346789246445
      ]
     ],
     [
      [
       -110.158996540344,
       32.4317530297188
      ],
      [
       -110.044547519709,
       32.3952211752468
      ],
      [
       -110.041320654621,
       32.2913504517052
      ],
      [
       -110.151039599652,
       32.341721834161
      ],
      [
       -110.158996540344,
       32.4317530297188
      ]
     ],
     [
      [
       -110.106010674647,
       32.7416455690866
      ],
      [
       -109.823943539277,
       32.7563050148399
      ],
      [
       -109.751930585716,
       32.4962809437369
      ],
      [
       -109.782340633379,
       32.461263028618
      ],
      [
       -109.841628684441,
       32.5889980363507
      ],
      [
       -110.106010674647,
       32.7416455690866
      ]
     ],
     [
      [
       -110.064597535037,
       31.2574210687412
      ],
      [
       -109.975372678566,
       31.3306354843044
      ],
      [
       -109.944656523799,
       31.3144290744995
      ],
      [
       -109.97498359062,
       31.2283757625545
      ],
      [
       -110.064597535037,
       31.2574210687412
      ]
     ],
     [
      [
       -110.02736662984,
       30.3157714106829
      ],
      [
       -109.933738591988,
       30.3042077370513
      ],
      [
       -109.884490552197,
       30.2399852595852
      ],
      [
       -109.987960620766,
       30.1749944968732
      ],
      [
       -110.020080576679,
       30.2318925320617
      ],
      [
       -109.946395601071,
       30.2689299829337
      ],
      [
       -110.02736662984,
       30.3157714106829
      ]
     ],
     [
      [
       -110.008224542264,
       31.4420914949507
      ],
      [
       -109.957107673339,
       31.535452485367
      ],
      [
       -109.910720544742,
       31.5374192151299
      ],
      [
       -109.818878522821,
       31.4155495279687
      ],
      [
       -109.844650528177,
       31.3969572932418
      ],
      [
       -110.008224542264,
       31.4420914949507
      ]
     ],
     [
      [
       -110.003013680693,
       31.8435900218463
      ],
      [
       -109.990409645239,
       31.9731368617712
      ],
      [
       -109.870605594298,
       31.7258438957751
      ],
      [
       -110.003013680693,
       31.8435900218463
      ]
     ],
     [
      [
       -109.956573578468,
       30.0969723892822
      ],
      [
       -109.885688661438,
       30.1799083037953
      ],
      [
       -109.886337588382,
       30.0920946245438
      ],
      [
       -109.956573578468,
       30.0969723892822
      ]
     ],
     [
      [
       -109.681426542366,
       32.2440419843105
      ],
      [
       -109.512107571837,
       32.1881848138593
      ],
      [
       -109.608085560065,
       32.1789990861608
      ],
      [
       -109.681426542366,
       32.2440419843105
      ]
     ],
     [
      [
       -109.564956644874,
       31.6942271893299
      ],
      [
       -109.52155263562,
       31.6957159829733
      ],
      [
       -109.497817600376,
       31.6231655817804
      ],
      [
       -109.544250661802,
       31.6213876124771
      ],
      [
       -109.564956644874,
       31.6942271893299
      ]
     ],
     [
      [
       -109.507438684126,
       30.7166407919257
      ],
      [
       -109.461570562974,
       30.7224167614092
      ],
      [
       -109.461341569379,
       30.6923748469341
      ],
      [
       -109.507438684126,
       30.7166407919257
      ]
     ],
     [
      [
       -109.454711651599,
       31.7101046932537
      ],
      [
       -109.447418557639,
       31.9218644247231
      ],
      [
       -109.392990669319,
       32.0205004820888
      ],
      [
       -109.428985579073,
       32.1453174140473
      ],
      [
       -109.255790648874,
       32.1348115365974
      ],
      [
       -109.218139642689,
       32.0207822816738
      ],
      [
       -109.114265566386,
       31.8700721420396
      ],
      [
       -109.109161657899,
       31.7369826069154
      ],
      [
       -109.346626674775,
       31.6054220985698
      ],
      [
       -109.454711651599,
       31.7101046932537
      ]
     ],
     [
      [
       -109.368926560556,
       32.8291675581074
      ],
      [
       -109.338661519818,
       32.9227357491704
      ],
      [
       -109.277191659357,
       32.9097432963222
      ],
      [
       -109.148887520398,
       32.6385877225157
      ],
      [
       -109.155891606336,
       32.5605329255023
      ],
      [
       -109.025245563628,
       32.3721741266161
      ],
      [
       -109.060874519489,
       32.296866414552
      ],
      [
       -109.134063621705,
       32.3355991891618
      ],
      [
       -109.21976455844,
       32.6534530278112
      ],
      [
       -109.368926560556,
       32.8291675581074
      ]
     ],
     [
      [
       -109.139015650105,
       30.9916211957927
      ],
      [
       -109.033721679403,
       31.1061250340746
      ],
      [
       -109.074851678323,
       31.2261091282957
      ],
      [
       -109.010162664126,
       31.2374285532686
      ],
      [
       -108.967842602592,
       31.1725708951791
      ],
      [
       -108.928787627624,
       31.3034891821028
      ],
      [
       -108.82495864596,
       31.3210398815402
      ],
      [
       -108.724815522402,
       31.3253404684254
      ],
      [
       -108.673927647072,
       31.2725262641058
      ],
      [
       -108.797561557215,
       31.1046092507029
      ],
      [
       -108.787002538499,
       31.0124663184572
      ],
      [
       -109.016410534759,
       30.9637770163322
      ],
      [
       -109.139015650105,
       30.9916211957927
      ]
     ],
     [
      [
       -109.104209629499,
       31.5183689932131
      ],
      [
       -109.036353597003,
       31.5512778538531
      ],
      [
       -109.032279656779,
       31.3966842108361
      ],
      [
       -109.104209629499,
       31.5183689932131
      ]
     ],
     [
      [
       -109.066459549218,
       31.2683336361336
      ],
      [
       -109.032630523247,
       31.3193807676241
      ],
      [
       -109.005363521639,
       31.2885817996533
      ],
      [
       -109.066459549218,
       31.2683336361336
      ]
     ],
     [
      [
       -108.954025538108,
       31.8285108103816
      ],
      [
       -108.918159542025,
       31.9011653148121
      ],
      [
       -108.91476453596,
       31.8106643974
      ],
      [
       -108.954025538108,
       31.8285108103816
      ]
     ],
     [
      [
       -108.80095656328,
       31.5857475925039
      ],
      [
       -108.743598529245,
       31.6014901477865
      ],
      [
       -108.709091574944,
       31.537743259507
      ],
      [
       -108.794174597777,
       31.460798058837
      ],
      [
       -108.80095656328,
       31.5857475925039
      ]
     ],
     [
      [
       -108.638175644872,
       31.1228486073058
      ],
      [
       -108.591209662041,
       31.1616331820773
      ],
      [
       -108.555045605481,
       31.0347356941106
      ],
      [
       -108.638175644872,
       31.1228486073058
      ]
     ],
     [
      [
       -108.568931569209,
       32.4442918539667
      ],
      [
       -108.496147648193,
       32.4985281319804
      ],
      [
       -108.462150648882,
       32.3813167713323
      ],
      [
       -108.568931569209,
       32.4442918539667
      ]
     ],
     [
      [
       -108.478973631485,
       31.8406853571172
      ],
      [
       -108.458015520765,
       31.8798441000468
      ],
      [
       -108.438903608041,
       31.7826752110143
      ],
      [
       -108.478973631485,
       31.8406853571172
      ]
     ],
     [
      [
       -108.408409573708,
       31.6330522042231
      ],
      [
       -108.375854597021,
       31.6491494816484
      ],
      [
       -108.3341445704,
       31.57254006002
      ],
      [
       -108.360000562426,
       31.551677838273
      ],
      [
       -108.408409573708,
       31.6330522042231
      ]
     ],
     [
      [
       -107.81345353622,
       30.8788730309516
      ],
      [
       -107.759620595388,
       30.8994752460619
      ],
      [
       -107.695121682754,
       30.8563268848552
      ],
      [
       -107.698654654946,
       30.7896542094504
      ],
      [
       -107.757354631681,
       30.7944890588446
      ],
      [
       -107.81345353622,
       30.8788730309516
      ]
     ],
     [
      [
       -107.770385641284,
       30.5611363713087
      ],
      [
       -107.693923573513,
       30.6354697709468
      ],
      [
       -107.623908530395,
       30.5678692188597
      ],
      [
       -107.665115642825,
       30.4835072073391
      ],
      [
       -107.770385641284,
       30.5611363713087
      ]
     ],
     [
      [
       -106.690894579549,
       30.0745881815553
      ],
      [
       -106.649146666726,
       30.0348217506449
      ],
      [
       -106.683654626855,
       29.8834194334459
      ],
      [
       -106.690894579549,
       30.0745881815553
      ]
     ],
     [
      [
       -106.555023593672,
       29.7908498623282
      ],
      [
       -106.520110619981,
       29.7758663721978
      ],
      [
       -106.464248588026,
       29.6244692517787
      ],
      [
       -106.544227534734,
       29.6719654738047
      ],
      [
       -106.555023593672,
       29.7908498623282
      ]
     ],
     [
      [
       -106.526161515889,
       31.8715032681891
      ],
      [
       -106.515235537452,
       32.0508944364977
      ],
      [
       -106.453178608492,
       31.9322541289949
      ],
      [
       -106.476966617364,
       31.797361814134
      ],
      [
       -106.526161515889,
       31.8715032681891
      ]
     ],
     [
      [
       -106.329154604574,
       29.7685727753238
      ],
      [
       -106.327163567292,
       29.8649629855506
      ],
      [
       -106.281417654289,
       29.7436416424956
      ],
      [
       -106.329154604574,
       29.7685727753238
      ]
     ],
     [
      [
       -106.260925577387,
       27.6195560641861
      ],
      [
       -106.183174540545,
       27.6524966084202
      ],
      [
       -106.164886568903,
       27.5432812481327
      ],
      [
       -106.260925577387,
       27.6195560641861
      ]
     ],
     [
      [
       -106.225318582112,
       29.0231495057557
      ],
      [
       -106.197372646347,
       29.0184566458015
      ],
      [
       -106.220054579275,
       28.9704514746143
      ],
      [
       -106.225318582112,
       29.0231495057557
      ]
     ],
     [
      [
       -106.129142613331,
       28.3115760492789
      ],
      [
       -106.045905620855,
       28.3123911055445
      ],
      [
       -106.015502613991,
       28.0924333698477
      ],
      [
       -106.113532659756,
       28.1072066418463
      ],
      [
       -106.075637572551,
       28.1948169761266
      ],
      [
       -106.129142613331,
       28.3115760492789
      ]
     ],
     [
      [
       -106.125633613382,
       28.462886165543
      ],
      [
       -106.020637535519,
       28.4492524971012
      ],
      [
       -105.976875618999,
       28.3909290354573
      ],
      [
       -106.039413669202,
       28.3469335991149
      ],
      [
       -106.099998568324,
       28.3670169744181
      ],
      [
       -106.125633613382,
       28.462886165543
      ]
     ],
     [
      [
       -106.090698679104,
       29.058002297382
      ],
      [
       -106.045692552876,
       29.08697216644
      ],
      [
       -106.054901582266,
       28.9982326221628
      ],
      [
       -106.090698679104,
       29.058002297382
      ]
     ],
     [
      [
       -106.03030354627,
       32.0146755622906
      ],
      [
       -105.919311557784,
       32.0719667087384
      ],
      [
       -105.939369619739,
       31.9161427699722
      ],
      [
       -105.983230610355,
       31.9215214372449
      ],
      [
       -106.03030354627,
       32.0146755622906
      ]
     ],
     [
      [
       -105.931205646039,
       31.0984614599942
      ],
      [
       -105.899940644251,
       31.1072369773509
      ],
      [
       -105.842307516153,
       31.0359904650171
      ],
      [
       -105.906730656382,
       31.0350154820388
      ],
      [
       -105.931205646039,
       31.0984614599942
      ]
     ],
     [
      [
       -105.901939560522,
       27.337105372926
      ],
      [
       -105.864128627625,
       27.3437279146311
      ],
      [
       -105.821121585305,
       27.255670657273
      ],
      [
       -105.901939560522,
       27.337105372926
      ]
     ],
     [
      [
       -105.688926566889,
       26.8829931368349
      ],
      [
       -105.563796654666,
       26.907844976859
      ],
      [
       -105.486984558618,
       26.8638708305507
      ],
      [
       -105.667953536382,
       26.8507144276762
      ],
      [
       -105.688926566889,
       26.8829931368349
      ]
     ],
     [
      [
       -105.583724629484,
       31.9846435384611
      ],
      [
       -105.473167661773,
       32.0520663942007
      ],
      [
       -105.460586592733,
       32.0021099159525
      ],
      [
       -105.544471673962,
       31.9548423522453
      ],
      [
       -105.583724629484,
       31.9846435384611
      ]
     ],
     [
      [
       -105.527252562615,
       31.2171294277774
      ],
      [
       -105.441039659233,
       31.16853383533
      ],
      [
       -105.316955640889,
       30.9031292529356
      ],
      [
       -105.509857598939,
       31.090037647295
      ],
      [
       -105.527252562615,
       31.2171294277774
      ]
     ],
     [
      [
       -105.516662530857,
       29.4130201536413
      ],
      [
       -105.502830546586,
       29.4896832194502
      ],
      [
       -105.470153529388,
       29.4630524042944
      ],
      [
       -105.516662530857,
       29.4130201536413
      ]
     ],
     [
      [
       -105.458114601846,
       30.7559423624855
      ],
      [
       -105.384025618505,
       30.6174932708278
      ],
      [
       -105.441818673315,
       30.6305640106517
      ],
      [
       -105.458114601846,
       30.7559423624855
      ]
     ],
     [
      [
       -105.435005527132,
       31.2675656861639
      ],
      [
       -105.39359255516,
       31.2458144797653
      ],
      [
       -105.409988563615,
       31.2129143363046
      ],
      [
       -105.435005527132,
       31.2675656861639
      ]
     ],
     [
      [
       -105.290519621163,
       29.9565637762984
      ],
      [
       -105.257461562647,
       29.9061226564081
      ],
      [
       -105.286758661205,
       29.8969639184378
      ],
      [
       -105.290519621163,
       29.9565637762984
      ]
     ],
     [
      [
       -105.163680638881,
       28.8273422124248
      ],
      [
       -105.14447753105,
       28.8747343312131
      ],
      [
       -105.090858664025,
       28.7950417103178
      ],
      [
       -105.163680638881,
       28.8273422124248
      ]
     ],
     [
      [
       -105.155662677934,
       30.9756877007555
      ],
      [
       -105.122161552015,
       30.9800935643448
      ],
      [
       -105.039802647717,
       30.9362932587085
      ],
      [
       -105.032104540195,
       30.8566428826052
      ],
      [
       -105.116645589168,
       30.8869977773452
      ],
      [
       -105.155662677934,
       30.9756877007555
      ]
     ],
     [
      [
       -105.140434603869,
       29.7943268434066
      ],
      [
       -105.112388588179,
       29.80649032603
      ],
      [
       -105.122039679143,
       29.7383137695562
      ],
      [
       -105.140434603869,
       29.7943268434066
      ]
     ],
     [
      [
       -105.068946525085,
       26.7330246279944
      ],
      [
       -105.032112586822,
       26.6752122948067
      ],
      [
       -105.065894674136,
       26.6711304755945
      ],
      [
       -105.068946525085,
       26.7330246279944
      ]
     ],
     [
      [
       -104.980377636357,
       31.2353857158247
      ],
      [
       -104.919555529374,
       31.462414927961
      ],
      [
       -104.859359550559,
       31.3267174474803
      ],
      [
       -104.903060614462,
       31.1752227617083
      ],
      [
       -104.980377636357,
       31.2353857158247
      ]
     ],
     [
      [
       -104.734077590612,
       30.6738952649859
      ],
      [
       -104.675277533953,
       30.6606800211511
      ],
      [
       -104.561309634561,
       30.3510919125068
      ],
      [
       -104.503883539472,
       30.3003488764638
      ],
      [
       -104.340659553661,
       29.8270974026441
      ],
      [
       -104.462165633862,
       29.8350090810588
      ],
      [
       -104.561538628156,
       29.9426102544311
      ],
      [
       -104.605331557717,
       30.2609613075774
      ],
      [
       -104.723457551641,
       30.4208736034403
      ],
      [
       -104.734077590612,
       30.6738952649859
      ]
     ],
     [
      [
       -104.682319673731,
       29.2522016064063
      ],
      [
       -104.673103603543,
       29.446007133619
      ],
      [
       -104.494544590583,
       29.2734428578152
      ],
      [
       -104.498229610498,
       29.1674268699729
      ],
      [
       -104.682319673731,
       29.2522016064063
      ]
     ],
     [
      [
       -104.341125587478,
       30.7025923869144
      ],
      [
       -104.33661662648,
       30.7348063877805
      ],
      [
       -104.156387603129,
       30.7398719071503
      ],
      [
       -104.116020525036,
       30.8562640205812
      ],
      [
       -104.162521647516,
       30.9316723154836
      ],
      [
       -104.097701540353,
       31.0517219561876
      ],
      [
       -103.966354602901,
       30.8650356822625
      ],
      [
       -103.840057594478,
       30.7793235137771
      ],
      [
       -103.757820563053,
       30.7878132082353
      ],
      [
       -103.814704516644,
       30.6896079806933
      ],
      [
       -104.032890653284,
       30.6489401599145
      ],
      [
       -104.152480630417,
       30.5292606640551
      ],
      [
       -104.341125587478,
       30.7025923869144
      ]
     ],
     [
      [
       -104.320892679022,
       28.998530347364
      ],
      [
       -104.211288566065,
       29.0624621404277
      ],
      [
       -104.186393643058,
       28.9894208949844
      ],
      [
       -104.320892679022,
       28.998530347364
      ]
     ],
     [
      [
       -104.259078657616,
       27.0644009910494
      ],
      [
       -104.20651959843,
       27.1056813613126
      ],
      [
       -104.21752151691,
       27.2315839173714
      ],
      [
       -104.130561618317,
       27.1447024733919
      ],
      [
       -104.13275164198,
       27.0455879769926
      ],
      [
       -104.183105590078,
       27.0131754926591
      ],
      [
       -104.259078657616,
       27.0644009910494
      ]
     ],
     [
      [
       -104.201255595593,
       28.2615562038426
      ],
      [
       -104.146621680092,
       28.2935239443931
      ],
      [
       -104.113105634385,
       28.2738127255913
      ],
      [
       -104.147170527112,
       28.2198220373409
      ],
      [
       -104.201255595593,
       28.2615562038426
      ]
     ],
     [
      [
       -104.186088541783,
       29.1444517380714
      ],
      [
       -104.094215674457,
       29.1863642714728
      ],
      [
       -104.082351593416,
       29.1334962553348
      ],
      [
       -104.186088541783,
       29.1444517380714
      ]
     ],
     [
      [
       -104.157897519168,
       27.2776407989828
      ],
      [
       -104.135429660048,
       27.3963166457551
      ],
      [
       -104.106735555604,
       27.4326729831743
      ],
      [
       -103.969337554606,
       27.3167130406715
      ],
      [
       -104.006988560791,
       27.147446373218
      ],
      [
       -104.157897519168,
       27.2776407989828
      ]
     ],
     [
      [
       -104.008918577818,
       28.9821710516451
      ],
      [
       -103.988860515862,
       29.0437986595238
      ],
      [
       -103.960731519331,
       29.0202595931762
      ],
      [
       -104.008918577818,
       28.9821710516451
      ]
     ],
     [
      [
       -103.983360646269,
       25.725048634771
      ],
      [
       -103.954307628732,
       25.7378479685698
      ],
      [
       -103.896690593888,
       25.7178408685856
      ],
      [
       -103.8271715918,
       25.5818253786982
      ],
      [
       -103.779838649248,
       25.3521741396081
      ],
      [
       -103.876586599103,
       25.3265862008463
      ],
      [
       -103.928131615643,
       25.6373377176524
      ],
      [
       -103.983360646269,
       25.725048634771
      ]
     ],
     [
      [
       -103.836700642253,
       25.8177700859744
      ],
      [
       -103.767356654304,
       25.7653927464487
      ],
      [
       -103.775337567239,
       25.7113871384107
      ],
      [
       -103.836700642253,
       25.8177700859744
      ]
     ],
     [
      [
       -103.807235570355,
       27.3283736091039
      ],
      [
       -103.771148627304,
       27.3578504156665
      ],
      [
       -103.753219568757,
       27.2968928571282
      ],
      [
       -103.659797558086,
       27.256452856478
      ],
      [
       -103.669967656494,
       27.1942373419101
      ],
      [
       -103.76366459359,
       27.2366687151185
      ],
      [
       -103.807235570355,
       27.3283736091039
      ]
     ],
     [
      [
       -103.766052597807,
       28.832401026272
      ],
      [
       -103.639221662151,
       28.8724155615165
      ],
      [
       -103.606880591633,
       28.7674466410198
      ],
      [
       -103.679908593669,
       28.7005813494799
      ],
      [
       -103.675567606011,
       28.7675745488624
      ],
      [
       -103.766052597807,
       28.832401026272
      ]
     ],
     [
      [
       -103.663513591043,
       28.643958575992
      ],
      [
       -103.628181522193,
       28.655597183838
      ],
      [
       -103.60493464899,
       28.5842591411216
      ],
      [
       -103.504508552381,
       28.5727276539981
      ],
      [
       -103.559379675741,
       28.5186145899612
      ],
      [
       -103.64994060758,
       28.5153458153579
      ],
      [
       -103.663513591043,
       28.643958575992
      ]
     ],
     [
      [
       -103.448455580671,
       29.451196872794
      ],
      [
       -103.405319624681,
       29.4259916517316
      ],
      [
       -103.428382598928,
       29.3984757075997
      ],
      [
       -103.448455580671,
       29.451196872794
      ]
     ],
     [
      [
       -103.438613549953,
       30.2951990351481
      ],
      [
       -103.430190575444,
       30.3915527002769
      ],
      [
       -103.356590592335,
       30.3780759410627
      ],
      [
       -103.249885612051,
       30.4563493381111
      ],
      [
       -103.25751465269,
       30.3333638519982
      ],
      [
       -103.438613549953,
       30.2951990351481
      ]
     ],
     [
      [
       -103.39807162536,
       27.3032136503187
      ],
      [
       -103.364967634014,
       27.3063226658475
      ],
      [
       -103.381317542002,
       27.2475742417122
      ],
      [
       -103.39807162536,
       27.3032136503187
      ]
     ],
     [
      [
       -103.39732362432,
       29.2125510133979
      ],
      [
       -103.281112559998,
       29.3233807282384
      ],
      [
       -103.22663857121,
       29.3145022811106
      ],
      [
       -103.211036664263,
       29.2134971626293
      ],
      [
       -103.315795534266,
       29.1191596804921
      ],
      [
       -103.395339627837,
       29.1591792448786
      ],
      [
       -103.39732362432,
       29.2125510133979
      ]
     ],
     [
      [
       -103.15770764345,
       28.328362486784
      ],
      [
       -103.106552553046,
       28.3531496185156
      ],
      [
       -102.922607664376,
       28.119621078651
      ],
      [
       -102.945449524017,
       27.9744320986436
      ],
      [
       -103.023300640783,
       28.0296748755915
      ],
      [
       -103.145751529111,
       28.2530115240995
      ],
      [
       -103.15770764345,
       28.328362486784
      ]
     ],
     [
      [
       -103.092826516031,
       26.7098516831779
      ],
      [
       -103.050842568815,
       26.7507449771522
      ],
      [
       -103.010536678616,
       26.6994530940888
      ],
      [
       -103.032768670981,
       26.5651572354583
      ],
      [
       -103.092826516031,
       26.7098516831779
      ]
     ],
     [
      [
       -102.835075617072,
       28.2115653597912
      ],
      [
       -102.774749551119,
       28.1944609128794
      ],
      [
       -102.807235628563,
       28.0855556830097
      ],
      [
       -102.835075617072,
       28.2115653597912
      ]
     ],
     [
      [
       -102.782897599204,
       27.1589919419387
      ],
      [
       -102.752197537691,
       27.1585240641031
      ],
      [
       -102.7353596353,
       27.119411589279
      ],
      [
       -102.782897599204,
       27.1589919419387
      ]
     ],
     [
      [
       -102.778419651247,
       27.6342364646974
      ],
      [
       -102.746230628453,
       27.6922439285912
      ],
      [
       -102.504089515429,
       27.565634442818
      ],
      [
       -102.5754696353,
       27.5248412287676
      ],
      [
       -102.501914579191,
       27.3913647849924
      ],
      [
       -102.548835635021,
       27.2993628363583
      ],
      [
       -102.616584546794,
       27.3361592236947
      ],
      [
       -102.694534570018,
       27.5563586934792
      ],
      [
       -102.778419651247,
       27.6342364646974
      ]
     ],
     [
      [
       -102.666923575104,
       27.1744944395142
      ],
      [
       -102.52733655627,
       27.1837648244349
      ],
      [
       -102.208999584721,
       27.0019566505244
      ],
      [
       -102.435249615137,
       27.0131144724039
      ],
      [
       -102.652961671333,
       27.1096429840331
      ],
      [
       -102.666923575104,
       27.1744944395142
      ]
     ],
     [
      [
       -102.635276526169,
       26.7954988080946
      ],
      [
       -102.569351516528,
       26.8427139010878
      ],
      [
       -102.456581558739,
       26.8622668695576
      ],
      [
       -102.4024046246,
       26.823837687481
      ],
      [
       -102.525649614435,
       26.7430683273028
      ],
      [
       -102.635276526169,
       26.7954988080946
      ]
     ],
     [
      [
       -102.57484451296,
       29.1905448295045
      ],
      [
       -102.503929588716,
       29.2456419289751
      ],
      [
       -102.4970396643,
       29.154356465425
      ],
      [
       -102.55996663481,
       29.1360021091104
      ],
      [
       -102.57484451296,
       29.1905448295045
      ]
     ],
     [
      [
       -102.464065592453,
       28.0074356747896
      ],
      [
       -102.354087646614,
       28.0057118525809
      ],
      [
       -102.376678552073,
       27.9554547992845
      ],
      [
       -102.435127574627,
       27.9503810656496
      ],
      [
       -102.464065592453,
       28.0074356747896
      ]
     ],
     [
      [
       -102.372474524713,
       29.4477410141116
      ],
      [
       -102.330245658285,
       29.5361885328818
      ],
      [
       -102.334884538783,
       29.4461181100172
      ],
      [
       -102.372474524713,
       29.4477410141116
      ]
     ],
     [
      [
       -102.370010580453,
       27.9289269138998
      ],
      [
       -102.317657548447,
       27.9140978184261
      ],
      [
       -102.30959365467,
       27.850702299528
      ],
      [
       -102.370010580453,
       27.9289269138998
      ]
     ],
     [
      [
       -102.290817520987,
       28.100525762095
      ],
      [
       -102.278907674754,
       28.1349785693014
      ],
      [
       -102.243446524595,
       28.0367237208925
      ],
      [
       -102.290817520987,
       28.100525762095
      ]
     ],
     [
      [
       -102.266479659266,
       27.8311920787644
      ],
      [
       -102.191566567204,
       27.9054349538482
      ],
      [
       -102.132720577716,
       27.8036841812596
      ],
      [
       -102.068199536858,
       27.6227909759007
      ],
      [
       -102.101989670799,
       27.5397586695009
      ],
      [
       -102.139762549856,
       27.7347512418425
      ],
      [
       -102.266479659266,
       27.8311920787644
      ]
     ],
     [
      [
       -102.135650555793,
       27.8632557082874
      ],
      [
       -101.900291575911,
       27.6440300480147
      ],
      [
       -102.012733633648,
       27.6978859552619
      ],
      [
       -102.135650555793,
       27.8632557082874
      ]
     ],
     [
      [
       -102.12232953234,
       27.2287920730592
      ],
      [
       -101.946288610734,
       27.3081914949812
      ],
      [
       -102.028678528073,
       27.5096617697408
      ],
      [
       -101.962249598413,
       27.6157052502256
      ],
      [
       -101.774864609039,
       27.4134920035678
      ],
      [
       -101.758270620031,
       27.3128984365328
      ],
      [
       -101.834152660101,
       27.3806501981533
      ],
      [
       -101.852294618989,
       27.3553375210922
      ],
      [
       -101.753494611597,
       27.0850102469582
      ],
      [
       -101.869270655144,
       27.1032212727284
      ],
      [
       -101.870567670842,
       27.1561461181699
      ],
      [
       -101.976951624235,
       27.2162933143084
      ],
      [
       -101.97184754811,
       27.0559644378573
      ],
      [
       -102.12232953234,
       27.2287920730592
      ]
     ],
     [
      [
       -102.100517640962,
       26.7485670234291
      ],
      [
       -102.064704618507,
       26.7674722384208
      ],
      [
       -102.046707666544,
       26.7088259058663
      ],
      [
       -102.100517640962,
       26.7485670234291
      ]
     ],
     [
      [
       -101.935127603731,
       26.5905599341597
      ],
      [
       -101.901985558544,
       26.6211067744826
      ],
      [
       -101.744880529695,
       26.4881075962747
      ],
      [
       -101.574500577861,
       26.4615379690122
      ],
      [
       -101.549453607131,
       26.4856818734935
      ],
      [
       -101.708846560273,
       26.5675011508645
      ],
      [
       -101.84070563201,
       26.7715780298761
      ],
      [
       -101.807395613483,
       26.8219527650932
      ],
      [
       -101.713424588153,
       26.7775306898787
      ],
      [
       -101.615684556238,
       26.7250790866909
      ],
      [
       -101.65972156682,
       26.5906881772784
      ],
      [
       -101.570892671455,
       26.5384674117042
      ],
      [
       -101.542152634182,
       26.6428437316458
      ],
      [
       -101.484741626519,
       26.5762307353918
      ],
      [
       -101.477050559796,
       26.4368608078504
      ],
      [
       -101.55171152421,
       26.3835933102067
      ],
      [
       -101.714309549491,
       26.3785564569458
      ],
      [
       -101.935127603731,
       26.5905599341597
      ]
     ],
     [
      [
       -101.890235639024,
       28.4426727031023
      ],
      [
       -101.833640525816,
       28.3455318096265
      ],
      [
       -101.848441625734,
       28.2977596553478
      ],
      [
       -101.890235639024,
       28.4426727031023
      ]
     ],
     [
      [
       -101.81136360645,
       26.9777539050828
      ],
      [
       -101.770225560903,
       26.9723899899597
      ],
      [
       -101.793472601744,
       26.9151437705129
      ],
      [
       -101.81136360645,
       26.9777539050828
      ]
     ],
     [
      [
       -101.775337516016,
       26.8750055183774
      ],
      [
       -101.741035583067,
       26.912460890942
      ],
      [
       -101.731452553158,
       26.8477485750538
      ],
      [
       -101.775337516016,
       26.8750055183774
      ]
     ],
     [
      [
       -101.661231650498,
       26.0373511389421
      ],
      [
       -101.553718654747,
       26.1618322918591
      ],
      [
       -101.482665596738,
       26.1768476332215
      ],
      [
       -101.395584663463,
       25.9002153238751
      ],
      [
       -101.494933517876,
       25.8370083977986
      ],
      [
       -101.59475662037,
       25.8509697986548
      ],
      [
       -101.64501166201,
       25.8957766032254
      ],
      [
       -101.661231650498,
       26.0373511389421
      ]
     ],
     [
      [
       -101.613410545904,
       27.6334316343537
      ],
      [
       -101.60150857866,
       27.6860131570409
      ],
      [
       -101.560333652739,
       27.5520560949372
      ],
      [
       -101.613410545904,
       27.6334316343537
      ]
     ],
     [
      [
       -101.356628594953,
       26.8357099827879
      ],
      [
       -101.214668659328,
       26.8472337585603
      ],
      [
       -101.07435560004,
       26.6898787813586
      ],
      [
       -101.09426865507,
       26.659983047275
      ],
      [
       -101.220306662685,
       26.754733589601
      ],
      [
       -101.356628594953,
       26.8357099827879
      ]
     ],
     [
      [
       -101.32508866674,
       26.2963931862681
      ],
      [
       -101.254974549527,
       26.3395313215529
      ],
      [
       -101.153556538495,
       26.2109542678264
      ],
      [
       -101.32508866674,
       26.2963931862681
      ]
     ],
     [
      [
       -101.242423655338,
       26.3914359217391
      ],
      [
       -101.187469551136,
       26.384060349852
      ],
      [
       -101.196716634366,
       26.3449619566254
      ],
      [
       -101.242423655338,
       26.3914359217391
      ]
     ],
     [
      [
       -101.211448667401,
       25.596270415368
      ],
      [
       -101.162147653981,
       25.6128427790658
      ],
      [
       -101.14144167091,
       25.583215265884
      ],
      [
       -101.211448667401,
       25.596270415368
      ]
     ],
     [
      [
       -101.19949355889,
       25.3387768408361
      ],
      [
       -101.170722676214,
       25.3535678824694
      ],
      [
       -101.106574630048,
       25.3307471452246
      ],
      [
       -101.19949355889,
       25.3387768408361
      ]
     ],
     [
      [
       -101.108787620126,
       25.5294767052814
      ],
      [
       -101.067275574059,
       25.5128644437244
      ],
      [
       -101.082755608134,
       25.4884717643566
      ],
      [
       -101.108787620126,
       25.5294767052814
      ]
     ],
     [
      [
       -101.098922622994,
       27.1088991739447
      ],
      [
       -101.035064590678,
       26.9886864214047
      ],
      [
       -101.086349600581,
       27.010842306089
      ],
      [
       -101.098922622994,
       27.1088991739447
      ]
     ],
     [
      [
       -100.805389546983,
       26.9043830832063
      ],
      [
       -100.743911639895,
       26.8806379896784
      ],
      [
       -100.757690650538,
       26.8191800315202
      ],
      [
       -100.805389546983,
       26.9043830832063
      ]
     ],
     [
      [
       -100.732147638777,
       25.8618451503971
      ],
      [
       -100.713989586635,
       25.8878179861529
      ],
      [
       -100.697822571776,
       25.8612860774547
      ],
      [
       -100.732147638777,
       25.8618451503971
      ]
     ],
     [
      [
       -100.656387639218,
       25.8803751914023
      ],
      [
       -100.596824661731,
       25.8593253826621
      ],
      [
       -100.649764594598,
       25.8550796134236
      ],
      [
       -100.656387639218,
       25.8803751914023
      ]
     ],
     [
      [
       -100.631919522721,
       26.7524468387745
      ],
      [
       -100.618019645034,
       26.7798534828889
      ],
      [
       -100.578422528568,
       26.7527118745531
      ],
      [
       -100.631919522721,
       26.7524468387745
      ]
     ]
    ]
   }
  },
  {
   "type": "Feature",
   "properties": {
    "_manaName": "Desierto de Kara-Kum",
    "name": "Desierto de Kara-Kum",
    "_manaColor": "#d97706",
    "_manaFillOpacity": 0.85,
    "_manaBorderColor": "#FFFFFF",
    "_manaWeight": 1,
    "_manaOpacity": 1,
    "_manaGroupName": "Desiertos cálidos",
    "_manaGroupId": 1,
    "_manaGeometryType": "polygon",
    "_manaLabelStyle": {
     "enabled": true,
     "field": "name",
     "fontFamily": "DM Mono, monospace",
     "fontSize": 11,
     "color": "#ffffff",
     "fontWeight": "bold",
     "fontStyle": "normal",
     "haloColor": "#000000",
     "haloWidth": 3,
     "opacity": 1,
     "offsetX": 0,
     "offsetY": 0,
     "placement": "point"
    },
    "Continent": "Asia",
    "Area": "350,000 km²",
    "Countries": "Turkmenistan",
    "Type": "Cálido",
    "Description": "Desierto de Kara-Kum: Cubre el 70% de Turkmenistán. Hogar del cráter de gas de Darvaza, la \"Puerta del Infierno\", ardiendo desde 1971."
   },
   "geometry": {
    "type": "Polygon",
    "coordinates": [
     [
      [
       52.1715504753007,
       42.8695575234522
      ],
      [
       52.2190585996291,
       42.954372828297
      ],
      [
       52.4544294818134,
       42.9734238884042
      ],
      [
       53.7939915533094,
       42.9365659778984
      ],
      [
       54.1641695902183,
       42.798409749938
      ],
      [
       54.3003505388746,
       42.790955723437
      ],
      [
       54.4460105818409,
       42.6375947231021
      ],
      [
       54.543273515827,
       42.6022359997997
      ],
      [
       55.0063785282053,
       42.720037446432
      ],
      [
       55.2272684991742,
       42.6607265965931
      ],
      [
       55.5118906062729,
       42.6850755224262
      ],
      [
       55.9274405556649,
       42.4983397952724
      ],
      [
       56.4364084924149,
       42.526065454622
      ],
      [
       56.7076455383203,
       42.4639587371573
      ],
      [
       57.0828666310985,
       42.460597929257
      ],
      [
       57.4316525423411,
       42.523116365806
      ],
      [
       57.6090696048119,
       42.4957876733912
      ],
      [
       57.9088435106569,
       42.292656943611
      ],
      [
       58.0010486366243,
       42.4589567526137
      ],
      [
       58.1220895211987,
       42.4883725389211
      ],
      [
       58.2427404796371,
       42.4504620290136
      ],
      [
       58.4444965772953,
       42.2777369883067
      ],
      [
       58.5118785293474,
       42.291969962826
      ],
      [
       58.5373035239112,
       42.3595275995689
      ],
      [
       58.3050684793458,
       42.5952858933183
      ],
      [
       58.6097105945597,
       42.6634275810749
      ],
      [
       58.6280134859887,
       42.9023823974223
      ],
      [
       58.6680794861188,
       42.917306208402
      ],
      [
       59.0346605130957,
       42.576537252278
      ],
      [
       58.9308814875748,
       42.4926717847019
      ],
      [
       58.9514426313594,
       42.4313771060176
      ],
      [
       59.3198695210553,
       42.2492492463197
      ],
      [
       59.3207125728775,
       42.1683977434902
      ],
      [
       59.1913145955531,
       42.0135301798772
      ],
      [
       59.1941295739182,
       41.9105300008002
      ],
      [
       59.5214495987466,
       41.8011708070541
      ],
      [
       59.7911495712463,
       41.5419948169152
      ],
      [
       60.434440523993,
       41.3417558437332
      ],
      [
       61.1138915099864,
       41.2997750816399
      ],
      [
       61.7621995347025,
       41.0880203793125
      ],
      [
       61.9762455140841,
       40.6522948536822
      ],
      [
       62.1639285639356,
       40.5071963982293
      ],
      [
       62.2950976374026,
       40.1156803827487
      ],
      [
       62.4169346351414,
       39.9911997327459
      ],
      [
       62.5284804997899,
       39.7649076251755
      ],
      [
       62.8527485060312,
       39.5525465759718
      ],
      [
       62.9397315386773,
       39.3735292405453
      ],
      [
       63.2028694868129,
       39.1375516762085
      ],
      [
       63.8146555477028,
       38.8354975574216
      ],
      [
       64.0232775975345,
       38.6221709129711
      ],
      [
       64.0979766157894,
       38.476437276895
      ],
      [
       64.234092520877,
       38.4235540056931
      ],
      [
       64.3570474968624,
       38.288379388333
      ],
      [
       65.1455074806869,
       37.8603930415499
      ],
      [
       65.2793124950668,
       37.676577401827
      ],
      [
       65.403846621612,
       37.6215473575819
      ],
      [
       65.1812975367271,
       37.5303212379064
      ],
      [
       65.0667806226762,
       37.5384121214112
      ],
      [
       65.0174405495881,
       37.5607886177872
      ],
      [
       65.0955736335772,
       37.6559027670733
      ],
      [
       65.0750735100477,
       37.6946672252772
      ],
      [
       64.4779665085646,
       37.9258520173737
      ],
      [
       64.3032536156988,
       37.7793175742673
      ],
      [
       64.327697592314,
       37.7272773548877
      ],
      [
       63.922519577559,
       37.5098595034935
      ],
      [
       63.590858565072,
       37.4913621519107
      ],
      [
       63.0556795788776,
       37.5866130938567
      ],
      [
       62.8202205190718,
       37.5415129226748
      ],
      [
       62.3162845740789,
       37.1207982121793
      ],
      [
       61.9911845801276,
       37.0876340387683
      ],
      [
       61.7887805613533,
       36.98794286743
      ],
      [
       61.6907275491731,
       36.7131688260193
      ],
      [
       61.64641963548,
       36.314404475942
      ],
      [
       61.5319255202058,
       36.1813422658221
      ],
      [
       61.1324505523767,
       36.693725157567
      ],
      [
       60.9052505170535,
       36.8202144468486
      ],
      [
       60.6298295603551,
       37.1047807304722
      ],
      [
       60.4338495998186,
       37.1909079708033
      ],
      [
       60.3730355394628,
       37.2645064451702
      ],
      [
       60.0605015271258,
       37.3541237423488
      ],
      [
       59.419490619683,
       37.7895862438572
      ],
      [
       59.2723845307796,
       37.7923443929187
      ],
      [
       58.8859486191804,
       37.9666232708377
      ],
      [
       58.7126195785301,
       37.9499412718462
      ],
      [
       58.5476345548607,
       37.9930926505381
      ],
      [
       58.026241620108,
       38.2847515329972
      ],
      [
       57.8150255388791,
       38.338835428011
      ],
      [
       57.5813335519024,
       38.5581427280207
      ],
      [
       57.0723185088565,
       38.7613676703928
      ],
      [
       56.9579085478903,
       38.8931176097503
      ],
      [
       56.752178589933,
       38.9316148528806
      ],
      [
       56.4490886355505,
       39.2350501416741
      ],
      [
       55.9499095882522,
       39.4017378651562
      ],
      [
       55.2453045108058,
       39.4107406997273
      ],
      [
       55.0727005047809,
       39.4927706981443
      ],
      [
       54.7925494724781,
       39.4283794091481
      ],
      [
       54.6646805219325,
       39.2622517644367
      ],
      [
       54.6964115575372,
       39.1181041520808
      ],
      [
       54.5264245493242,
       38.9819642747502
      ],
      [
       54.5042805669424,
       38.7657386652648
      ],
      [
       54.3197895134611,
       38.6648190421959
      ],
      [
       54.3306695590691,
       38.6055130538609
      ],
      [
       54.4065816063527,
       38.5690717239433
      ],
      [
       54.4108045768145,
       38.4662023025559
      ],
      [
       54.2271114805162,
       38.3374276035524
      ],
      [
       54.0399585022219,
       38.2836726144195
      ],
      [
       53.9829716188596,
       38.5601216953623
      ],
      [
       54.1266895748583,
       38.8130177959983
      ],
      [
       54.2795605691331,
       38.917805164472
      ],
      [
       54.2698244856715,
       38.9581144074326
      ],
      [
       53.9911535298329,
       39.0569559890642
      ],
      [
       53.6524005890626,
       39.440968357177
      ],
      [
       53.8029095630203,
       39.6453642514238
      ],
      [
       53.6283185430268,
       39.8103742531647
      ],
      [
       53.6764335171457,
       39.844442666291
      ],
      [
       54.0448454870538,
       39.7690347066649
      ],
      [
       54.0977705001335,
       39.8166191063123
      ],
      [
       53.8743205282945,
       39.9631391325452
      ],
      [
       53.6684344992998,
       40.0220112735714
      ],
      [
       53.2836986053042,
       39.9575321422297
      ],
      [
       53.1616705001728,
       40.0042887451188
      ],
      [
       53.0657235249865,
       39.9780698166855
      ],
      [
       53.0899815909891,
       40.1228402044479
      ],
      [
       52.9784395820161,
       40.291057960537
      ],
      [
       52.989261624854,
       40.344955442024
      ],
      [
       53.1719555982929,
       40.6790736932482
      ],
      [
       53.6477545001281,
       40.7306819093378
      ],
      [
       53.7414205918202,
       40.6014034579529
      ],
      [
       54.6377565078034,
       40.6835025232522
      ],
      [
       54.7881504820495,
       40.8164311258353
      ],
      [
       54.890788562909,
       41.0878291042818
      ],
      [
       54.745750624797,
       41.2510777328878
      ],
      [
       54.3108715037502,
       41.5016052753222
      ],
      [
       54.2882805982907,
       41.5415760570322
      ],
      [
       54.4046705324269,
       41.5780856156417
      ],
      [
       54.1977086023396,
       41.7208532314575
      ],
      [
       53.9809495685357,
       42.0786686317232
      ],
      [
       53.7594606267654,
       42.2057694646611
      ],
      [
       53.5586895703693,
       42.1748479532659
      ],
      [
       53.4208946024361,
       42.2104777473173
      ],
      [
       53.0194586045381,
       42.0811716356518
      ],
      [
       52.7542385916518,
       41.733441173658
      ],
      [
       52.8181725640105,
       41.5990244479838
      ],
      [
       52.7797044899032,
       41.4655035801217
      ],
      [
       52.7298884923522,
       41.4216461099056
      ],
      [
       52.5945284672937,
       41.5081552297457
      ],
      [
       52.5834844716595,
       41.6838818299826
      ],
      [
       52.4408305144509,
       41.7649009708757
      ],
      [
       52.4911004758782,
       41.9268606304101
      ],
      [
       52.4240496090019,
       42.1004922577654
      ],
      [
       52.6815795609937,
       42.553260371862
      ],
      [
       52.5607606292155,
       42.7324651266437
      ],
      [
       52.6998745734337,
       42.5864470087735
      ],
      [
       52.7403905141267,
       42.7139952677033
      ],
      [
       52.6182445594365,
       42.7394351820548
      ],
      [
       52.5786095567681,
       42.8096746925401
      ],
      [
       52.4280244751294,
       42.8367856231102
      ],
      [
       52.3037335914147,
       42.7942437764178
      ],
      [
       52.1715504753007,
       42.8695575234522
      ]
     ],
     [
      [
       54.2763905333492,
       40.0752868178422
      ],
      [
       54.1749616258429,
       39.9902009451626
      ],
      [
       54.1946414963268,
       39.9221626900913
      ],
      [
       54.3106306078527,
       39.8440235711319
      ],
      [
       54.3410414937061,
       39.6809548181682
      ],
      [
       54.4342655238244,
       39.5726155344015
      ],
      [
       54.6990815289772,
       39.5202170724798
      ],
      [
       55.034812626012,
       39.6034379717012
      ],
      [
       55.1115915297228,
       39.6784638841802
      ],
      [
       54.9140434827387,
       39.8372526697404
      ],
      [
       54.4347915720681,
       39.9774098256289
      ],
      [
       54.2763905333492,
       40.0752868178422
      ]
     ]
    ]
   }
  },
  {
   "type": "Feature",
   "properties": {
    "_manaName": "Desierto de Kyzyl-Kum",
    "name": "Desierto de Kyzyl-Kum",
    "_manaColor": "#d97706",
    "_manaFillOpacity": 0.85,
    "_manaBorderColor": "#FFFFFF",
    "_manaWeight": 1,
    "_manaOpacity": 1,
    "_manaGroupName": "Desiertos cálidos",
    "_manaGroupId": 1,
    "_manaGeometryType": "polygon",
    "_manaLabelStyle": {
     "enabled": true,
     "field": "name",
     "fontFamily": "DM Mono, monospace",
     "fontSize": 11,
     "color": "#ffffff",
     "fontWeight": "bold",
     "fontStyle": "normal",
     "haloColor": "#000000",
     "haloWidth": 3,
     "opacity": 1,
     "offsetX": 0,
     "offsetY": 0,
     "placement": "point"
    },
    "Continent": "Asia",
    "Area": "298,000 km²",
    "Countries": "Uzbekistan, Kazakhstan, Turkmenistan",
    "Type": "Cálido",
    "Description": "Desierto de Kyzyl-Kum: Ubicado entre los ríos Amu Daria y Syr Daria. El antiguo templo zoroástrico de fuego de Chilpyk se erige en su interior."
   },
   "geometry": {
    "type": "Polygon",
    "coordinates": [
     [
      [
       60.1847996192773,
       42.2161075364093
      ],
      [
       60.8459815767306,
       42.4525068781142
      ],
      [
       61.2520485761372,
       42.450866036747
      ],
      [
       61.4069706221209,
       42.5225173950045
      ],
      [
       61.554981621292,
       42.493335631434
      ],
      [
       61.7065505707263,
       42.5549382612412
      ],
      [
       62.1278686106129,
       42.5531264290492
      ],
      [
       62.3801535028688,
       42.7157341773377
      ],
      [
       62.8176534774029,
       42.8383345988184
      ],
      [
       62.9703905288649,
       43.0418245769691
      ],
      [
       63.2721405522044,
       43.0595625281236
      ],
      [
       63.7027516081503,
       43.3015544432704
      ],
      [
       63.993690485126,
       43.3647219744019
      ],
      [
       64.2500685959823,
       43.4847124388694
      ],
      [
       64.7123035668102,
       43.5179725012529
      ],
      [
       64.8547514968386,
       43.618192235406
      ],
      [
       64.8945236274431,
       43.8008816826171
      ],
      [
       65.2258984817555,
       44.0415619975537
      ],
      [
       65.3803095669211,
       44.2337955826436
      ],
      [
       65.483306560875,
       44.301410216328
      ],
      [
       65.7477266049214,
       44.3597603324239
      ],
      [
       65.8177106349977,
       44.4270281229547
      ],
      [
       66.1160735312609,
       44.3710093494101
      ],
      [
       66.3301775134125,
       44.1615185991324
      ],
      [
       66.3783035516437,
       44.0412220275607
      ],
      [
       66.5311965065048,
       43.9411211487947
      ],
      [
       67.2453914870212,
       43.7693226436657
      ],
      [
       67.4360425687899,
       43.4157927428594
      ],
      [
       67.7656706344789,
       43.1307560668292
      ],
      [
       67.9340285359892,
       42.9192551685302
      ],
      [
       68.0606995449319,
       42.8538863819846
      ],
      [
       68.1129535028427,
       42.6808874206817
      ],
      [
       68.0661395677359,
       42.5776161708557
      ],
      [
       68.141273606766,
       42.4224582581164
      ],
      [
       68.1542965697418,
       42.2540021207008
      ],
      [
       68.0444415026035,
       41.9693253635933
      ],
      [
       67.9558794870357,
       42.009269155575
      ],
      [
       67.7994616066099,
       41.9875710904425
      ],
      [
       67.529418646632,
       41.8258025383007
      ],
      [
       67.1186825918761,
       41.7564820196804
      ],
      [
       66.91251358983,
       41.6067523950806
      ],
      [
       66.6193235012973,
       41.5051151134612
      ],
      [
       66.5379486324331,
       41.3298500208136
      ],
      [
       66.3187635405718,
       41.1721795487761
      ],
      [
       66.127098583794,
       41.1082378650666
      ],
      [
       65.8310014835993,
       40.7913003360732
      ],
      [
       65.2580796255611,
       40.5687916519617
      ],
      [
       65.2049866391416,
       40.4218434781142
      ],
      [
       65.0804295461818,
       40.343017546008
      ],
      [
       65.0594325434316,
       40.2707072025223
      ],
      [
       65.1280514967555,
       40.1946162854247
      ],
      [
       65.381217494674,
       40.1375801164717
      ],
      [
       65.605499621861,
       39.8903032437298
      ],
      [
       65.9642715649181,
       39.8215060911443
      ],
      [
       66.0890125568338,
       39.7188073253057
      ],
      [
       66.132209533079,
       39.6183259081353
      ],
      [
       66.0705715316403,
       39.4661368655035
      ],
      [
       66.0852735574618,
       39.3267310634165
      ],
      [
       65.8267595700363,
       39.0499331276631
      ],
      [
       65.8355865522786,
       38.9351359227699
      ],
      [
       65.9823535093792,
       38.6438803774919
      ],
      [
       65.7293315125574,
       38.5225714396536
      ],
      [
       65.5867305289769,
       38.3856257261509
      ],
      [
       65.6188504848894,
       38.2056897341354
      ],
      [
       65.4695666099009,
       37.8631931001273
      ],
      [
       65.4922636302547,
       37.742658314867
      ],
      [
       65.3544316143093,
       37.7999161013402
      ],
      [
       65.2245784996421,
       38.0134132337014
      ],
      [
       65.0664825621991,
       38.1455287916757
      ],
      [
       64.7613375327942,
       38.2282496265531
      ],
      [
       64.1728895402136,
       38.650250288635
      ],
      [
       64.0787585881708,
       38.8544369705783
      ],
      [
       63.7883915246303,
       39.0967844460581
      ],
      [
       63.7551115133173,
       39.233783300827
      ],
      [
       63.5888405380616,
       39.2362861371176
      ],
      [
       63.1853905364668,
       39.4158187919518
      ],
      [
       63.0454595243263,
       39.6443072934323
      ],
      [
       62.6195485367714,
       39.9828000599279
      ],
      [
       62.4220085364143,
       40.4270245001098
      ],
      [
       62.1744114749708,
       40.7340308149356
      ],
      [
       62.052429637945,
       41.0284808711548
      ],
      [
       61.9407345754199,
       41.1438475425503
      ],
      [
       61.5406185596352,
       41.3363766735463
      ],
      [
       61.2455405312296,
       41.3573277434671
      ],
      [
       61.1964115144636,
       41.4306149139498
      ],
      [
       60.9794575175916,
       41.5197940052299
      ],
      [
       60.6843494819725,
       41.7161422665923
      ],
      [
       60.6621096106183,
       41.7809568416994
      ],
      [
       60.4914515472364,
       41.8460733329591
      ],
      [
       60.4252395412307,
       42.0117290765212
      ],
      [
       60.2518194731118,
       42.1174112969788
      ],
      [
       60.1847996192773,
       42.2161075364093
      ]
     ]
    ]
   }
  },
  {
   "type": "Feature",
   "properties": {
    "_manaName": "Desierto de Thar",
    "name": "Desierto de Thar",
    "_manaColor": "#d97706",
    "_manaFillOpacity": 0.85,
    "_manaBorderColor": "#FFFFFF",
    "_manaWeight": 1,
    "_manaOpacity": 1,
    "_manaGroupName": "Desiertos cálidos",
    "_manaGroupId": 1,
    "_manaGeometryType": "polygon",
    "_manaLabelStyle": {
     "enabled": true,
     "field": "name",
     "fontFamily": "DM Mono, monospace",
     "fontSize": 11,
     "color": "#ffffff",
     "fontWeight": "bold",
     "fontStyle": "normal",
     "haloColor": "#000000",
     "haloWidth": 3,
     "opacity": 1,
     "offsetX": 0,
     "offsetY": 0,
     "placement": "point"
    },
    "Continent": "Asia",
    "Area": "200,000 km²",
    "Countries": "India, Pakistan",
    "Type": "Cálido",
    "Description": "Desierto de Thar: El desierto más densamente poblado del mundo. Rico patrimonio cultural con festivales vibrantes y textiles coloridos."
   },
   "geometry": {
    "type": "Polygon",
    "coordinates": [
     [
      [
       71.8780975395974,
       29.4404552962265
      ],
      [
       72.3112865336863,
       29.6054897731248
      ],
      [
       72.4947125825492,
       29.7273152038372
      ],
      [
       72.7691805168557,
       29.7643747829335
      ],
      [
       72.8764495992239,
       29.8540705347258
      ],
      [
       73.1434175742,
       29.7750424311148
      ],
      [
       73.2415316066354,
       29.8404299931235
      ],
      [
       73.3155215158811,
       29.7419137969734
      ],
      [
       73.4297026508904,
       29.9528847913532
      ],
      [
       73.8497396006944,
       30.0500531774714
      ],
      [
       74.2758026359731,
       29.8309604541832
      ],
      [
       74.380416499051,
       29.5673402113385
      ],
      [
       74.5507585646829,
       29.40026692031
      ],
      [
       74.7094725836667,
       29.4706152278986
      ],
      [
       74.8427424973475,
       29.4570026818529
      ],
      [
       75.0962375687849,
       29.1620961471864
      ],
      [
       75.5238876336123,
       29.0016044941754
      ],
      [
       75.8422016387464,
       28.6690256632899
      ],
      [
       76.0624316186586,
       28.6351389698245
      ],
      [
       76.10160058751,
       28.5026924943124
      ],
      [
       76.0046466104752,
       28.3795973729058
      ],
      [
       75.4716185882758,
       28.0158024905471
      ],
      [
       75.1242066386029,
       27.9548050341497
      ],
      [
       74.9452285304833,
       27.8386097278055
      ],
      [
       74.854911512027,
       27.6904761852099
      ],
      [
       74.8845596446907,
       27.365680119068
      ],
      [
       74.8290095871721,
       27.1966464685231
      ],
      [
       74.5772626454625,
       26.9934062710872
      ],
      [
       74.3320235810225,
       26.6521013760737
      ],
      [
       74.1682665061695,
       26.5346065394599
      ],
      [
       73.986297567356,
       26.5336184807127
      ],
      [
       73.9495315225091,
       26.5938850351525
      ],
      [
       74.2093425256332,
       27.0481548510234
      ],
      [
       74.2111285415634,
       27.176758223926
      ],
      [
       74.1443326521819,
       27.3324022870499
      ],
      [
       73.9077375092187,
       27.5264341256486
      ],
      [
       73.6125865582553,
       27.5033540523193
      ],
      [
       73.5633924979206,
       27.0632830128027
      ],
      [
       73.3493725024389,
       26.6796310665268
      ],
      [
       72.6271895681889,
       26.2588989216727
      ],
      [
       72.0747985114458,
       25.7613917287832
      ],
      [
       72.1101535467108,
       25.6979046795024
      ],
      [
       72.2623295135736,
       25.6447872179256
      ],
      [
       71.9186936112849,
       25.1546105022841
      ],
      [
       71.9302215780089,
       25.026379621159
      ],
      [
       72.0317225698826,
       24.9433104343853
      ],
      [
       71.7232135474541,
       24.5641089434235
      ],
      [
       71.6286165615944,
       24.5494607294204
      ],
      [
       71.1312025754684,
       24.7541206536175
      ],
      [
       71.0534595852534,
       24.7341747415265
      ],
      [
       71.0734635001144,
       24.6632039938075
      ],
      [
       70.9870604951686,
       24.5917465927897
      ],
      [
       71.0001835380684,
       24.4426449403763
      ],
      [
       71.122222539674,
       24.4046179220146
      ],
      [
       70.8721236477683,
       24.3017119555294
      ],
      [
       70.8996965888419,
       24.2671837111943
      ],
      [
       70.8274615148467,
       24.2272353929849
      ],
      [
       70.5883335283795,
       24.2401349743458
      ],
      [
       70.5680235064143,
       24.4159262828753
      ],
      [
       70.1336665779358,
       24.2936631491786
      ],
      [
       69.9999995296822,
       24.1654636163714
      ],
      [
       69.7334285216408,
       24.1721693065561
      ],
      [
       69.5765226468117,
       24.2813429249656
      ],
      [
       69.1918335238358,
       24.2865135534013
      ],
      [
       69.1940994875424,
       24.4545542836952
      ],
      [
       69.3089595567095,
       24.5439298467859
      ],
      [
       69.3592226449763,
       24.7263720278532
      ],
      [
       69.6475606173942,
       25.0505775050968
      ],
      [
       69.8268966327798,
       25.5196842954305
      ],
      [
       69.578216629445,
       25.4843659729014
      ],
      [
       69.4858326336638,
       25.7688695598891
      ],
      [
       69.3227466139795,
       25.9021753481155
      ],
      [
       69.3226165268421,
       26.0148200802713
      ],
      [
       69.0129476166512,
       26.3145276014432
      ],
      [
       68.8803785977146,
       26.1215661318809
      ],
      [
       68.7852325971964,
       26.1686122457059
      ],
      [
       68.7400435778407,
       26.2651786435376
      ],
      [
       68.5062335736672,
       26.3870630828484
      ],
      [
       68.3627166157068,
       26.5774246536813
      ],
      [
       68.4146886063946,
       26.6829798044866
      ],
      [
       68.3602295373943,
       26.773836952784
      ],
      [
       68.4713286466031,
       26.9501970572634
      ],
      [
       68.688461513289,
       27.1460395545877
      ],
      [
       68.6747286031136,
       27.2604354339566
      ],
      [
       68.7254716391566,
       27.3292625937555
      ],
      [
       68.7324064905743,
       27.1278801613412
      ],
      [
       68.8301005896602,
       27.0901698112817
      ],
      [
       68.9324184818181,
       27.2087276408572
      ],
      [
       68.9404295696046,
       27.0360763608983
      ],
      [
       68.9733805073986,
       27.0400540768729
      ],
      [
       69.0281906105041,
       27.2877532298972
      ],
      [
       69.3174135442602,
       27.7162550637261
      ],
      [
       69.5959626272265,
       27.7885018723857
      ],
      [
       69.6689296090076,
       27.9118149232751
      ],
      [
       69.6792296269154,
       27.8681497339181
      ],
      [
       69.8321375015641,
       27.9659755965221
      ],
      [
       69.8591994818196,
       28.0713812141746
      ],
      [
       69.99413253273,
       28.0509000337464
      ],
      [
       70.100318505569,
       28.1513276390984
      ],
      [
       70.3019865932437,
       28.1593476117022
      ],
      [
       70.2992016220921,
       28.2169450328923
      ],
      [
       70.3635406080125,
       28.2185169750153
      ],
      [
       70.3936765674414,
       28.3137412625092
      ],
      [
       70.5482635049359,
       28.4727546830747
      ],
      [
       70.6971125267872,
       28.5086930988013
      ],
      [
       70.7530665920393,
       28.610776130032
      ],
      [
       70.8618925291048,
       28.6157977282292
      ],
      [
       70.7609405518896,
       28.6882358119194
      ],
      [
       70.9162365983934,
       28.7396029644734
      ],
      [
       70.8948136273234,
       28.8573879825754
      ],
      [
       71.0226596114543,
       29.0435627927682
      ],
      [
       71.1901776462657,
       29.0876088558058
      ],
      [
       71.3218766236519,
       29.0024624657852
      ],
      [
       71.4409635189562,
       29.0233915751197
      ],
      [
       71.3936465020204,
       29.0990815019689
      ],
      [
       71.270217613229,
       29.1228384977992
      ],
      [
       71.4679104995001,
       29.1919959045836
      ],
      [
       71.5834885624939,
       29.329359372141
      ],
      [
       71.8780975395974,
       29.4404552962265
      ]
     ]
    ]
   }
  },
  {
   "type": "Feature",
   "properties": {
    "_manaName": "Desierto de Sonora",
    "name": "Desierto de Sonora",
    "_manaColor": "#d97706",
    "_manaFillOpacity": 0.85,
    "_manaBorderColor": "#FFFFFF",
    "_manaWeight": 1,
    "_manaOpacity": 1,
    "_manaGroupName": "Desiertos cálidos",
    "_manaGroupId": 1,
    "_manaGeometryType": "polygon",
    "_manaLabelStyle": {
     "enabled": true,
     "field": "name",
     "fontFamily": "DM Mono, monospace",
     "fontSize": 11,
     "color": "#ffffff",
     "fontWeight": "bold",
     "fontStyle": "normal",
     "haloColor": "#000000",
     "haloWidth": 3,
     "opacity": 1,
     "offsetX": 0,
     "offsetY": 0,
     "placement": "point"
    },
    "Continent": "Norteamérica",
    "Area": "310,000 km²",
    "Countries": "Mexico, United States",
    "Type": "Cálido",
    "Description": "Desierto de Sonora: Conocido por sus icónicos cactus saguaro. Se extiende por Arizona, California y Sonora. Dos temporadas de lluvias sustentan una rica biodiversidad."
   },
   "geometry": {
    "type": "Polygon",
    "coordinates": [
     [
      [
       -116.748336688729,
       33.9080309829322
      ],
      [
       -116.615104661251,
       33.8188993332241
      ],
      [
       -116.577598661991,
       33.7032228666869
      ],
      [
       -116.392509643537,
       33.5980807760704
      ],
      [
       -116.30686168043,
       33.4824380047841
      ],
      [
       -116.328285657328,
       33.4320164985472
      ],
      [
       -116.471038688632,
       33.4728023365226
      ],
      [
       -116.525771678229,
       33.4458100937016
      ],
      [
       -116.464370549374,
       33.0652783947047
      ],
      [
       -116.210693590637,
       32.7253457848803
      ],
      [
       -116.076225567716,
       32.6169781702809
      ],
      [
       -116.057647582224,
       32.6424055117776
      ],
      [
       -116.002853572373,
       32.5215062813669
      ],
      [
       -115.859664682103,
       32.4384598933698
      ],
      [
       -115.871536642134,
       32.2529717286858
      ],
      [
       -115.784644636956,
       32.1080635424352
      ],
      [
       -115.756774641234,
       31.8765441447636
      ],
      [
       -115.677497595098,
       31.8155131607534
      ],
      [
       -115.682426657084,
       31.7290379038022
      ],
      [
       -115.518920536412,
       31.5145240465849
      ],
      [
       -115.472625608751,
       31.3631602861405
      ],
      [
       -115.475707634551,
       31.3301583863752
      ],
      [
       -115.710403605891,
       31.3732648380659
      ],
      [
       -115.721504598467,
       31.3132220804412
      ],
      [
       -115.476264528199,
       31.2667754403318
      ],
      [
       -115.387542585918,
       31.0809260156206
      ],
      [
       -115.262199605716,
       30.9883661675105
      ],
      [
       -115.292716606463,
       30.8471832343106
      ],
      [
       -115.200706611202,
       30.7494638218771
      ],
      [
       -115.234825651024,
       30.6152276423974
      ],
      [
       -115.123939609794,
       30.5405480701578
      ],
      [
       -115.089935569684,
       30.4549222352751
      ],
      [
       -114.981765600361,
       30.4502384277764
      ],
      [
       -114.80987556485,
       30.2759719550741
      ],
      [
       -114.826728554666,
       30.1753433516837
      ],
      [
       -114.753219599025,
       30.1612131392974
      ],
      [
       -114.653777537849,
       30.0208813045467
      ],
      [
       -114.530448561344,
       29.9627355392503
      ],
      [
       -114.658500572655,
       30.2095762177505
      ],
      [
       -114.630653543347,
       30.4956178839724
      ],
      [
       -114.696342686233,
       30.6385838156175
      ],
      [
       -114.707519618851,
       30.9046572738859
      ],
      [
       -114.828704672161,
       30.9956919508927
      ],
      [
       -114.881774524527,
       31.1202088107172
      ],
      [
       -114.856895527137,
       31.5176521728529
      ],
      [
       -114.775947632421,
       31.6438328404593
      ],
      [
       -114.827072547973,
       31.7996767281551
      ],
      [
       -114.956016561421,
       31.9126969695735
      ],
      [
       -114.682662582047,
       31.7578421464534
      ],
      [
       -114.575782587625,
       31.7453304795717
      ],
      [
       -114.169975594855,
       31.4957697058504
      ],
      [
       -114.022178669491,
       31.4951997364339
      ],
      [
       -113.941963688389,
       31.5686511922191
      ],
      [
       -113.959762659799,
       31.644545805144
      ],
      [
       -113.927970603939,
       31.5940654579468
      ],
      [
       -113.646575529566,
       31.4862032721093
      ],
      [
       -113.620651644125,
       31.3251674659437
      ],
      [
       -113.104461524316,
       31.2196183501086
      ],
      [
       -113.038787636494,
       31.1434198093743
      ],
      [
       -113.062042556324,
       31.0135723944012
      ],
      [
       -113.092681597582,
       30.9885852704597
      ],
      [
       -113.123229611371,
       31.051436133289
      ],
      [
       -113.094283546918,
       30.7016194155929
      ],
      [
       -112.773216589503,
       30.2239186599255
      ],
      [
       -112.74306453682,
       29.9093304107563
      ],
      [
       -112.681159655584,
       29.9033904912465
      ],
      [
       -112.376609573667,
       29.4760658119006
      ],
      [
       -112.399238532967,
       29.330973391418
      ],
      [
       -112.300720660436,
       29.3640002692547
      ],
      [
       -112.203941529902,
       29.2557483249192
      ],
      [
       -112.15331265538,
       28.9609380145013
      ],
      [
       -111.936195546672,
       28.8155706675942
      ],
      [
       -111.947822587492,
       28.7583199219197
      ],
      [
       -111.768897620638,
       28.6017984411706
      ],
      [
       -111.709434555438,
       28.4557412636315
      ],
      [
       -111.432609629956,
       28.3601451549123
      ],
      [
       -111.44997358059,
       28.3108531939484
      ],
      [
       -111.268852555103,
       28.0775179407712
      ],
      [
       -111.088889573359,
       27.9397906986156
      ],
      [
       -111.001968566797,
       27.9623857950267
      ],
      [
       -110.879157591908,
       27.8429297607062
      ],
      [
       -110.858253628283,
       27.9003463004256
      ],
      [
       -110.777908560044,
       27.9190523613977
      ],
      [
       -110.499206591164,
       27.8649926062651
      ],
      [
       -110.292640622183,
       27.6285436436934
      ],
      [
       -110.136482580756,
       27.5776668324756
      ],
      [
       -109.984641554744,
       27.6100315399609
      ],
      [
       -109.94356553528,
       27.7020457261737
      ],
      [
       -109.980010553235,
       27.894325411731
      ],
      [
       -109.940620637416,
       27.9391536739737
      ],
      [
       -109.97753152155,
       27.9840297130646
      ],
      [
       -110.072807609205,
       27.982745940773
      ],
      [
       -110.073203570312,
       28.071339975211
      ],
      [
       -110.128982621425,
       28.1017689659752
      ],
      [
       -110.177574525835,
       28.2363042117605
      ],
      [
       -110.142555604888,
       28.3433838631168
      ],
      [
       -110.041808649025,
       28.369091663094
      ],
      [
       -110.10066268514,
       28.4520393122715
      ],
      [
       -110.042770556234,
       28.4719335918389
      ],
      [
       -110.191360577277,
       28.4544273164885
      ],
      [
       -110.259811557261,
       28.5039422360771
      ],
      [
       -110.367904580712,
       28.4591300670884
      ],
      [
       -110.596580669186,
       28.5134518405146
      ],
      [
       -110.58077256742,
       28.6243885084397
      ],
      [
       -110.637382600416,
       28.734712123966
      ],
      [
       -110.595840547135,
       28.9410217743475
      ],
      [
       -110.533378604613,
       28.9607948515949
      ],
      [
       -110.646713670315,
       28.9741205689137
      ],
      [
       -110.622123680947,
       29.0894270582444
      ],
      [
       -110.704559531116,
       29.0652957266179
      ],
      [
       -110.604308616283,
       29.1297312720629
      ],
      [
       -110.593734677779,
       29.0757685793692
      ],
      [
       -110.482009608041,
       29.0631429186043
      ],
      [
       -110.514778658535,
       29.0193556887369
      ],
      [
       -110.479286662972,
       28.9328031506383
      ],
      [
       -110.419074590903,
       28.9709567357381
      ],
      [
       -110.369377616378,
       28.9349070083373
      ],
      [
       -110.303619574248,
       28.9616130929836
      ],
      [
       -110.32099157151,
       29.0960296510199
      ],
      [
       -110.269218567204,
       29.0930797240135
      ],
      [
       -110.211906633636,
       29.1807073250144
      ],
      [
       -110.222152672087,
       29.261680030164
      ],
      [
       -110.329399626231,
       29.3190700830693
      ],
      [
       -110.301544550296,
       29.4530698928793
      ],
      [
       -110.353515535156,
       29.4774236802163
      ],
      [
       -110.35936761232,
       29.637319547549
      ],
      [
       -110.555015649491,
       29.7511573598039
      ],
      [
       -110.538032572537,
       29.8782856853842
      ],
      [
       -110.62582362065,
       29.906467655543
      ],
      [
       -110.671172566718,
       30.0246481318372
      ],
      [
       -110.507842633651,
       30.2537957861841
      ],
      [
       -110.537292618124,
       30.3199291699379
      ],
      [
       -110.503936666768,
       30.4228052968479
      ],
      [
       -110.561973634961,
       30.5200730923379
      ],
      [
       -110.591667532816,
       30.4264254408328
      ],
      [
       -110.622306574074,
       30.4354490625237
      ],
      [
       -110.639511603824,
       30.6068467450425
      ],
      [
       -110.673866678039,
       30.5921153825599
      ],
      [
       -110.746841538809,
       30.4080088907966
      ],
      [
       -110.805244628534,
       30.3789991238793
      ],
      [
       -110.754073612514,
       30.2976039708094
      ],
      [
       -110.847511548802,
       30.2725217960857
      ],
      [
       -110.907852534542,
       30.3711164468497
      ],
      [
       -110.837219577521,
       30.4758416216018
      ],
      [
       -110.917243618868,
       30.5127763103408
      ],
      [
       -110.952514667463,
       30.6102895279559
      ],
      [
       -110.846549641592,
       30.8215170085732
      ],
      [
       -110.866302602272,
       30.9249165015179
      ],
      [
       -110.898383666154,
       30.9380940267883
      ],
      [
       -110.916969530634,
       30.7758839159868
      ],
      [
       -111.047370654131,
       30.7426830298399
      ],
      [
       -111.100471687178,
       31.0228209863737
      ],
      [
       -111.224914618616,
       31.0892956812252
      ],
      [
       -111.183341552294,
       31.1865322960354
      ],
      [
       -111.203117647026,
       31.2830011285139
      ],
      [
       -111.303146609063,
       31.2589350080942
      ],
      [
       -111.263252605586,
       31.3472630009251
      ],
      [
       -111.352561616366,
       31.3683840558423
      ],
      [
       -111.377197538564,
       31.2123224063018
      ],
      [
       -111.40717357128,
       31.2223362660349
      ],
      [
       -111.543273550752,
       31.3499277755851
      ],
      [
       -111.527053562264,
       31.4594700300967
      ],
      [
       -111.605163679838,
       31.4772483820245
      ],
      [
       -111.638420557098,
       31.5411652553006
      ],
      [
       -111.63912161948,
       31.8911305003211
      ],
      [
       -111.506019679139,
       32.0200123200474
      ],
      [
       -111.447593623001,
       31.9948552111093
      ],
      [
       -111.390693576155,
       31.6724508372217
      ],
      [
       -111.329048533918,
       31.6951081273544
      ],
      [
       -111.25061755709,
       31.923196644415
      ],
      [
       -111.168182545111,
       32.0184403779244
      ],
      [
       -111.063316554385,
       31.9860396282554
      ],
      [
       -111.027358525005,
       31.9185658105444
      ],
      [
       -111.084861565965,
       31.7226772127525
      ],
      [
       -111.058021538506,
       31.6673821327287
      ],
      [
       -110.995933596505,
       31.6801316780227
      ],
      [
       -110.818756591741,
       31.9175618261811
      ],
      [
       -110.610679533254,
       31.974589948507
      ],
      [
       -110.657707542168,
       32.262775370287
      ],
      [
       -110.856529638436,
       32.3759768284523
      ],
      [
       -110.83826463321,
       32.5388288253996
      ],
      [
       -111.03128863177,
       32.5261682959174
      ],
      [
       -111.001121659299,
       32.9125540837356
      ],
      [
       -110.595603674551,
       32.9746524192971
      ],
      [
       -110.504218633991,
       33.0943347650036
      ],
      [
       -110.094344574159,
       33.0805371465356
      ],
      [
       -110.085761672937,
       33.1765652585448
      ],
      [
       -110.182914636353,
       33.2775521044773
      ],
      [
       -110.411140616626,
       33.3432172751193
      ],
      [
       -110.699195615993,
       33.1331446531227
      ],
      [
       -110.841674559063,
       33.1222729894179
      ],
      [
       -111.097244654452,
       33.2094551760836
      ],
      [
       -111.568679602214,
       33.5501582504486
      ],
      [
       -111.600631584787,
       33.7554551992875
      ],
      [
       -111.751655542876,
       33.7642791640447
      ],
      [
       -112.322845532079,
       34.1396683978006
      ],
      [
       -112.595779578102,
       34.1933590139171
      ],
      [
       -112.628654575854,
       34.2538664642544
      ],
      [
       -112.591667584039,
       34.3129959297083
      ],
      [
       -112.676071672713,
       34.4829252704275
      ],
      [
       -112.977241668353,
       34.6131818899138
      ],
      [
       -113.143958560858,
       34.7984717387686
      ],
      [
       -113.302062544928,
       34.8231643226322
      ],
      [
       -113.383018653909,
       34.9026792471801
      ],
      [
       -113.48974559478,
       34.9127729026314
      ],
      [
       -113.682906553638,
       35.0262300088437
      ],
      [
       -113.742683604931,
       34.9323982907447
      ],
      [
       -113.685279638067,
       34.6495658876137
      ],
      [
       -113.73073553722,
       34.5962450810657
      ],
      [
       -113.8606186591,
       34.7121401476378
      ],
      [
       -113.927848563429,
       34.8717351046463
      ],
      [
       -114.030288663735,
       34.7415433610905
      ],
      [
       -114.031249565116,
       34.5988661021911
      ],
      [
       -114.292411563395,
       34.620502476516
      ],
      [
       -114.285560531009,
       34.5368976861289
      ],
      [
       -114.555877579221,
       34.5451945968139
      ],
      [
       -114.737144617462,
       34.6854568617682
      ],
      [
       -114.810905533113,
       34.4892071715872
      ],
      [
       -114.766555542266,
       34.2047456617535
      ],
      [
       -115.012534561119,
       34.3402171661243
      ],
      [
       -115.044113549,
       34.4134951165136
      ],
      [
       -115.143844618197,
       34.3083347533481
      ],
      [
       -115.204070604226,
       34.3721183543636
      ],
      [
       -115.271804596211,
       34.35764247229
      ],
      [
       -115.330535585988,
       34.2728248205123
      ],
      [
       -115.274665675044,
       34.1057116316247
      ],
      [
       -115.306190683468,
       33.8740738814801
      ],
      [
       -115.342185593223,
       33.8628593979351
      ],
      [
       -115.4134525574,
       33.9667032993866
      ],
      [
       -115.505256525481,
       33.8715561254019
      ],
      [
       -115.538253563742,
       33.7343908060358
      ],
      [
       -116.090782586612,
       33.7108135182097
      ],
      [
       -116.235244687975,
       33.8737148007477
      ],
      [
       -116.385230631174,
       33.9253726377042
      ],
      [
       -116.519584660213,
       34.0382503867685
      ],
      [
       -116.65874453726,
       34.0322006643269
      ],
      [
       -116.74342355236,
       33.9693853407671
      ],
      [
       -116.748336688729,
       33.9080309829322
      ]
     ],
     [
      [
       -110.813331656363,
       30.03616754902
      ],
      [
       -110.747947614754,
       30.092363683636
      ],
      [
       -110.654800530506,
       29.971145102714
      ],
      [
       -110.557807661441,
       29.6222832514285
      ],
      [
       -110.659561619153,
       29.5474340294686
      ],
      [
       -110.674430612486,
       29.6136455325602
      ],
      [
       -110.731567531915,
       29.6347967623289
      ],
      [
       -110.708923652827,
       29.7751393259157
      ],
      [
       -110.791465617891,
       29.828484607621
      ],
      [
       -110.760375630241,
       29.9533806647455
      ],
      [
       -110.813331656363,
       30.03616754902
      ]
     ],
     [
      [
       -110.796195525857,
       28.9006853740207
      ],
      [
       -110.795173604221,
       28.9918566760494
      ],
      [
       -110.712615545903,
       28.8781712467944
      ],
      [
       -110.796195525857,
       28.9006853740207
      ]
     ],
     [
      [
       -110.788139678708,
       28.8236716093827
      ],
      [
       -110.740753594889,
       28.8620458061743
      ],
      [
       -110.770774554607,
       28.7913127692296
      ],
      [
       -110.788139678708,
       28.8236716093827
      ]
     ],
     [
      [
       -110.764732543516,
       29.1244293830234
      ],
      [
       -110.734458617961,
       29.1232295974017
      ],
      [
       -110.719474624916,
       29.0651819003726
      ],
      [
       -110.764732543516,
       29.1244293830234
      ]
     ],
     [
      [
       -110.68599663305,
       29.5074495014374
      ],
      [
       -110.588844675462,
       29.5621985842878
      ],
      [
       -110.534118559026,
       29.5329008151772
      ],
      [
       -110.559326629936,
       29.4767636891597
      ],
      [
       -110.463889609739,
       29.3246256084992
      ],
      [
       -110.530708633173,
       29.1136868006276
      ],
      [
       -110.596404649219,
       29.1708827286553
      ],
      [
       -110.530616599876,
       29.2322722904836
      ],
      [
       -110.557517647591,
       29.3217429043564
      ],
      [
       -110.652999594789,
       29.3256366336612
      ],
      [
       -110.625388599875,
       29.4137242335088
      ],
      [
       -110.68599663305,
       29.5074495014374
      ]
     ],
     [
      [
       -110.490165535114,
       28.2244758376264
      ],
      [
       -110.431640572518,
       28.2452089780643
      ],
      [
       -110.385208684558,
       28.3792902599732
      ],
      [
       -110.352332680978,
       28.3308685081977
      ],
      [
       -110.386680546757,
       28.199241782817
      ],
      [
       -110.294433678912,
       28.0707820757351
      ],
      [
       -110.34957168207,
       27.9763430049313
      ],
      [
       -110.410858649403,
       27.9989749817165
      ],
      [
       -110.383590641967,
       28.0739730662769
      ],
      [
       -110.45658863679,
       28.0100545166202
      ],
      [
       -110.485809627668,
       28.0750560081682
      ],
      [
       -110.490165535114,
       28.2244758376264
      ]
     ]
    ]
   }
  },
  {
   "type": "Feature",
   "properties": {
    "_manaName": "Desierto antártico",
    "name": "Desierto antártico",
    "_manaColor": "#7c3aed",
    "_manaFillOpacity": 0.85,
    "_manaBorderColor": "#FFFFFF",
    "_manaWeight": 1,
    "_manaOpacity": 1,
    "_manaGroupName": "Desiertos fríos",
    "_manaGroupId": 2,
    "_manaGeometryType": "polygon",
    "_manaLabelStyle": {
     "enabled": true,
     "field": "name",
     "fontFamily": "DM Mono, monospace",
     "fontSize": 11,
     "color": "#ffffff",
     "fontWeight": "bold",
     "fontStyle": "normal",
     "haloColor": "#000000",
     "haloWidth": 3,
     "opacity": 1,
     "offsetX": 0,
     "offsetY": 0,
     "placement": "point"
    },
    "Continent": "Antártida",
    "Area": "14.2 million km²",
    "Countries": "Antarctica (international territory)",
    "Type": "Frío",
    "Description": "Desierto antártico: El desierto más grande de la Tierra por superficie. Recibe menos de 50 mm de precipitación al año. 98% cubierto por una capa de hielo de 2.160 m de espesor medio."
   },
   "geometry": {
    "type": "Polygon",
    "coordinates": [
     [
      [
       -180,
       -89.998926
      ],
      [
       180,
       -89.998926
      ],
      [
       180,
       -84.351562
      ],
      [
       179.999949,
       -84.35154957747838
      ],
      [
       179.999949,
       -77.873644
      ],
      [
       176.231755,
       -77.700322
      ],
      [
       176.048045,
       -77.635158
      ],
      [
       171.268854,
       -77.485193
      ],
      [
       169.448758,
       -77.45212
      ],
      [
       169.294142,
       -77.471498
      ],
      [
       169.3387354459641,
       -77.51200200758231
      ],
      [
       169.275586,
       -77.454688
      ],
      [
       168.450781,
       -77.386133
      ],
      [
       167.460938,
       -77.394336
      ],
      [
       167.084082,
       -77.32168
      ],
      [
       167.106836,
       -77.270605
      ],
      [
       166.987305,
       -77.186523
      ],
      [
       166.506348,
       -77.189355
      ],
      [
       166.413086,
       -77.251953
      ],
      [
       166.626367,
       -77.376758
      ],
      [
       166.216797,
       -77.524609
      ],
      [
       166.729004,
       -77.850977
      ],
      [
       167.3921605184965,
       -77.64867097498397
      ],
      [
       166.767371,
       -77.845429
      ],
      [
       166.839667,
       -77.882739
      ],
      [
       166.708874,
       -77.911782
      ],
      [
       165.843449,
       -77.823156
      ],
      [
       165.302913,
       -77.882894
      ],
      [
       165.186383,
       -77.971106
      ],
      [
       164.787906,
       -78.049964
      ],
      [
       164.38692291424275,
       -78.05937157038684
      ],
      [
       164.429688,
       -78.042188
      ],
      [
       164.491504,
       -77.954004
      ],
      [
       164.42592791739207,
       -77.88851893594709
      ],
      [
       164.496089,
       -77.852974
      ],
      [
       164.528852,
       -77.827342
      ],
      [
       164.457797,
       -77.731999
      ],
      [
       164.327727,
       -77.673967
      ],
      [
       163.842692,
       -77.720372
      ],
      [
       164.04516,
       -77.774581
      ],
      [
       164.04515854868814,
       -77.77459388441687
      ],
      [
       163.766211,
       -77.699902
      ],
      [
       163.619141,
       -77.582324
      ],
      [
       163.607617,
       -77.387793
      ],
      [
       163.086914,
       -77.032324
      ],
      [
       162.450293,
       -76.955664
      ],
      [
       162.489453,
       -76.869238
      ],
      [
       162.762793,
       -76.745703
      ],
      [
       162.674609,
       -76.569336
      ],
      [
       162.824609,
       -76.463574
      ],
      [
       162.727539,
       -76.225391
      ],
      [
       162.498242,
       -76.207715
      ],
      [
       162.436523,
       -76.154883
      ],
      [
       162.648242,
       -76.049023
      ],
      [
       162.815723,
       -75.846191
      ],
      [
       162.239063,
       -75.62168
      ],
      [
       162.189648,
       -75.466895
      ],
      [
       161.903516,
       -75.404199
      ],
      [
       161.03291,
       -75.395898
      ],
      [
       160.910742,
       -75.334668
      ],
      [
       161.67959,
       -75.217773
      ],
      [
       162.087793,
       -75.261621
      ],
      [
       162.410059,
       -75.237598
      ],
      [
       162.5088751270304,
       -75.18119837653573
      ],
      [
       162.908434,
       -75.178873
      ],
      [
       162.759244,
       -75.102909
      ],
      [
       163.122271,
       -75.045186
      ],
      [
       163.094572,
       -75.006377
      ],
      [
       163.187745,
       -75.047977
      ],
      [
       163.070646,
       -75.139341
      ],
      [
       163.096588,
       -75.190035
      ],
      [
       163.280246,
       -75.175618
      ],
      [
       163.382927,
       -75.118205
      ],
      [
       163.342723,
       -75.091902
      ],
      [
       163.550255,
       -75.119032
      ],
      [
       163.676397,
       -75.028443
      ],
      [
       163.742957,
       -74.8807
      ],
      [
       163.95576,
       -74.865404
      ],
      [
       163.763317,
       -74.802824
      ],
      [
       163.76321771247487,
       -74.80240651571918
      ],
      [
       163.763379,
       -74.802832
      ],
      [
       163.975977,
       -74.832715
      ],
      [
       164.20849478105418,
       -74.60771617952858
      ],
      [
       164.575154,
       -74.699316
      ],
      [
       164.499396,
       -74.544545
      ],
      [
       163.7352677558369,
       -74.5637687294076
      ],
      [
       164.174023,
       -74.523242
      ],
      [
       165.302832,
       -74.59375
      ],
      [
       165.408594,
       -74.558594
      ],
      [
       165.399805,
       -74.479199
      ],
      [
       165.037207,
       -74.263477
      ],
      [
       164.775684,
       -74.028516
      ],
      [
       164.77572070213697,
       -74.02850879159246
      ],
      [
       165.084115,
       -74.166584
      ],
      [
       165.152586,
       -74.125398
      ],
      [
       165.047115,
       -73.980807
      ],
      [
       164.77604363475066,
       -74.0284453666782
      ],
      [
       164.905957,
       -74.00293
      ],
      [
       164.979883,
       -73.925879
      ],
      [
       164.887695,
       -73.837695
      ],
      [
       164.749609,
       -73.558789
      ],
      [
       164.812988,
       -73.396777
      ],
      [
       165.129492,
       -73.382617
      ],
      [
       165.244531,
       -73.571191
      ],
      [
       165.249902,
       -73.782422
      ],
      [
       165.346973,
       -73.879395
      ],
      [
       165.733691,
       -73.866699
      ],
      [
       166.106055,
       -73.735156
      ],
      [
       165.8610425867904,
       -73.5931897104498
      ],
      [
       166.07284,
       -73.709609
      ],
      [
       166.29417,
       -73.72475
      ],
      [
       166.446978,
       -73.796736
      ],
      [
       166.801323,
       -73.736688
      ],
      [
       166.613324,
       -73.651215
      ],
      [
       166.505475,
       -73.652145
      ],
      [
       166.595289,
       -73.606876
      ],
      [
       166.925811,
       -73.668785
      ],
      [
       167.055313,
       -73.634058
      ],
      [
       166.857909,
       -73.584397
      ],
      [
       166.85566808213525,
       -73.54256590495528
      ],
      [
       166.996094,
       -73.544336
      ],
      [
       167.296484,
       -73.440039
      ],
      [
       167.41664321832397,
       -73.4436923667829
      ],
      [
       167.265171,
       -73.469314
      ],
      [
       167.546755,
       -73.531687
      ],
      [
       168.397711,
       -73.597575
      ],
      [
       168.54008,
       -73.573545
      ],
      [
       168.62948,
       -73.481974
      ],
      [
       168.565246,
       -73.447299
      ],
      [
       168.617129,
       -73.435052
      ],
      [
       168.565918,
       -73.355264
      ],
      [
       168.666997,
       -73.354282
      ],
      [
       168.9661,
       -73.505022
      ],
      [
       169.154358,
       -73.461355
      ],
      [
       169.184795,
       -73.383221
      ],
      [
       168.991939,
       -73.360018
      ],
      [
       169.108624,
       -73.311287
      ],
      [
       169.0077,
       -73.269998
      ],
      [
       168.99421816333842,
       -73.18601039566089
      ],
      [
       169.033398,
       -73.200391
      ],
      [
       169.54502,
       -73.050391
      ],
      [
       169.844824,
       -72.794629
      ],
      [
       169.828613,
       -72.728809
      ],
      [
       168.82002,
       -72.552441
      ],
      [
       168.8200104289014,
       -72.55243686843986
      ],
      [
       169.803982,
       -72.724088
      ],
      [
       169.916172,
       -72.684865
      ],
      [
       170.143289,
       -72.702384
      ],
      [
       170.176259,
       -72.66652
      ],
      [
       170.093887,
       -72.630243
      ],
      [
       170.151661,
       -72.616653
      ],
      [
       170.139155,
       -72.580324
      ],
      [
       170.04774,
       -72.600633
      ],
      [
       170.04714064236003,
       -72.60048625286991
      ],
      [
       170.047754,
       -72.600586
      ],
      [
       170.206445,
       -72.565332
      ],
      [
       170.28584,
       -72.477148
      ],
      [
       170.259375,
       -72.371289
      ],
      [
       169.953516,
       -72.402832
      ],
      [
       170.030078,
       -72.115527
      ],
      [
       170.224023,
       -71.947949
      ],
      [
       170.675391,
       -71.968555
      ],
      [
       170.859082,
       -71.868555
      ],
      [
       170.435742,
       -71.41875
      ],
      [
       170.276855,
       -71.443945
      ],
      [
       170.250488,
       -71.56875
      ],
      [
       170.162305,
       -71.630469
      ],
      [
       168.797852,
       -71.274805
      ],
      [
       168.172656,
       -71.183203
      ],
      [
       167.966309,
       -71.09248
      ],
      [
       167.798828,
       -70.924902
      ],
      [
       167.569434,
       -70.810254
      ],
      [
       166.626953,
       -70.664258
      ],
      [
       165.853906,
       -70.645313
      ],
      [
       164.403223,
       -70.510449
      ],
      [
       163.998438,
       -70.636523
      ],
      [
       163.99819003684254,
       -70.63651703666827
      ],
      [
       163.998342,
       -70.636515
      ],
      [
       164.209233,
       -70.567682
      ],
      [
       163.903309,
       -70.511303
      ],
      [
       163.691797,
       -70.481589
      ],
      [
       163.632369,
       -70.534557
      ],
      [
       163.801661,
       -70.584115
      ],
      [
       163.677638,
       -70.589541
      ],
      [
       163.73091114862547,
       -70.63008917580093
      ],
      [
       163.34873,
       -70.620898
      ],
      [
       162.674805,
       -70.30459
      ],
      [
       162.216016,
       -70.333984
      ],
      [
       162.021973,
       -70.439844
      ],
      [
       162.039648,
       -70.625
      ],
      [
       162.20156530551736,
       -70.85064664523387
      ],
      [
       162.03965,
       -70.625043
      ],
      [
       162.004045,
       -70.422471
      ],
      [
       161.934747,
       -70.315759
      ],
      [
       161.808139,
       -70.2908
      ],
      [
       161.759202,
       -70.322891
      ],
      [
       161.763026,
       -70.286976
      ],
      [
       161.606705,
       -70.211735
      ],
      [
       161.596524,
       -70.155252
      ],
      [
       161.146526,
       -70.179075
      ],
      [
       161.122238,
       -70.210856
      ],
      [
       161.229415,
       -70.251267
      ],
      [
       161.037024,
       -70.317155
      ],
      [
       161.40214732152626,
       -70.79734801494229
      ],
      [
       161.037012,
       -70.317188
      ],
      [
       160.651855,
       -70.080566
      ],
      [
       160.209668,
       -69.974902
      ],
      [
       160.19330287462014,
       -69.94861132180415
      ],
      [
       160.209684,
       -69.974902
      ],
      [
       160.524393,
       -70.031436
      ],
      [
       160.412721,
       -69.972369
      ],
      [
       160.595035,
       -69.952991
      ],
      [
       160.561755,
       -69.892529
      ],
      [
       160.336601,
       -69.805868
      ],
      [
       160.125781,
       -69.77637093402753
      ],
      [
       160.125781,
       -69.734277
      ],
      [
       159.783984,
       -69.521875
      ],
      [
       157.93252,
       -69.180762
      ],
      [
       157.481348,
       -69.308691
      ],
      [
       157.48133153011065,
       -69.30868598585111
      ],
      [
       157.569948,
       -69.277373
      ],
      [
       157.466647,
       -69.193502
      ],
      [
       157.521631,
       -69.181152
      ],
      [
       157.309551,
       -69.070047
      ],
      [
       157.0752453807725,
       -69.1850557431822
      ],
      [
       157.046387,
       -69.17627
      ],
      [
       156.48869836681365,
       -69.18300768145093
      ],
      [
       156.940684,
       -69.158414
      ],
      [
       156.942338,
       -69.102965
      ],
      [
       156.806739,
       -69.146632
      ],
      [
       156.646129,
       -69.118623
      ],
      [
       156.573678,
       -69.055475
      ],
      [
       156.576004,
       -68.999612
      ],
      [
       156.466295,
       -68.966539
      ],
      [
       156.197732,
       -68.952587
      ],
      [
       155.921832,
       -69.068135
      ],
      [
       156.48829307487682,
       -69.18294594114478
      ],
      [
       155.520313,
       -69.024414
      ],
      [
       154.98770388141895,
       -68.8413790653085
      ],
      [
       155.157641,
       -68.872437
      ],
      [
       155.206113,
       -68.828615
      ],
      [
       155.138469,
       -68.761487
      ],
      [
       154.875436,
       -68.629041
      ],
      [
       154.65322034717028,
       -68.66163399954314
      ],
      [
       154.199707,
       -68.417871
      ],
      [
       153.908008,
       -68.323145
      ],
      [
       153.784668,
       -68.349609
      ],
      [
       153.7790307221227,
       -68.44242061228405
      ],
      [
       153.683261,
       -68.378203
      ],
      [
       153.619647,
       -68.350918
      ],
      [
       153.450975,
       -68.401509
      ],
      [
       153.137816,
       -68.29118
      ],
      [
       151.952462,
       -68.381252
      ],
      [
       151.987343,
       -68.48259
      ],
      [
       151.816191,
       -68.613693
      ],
      [
       151.2539,
       -68.628421
      ],
      [
       151.125949,
       -68.661648
      ],
      [
       151.13870515707018,
       -68.76329078851157
      ],
      [
       151.068262,
       -68.384961
      ],
      [
       150.935938,
       -68.358496
      ],
      [
       150.342188,
       -68.435742
      ],
      [
       148.45625,
       -68.466992
      ],
      [
       147.093652,
       -68.368652
      ],
      [
       147.04105687137266,
       -68.35176820249245
      ],
      [
       147.093637,
       -68.368643
      ],
      [
       148.456138,
       -68.466983
      ],
      [
       148.682481,
       -68.447863
      ],
      [
       148.738033,
       -68.360995
      ],
      [
       147.723263,
       -68.318414
      ],
      [
       148.023658,
       -68.247772
      ],
      [
       147.606887,
       -68.147778
      ],
      [
       147.582858,
       -68.105817
      ],
      [
       147.317448,
       -68.138941
      ],
      [
       147.133996,
       -68.069953
      ],
      [
       147.007544,
       -67.952338
      ],
      [
       146.869981,
       -67.935646
      ],
      [
       146.82784111440796,
       -67.96466863700824
      ],
      [
       146.827832,
       -67.964648
      ],
      [
       146.4120670139603,
       -67.79864715974499
      ],
      [
       146.44148,
       -67.730129
      ],
      [
       145.860482,
       -67.529676
      ],
      [
       145.287442,
       -67.51376
      ],
      [
       146.13938,
       -67.187423
      ],
      [
       146.212244,
       -67.138537
      ],
      [
       146.162634,
       -67.12567
      ],
      [
       146.649943,
       -66.794217
      ],
      [
       146.354871,
       -66.748432
      ],
      [
       146.191211,
       -66.810805
      ],
      [
       146.31787,
       -66.698099
      ],
      [
       146.030239,
       -66.69474
      ],
      [
       145.007046,
       -67.145049
      ],
      [
       145.04508,
       -67.17037
      ],
      [
       144.837651,
       -67.150164
      ],
      [
       144.813156,
       -67.203856
      ],
      [
       144.698641,
       -67.226594
      ],
      [
       144.60235334342073,
       -67.1665172996583
      ],
      [
       144.621191,
       -67.141406
      ],
      [
       144.550586,
       -67.035547
      ],
      [
       144.347852,
       -67.017969
      ],
      [
       144.117676,
       -67.087695
      ],
      [
       143.911133,
       -67.090723
      ],
      [
       143.862695,
       -66.938574
      ],
      [
       143.730371,
       -66.876758
      ],
      [
       143.448242,
       -66.876758
      ],
      [
       142.6875,
       -67.012793
      ],
      [
       142.32666,
       -66.94834
      ],
      [
       141.972852,
       -66.806738
      ],
      [
       141.285938,
       -66.831836
      ],
      [
       140.901563,
       -66.751953
      ],
      [
       139.900098,
       -66.715137
      ],
      [
       139.241602,
       -66.574023
      ],
      [
       138.270996,
       -66.564453
      ],
      [
       137.753809,
       -66.406445
      ],
      [
       137.33623,
       -66.346484
      ],
      [
       136.88916,
       -66.339648
      ],
      [
       136.55332,
       -66.438965
      ],
      [
       136.193945,
       -66.292188
      ],
      [
       135.351953,
       -66.127148
      ],
      [
       134.971484,
       -66.330176
      ],
      [
       134.65169497468725,
       -66.41367748099553
      ],
      [
       134.971431,
       -66.330163
      ],
      [
       135.351925,
       -66.127126
      ],
      [
       136.028059,
       -66.250426
      ],
      [
       135.763786,
       -66.143198
      ],
      [
       134.838054,
       -66.094673
      ],
      [
       134.670364,
       -65.999434
      ],
      [
       134.0696716644108,
       -66.23693691445511
      ],
      [
       133.842773,
       -66.153613
      ],
      [
       133.444531,
       -66.081445
      ],
      [
       133.148242,
       -66.094824
      ],
      [
       132.874316,
       -66.178027
      ],
      [
       132.320312,
       -66.16543
      ],
      [
       131.830859,
       -66.23584
      ],
      [
       130.578516,
       -66.208594
      ],
      [
       130.120508,
       -66.291504
      ],
      [
       129.741211,
       -66.468555
      ],
      [
       129.39446497472346,
       -66.8625723539534
      ],
      [
       128.903171,
       -66.968057
      ],
      [
       128.803642,
       -67.030379
      ],
      [
       128.710883,
       -67.020508
      ],
      [
       128.716774,
       -66.990019
      ],
      [
       128.063171,
       -67.046657
      ],
      [
       128.20921826079774,
       -67.07548835429108
      ],
      [
       127.968066,
       -67.02793
      ],
      [
       127.541211,
       -67.051074
      ],
      [
       127.54115129232746,
       -67.05104791066157
      ],
      [
       127.911345,
       -67.026296
      ],
      [
       127.81533,
       -66.932142
      ],
      [
       127.637874,
       -66.921393
      ],
      [
       127.676838,
       -66.827083
      ],
      [
       127.594672,
       -66.754323
      ],
      [
       127.433338,
       -66.713499
      ],
      [
       127.369621,
       -66.576246
      ],
      [
       126.955073,
       -66.509687
      ],
      [
       126.732813,
       -66.39326
      ],
      [
       126.513498,
       -66.373158
      ],
      [
       126.436448,
       -66.354244
      ],
      [
       126.445285,
       -66.272854
      ],
      [
       126.185249,
       -66.245775
      ],
      [
       125.950018,
       -66.302774
      ],
      [
       125.898497,
       -66.369282
      ],
      [
       126.664755,
       -66.497543
      ],
      [
       126.7665505833272,
       -66.62515941930992
      ],
      [
       126.664746,
       -66.497559
      ],
      [
       125.865625,
       -66.364453
      ],
      [
       125.397949,
       -66.424414
      ],
      [
       125.095117,
       -66.641113
      ],
      [
       124.821582,
       -66.694531
      ],
      [
       124.8131689837628,
       -66.6950451141465
      ],
      [
       124.691697,
       -66.638413
      ],
      [
       124.878662,
       -66.579605
      ],
      [
       124.884863,
       -66.531133
      ],
      [
       124.502871,
       -66.550976
      ],
      [
       124.338798,
       -66.515113
      ],
      [
       124.045328,
       -66.542656
      ],
      [
       123.980061,
       -66.607717
      ],
      [
       124.19612,
       -66.600741
      ],
      [
       124.31084280604725,
       -66.63144398771652
      ],
      [
       124.196191,
       -66.600781
      ],
      [
       123.969336,
       -66.608105
      ],
      [
       123.22168,
       -66.745117
      ],
      [
       122.26310970202188,
       -66.85063413067755
      ],
      [
       122.607276,
       -66.774218
      ],
      [
       122.361658,
       -66.616554
      ],
      [
       122.101519,
       -66.541054
      ],
      [
       121.25356,
       -66.657791
      ],
      [
       121.141526,
       -66.691329
      ],
      [
       121.174495,
       -66.777991
      ],
      [
       120.729303,
       -66.912039
      ],
      [
       120.27946,
       -66.869406
      ],
      [
       119.499662,
       -66.983456
      ],
      [
       118.690616,
       -66.932607
      ],
      [
       118.282372,
       -66.983508
      ],
      [
       117.415655,
       -66.995342
      ],
      [
       117.063635,
       -66.836334
      ],
      [
       116.621492,
       -66.795302
      ],
      [
       116.609399,
       -66.761868
      ],
      [
       116.671618,
       -66.733394
      ],
      [
       116.370344,
       -66.586736
      ],
      [
       115.90412,
       -66.555937
      ],
      [
       115.725629,
       -66.65283
      ],
      [
       115.44162326300003,
       -66.64580320444098
      ],
      [
       115.310352,
       -66.56084
      ],
      [
       115.082422,
       -66.492969
      ],
      [
       114.618555,
       -66.467969
      ],
      [
       114.336914,
       -66.360156
      ],
      [
       113.954492,
       -66.060449
      ],
      [
       113.709766,
       -65.92959
      ],
      [
       113.099414,
       -65.799902
      ],
      [
       111.453125,
       -65.960938
      ],
      [
       110.906738,
       -66.07666
      ],
      [
       110.587012,
       -66.312305
      ],
      [
       110.622266,
       -66.524023
      ],
      [
       110.55705001377507,
       -66.54931341148088
      ],
      [
       110.620101,
       -66.51165
      ],
      [
       110.334537,
       -66.467726
      ],
      [
       110.263947,
       -66.537179
      ],
      [
       110.138787,
       -66.562448
      ],
      [
       110.220435,
       -66.596348
      ],
      [
       110.033005,
       -66.642754
      ],
      [
       109.726719,
       -66.589785
      ],
      [
       109.562129,
       -66.649833
      ],
      [
       109.580991,
       -66.726935
      ],
      [
       109.32308418918858,
       -66.89032181929261
      ],
      [
       108.376172,
       -66.76582
      ],
      [
       108.15791,
       -66.639063
      ],
      [
       107.785059,
       -66.664062
      ],
      [
       107.667285,
       -66.580371
      ],
      [
       107.170898,
       -66.47041
      ],
      [
       106.386914,
       -66.410645
      ],
      [
       103.951172,
       -65.988086
      ],
      [
       103.63877,
       -65.998926
      ],
      [
       102.674219,
       -65.865137
      ],
      [
       102.174121,
       -65.954199
      ],
      [
       101.75400050440206,
       -65.96418727041414
      ],
      [
       102.174105,
       -65.954165
      ],
      [
       102.55217,
       -65.880785
      ],
      [
       101.69124,
       -65.767045
      ],
      [
       101.731651,
       -65.722293
      ],
      [
       101.676047,
       -65.647931
      ],
      [
       101.229563,
       -65.568401
      ],
      [
       100.98207252241474,
       -65.67720006793995
      ],
      [
       101.258984,
       -65.527637
      ],
      [
       101.078711,
       -65.402539
      ],
      [
       100.606934,
       -65.396387
      ],
      [
       100.409375,
       -65.465625
      ],
      [
       100.270312,
       -65.60332
      ],
      [
       100.3505781890491,
       -65.67294222484615
      ],
      [
       100.350547,
       -65.672942
      ],
      [
       100.231226,
       -65.733455
      ],
      [
       99.656842,
       -65.722965
      ],
      [
       99.446726,
       -65.787767
      ],
      [
       99.272577,
       -65.746167
      ],
      [
       99.151137,
       -65.637027
      ],
      [
       98.543319,
       -65.652685
      ],
      [
       98.387101,
       -65.743997
      ],
      [
       97.96692,
       -65.731595
      ],
      [
       97.82543,
       -65.639662
      ],
      [
       97.879793,
       -65.560959
      ],
      [
       97.855609,
       -65.50458
      ],
      [
       97.715669,
       -65.470112
      ],
      [
       97.657585,
       -65.39053
      ],
      [
       97.446797,
       -65.336425
      ],
      [
       97.463591,
       -65.285782
      ],
      [
       97.389642,
       -65.227801
      ],
      [
       96.948377,
       -65.039286
      ],
      [
       96.253691,
       -64.978928
      ],
      [
       96.182739,
       -65.010812
      ],
      [
       96.157935,
       -65.084761
      ],
      [
       95.930662,
       -65.130753
      ],
      [
       95.839866,
       -65.258652
      ],
      [
       95.533787,
       -65.258187
      ],
      [
       95.545155,
       -65.417919
      ],
      [
       95.402632,
       -65.512125
      ],
      [
       95.536474,
       -65.655889
      ],
      [
       95.490999,
       -65.856342
      ],
      [
       95.537197,
       -65.946052
      ],
      [
       95.498853,
       -65.990804
      ],
      [
       95.570684,
       -66.151931
      ],
      [
       95.337933,
       -66.237559
      ],
      [
       94.892379,
       -66.215286
      ],
      [
       94.84804,
       -66.316262
      ],
      [
       94.96793,
       -66.417858
      ],
      [
       94.908554,
       -66.508757
      ],
      [
       95.53711599395125,
       -66.63023620426962
      ],
      [
       94.839844,
       -66.501367
      ],
      [
       94.08877,
       -66.688867
      ],
      [
       93.074902,
       -66.571094
      ],
      [
       92.591992,
       -66.614453
      ],
      [
       92.073438,
       -66.50791
      ],
      [
       91.02168,
       -66.602832
      ],
      [
       90.547266,
       -66.734277
      ],
      [
       89.698438,
       -66.823047
      ],
      [
       88.55965878099404,
       -66.80013441733126
      ],
      [
       88.757663,
       -66.786156
      ],
      [
       88.332676,
       -66.56865
      ],
      [
       87.866141,
       -66.540021
      ],
      [
       87.342142,
       -66.4315
      ],
      [
       86.71262,
       -66.397756
      ],
      [
       86.436564,
       -66.312179
      ],
      [
       86.034728,
       -66.301327
      ],
      [
       85.38929,
       -66.427935
      ],
      [
       85.164704,
       -66.521572
      ],
      [
       85.32807609726159,
       -66.61171600326023
      ],
      [
       85.121094,
       -66.518555
      ],
      [
       85.07959,
       -66.604297
      ],
      [
       85.22233319740809,
       -66.6434219701514
      ],
      [
       85.222323,
       -66.643425
      ],
      [
       85.073133,
       -66.614228
      ],
      [
       85.023524,
       -66.669212
      ],
      [
       84.759871,
       -66.571233
      ],
      [
       84.553475,
       -66.56896
      ],
      [
       83.960023,
       -66.710036
      ],
      [
       84.004154,
       -66.755202
      ],
      [
       83.956509,
       -66.796543
      ],
      [
       84.075365,
       -66.804553
      ],
      [
       84.118359,
       -66.899947
      ],
      [
       84.503142,
       -66.923873
      ],
      [
       84.468726,
       -66.937051
      ],
      [
       84.498388,
       -66.965886
      ],
      [
       83.80303,
       -67.020457
      ],
      [
       83.55891,
       -67.082313
      ],
      [
       83.582371,
       -67.120089
      ],
      [
       83.481292,
       -67.164065
      ],
      [
       83.317788,
       -67.147064
      ],
      [
       82.617056,
       -67.24835
      ],
      [
       82.169434,
       -67.217654
      ],
      [
       81.716129,
       -67.299509
      ],
      [
       81.768115,
       -67.35687
      ],
      [
       81.343025,
       -67.506318
      ],
      [
       81.401523,
       -67.625174
      ],
      [
       81.319357,
       -67.69778
      ],
      [
       81.380025,
       -67.775294
      ],
      [
       81.36064569341394,
       -67.79687217009861
      ],
      [
       79.035156,
       -68.175391
      ],
      [
       78.72627,
       -68.277832
      ],
      [
       78.563477,
       -68.39375
      ],
      [
       78.48934543092734,
       -68.62459633486547
      ],
      [
       77.831715,
       -68.686298
      ],
      [
       78.08803,
       -68.737148
      ],
      [
       78.141153,
       -68.811717
      ],
      [
       78.228486,
       -68.756113
      ],
      [
       78.48934486977481,
       -68.62459808229924
      ],
      [
       78.488965,
       -68.625781
      ],
      [
       78.015137,
       -68.891895
      ],
      [
       77.81748,
       -69.068945
      ],
      [
       77.540918,
       -69.174414
      ],
      [
       77.191992,
       -69.205957
      ],
      [
       76.359766,
       -69.490234
      ],
      [
       76.111719,
       -69.487402
      ],
      [
       75.891211,
       -69.575586
      ],
      [
       75.820703,
       -69.725488
      ],
      [
       75.82067796900056,
       -69.72550468742308
      ],
      [
       75.872299,
       -69.61575
      ],
      [
       75.793906,
       -69.548571
      ],
      [
       75.4947,
       -69.598801
      ],
      [
       75.122836,
       -69.560147
      ],
      [
       75.0354,
       -69.591204
      ],
      [
       75.097721,
       -69.617714
      ],
      [
       75.049249,
       -69.642002
      ],
      [
       74.875823,
       -69.669649
      ],
      [
       74.781152,
       -69.606655
      ],
      [
       74.555222,
       -69.63978
      ],
      [
       74.52711,
       -69.756
      ],
      [
       74.321025,
       -69.718173
      ],
      [
       73.684371,
       -69.73781
      ],
      [
       73.718271,
       -69.70267
      ],
      [
       73.685198,
       -69.649443
      ],
      [
       73.746383,
       -69.591566
      ],
      [
       74.160414,
       -69.496481
      ],
      [
       73.940583,
       -69.425633
      ],
      [
       74.27679,
       -69.417623
      ],
      [
       74.193487,
       -69.349048
      ],
      [
       74.272139,
       -69.353389
      ],
      [
       73.807774,
       -69.114747
      ],
      [
       73.486554,
       -68.878018
      ],
      [
       73.154584,
       -68.748051
      ],
      [
       72.78055,
       -68.714565
      ],
      [
       72.704069,
       -68.631935
      ],
      [
       72.199707,
       -68.59049
      ],
      [
       71.890269,
       -68.593487
      ],
      [
       71.654004,
       -68.649039
      ],
      [
       71.412778,
       -68.60036
      ],
      [
       71.218062,
       -68.699631
      ],
      [
       71.059932,
       -68.696995
      ],
      [
       70.838343,
       -68.602996
      ],
      [
       70.684037,
       -68.704437
      ],
      [
       70.331501,
       -68.679063
      ],
      [
       70.235693,
       -68.512975
      ],
      [
       69.98222,
       -68.464296
      ],
      [
       69.927908,
       -68.535403
      ],
      [
       69.534185,
       -68.736941
      ],
      [
       69.5349638208746,
       -68.74430624276111
      ],
      [
       69.53418,
       -68.736914
      ],
      [
       69.92793,
       -68.535352
      ],
      [
       69.982227,
       -68.464258
      ],
      [
       69.603027,
       -68.041016
      ],
      [
       69.655957,
       -67.864551
      ],
      [
       69.55918,
       -67.763184
      ],
      [
       69.416406,
       -67.742969
      ],
      [
       68.899512,
       -67.862109
      ],
      [
       68.32793,
       -67.889551
      ],
      [
       67.174805,
       -67.767969
      ],
      [
       65.70752,
       -67.716406
      ],
      [
       63.699023,
       -67.508301
      ],
      [
       63.237598,
       -67.526855
      ],
      [
       62.687891,
       -67.647559
      ],
      [
       62.173926,
       -67.575488
      ],
      [
       61.309082,
       -67.540234
      ],
      [
       60.482031,
       -67.385156
      ],
      [
       59.867578,
       -67.403125
      ],
      [
       59.250781,
       -67.484961
      ],
      [
       58.737402,
       -67.22959
      ],
      [
       57.627441,
       -67.014063
      ],
      [
       56.80623806034938,
       -67.07018411694003
      ],
      [
       56.933352,
       -67.046347
      ],
      [
       56.964255,
       -66.976687
      ],
      [
       57.099854,
       -66.954518
      ],
      [
       57.019962,
       -66.913073
      ],
      [
       56.701945,
       -66.902531
      ],
      [
       56.644067,
       -66.795302
      ],
      [
       56.807778,
       -66.745176
      ],
      [
       56.781062,
       -66.705437
      ],
      [
       56.29444200731372,
       -66.60343156507842
      ],
      [
       56.294531,
       -66.603418
      ],
      [
       56.823633,
       -66.712695
      ],
      [
       56.986523,
       -66.704395
      ],
      [
       57.185449,
       -66.613281
      ],
      [
       56.859375,
       -66.423438
      ],
      [
       56.361523,
       -66.372754
      ],
      [
       55.710352,
       -66.07998
      ],
      [
       55.29043,
       -65.954199
      ],
      [
       53.671777,
       -65.858691
      ],
      [
       51.88457,
       -66.02002
      ],
      [
       50.936914,
       -66.31543
      ],
      [
       50.588281,
       -66.356445
      ],
      [
       50.332422,
       -66.444629
      ],
      [
       50.244336,
       -66.603418
      ],
      [
       50.306055,
       -66.75332
      ],
      [
       50.520898,
       -66.82002
      ],
      [
       50.508887,
       -66.938574
      ],
      [
       50.605957,
       -67.150195
      ],
      [
       50.553027,
       -67.194336
      ],
      [
       50.006152,
       -67.175195
      ],
      [
       49.24707,
       -66.941602
      ],
      [
       48.830273,
       -66.938281
      ],
      [
       48.465234,
       -67.043457
      ],
      [
       48.713672,
       -67.216895
      ],
      [
       49.219336,
       -67.226855
      ],
      [
       49.05293,
       -67.352441
      ],
      [
       48.630371,
       -67.520605
      ],
      [
       48.648047,
       -67.794043
      ],
      [
       48.550977,
       -67.926367
      ],
      [
       48.374512,
       -67.988086
      ],
      [
       48.34946518020052,
       -67.95461280650434
      ],
      [
       48.374546,
       -67.988046
      ],
      [
       48.550918,
       -67.926344
      ],
      [
       48.647966,
       -67.794053
      ],
      [
       48.629776,
       -67.525645
      ],
      [
       48.114149,
       -67.624296
      ],
      [
       47.53837,
       -67.542079
      ],
      [
       47.558834,
       -67.519858
      ],
      [
       47.402926,
       -67.409167
      ],
      [
       47.40291863066233,
       -67.40916953856264
      ],
      [
       47.351562,
       -67.361914
      ],
      [
       47.154395,
       -67.357227
      ],
      [
       46.883887,
       -67.274805
      ],
      [
       46.559668,
       -67.268164
      ],
      [
       46.317285,
       -67.401953
      ],
      [
       46.319727,
       -67.476562
      ],
      [
       46.436523,
       -67.533398
      ],
      [
       46.399023,
       -67.617578
      ],
      [
       45.887695,
       -67.659766
      ],
      [
       45.569336,
       -67.736426
      ],
      [
       45.196973,
       -67.731152
      ],
      [
       44.989551,
       -67.769238
      ],
      [
       44.699805,
       -67.904297
      ],
      [
       44.372852,
       -67.961328
      ],
      [
       42.960938,
       -68.095313
      ],
      [
       42.819531,
       -68.123242
      ],
      [
       42.408789,
       -68.351855
      ],
      [
       41.356348,
       -68.514941
      ],
      [
       40.81709,
       -68.723633
      ],
      [
       40.215625,
       -68.804883
      ],
      [
       39.863867,
       -68.966992
      ],
      [
       39.705078,
       -69.425586
      ],
      [
       38.859277,
       -70.006055
      ],
      [
       38.911719,
       -70.097852
      ],
      [
       38.885547,
       -70.171875
      ],
      [
       38.885468645896786,
       -70.17185151749038
      ],
      [
       38.902463,
       -70.081872
      ],
      [
       38.753893,
       -70.024511
      ],
      [
       38.730122,
       -69.971388
      ],
      [
       38.798645,
       -69.85801
      ],
      [
       38.526414,
       -69.826177
      ],
      [
       38.387921,
       -69.913613
      ],
      [
       38.234648,
       -69.845762
      ],
      [
       38.24395,
       -69.77078
      ],
      [
       37.99986493491421,
       -69.78436911071887
      ],
      [
       37.787109,
       -69.725684
      ],
      [
       37.559766,
       -69.718359
      ],
      [
       37.1152016127318,
       -69.81037498128106
      ],
      [
       37.310054,
       -69.76339
      ],
      [
       37.266232,
       -69.711042
      ],
      [
       37.290003,
       -69.661432
      ],
      [
       37.582492,
       -69.47116
      ],
      [
       38.062566,
       -69.284349
      ],
      [
       37.641196,
       -69.328895
      ],
      [
       37.107585,
       -69.605725
      ],
      [
       37.060767,
       -69.677865
      ],
      [
       36.523332,
       -69.546246
      ],
      [
       36.39228,
       -69.41168
      ],
      [
       36.710814,
       -69.416693
      ],
      [
       36.515064,
       -69.300576
      ],
      [
       35.844613,
       -69.148337
      ],
      [
       35.697439,
       -69.155003
      ],
      [
       35.639251,
       -69.202081
      ],
      [
       35.452596,
       -69.095265
      ],
      [
       35.078459,
       -69.033254
      ],
      [
       34.929527,
       -69.070719
      ],
      [
       34.877851,
       -69.04824
      ],
      [
       34.843331,
       -68.880343
      ],
      [
       34.688922,
       -68.817711
      ],
      [
       34.21718303022416,
       -68.78345109156575
      ],
      [
       34.192871,
       -68.702441
      ],
      [
       33.465625,
       -68.670703
      ],
      [
       33.121484,
       -68.68916
      ],
      [
       32.776172,
       -68.783105
      ],
      [
       32.641602,
       -68.868945
      ],
      [
       32.567578,
       -69.074219
      ],
      [
       32.903125,
       -69.378711
      ],
      [
       32.989355,
       -69.624219
      ],
      [
       32.850515209064746,
       -69.8446723653171
      ],
      [
       32.989336,
       -69.624174
      ],
      [
       32.903088,
       -69.378711
      ],
      [
       32.575511,
       -69.082656
      ],
      [
       32.056318,
       -69.141567
      ],
      [
       31.588646,
       -69.091596
      ],
      [
       31.458525,
       -69.13671
      ],
      [
       30.900729,
       -69.043279
      ],
      [
       30.546642,
       -69.123636
      ],
      [
       30.491659,
       -69.213398
      ],
      [
       30.537134,
       -69.258356
      ],
      [
       30.489902,
       -69.269363
      ],
      [
       29.993084,
       -69.208282
      ],
      [
       29.391777,
       -69.39442
      ],
      [
       29.265377,
       -69.394575
      ],
      [
       29.243259,
       -69.418088
      ],
      [
       29.346199,
       -69.501339
      ],
      [
       29.285324,
       -69.593116
      ],
      [
       29.356017,
       -69.633785
      ],
      [
       29.242019,
       -69.639367
      ],
      [
       29.315916,
       -69.676212
      ],
      [
       29.137116,
       -69.722876
      ],
      [
       28.701484,
       -69.749799
      ],
      [
       28.498085,
       -69.684222
      ],
      [
       28.380986,
       -69.730059
      ],
      [
       28.442275,
       -69.752951
      ],
      [
       28.390081,
       -69.750006
      ],
      [
       28.430802,
       -69.785456
      ],
      [
       28.346983,
       -69.816203
      ],
      [
       27.973363,
       -69.851033
      ],
      [
       28.137694,
       -69.91351
      ],
      [
       27.75012,
       -69.970044
      ],
      [
       27.369575,
       -69.939762
      ],
      [
       27.070059,
       -70.013246
      ],
      [
       26.49459,
       -69.928703
      ],
      [
       26.403536,
       -69.960174
      ],
      [
       26.552674,
       -69.96808
      ],
      [
       26.520015,
       -70.005287
      ],
      [
       26.623574,
       -69.98627
      ],
      [
       26.594325,
       -70.01123
      ],
      [
       26.676284,
       -70.037172
      ],
      [
       26.632463,
       -70.05221
      ],
      [
       26.874165140152034,
       -70.32938341754038
      ],
      [
       26.604785,
       -70.078223
      ],
      [
       26.301074,
       -70.072461
      ],
      [
       25.98252,
       -70.199902
      ],
      [
       25.954102,
       -70.261426
      ],
      [
       26.005357948286903,
       -70.37292060923366
      ],
      [
       26.005317,
       -70.372914
      ],
      [
       25.962064,
       -70.287647
      ],
      [
       25.888425,
       -70.272403
      ],
      [
       25.921085,
       -70.190444
      ],
      [
       25.61237,
       -70.184398
      ],
      [
       25.85959,
       -70.09877
      ],
      [
       25.836542,
       -70.046629
      ],
      [
       25.746832,
       -70.026216
      ],
      [
       25.204643,
       -70.003014
      ],
      [
       24.843528,
       -70.066731
      ],
      [
       24.803324,
       -70.07996
      ],
      [
       24.852623,
       -70.108434
      ],
      [
       24.813039,
       -70.183106
      ],
      [
       24.92745,
       -70.242741
      ],
      [
       24.660593,
       -70.204138
      ],
      [
       24.650155,
       -70.236798
      ],
      [
       24.738108,
       -70.274883
      ],
      [
       24.62597,
       -70.345163
      ],
      [
       24.311364,
       -70.276744
      ],
      [
       23.793256,
       -70.308783
      ],
      [
       23.652179,
       -70.191167
      ],
      [
       23.160013,
       -70.134737
      ],
      [
       23.060794,
       -70.077169
      ],
      [
       22.726861,
       -70.094894
      ],
      [
       22.723244,
       -70.16781
      ],
      [
       22.6664,
       -70.206619
      ],
      [
       22.298774,
       -70.256435
      ],
      [
       21.771571,
       -70.163056
      ],
      [
       21.271343,
       -70.004047
      ],
      [
       21.443425,
       -69.940227
      ],
      [
       21.341106,
       -69.896405
      ],
      [
       21.380793,
       -69.873151
      ],
      [
       21.190004,
       -69.81517
      ],
      [
       19.911736,
       -69.722566
      ],
      [
       19.567261,
       -69.830001
      ],
      [
       19.923415,
       -69.953301
      ],
      [
       19.350426,
       -69.928703
      ],
      [
       19.030239,
       -69.991231
      ],
      [
       17.786698,
       -69.719413
      ],
      [
       17.73068,
       -69.651252
      ],
      [
       17.659367,
       -69.70391
      ],
      [
       17.335769,
       -69.73905
      ],
      [
       16.967316,
       -69.698174
      ],
      [
       16.581758,
       -69.72763
      ],
      [
       16.62534861982471,
       -69.75027631876115
      ],
      [
       16.246875,
       -69.70498
      ],
      [
       15.90957,
       -69.728418
      ],
      [
       15.699023,
       -69.773242
      ],
      [
       15.588329949197693,
       -69.869666440139
      ],
      [
       15.579494,
       -69.845607
      ],
      [
       15.504356,
       -69.804783
      ],
      [
       15.56058,
       -69.783079
      ],
      [
       15.506113,
       -69.765199
      ],
      [
       15.573706,
       -69.657918
      ],
      [
       15.41847,
       -69.619264
      ],
      [
       15.50446,
       -69.568673
      ],
      [
       15.464462,
       -69.524852
      ],
      [
       14.861398,
       -69.465424
      ],
      [
       14.207278,
       -69.494207
      ],
      [
       13.734749,
       -69.579784
      ],
      [
       13.852674,
       -69.635181
      ],
      [
       13.714491,
       -69.626344
      ],
      [
       13.782394,
       -69.661846
      ],
      [
       13.581166,
       -69.73657
      ],
      [
       13.269247,
       -69.671716
      ],
      [
       13.270177,
       -69.760393
      ],
      [
       13.03908,
       -69.815583
      ],
      [
       12.86214,
       -69.93232
      ],
      [
       12.87909,
       -69.969579
      ],
      [
       12.957122,
       -69.954541
      ],
      [
       12.930043,
       -70.008905
      ],
      [
       13.065539,
       -70.053605
      ],
      [
       13.06555218792366,
       -70.05361499068785
      ],
      [
       12.62627,
       -70.065625
      ],
      [
       12.595117,
       -70.117383
      ],
      [
       12.864551,
       -70.162305
      ],
      [
       12.929395,
       -70.213379
      ],
      [
       12.929370146167951,
       -70.21338732782482
      ],
      [
       12.864517,
       -70.162332
      ],
      [
       12.257836,
       -70.062545
      ],
      [
       11.931241,
       -69.944929
      ],
      [
       11.960903,
       -69.977485
      ],
      [
       11.866749,
       -69.94896
      ],
      [
       11.88897,
       -70.012419
      ],
      [
       11.83781,
       -69.994384
      ],
      [
       11.734561,
       -70.054277
      ],
      [
       11.304303,
       -69.954076
      ],
      [
       10.753018,
       -70.053967
      ],
      [
       10.415158,
       -69.970664
      ],
      [
       10.45929,
       -69.941725
      ],
      [
       10.226642,
       -69.910151
      ],
      [
       9.841653,
       -70.014796
      ],
      [
       9.871005,
       -70.026681
      ],
      [
       9.70347,
       -70.011954
      ],
      [
       9.155597,
       -70.100269
      ],
      [
       9.080459,
       -70.08828
      ],
      [
       9.070744,
       -70.008853
      ],
      [
       9.01762,
       -69.984565
      ],
      [
       8.479152,
       -69.865089
      ],
      [
       8.428096,
       -69.884468
      ],
      [
       8.407839,
       -69.97702
      ],
      [
       8.354922,
       -69.984462
      ],
      [
       8.188834,
       -69.872582
      ],
      [
       8.049101,
       -69.957538
      ],
      [
       7.944611,
       -70.128691
      ],
      [
       7.617706,
       -70.209409
      ],
      [
       7.391673,
       -70.192098
      ],
      [
       7.412654,
       -70.152358
      ],
      [
       7.193236,
       -69.997174
      ],
      [
       6.491987,
       -70.041668
      ],
      [
       6.297166,
       -70.001257
      ],
      [
       5.641909,
       -70.008388
      ],
      [
       5.532562,
       -70.117477
      ],
      [
       5.73255,
       -70.244704
      ],
      [
       5.525947,
       -70.237625
      ],
      [
       5.405645,
       -70.192924
      ],
      [
       5.331747,
       -70.103266
      ],
      [
       4.496346,
       -70.2122
      ],
      [
       4.586031745545952,
       -70.29414481540731
      ],
      [
       4.49502,
       -70.251367
      ],
      [
       4.256055,
       -70.24082
      ],
      [
       4.096502255022368,
       -70.28313322903871
      ],
      [
       4.101745,
       -70.272299
      ],
      [
       4.053479,
       -70.252921
      ],
      [
       4.120142,
       -70.121353
      ],
      [
       3.800678,
       -70.1228
      ],
      [
       3.627975,
       -70.052261
      ],
      [
       2.455437,
       -70.154477
      ],
      [
       2.356218,
       -70.135925
      ],
      [
       2.228164,
       -70.028335
      ],
      [
       2.10197,
       -70.061615
      ],
      [
       2.091015,
       -69.998208
      ],
      [
       1.749847,
       -69.9471
      ],
      [
       1.416190948614313,
       -70.04848324235842
      ],
      [
       1.412207,
       -70.040723
      ],
      [
       1.0270037248988484,
       -70.04979921019763
      ],
      [
       1.243315,
       -70.027405
      ],
      [
       1.139032,
       -69.945394
      ],
      [
       0.838688,
       -69.89439
      ],
      [
       0.277069,
       -70.120939
      ],
      [
       0.405743,
       -69.934336
      ],
      [
       0.355617,
       -69.891134
      ],
      [
       0.255055,
       -69.948857
      ],
      [
       0.28575,
       -69.827107
      ],
      [
       0.196143,
       -69.922967
      ],
      [
       0.105916,
       -69.612133
      ],
      [
       -0.963269,
       -69.639987
      ],
      [
       -1.091323,
       -69.671044
      ],
      [
       -1.063935,
       -69.720033
      ],
      [
       -1.317563,
       -69.719827
      ],
      [
       -1.505148,
       -69.807108
      ],
      [
       -1.452645,
       -69.840026
      ],
      [
       -1.631962,
       -69.934439
      ],
      [
       -1.46267,
       -69.93263
      ],
      [
       -1.473832,
       -70.021772
      ],
      [
       -1.291414,
       -70.050194
      ],
      [
       -1.7965,
       -70.109984
      ],
      [
       -1.901403,
       -70.165949
      ],
      [
       -2.314504,
       -70.174579
      ],
      [
       -2.794682,
       -70.292092
      ],
      [
       -2.684404,
       -70.376117
      ],
      [
       -2.684403339150217,
       -70.3761514189597
      ],
      [
       -2.805127,
       -70.288477
      ],
      [
       -3.173242,
       -70.307324
      ],
      [
       -3.287451,
       -70.344043
      ],
      [
       -3.4818479674201126,
       -70.50122727463366
      ],
      [
       -3.496861,
       -70.488359
      ],
      [
       -3.441671,
       -70.447586
      ],
      [
       -3.52704,
       -70.415081
      ],
      [
       -5.008914,
       -70.355654
      ],
      [
       -5.567742,
       -70.39591
      ],
      [
       -5.600299,
       -70.383662
      ],
      [
       -5.550379,
       -70.3617
      ],
      [
       -5.593684,
       -70.346197
      ],
      [
       -5.826745,
       -70.450015
      ],
      [
       -5.824678,
       -70.483966
      ],
      [
       -5.949528,
       -70.432238
      ],
      [
       -5.8942368467703625,
       -70.55200172997606
      ],
      [
       -5.971631,
       -70.421484
      ],
      [
       -6.412194838211595,
       -70.45091399730208
      ],
      [
       -6.415029,
       -70.449136
      ],
      [
       -7.062742,
       -70.422781
      ],
      [
       -7.243506,
       -70.439679
      ],
      [
       -7.427577,
       -70.527581
      ],
      [
       -7.454449,
       -70.61817
      ],
      [
       -7.753862,
       -70.684057
      ],
      [
       -8.100198,
       -70.656927
      ],
      [
       -8.197349,
       -70.504895
      ],
      [
       -8.570763,
       -70.552024
      ],
      [
       -8.754111,
       -70.529803
      ],
      [
       -9.694209,
       -70.747309
      ],
      [
       -9.810274,
       -70.869111
      ],
      [
       -10.016289990112876,
       -70.96586811927557
      ],
      [
       -10.09873,
       -70.926367
      ],
      [
       -10.270605,
       -70.935742
      ],
      [
       -10.359961,
       -70.982422
      ],
      [
       -10.355059540380747,
       -70.9894641558149
      ],
      [
       -10.816414,
       -70.958407
      ],
      [
       -10.843389,
       -70.98068
      ],
      [
       -10.720089,
       -71.003159
      ],
      [
       -11.086269,
       -71.020161
      ],
      [
       -11.434981,
       -71.130128
      ],
      [
       -11.445213,
       -71.197618
      ],
      [
       -11.719632821951699,
       -71.32209049737706
      ],
      [
       -11.926123,
       -71.288672
      ],
      [
       -12.351318,
       -71.389746
      ],
      [
       -12.148193,
       -71.613672
      ],
      [
       -11.333186455069464,
       -71.78551970383094
      ],
      [
       -11.696877,
       -71.719291
      ],
      [
       -12.048846,
       -71.662344
      ],
      [
       -12.151837,
       -71.727508
      ],
      [
       -12.507991,
       -71.765128
      ],
      [
       -12.988788,
       -71.903931
      ],
      [
       -12.808351174044805,
       -72.00522510046376
      ],
      [
       -12.875488,
       -72.000684
      ],
      [
       -12.963261273541521,
       -72.0644386715623
      ],
      [
       -12.911067,
       -72.011625
      ],
      [
       -13.216165,
       -72.036068
      ],
      [
       -13.429175,
       -71.968372
      ],
      [
       -15.344923,
       -72.157817
      ],
      [
       -15.529822,
       -72.267992
      ],
      [
       -16.367083,
       -72.395374
      ],
      [
       -16.414161,
       -72.467359
      ],
      [
       -16.382158775802537,
       -72.47042115781778
      ],
      [
       -16.516553,
       -72.530859
      ],
      [
       -16.453027,
       -72.652344
      ],
      [
       -16.452891076009927,
       -72.65239397865176
      ],
      [
       -16.453073,
       -72.652361
      ],
      [
       -16.586191,
       -72.485394
      ],
      [
       -17.65486,
       -72.556139
      ],
      [
       -17.601737,
       -72.573038
      ],
      [
       -17.670828,
       -72.593708
      ],
      [
       -17.642458,
       -72.618771
      ],
      [
       -17.993961,
       -72.64709
      ],
      [
       -18.319522,
       -72.583166
      ],
      [
       -19.130222,
       -72.667244
      ],
      [
       -19.4378,
       -72.781552
      ],
      [
       -19.389845,
       -72.8416
      ],
      [
       -19.586525,
       -72.85886
      ],
      [
       -19.885422,
       -72.998748
      ],
      [
       -19.868782,
       -73.053215
      ],
      [
       -20.394124,
       -73.275217
      ],
      [
       -20.51236,
       -73.37857
      ],
      [
       -20.571995,
       -73.549257
      ],
      [
       -20.673694,
       -73.564915
      ],
      [
       -20.690174907320205,
       -73.62520602801652
      ],
      [
       -20.867041,
       -73.67666
      ],
      [
       -21.024512,
       -73.880078
      ],
      [
       -21.126367,
       -73.939844
      ],
      [
       -21.930371,
       -74.056641
      ],
      [
       -22.035352,
       -74.106543
      ],
      [
       -21.80825891704174,
       -74.11335841420404
      ],
      [
       -21.944417,
       -74.128188
      ],
      [
       -22.08198,
       -74.205754
      ],
      [
       -22.089835,
       -74.267146
      ],
      [
       -22.350594,
       -74.235417
      ],
      [
       -22.630577,
       -74.122504
      ],
      [
       -22.722199,
       -74.1717
      ],
      [
       -23.003991,
       -74.162811
      ],
      [
       -23.227026,
       -73.965097
      ],
      [
       -23.553105,
       -74.010779
      ],
      [
       -23.531349,
       -73.959051
      ],
      [
       -23.577651,
       -73.916005
      ],
      [
       -23.853655,
       -73.855078
      ],
      [
       -24.118445,
       -73.858127
      ],
      [
       -24.295592,
       -73.921327
      ],
      [
       -25.66388,
       -74.087984
      ],
      [
       -25.772711,
       -74.233711
      ],
      [
       -25.614994,
       -74.256449
      ],
      [
       -25.386481,
       -74.40011
      ],
      [
       -25.319198,
       -74.443983
      ],
      [
       -25.29243,
       -74.537207
      ],
      [
       -25.381417,
       -74.615032
      ],
      [
       -25.672872,
       -74.678129
      ],
      [
       -25.414903,
       -74.732751
      ],
      [
       -25.271036,
       -74.857498
      ],
      [
       -25.006969,
       -74.919819
      ],
      [
       -25.197862,
       -75.00121
      ],
      [
       -25.176675,
       -75.071645
      ],
      [
       -25.220393,
       -75.120221
      ],
      [
       -25.359299,
       -75.203523
      ],
      [
       -25.978383,
       -75.30362
      ],
      [
       -26.283481,
       -75.432966
      ],
      [
       -27.088083,
       -75.482679
      ],
      [
       -27.644018,
       -75.599778
      ],
      [
       -27.467594,
       -75.677603
      ],
      [
       -26.799625,
       -75.80607
      ],
      [
       -26.619998,
       -75.91795
      ],
      [
       -26.582997,
       -76.000115
      ],
      [
       -26.610662459466788,
       -76.05983236138088
      ],
      [
       -27.134521,
       -76.157324
      ],
      [
       -28.933643,
       -76.370313
      ],
      [
       -30.221973,
       -76.660352
      ],
      [
       -32.063379,
       -77.159863
      ],
      [
       -32.614062,
       -77.14082
      ],
      [
       -34.075781,
       -77.425391
      ],
      [
       -34.290186,
       -77.521875
      ],
      [
       -34.551465,
       -77.728516
      ],
      [
       -34.80835,
       -77.820605
      ],
      [
       -35.087598,
       -77.837109
      ],
      [
       -35.509277,
       -78.041211
      ],
      [
       -36.180859,
       -78.468359
      ],
      [
       -36.25423805684055,
       -78.59575735591051
      ],
      [
       -36.180913,
       -78.468388
      ],
      [
       -35.760266,
       -78.200808
      ],
      [
       -35.900775,
       -78.187217
      ],
      [
       -36.063866,
       -78.242252
      ],
      [
       -38.132576,
       -78.213624
      ],
      [
       -40.276735,
       -78.096421
      ],
      [
       -41.004856,
       -78.000975
      ],
      [
       -43.337943,
       -78.179104
      ],
      [
       -44.0938942858076,
       -78.16732297476098
      ],
      [
       -44.093994,
       -78.167285
      ],
      [
       -44.594482,
       -78.035156
      ],
      [
       -46.257861,
       -77.804883
      ],
      [
       -47.463477,
       -77.819043
      ],
      [
       -49.07851817647942,
       -78.04707528601854
      ],
      [
       -47.53469,
       -77.81711
      ],
      [
       -48.309733,
       -77.739957
      ],
      [
       -48.656689,
       -77.772979
      ],
      [
       -49.679469,
       -77.615055
      ],
      [
       -50.434255,
       -77.25239
      ],
      [
       -50.036036,
       -77.221281
      ],
      [
       -50.406039,
       -76.988427
      ],
      [
       -50.70969,
       -77.093227
      ],
      [
       -50.694394,
       -77.178338
      ],
      [
       -51.590463,
       -77.024807
      ],
      [
       -52.002634,
       -76.851174
      ],
      [
       -52.770313,
       -76.835103
      ],
      [
       -54.317403,
       -76.30945
      ],
      [
       -60.269081,
       -75.185281
      ],
      [
       -60.663372,
       -75.045497
      ],
      [
       -61.645224,
       -74.836569
      ],
      [
       -61.461153,
       -74.691926
      ],
      [
       -61.491745,
       -74.633377
      ],
      [
       -61.4287,
       -74.590847
      ],
      [
       -61.484562,
       -74.57059
      ],
      [
       -61.408339,
       -74.512041
      ],
      [
       -61.994582,
       -74.475816
      ],
      [
       -62.23518559893213,
       -74.44131856796102
      ],
      [
       -61.370166,
       -74.511816
      ],
      [
       -61.010791,
       -74.47832
      ],
      [
       -60.704297,
       -74.307129
      ],
      [
       -60.76739438723311,
       -74.25458652119627
      ],
      [
       -60.730784,
       -74.249783
      ],
      [
       -60.684042,
       -74.178159
      ],
      [
       -60.687453,
       -74.130359
      ],
      [
       -60.877829,
       -73.971919
      ],
      [
       -61.022523,
       -73.962875
      ],
      [
       -60.999294,
       -73.901225
      ],
      [
       -61.203416,
       -73.956674
      ],
      [
       -61.404076,
       -73.896006
      ],
      [
       -61.691733,
       -73.92386
      ],
      [
       -61.71618642456877,
       -73.94191002111889
      ],
      [
       -61.691699,
       -73.923828
      ],
      [
       -61.404053,
       -73.895996
      ],
      [
       -61.203418,
       -73.956641
      ],
      [
       -60.902734,
       -73.870605
      ],
      [
       -60.790283,
       -73.711816
      ],
      [
       -60.798761253351564,
       -73.7022628173787
      ],
      [
       -60.68859,
       -73.670903
      ],
      [
       -60.850957,
       -73.627599
      ],
      [
       -60.598053,
       -73.542953
      ],
      [
       -60.540485,
       -73.446886
      ],
      [
       -60.252234,
       -73.316661
      ],
      [
       -60.222133,
       -73.262815
      ],
      [
       -60.55660679228808,
       -73.2120211838366
      ],
      [
       -60.122217,
       -73.275293
      ],
      [
       -60.016406,
       -73.189258
      ],
      [
       -59.956836,
       -73.030566
      ],
      [
       -60.009766,
       -72.937891
      ],
      [
       -60.06097271169384,
       -72.937891
      ],
      [
       -59.925019,
       -72.79473
      ],
      [
       -59.895873,
       -72.663213
      ],
      [
       -59.78079,
       -72.63231
      ],
      [
       -59.672476,
       -72.470253
      ],
      [
       -59.935923,
       -72.322665
      ],
      [
       -60.105163,
       -72.293106
      ],
      [
       -60.278796,
       -72.135545
      ],
      [
       -60.320809,
       -72.06511
      ],
      [
       -60.252079,
       -71.989042
      ],
      [
       -60.295746,
       -71.93132
      ],
      [
       -60.251614,
       -71.883932
      ],
      [
       -60.251717,
       -71.739703
      ],
      [
       -60.44938,
       -71.635834
      ],
      [
       -60.44137,
       -71.567208
      ],
      [
       -60.531493,
       -71.450677
      ],
      [
       -60.529426,
       -71.391249
      ],
      [
       -60.401889,
       -71.310169
      ],
      [
       -60.58503,
       -71.13018
      ],
      [
       -60.567512,
       -71.053854
      ],
      [
       -60.78713514891046,
       -71.04124290495716
      ],
      [
       -60.552246,
       -71.05293
      ],
      [
       -60.516309,
       -70.999512
      ],
      [
       -60.613135,
       -70.920117
      ],
      [
       -60.946432052982,
       -70.96737563436292
      ],
      [
       -60.691794,
       -70.908436
      ],
      [
       -60.674741,
       -70.777695
      ],
      [
       -60.69571865800816,
       -70.69920776248767
      ],
      [
       -60.487695,
       -70.64668
      ],
      [
       -60.45249,
       -70.544238
      ],
      [
       -60.553662,
       -70.508789
      ],
      [
       -60.941797,
       -70.53252
      ],
      [
       -60.975537,
       -70.599121
      ],
      [
       -60.896484,
       -70.689648
      ],
      [
       -60.89598554701205,
       -70.68971483713482
      ],
      [
       -60.89651,
       -70.68969
      ],
      [
       -60.975575,
       -70.599153
      ],
      [
       -60.94183,
       -70.53249
      ],
      [
       -60.601412,
       -70.506859
      ],
      [
       -60.573248,
       -70.462727
      ],
      [
       -61.000509,
       -70.104041
      ],
      [
       -61.014151,
       -69.997588
      ],
      [
       -61.154516325693876,
       -69.97418592572433
      ],
      [
       -61.10791,
       -69.955273
      ],
      [
       -61.151855,
       -69.883105
      ],
      [
       -61.32713104071637,
       -69.8563505886918
      ],
      [
       -60.899223,
       -69.810002
      ],
      [
       -60.841242,
       -69.777084
      ],
      [
       -60.871938,
       -69.707579
      ],
      [
       -61.199773,
       -69.621383
      ],
      [
       -61.487197,
       -69.42894
      ],
      [
       -61.489471,
       -69.36419
      ],
      [
       -61.027794,
       -69.099038
      ],
      [
       -60.775716,
       -69.025761
      ],
      [
       -60.712464,
       -68.928816
      ],
      [
       -60.842069,
       -68.845255
      ],
      [
       -60.754012,
       -68.822569
      ],
      [
       -61.014978,
       -68.709759
      ],
      [
       -61.01485526946391,
       -68.70975660343223
      ],
      [
       -61.014941,
       -68.709766
      ],
      [
       -60.820068,
       -68.778418
      ],
      [
       -60.655908,
       -68.767578
      ],
      [
       -60.77911632673314,
       -68.70515331259483
      ],
      [
       -60.747708,
       -68.70454
      ],
      [
       -60.628645,
       -68.651985
      ],
      [
       -60.792666,
       -68.562688
      ],
      [
       -60.659289,
       -68.490651
      ],
      [
       -60.71572,
       -68.43205
      ],
      [
       -60.698098,
       -68.281982
      ],
      [
       -60.499454,
       -68.019931
      ],
      [
       -60.553818,
       -67.96474
      ],
      [
       -60.520435,
       -67.878699
      ],
      [
       -60.853851,
       -67.747131
      ],
      [
       -60.892402,
       -67.632977
      ],
      [
       -60.783778,
       -67.5119
      ],
      [
       -60.453669,
       -67.506939
      ],
      [
       -60.348404,
       -67.450198
      ],
      [
       -60.246756,
       -67.270416
      ],
      [
       -60.249133,
       -67.088876
      ],
      [
       -60.289751,
       -67.029758
      ],
      [
       -60.404111,
       -67.017976
      ],
      [
       -60.283963,
       -66.97524
      ],
      [
       -60.073227,
       -66.781712
      ],
      [
       -60.106507,
       -66.734531
      ],
      [
       -60.397083,
       -66.644097
      ],
      [
       -60.358584,
       -66.501574
      ],
      [
       -60.486742,
       -66.385818
      ],
      [
       -60.510513,
       -66.152654
      ],
      [
       -60.598414,
       -66.099169
      ],
      [
       -60.628619,
       -66.034522
      ],
      [
       -60.743673434152946,
       -66.10485243031943
      ],
      [
       -60.565381,
       -65.979395
      ],
      [
       -60.618311,
       -65.933105
      ],
      [
       -60.84351907871599,
       -65.92376957366872
      ],
      [
       -60.869871,
       -65.910188
      ],
      [
       -61.304263,
       -65.754022
      ],
      [
       -61.282042,
       -65.656044
      ],
      [
       -61.233156,
       -65.642453
      ],
      [
       -61.275324,
       -65.599251
      ],
      [
       -61.6491,
       -65.524217
      ],
      [
       -61.799646070476044,
       -65.552758469261
      ],
      [
       -62.053662,
       -65.456836
      ],
      [
       -62.145312,
       -65.331738
      ],
      [
       -61.947852,
       -65.192285
      ],
      [
       -61.663428,
       -65.238574
      ],
      [
       -61.577441,
       -65.185645
      ],
      [
       -61.736182,
       -65.033496
      ],
      [
       -61.703125,
       -64.987207
      ],
      [
       -61.331836,
       -65.023828
      ],
      [
       -61.059863,
       -64.98125
      ],
      [
       -61.05713732145333,
       -64.97961814558757
      ],
      [
       -61.059859,
       -64.981305
      ],
      [
       -61.232536,
       -65.009675
      ],
      [
       -60.932813,
       -65.098869
      ],
      [
       -60.337914,
       -65.066777
      ],
      [
       -59.699193,
       -65.201033
      ],
      [
       -59.841561,
       -65.12636
      ],
      [
       -59.790867,
       -65.096543
      ],
      [
       -59.991165,
       -65.066054
      ],
      [
       -60.089867,
       -64.966422
      ],
      [
       -60.560484,
       -64.892214
      ],
      [
       -60.71044617353911,
       -64.7720553424951
      ],
      [
       -60.340527,
       -64.550586
      ],
      [
       -59.963086,
       -64.431348
      ],
      [
       -59.765039,
       -64.451367
      ],
      [
       -59.734375,
       -64.558887
      ],
      [
       -59.645996,
       -64.583691
      ],
      [
       -59.573193,
       -64.530762
      ],
      [
       -59.612158,
       -64.440137
      ],
      [
       -59.546777,
       -64.358789
      ],
      [
       -59.460742,
       -64.345605
      ],
      [
       -59.229395,
       -64.443555
      ],
      [
       -59.050684,
       -64.451367
      ],
      [
       -58.891895,
       -64.537402
      ],
      [
       -58.786084,
       -64.524219
      ],
      [
       -58.905127,
       -64.352148
      ],
      [
       -58.819141,
       -64.338965
      ],
      [
       -58.799316,
       -64.292676
      ],
      [
       -59.047314,
       -64.234473
      ],
      [
       -59.005322,
       -64.194922
      ],
      [
       -58.838965,
       -64.186816
      ],
      [
       -58.531885,
       -63.91543
      ],
      [
       -58.262988,
       -63.763379
      ],
      [
       -57.460645,
       -63.513574
      ],
      [
       -57.152246,
       -63.479102
      ],
      [
       -57.097705,
       -63.523535
      ],
      [
       -57.152246,
       -63.57168
      ],
      [
       -57.119189,
       -63.637793
      ],
      [
       -56.834766,
       -63.63125
      ],
      [
       -56.781836,
       -63.57168
      ],
      [
       -56.927344,
       -63.505566
      ],
      [
       -57.020654,
       -63.372852
      ],
      [
       -57.076709,
       -63.2625
      ],
      [
       -57.389648,
       -63.22627
      ],
      [
       -57.868066,
       -63.31875
      ],
      [
       -58.215576,
       -63.45127
      ],
      [
       -58.87207,
       -63.551855
      ],
      [
       -59.036426,
       -63.670313
      ],
      [
       -59.510156,
       -63.820703
      ],
      [
       -60.277246,
       -63.923926
      ],
      [
       -60.86416,
       -64.073438
      ],
      [
       -60.92207,
       -64.10791
      ],
      [
       -60.886621,
       -64.149707
      ],
      [
       -61.082129,
       -64.314746
      ],
      [
       -61.395947,
       -64.427148
      ],
      [
       -61.500488,
       -64.545605
      ],
      [
       -61.631787,
       -64.604688
      ],
      [
       -61.88252,
       -64.625391
      ],
      [
       -62.243311,
       -64.746875
      ],
      [
       -62.338086,
       -64.729199
      ],
      [
       -62.404248,
       -64.643262
      ],
      [
       -62.503467,
       -64.656445
      ],
      [
       -62.576221,
       -64.755664
      ],
      [
       -62.527539,
       -64.833398
      ],
      [
       -62.774658,
       -64.841699
      ],
      [
       -63.119873,
       -64.94248
      ],
      [
       -63.032617,
       -65.079785
      ],
      [
       -63.059082,
       -65.139355
      ],
      [
       -63.26416,
       -65.073145
      ],
      [
       -63.760254,
       -65.033496
      ],
      [
       -64.038037,
       -65.179004
      ],
      [
       -64.071094,
       -65.278223
      ],
      [
       -64.05127,
       -65.417188
      ],
      [
       -63.797949,
       -65.480371
      ],
      [
       -63.818115,
       -65.531543
      ],
      [
       -64.132227,
       -65.570508
      ],
      [
       -64.213477,
       -65.63291
      ],
      [
       -64.438916,
       -65.640625
      ],
      [
       -64.390039,
       -65.708496
      ],
      [
       -64.474609,
       -65.780957
      ],
      [
       -64.646582,
       -65.747852
      ],
      [
       -64.653223,
       -65.866895
      ],
      [
       -64.547363,
       -65.9
      ],
      [
       -64.514307,
       -65.95957
      ],
      [
       -64.613525,
       -66.019043
      ],
      [
       -64.99873,
       -65.946289
      ],
      [
       -65.26748,
       -65.994238
      ],
      [
       -65.172021,
       -66.116797
      ],
      [
       -65.617285,
       -66.135254
      ],
      [
       -65.774512,
       -66.287988
      ],
      [
       -65.775781,
       -66.342578
      ],
      [
       -65.678467,
       -66.402734
      ],
      [
       -65.766406,
       -66.624902
      ],
      [
       -65.95376,
       -66.645605
      ],
      [
       -66.306543,
       -66.591992
      ],
      [
       -66.503613,
       -66.689844
      ],
      [
       -66.526807,
       -66.740723
      ],
      [
       -66.464697,
       -66.875195
      ],
      [
       -66.533301,
       -66.979297
      ],
      [
       -66.472217,
       -67.242773
      ],
      [
       -66.498682,
       -67.289062
      ],
      [
       -66.61001,
       -67.208594
      ],
      [
       -66.836035,
       -67.282422
      ],
      [
       -66.902148,
       -67.255957
      ],
      [
       -66.886133,
       -67.17998
      ],
      [
       -66.955078,
       -66.984766
      ],
      [
       -67.034473,
       -66.945117
      ],
      [
       -67.160156,
       -66.951758
      ],
      [
       -67.299023,
       -67.070801
      ],
      [
       -67.493359,
       -67.112793
      ],
      [
       -67.585791,
       -67.435156
      ],
      [
       -67.544531,
       -67.534668
      ],
      [
       -67.124316,
       -67.485059
      ],
      [
       -66.677246,
       -67.560254
      ],
      [
       -66.915381,
       -67.692578
      ],
      [
       -67.149854,
       -68.024609
      ],
      [
       -66.793359,
       -68.24043
      ],
      [
       -67.041016,
       -68.453125
      ],
      [
       -67.116895,
       -68.574805
      ],
      [
       -67.054297,
       -68.671484
      ],
      [
       -67.133691,
       -68.770703
      ],
      [
       -67.299023,
       -68.770703
      ],
      [
       -67.390527,
       -68.86123
      ],
      [
       -67.02124,
       -69.028711
      ],
      [
       -66.974902,
       -69.161035
      ],
      [
       -67.304346,
       -69.317578
      ],
      [
       -67.371777,
       -69.412305
      ],
      [
       -68.140869,
       -69.347559
      ],
      [
       -68.707959,
       -69.432227
      ],
      [
       -68.469824,
       -69.643848
      ],
      [
       -68.403662,
       -69.80918
      ],
      [
       -68.40332,
       -70.019727
      ],
      [
       -67.888477,
       -70.42168
      ],
      [
       -67.692187,
       -70.686133
      ],
      [
       -67.50459,
       -71.057813
      ],
      [
       -67.529932,
       -71.28457
      ],
      [
       -67.460352,
       -71.526758
      ],
      [
       -66.95166,
       -71.897266
      ],
      [
       -66.827734,
       -72.09043
      ],
      [
       -67.16325285384623,
       -72.45515696210114
      ],
      [
       -66.827776,
       -72.09038
      ],
      [
       -66.951696,
       -71.897317
      ],
      [
       -67.460373,
       -71.526745
      ],
      [
       -67.529955,
       -71.284537
      ],
      [
       -67.504608,
       -71.057833
      ],
      [
       -67.692219,
       -70.686176
      ],
      [
       -67.888486,
       -70.421696
      ],
      [
       -68.340552,
       -70.071795
      ],
      [
       -69.008134,
       -70.033606
      ],
      [
       -69.091281,
       -70.090295
      ],
      [
       -69.0905576209283,
       -70.0909734715795
      ],
      [
       -69.09126,
       -70.090332
      ],
      [
       -69.416943,
       -69.583203
      ],
      [
       -69.707568,
       -69.320898
      ],
      [
       -69.913281,
       -69.267285
      ],
      [
       -70.079346,
       -69.310938
      ],
      [
       -70.051123,
       -69.189063
      ],
      [
       -70.105469,
       -68.959375
      ],
      [
       -70.416992,
       -68.788965
      ],
      [
       -71.868994,
       -68.941016
      ],
      [
       -72.057861,
       -69.000977
      ],
      [
       -72.137891,
       -69.114551
      ],
      [
       -72.080664,
       -69.267188
      ],
      [
       -71.74292,
       -69.422754
      ],
      [
       -71.718213,
       -69.524023
      ],
      [
       -71.879248,
       -69.908984
      ],
      [
       -71.87922358083654,
       -69.90900744633038
      ],
      [
       -71.879276,
       -69.908962
      ],
      [
       -71.787396,
       -69.687942
      ],
      [
       -72.031851,
       -69.670682
      ],
      [
       -71.98540739430904,
       -69.69840948104748
      ],
      [
       -72.464307,
       -69.451855
      ],
      [
       -72.857324,
       -69.433105
      ],
      [
       -72.957324,
       -69.529102
      ],
      [
       -72.776758,
       -69.64502
      ],
      [
       -72.55042420712932,
       -69.68247942084659
      ],
      [
       -72.485079,
       -69.79114
      ],
      [
       -72.710621,
       -69.917747
      ],
      [
       -72.654707,
       -69.977796
      ],
      [
       -72.683491,
       -70.007303
      ],
      [
       -73.175295,
       -70.048179
      ],
      [
       -73.235059,
       -70.205689
      ],
      [
       -73.719939,
       -70.325113
      ],
      [
       -74.011007,
       -70.555641
      ],
      [
       -73.97612749158873,
       -70.5683500575136
      ],
      [
       -74.03833,
       -70.55293
      ],
      [
       -74.112646,
       -70.576758
      ],
      [
       -74.114551,
       -70.655371
      ],
      [
       -74.400977,
       -70.575879
      ],
      [
       -74.456152,
       -70.586719
      ],
      [
       -74.468652,
       -70.72666
      ],
      [
       -74.589697,
       -70.791992
      ],
      [
       -74.790479,
       -70.630957
      ],
      [
       -74.953613,
       -70.590234
      ],
      [
       -75.126953,
       -70.751758
      ],
      [
       -76.248877,
       -70.86377
      ],
      [
       -76.500244,
       -70.941406
      ],
      [
       -76.511523,
       -70.99082
      ],
      [
       -76.421484,
       -71.09043
      ],
      [
       -76.271289,
       -71.132812
      ],
      [
       -74.805811,
       -71.012305
      ],
      [
       -74.205029,
       -70.924121
      ],
      [
       -73.55042495054869,
       -70.72346342705897
      ],
      [
       -73.550363,
       -70.723486
      ],
      [
       -73.659349,
       -70.784258
      ],
      [
       -73.289345,
       -70.849474
      ],
      [
       -73.260872,
       -70.895259
      ],
      [
       -73.29875,
       -70.991325
      ],
      [
       -73.032358,
       -71.027912
      ],
      [
       -72.9409955283045,
       -71.10852665148423
      ],
      [
       -73.0604,
       -71.126953
      ],
      [
       -72.905469,
       -71.223145
      ],
      [
       -72.90539981055147,
       -71.22315616067903
      ],
      [
       -72.905493,
       -71.223146
      ],
      [
       -73.035407,
       -71.14961
      ],
      [
       -73.240563,
       -71.189401
      ],
      [
       -73.282886,
       -71.272549
      ],
      [
       -73.397452,
       -71.321176
      ],
      [
       -72.621582,
       -71.388355
      ],
      [
       -72.21180497581624,
       -71.3350372275796
      ],
      [
       -72.21167,
       -71.335059
      ],
      [
       -72.621582,
       -71.388379
      ],
      [
       -73.397412,
       -71.321191
      ],
      [
       -73.604492,
       -71.350781
      ],
      [
       -73.592187,
       -71.448047
      ],
      [
       -73.45518785056618,
       -71.49966650584744
      ],
      [
       -73.592221,
       -71.448093
      ],
      [
       -73.606923,
       -71.359623
      ],
      [
       -74.0262,
       -71.414452
      ],
      [
       -73.68644300014392,
       -71.52656026325435
      ],
      [
       -74.236084,
       -71.388379
      ],
      [
       -74.425391,
       -71.456934
      ],
      [
       -74.37334,
       -71.617969
      ],
      [
       -74.418652,
       -71.643262
      ],
      [
       -74.863135,
       -71.543359
      ],
      [
       -75.099658,
       -71.555371
      ],
      [
       -75.335449,
       -71.645215
      ],
      [
       -75.330811,
       -71.752344
      ],
      [
       -75.382715,
       -71.82793
      ],
      [
       -75.353076,
       -71.878418
      ],
      [
       -74.78584,
       -72.063574
      ],
      [
       -74.429297,
       -72.055566
      ],
      [
       -73.995605,
       -72.169824
      ],
      [
       -73.53845614378797,
       -72.02279626696442
      ],
      [
       -73.617232,
       -72.051054
      ],
      [
       -73.277253,
       -72.069813
      ],
      [
       -73.080831,
       -72.130842
      ],
      [
       -72.968693,
       -72.239105
      ],
      [
       -72.49170834365452,
       -72.29187965487495
      ],
      [
       -72.7375,
       -72.280566
      ],
      [
       -73.086377,
       -72.407813
      ],
      [
       -73.057422,
       -72.447559
      ],
      [
       -72.887646,
       -72.54668
      ],
      [
       -72.530811,
       -72.589551
      ],
      [
       -72.36748,
       -72.669727
      ],
      [
       -70.92309349835631,
       -72.61309166587453
      ],
      [
       -72.363355,
       -72.671275
      ],
      [
       -72.330644,
       -72.709205
      ],
      [
       -72.413481,
       -72.738402
      ],
      [
       -72.412913,
       -72.797055
      ],
      [
       -72.341186,
       -72.882941
      ],
      [
       -72.3971,
       -72.913017
      ],
      [
       -72.114172,
       -73.006138
      ],
      [
       -72.21631,
       -73.13259
      ],
      [
       -72.974739,
       -73.141995
      ],
      [
       -73.193951,
       -73.034767
      ],
      [
       -73.25604,
       -73.083807
      ],
      [
       -73.55297932959262,
       -73.13399258332471
      ],
      [
       -73.542432,
       -73.123828
      ],
      [
       -73.832129,
       -73.113281
      ],
      [
       -74.146631,
       -73.31543
      ],
      [
       -74.01696810726324,
       -73.36119301879302
      ],
      [
       -74.146657,
       -73.315473
      ],
      [
       -74.134462,
       -73.276664
      ],
      [
       -73.856908,
       -73.12551
      ],
      [
       -74.31644125652738,
       -73.06893444829181
      ],
      [
       -74.223877,
       -72.99707
      ],
      [
       -74.335547,
       -72.918945
      ],
      [
       -75.376855,
       -72.82041
      ],
      [
       -75.731055,
       -72.879297
      ],
      [
       -75.60043937227884,
       -72.95255490472056
      ],
      [
       -76.06331,
       -72.735663
      ],
      [
       -76.4275,
       -72.664453
      ],
      [
       -76.432151,
       -72.570867
      ],
      [
       -76.500803,
       -72.527769
      ],
      [
       -77.141927,
       -72.60549
      ],
      [
       -77.344369,
       -72.5611
      ],
      [
       -77.326205,
       -72.478005
      ],
      [
       -77.469865,
       -72.414546
      ],
      [
       -77.628615,
       -72.398113
      ],
      [
       -78.126466,
       -72.511284
      ],
      [
       -78.422779,
       -72.478573
      ],
      [
       -78.647029,
       -72.323906
      ],
      [
       -78.95595,
       -72.299256
      ],
      [
       -79.190458,
       -72.346281
      ],
      [
       -79.263813,
       -72.475007
      ],
      [
       -78.931947,
       -72.536192
      ],
      [
       -78.663875,
       -72.727705
      ],
      [
       -78.730408,
       -72.779278
      ],
      [
       -79.286731,
       -72.871779
      ],
      [
       -79.33926,
       -72.922525
      ],
      [
       -79.195135,
       -73.015853
      ],
      [
       -78.825829,
       -73.117087
      ],
      [
       -78.381308,
       -72.993322
      ],
      [
       -77.367029,
       -72.99327
      ],
      [
       -77.378915,
       -73.057091
      ],
      [
       -77.458186,
       -73.092437
      ],
      [
       -77.383927,
       -73.157963
      ],
      [
       -77.480071,
       -73.178169
      ],
      [
       -77.321451,
       -73.212844
      ],
      [
       -77.396381,
       -73.291598
      ],
      [
       -77.574148,
       -73.318884
      ],
      [
       -77.62474,
       -73.302605
      ],
      [
       -77.582882,
       -73.258681
      ],
      [
       -77.699438,
       -73.198943
      ],
      [
       -78.053964,
       -73.131143
      ],
      [
       -78.325756,
       -73.214394
      ],
      [
       -78.265501,
       -73.311959
      ],
      [
       -78.147292,
       -73.361413
      ],
      [
       -78.360354,
       -73.399654
      ],
      [
       -78.9106028091149,
       -73.37056143762696
      ],
      [
       -78.963721,
       -73.312402
      ],
      [
       -79.521729,
       -73.089551
      ],
      [
       -80.442236,
       -72.944531
      ],
      [
       -80.587744,
       -72.977637
      ],
      [
       -80.614209,
       -73.083398
      ],
      [
       -80.43877,
       -73.225
      ],
      [
       -80.41682324595783,
       -73.26554425590243
      ],
      [
       -80.55910670828261,
       -73.35633158587392
      ],
      [
       -81.024316,
       -73.235547
      ],
      [
       -81.176416,
       -73.248828
      ],
      [
       -81.262402,
       -73.314941
      ],
      [
       -81.163184,
       -73.632422
      ],
      [
       -81.30874,
       -73.738281
      ],
      [
       -82.183496,
       -73.856836
      ],
      [
       -82.815234,
       -73.732324
      ],
      [
       -83.564844,
       -73.705957
      ],
      [
       -84.21416,
       -73.572754
      ],
      [
       -84.981201,
       -73.502051
      ],
      [
       -85.801416,
       -73.19209
      ],
      [
       -86.77494290602496,
       -73.36088516328776
      ],
      [
       -85.808142,
       -73.192741
      ],
      [
       -85.761685,
       -73.094298
      ],
      [
       -85.80517,
       -73.046032
      ],
      [
       -86.41503,
       -72.945676
      ],
      [
       -87.398897,
       -72.924541
      ],
      [
       -88.108802,
       -72.842272
      ],
      [
       -88.2576732584138,
       -72.9037869467181
      ],
      [
       -88.194531,
       -72.858594
      ],
      [
       -88.194092,
       -72.7875
      ],
      [
       -88.77998,
       -72.683008
      ],
      [
       -89.11613814823772,
       -72.69284191946696
      ],
      [
       -89.803712,
       -72.586629
      ],
      [
       -89.848412,
       -72.521206
      ],
      [
       -89.802937,
       -72.47878
      ],
      [
       -90.038349,
       -72.462657
      ],
      [
       -90.209062,
       -72.605955
      ],
      [
       -90.457729,
       -72.641561
      ],
      [
       -90.705156,
       -72.746774
      ],
      [
       -90.78017680725881,
       -72.73173864403392
      ],
      [
       -90.780176,
       -72.731738
      ],
      [
       -90.807129,
       -72.610645
      ],
      [
       -90.947412,
       -72.556348
      ],
      [
       -91.303516,
       -72.547363
      ],
      [
       -91.64747203096721,
       -72.61903176819045
      ],
      [
       -91.652075,
       -72.61443
      ],
      [
       -92.432208,
       -72.633551
      ],
      [
       -92.644856,
       -72.575776
      ],
      [
       -94.167011,
       -72.517796
      ],
      [
       -94.67034,
       -72.445293
      ],
      [
       -95.313479,
       -72.25683
      ],
      [
       -95.477758,
       -72.105108
      ],
      [
       -95.609404,
       -72.068417
      ],
      [
       -95.6094040516168,
       -72.0684524847234
      ],
      [
       -95.6854,
       -72.056641
      ],
      [
       -95.68551156937826,
       -72.0566624915609
      ],
      [
       -96.066198,
       -71.91437
      ],
      [
       -96.156244,
       -71.922535
      ],
      [
       -96.298225,
       -72.045163
      ],
      [
       -96.97886996033233,
       -72.22187963293867
      ],
      [
       -96.978906,
       -72.221875
      ],
      [
       -96.298193,
       -72.045117
      ],
      [
       -96.125,
       -71.895508
      ],
      [
       -96.38335,
       -71.836328
      ],
      [
       -96.869434,
       -71.850977
      ],
      [
       -96.97923436919322,
       -71.89757657571282
      ],
      [
       -97.550965,
       -71.918349
      ],
      [
       -97.473502,
       -72.000256
      ],
      [
       -97.4735123974438,
       -72.00026508531994
      ],
      [
       -97.584766,
       -71.882617
      ],
      [
       -97.78023426494718,
       -71.91324191116671
      ],
      [
       -97.780228,
       -71.913233
      ],
      [
       -98.14720425111622,
       -71.85959354795936
      ],
      [
       -98.18916,
       -71.82002
      ],
      [
       -98.61543,
       -71.76377
      ],
      [
       -98.964551,
       -71.854297
      ],
      [
       -99.082129,
       -71.93252
      ],
      [
       -99.2539082345962,
       -71.97212332780884
      ],
      [
       -99.018524,
       -71.890185
      ],
      [
       -100.00368909843279,
       -71.89275128455726
      ],
      [
       -100.084619,
       -71.836914
      ],
      [
       -100.218652,
       -71.83291
      ],
      [
       -102.128125,
       -71.985449
      ],
      [
       -102.288281,
       -72.032129
      ],
      [
       -102.313623,
       -72.081055
      ],
      [
       -102.264795,
       -72.135254
      ],
      [
       -102.18796780828167,
       -72.15099041076473
      ],
      [
       -102.28941,
       -72.144795
      ],
      [
       -102.710805,
       -72.268147
      ],
      [
       -103.298883,
       -72.230526
      ],
      [
       -103.396293,
       -72.284425
      ],
      [
       -102.764807,
       -72.513403
      ],
      [
       -102.780982,
       -72.590763
      ],
      [
       -102.73021,
       -72.64771
      ],
      [
       -102.852502,
       -72.716388
      ],
      [
       -102.3629518892441,
       -72.76015282481451
      ],
      [
       -103.110107,
       -72.721191
      ],
      [
       -103.375,
       -72.818848
      ],
      [
       -103.076172,
       -73.18457
      ],
      [
       -102.908789,
       -73.285156
      ],
      [
       -101.42807321493181,
       -73.32586231075861
      ],
      [
       -101.694226,
       -73.3348
      ],
      [
       -101.64255,
       -73.40632
      ],
      [
       -101.687043,
       -73.500578
      ],
      [
       -101.431038,
       -73.591322
      ],
      [
       -101.310761,
       -73.695243
      ],
      [
       -101.18887098613759,
       -73.71846107339258
      ],
      [
       -102.410645,
       -73.616406
      ],
      [
       -102.799512,
       -73.645703
      ],
      [
       -102.862744,
       -73.783594
      ],
      [
       -102.766455,
       -73.883789
      ],
      [
       -101.71543,
       -74.02373
      ],
      [
       -101.586719,
       -74.096387
      ],
      [
       -101.43123865939036,
       -74.2770892119282
      ],
      [
       -101.840238,
       -74.337013
      ],
      [
       -101.938346,
       -74.403055
      ],
      [
       -102.459787,
       -74.512247
      ],
      [
       -102.155852,
       -74.549144
      ],
      [
       -102.047306,
       -74.609709
      ],
      [
       -101.195135,
       -74.713217
      ],
      [
       -101.648906,
       -75.016609
      ],
      [
       -101.790655,
       -75.06255
      ],
      [
       -101.82033658818871,
       -75.12479195341847
      ],
      [
       -103.121045,
       -75.095215
      ],
      [
       -103.901318,
       -75.152539
      ],
      [
       -104.05204078880176,
       -75.1339657052282
      ],
      [
       -103.541297,
       -75.113813
      ],
      [
       -104.552708,
       -75.087768
      ],
      [
       -105.162387,
       -74.92044
      ],
      [
       -105.153188,
       -74.86742
      ],
      [
       -105.303128,
       -74.813366
      ],
      [
       -105.303412,
       -74.768201
      ],
      [
       -106.162326,
       -74.84153
      ],
      [
       -106.275316,
       -74.780086
      ],
      [
       -106.539047,
       -74.731355
      ],
      [
       -107.110149,
       -74.907624
      ],
      [
       -107.800159,
       -74.942144
      ],
      [
       -107.848295,
       -75.045031
      ],
      [
       -108.27044,
       -75.080792
      ],
      [
       -107.756208,
       -75.142855
      ],
      [
       -108.045208,
       -75.191534
      ],
      [
       -108.160576,
       -75.26693
      ],
      [
       -107.804758,
       -75.321552
      ],
      [
       -107.26765083569813,
       -75.33171013649289
      ],
      [
       -107.804736,
       -75.321582
      ],
      [
       -109.272168,
       -75.185059
      ],
      [
       -109.27903094966648,
       -75.18517366529582
      ],
      [
       -109.169377,
       -75.067821
      ],
      [
       -109.493492,
       -74.915685
      ],
      [
       -109.464605,
       -74.846956
      ],
      [
       -109.529433,
       -74.80055
      ],
      [
       -110.24194131407957,
       -74.56631996367379
      ],
      [
       -110.229785,
       -74.536328
      ],
      [
       -110.30708,
       -74.366699
      ],
      [
       -110.533936,
       -74.288867
      ],
      [
       -111.180176,
       -74.188086
      ],
      [
       -111.62998,
       -74.181445
      ],
      [
       -111.79175734625748,
       -74.26242356573927
      ],
      [
       -111.791775,
       -74.262392
      ],
      [
       -111.889134,
       -74.228957
      ],
      [
       -113.437024,
       -74.160228
      ],
      [
       -113.715767,
       -74.235417
      ],
      [
       -113.71878985801274,
       -74.245992853534
      ],
      [
       -113.713574,
       -74.227734
      ],
      [
       -113.489404,
       -74.158398
      ],
      [
       -113.508496,
       -74.088867
      ],
      [
       -114.62373,
       -73.90293
      ],
      [
       -114.791016,
       -73.988574
      ],
      [
       -115.105176,
       -74.455078
      ],
      [
       -115.10521398280775,
       -74.4550884551292
      ],
      [
       -114.882672,
       -74.119868
      ],
      [
       -115.736935,
       -74.065711
      ],
      [
       -116.165746,
       -73.914351
      ],
      [
       -116.57939847812774,
       -74.05841244094319
      ],
      [
       -116.58457,
       -74.055566
      ],
      [
       -116.15498,
       -73.910449
      ],
      [
       -116.381299,
       -73.865527
      ],
      [
       -117.3042669013765,
       -74.06704916154742
      ],
      [
       -117.296117,
       -74.062249
      ],
      [
       -118.6627,
       -73.95378
      ],
      [
       -118.888887,
       -73.887118
      ],
      [
       -119.058593,
       -73.997705
      ],
      [
       -119.548925,
       -74.110256
      ],
      [
       -119.821027,
       -74.119662
      ],
      [
       -119.86887822636652,
       -74.09796971706348
      ],
      [
       -119.548926,
       -74.110254
      ],
      [
       -119.058594,
       -73.997656
      ],
      [
       -118.877344,
       -73.878027
      ],
      [
       -118.959277,
       -73.809473
      ],
      [
       -119.216211,
       -73.777637
      ],
      [
       -119.802588,
       -73.814648
      ],
      [
       -119.69799601165813,
       -73.94422870365946
      ],
      [
       -119.778652,
       -73.84433
      ],
      [
       -120.477085,
       -73.800405
      ],
      [
       -120.47706732345671,
       -73.80042130371775
      ],
      [
       -120.55625,
       -73.756055
      ],
      [
       -123.0125,
       -73.672949
      ],
      [
       -123.249072,
       -73.738672
      ],
      [
       -123.346191,
       -73.843066
      ],
      [
       -122.9924630575895,
       -73.84413824137879
      ],
      [
       -124.074695,
       -73.862881
      ],
      [
       -124.04219718261776,
       -73.88032689271066
      ],
      [
       -124.53999,
       -73.739746
      ],
      [
       -124.993408,
       -73.829785
      ],
      [
       -125.1122232933243,
       -73.81757126945429
      ],
      [
       -124.99345,
       -73.829757
      ],
      [
       -124.555725,
       -73.738858
      ],
      [
       -124.592079,
       -73.686665
      ],
      [
       -125.225632,
       -73.621087
      ],
      [
       -125.313689,
       -73.62765
      ],
      [
       -125.29990004120138,
       -73.65069847534039
      ],
      [
       -125.561328,
       -73.536426
      ],
      [
       -125.735791,
       -73.405664
      ],
      [
       -126.329883,
       -73.28623
      ],
      [
       -127.267627,
       -73.304004
      ],
      [
       -127.429053,
       -73.446875
      ],
      [
       -127.414355,
       -73.516309
      ],
      [
       -127.23291,
       -73.585547
      ],
      [
       -127.21413459832613,
       -73.70801793354526
      ],
      [
       -127.231737,
       -73.706508
      ],
      [
       -127.310751,
       -73.837767
      ],
      [
       -127.604893,
       -74.035016
      ],
      [
       -127.957895,
       -74.153768
      ],
      [
       -128.257928,
       -74.317479
      ],
      [
       -129.978185,
       -74.414321
      ],
      [
       -130.948074,
       -74.379749
      ],
      [
       -130.96730007726433,
       -74.51492882871995
      ],
      [
       -130.981104,
       -74.414062
      ],
      [
       -131.762695,
       -74.323828
      ],
      [
       -132.15300344808486,
       -74.42332298115417
      ],
      [
       -132.165338,
       -74.41861
      ],
      [
       -132.3623224863023,
       -74.40998028535928
      ],
      [
       -132.362305,
       -74.409961
      ],
      [
       -132.55249,
       -74.386621
      ],
      [
       -132.831689,
       -74.421582
      ],
      [
       -132.84188213797108,
       -74.43763292309411
      ],
      [
       -132.885863,
       -74.428583
      ],
      [
       -133.349839,
       -74.4969
      ],
      [
       -134.487238,
       -74.540721
      ],
      [
       -134.600099,
       -74.606919
      ],
      [
       -134.754017,
       -74.618442
      ],
      [
       -134.84042,
       -74.694097
      ],
      [
       -134.15262936267618,
       -74.79983498239054
      ],
      [
       -134.840381,
       -74.694141
      ],
      [
       -135.362061,
       -74.69043
      ],
      [
       -136.030078,
       -74.765332
      ],
      [
       -136.227832,
       -74.836035
      ],
      [
       -136.549512,
       -75.139453
      ],
      [
       -136.649854,
       -75.161719
      ],
      [
       -137.618164,
       -75.075586
      ],
      [
       -139.148828,
       -75.160156
      ],
      [
       -139.691162,
       -75.212793
      ],
      [
       -140.470996,
       -75.447266
      ],
      [
       -141.22334,
       -75.545898
      ],
      [
       -140.8752109867291,
       -75.74538514889001
      ],
      [
       -141.342504,
       -75.478597
      ],
      [
       -141.316769,
       -75.421856
      ],
      [
       -141.363304,
       -75.406405
      ],
      [
       -141.992103,
       -75.440821
      ],
      [
       -142.033728,
       -75.546344
      ],
      [
       -141.50575,
       -75.690418
      ],
      [
       -140.87437065958443,
       -75.74586667860981
      ],
      [
       -140.874316,
       -75.745898
      ],
      [
       -141.505713,
       -75.69043
      ],
      [
       -142.329834,
       -75.490918
      ],
      [
       -142.41851201527322,
       -75.49609544603385
      ],
      [
       -142.480626,
       -75.432036
      ],
      [
       -143.209625,
       -75.344806
      ],
      [
       -143.587225,
       -75.389817
      ],
      [
       -144.477377,
       -75.358966
      ],
      [
       -145.004451,
       -75.417515
      ],
      [
       -145.567543,
       -75.370593
      ],
      [
       -145.817063,
       -75.424595
      ],
      [
       -145.823523,
       -75.509654
      ],
      [
       -145.7835981428267,
       -75.51735602699007
      ],
      [
       -146.15081996411936,
       -75.57353346471525
      ],
      [
       -146.150841,
       -75.573526
      ],
      [
       -146.121773,
       -75.546551
      ],
      [
       -146.542962,
       -75.567584
      ],
      [
       -147.241705,
       -75.742302
      ],
      [
       -147.780147,
       -75.723491
      ],
      [
       -147.841513,
       -75.766176
      ],
      [
       -147.940835,
       -75.717859
      ],
      [
       -148.409566,
       -75.768915
      ],
      [
       -148.145887,
       -76.013086
      ],
      [
       -148.29430025744105,
       -76.10598263503935
      ],
      [
       -148.320312,
       -76.104492
      ],
      [
       -148.894824,
       -76.271777
      ],
      [
       -149.654248,
       -76.365332
      ],
      [
       -148.601074,
       -76.493262
      ],
      [
       -147.34043,
       -76.438379
      ],
      [
       -147.24350884894614,
       -76.45018138548016
      ],
      [
       -147.340433,
       -76.438383
      ],
      [
       -148.601079,
       -76.493263
      ],
      [
       -149.045884,
       -76.45802
      ],
      [
       -149.576007,
       -76.378645
      ],
      [
       -149.639801,
       -76.428978
      ],
      [
       -150.575713,
       -76.533209
      ],
      [
       -150.495305,
       -76.569331
      ],
      [
       -150.017194,
       -76.535896
      ],
      [
       -150.053187,
       -76.568659
      ],
      [
       -150.000193,
       -76.581785
      ],
      [
       -150.393244,
       -76.698729
      ],
      [
       -150.177417,
       -76.691288
      ],
      [
       -150.1184463380125,
       -76.71919341854515
      ],
      [
       -150.873535,
       -76.736719
      ],
      [
       -150.655176,
       -76.788965
      ],
      [
       -150.3939235156055,
       -76.78123848942182
      ],
      [
       -150.431097,
       -76.786786
      ],
      [
       -150.295317,
       -76.860786
      ],
      [
       -149.96573613490207,
       -76.87931879838996
      ],
      [
       -150.393311,
       -76.89873
      ],
      [
       -150.788525,
       -76.981641
      ],
      [
       -150.46213531347183,
       -77.07559208579858
      ],
      [
       -151.133999,
       -76.938146
      ],
      [
       -151.700735,
       -76.939283
      ],
      [
       -151.721509,
       -76.962899
      ],
      [
       -151.601594,
       -76.979229
      ],
      [
       -151.826619,
       -77.095501
      ],
      [
       -151.07237326401471,
       -77.22555125740125
      ],
      [
       -151.49124888270796,
       -77.27112357908373
      ],
      [
       -151.846747,
       -77.239264
      ],
      [
       -151.819746,
       -77.198285
      ],
      [
       -151.980175,
       -77.1556
      ],
      [
       -152.15926,
       -77.160613
      ],
      [
       -152.355553,
       -77.264483
      ],
      [
       -152.53717,
       -77.26133
      ],
      [
       -152.535748,
       -77.227431
      ],
      [
       -152.416221,
       -77.207742
      ],
      [
       -152.455004,
       -77.193014
      ],
      [
       -153.422671,
       -77.201902
      ],
      [
       -153.497188,
       -77.156996
      ],
      [
       -153.453703,
       -77.119582
      ],
      [
       -153.825256,
       -77.080204
      ],
      [
       -154.695901,
       -77.066148
      ],
      [
       -154.913304,
       -77.124388
      ],
      [
       -154.90105810042922,
       -77.12563998603868
      ],
      [
       -156.21123,
       -77.105664
      ],
      [
       -156.667676,
       -77.212988
      ],
      [
       -157.139307,
       -77.24209
      ],
      [
       -157.465381,
       -77.23125
      ],
      [
       -157.842041,
       -77.079199
      ],
      [
       -158.003076,
       -77.091211
      ],
      [
       -158.213574,
       -77.157129
      ],
      [
       -158.22998,
       -77.497656
      ],
      [
       -158.500391,
       -77.77832
      ],
      [
       -158.28615052584001,
       -77.95057073152748
      ],
      [
       -158.469185,
       -77.81494
      ],
      [
       -158.774567,
       -77.903668
      ],
      [
       -163.060326,
       -78.580836
      ],
      [
       -164.712189,
       -78.565333
      ],
      [
       -164.983852,
       -78.610964
      ],
      [
       -176.91457,
       -78.268659
      ],
      [
       -176.956661,
       -78.259099
      ],
      [
       -176.868294,
       -78.212538
      ],
      [
       -176.915526,
       -78.202875
      ],
      [
       -176.860491,
       -78.121019
      ],
      [
       -180,
       -77.873648
      ],
      [
       -179.999989,
       -84.351543
      ],
      [
       -179.4707946251645,
       -84.34694126406556
      ],
      [
       -180,
       -84.351562
      ],
      [
       -180,
       -89.998926
      ]
     ],
     [
      [
       -177.77929411038298,
       -84.39093515427405
      ],
      [
       -177.730438,
       -84.39521
      ],
      [
       -176.7491173355828,
       -84.41097133018405
      ],
      [
       -177.73042,
       -84.395215
      ],
      [
       -177.77929411038298,
       -84.39093515427405
      ]
     ],
     [
      [
       -175.96948550102314,
       -84.4892905408993
      ],
      [
       -175.874634,
       -84.510345
      ],
      [
       -174.9954158181818,
       -84.47576487370996
      ],
      [
       -175.874609,
       -84.510352
      ],
      [
       -175.96948550102314,
       -84.4892905408993
      ]
     ],
     [
      [
       -174.235948,
       -82.793447
      ],
      [
       -173.071162,
       -82.915817
      ],
      [
       -171.821315,
       -82.847449
      ],
      [
       -168.417699,
       -83.22877
      ],
      [
       -166.3127676503582,
       -83.21881881862701
      ],
      [
       -168.417676,
       -83.228809
      ],
      [
       -171.821289,
       -82.847461
      ],
      [
       -173.071143,
       -82.91582
      ],
      [
       -174.23593087504088,
       -82.79345774848481
      ],
      [
       -174.235948,
       -82.793447
      ]
     ],
     [
      [
       -174.2206287368288,
       -82.80306213931105
      ],
      [
       -174.065967,
       -82.900098
      ],
      [
       -171.187842,
       -83.256445
      ],
      [
       -169.167676,
       -83.449805
      ],
      [
       -168.04768071577,
       -83.72931306418923
      ],
      [
       -169.167705,
       -83.449841
      ],
      [
       -171.187892,
       -83.256468
      ],
      [
       -174.066011,
       -82.900108
      ],
      [
       -174.2206287368288,
       -82.80306213931105
      ]
     ],
     [
      [
       -171.33362853580667,
       -84.55959469499682
      ],
      [
       -168.667813,
       -84.683565
      ],
      [
       -168.28448139290367,
       -84.71146175097728
      ],
      [
       -168.667773,
       -84.683594
      ],
      [
       -171.33362853580667,
       -84.55959469499682
      ]
     ],
     [
      [
       -167.4922192401497,
       -84.83368510015089
      ],
      [
       -167.07888083550097,
       -84.83980893497124
      ],
      [
       -167.492188,
       -84.833691
      ],
      [
       -167.4922192401497,
       -84.83368510015089
      ]
     ],
     [
      [
       -165.240477,
       -84.381206
      ],
      [
       -165.23783665428678,
       -84.38114974465283
      ],
      [
       -165.24032992247257,
       -84.38124613113392
      ],
      [
       -165.240477,
       -84.381206
      ]
     ],
     [
      [
       -165.19606389681059,
       -83.78524659780746
      ],
      [
       -164.950879,
       -83.805859
      ],
      [
       -164.08291,
       -83.946094
      ],
      [
       -164.011328,
       -84.015625
      ],
      [
       -164.01137065684165,
       -84.01562985931481
      ],
      [
       -164.082951,
       -83.946142
      ],
      [
       -164.950882,
       -83.805892
      ],
      [
       -165.19606389681059,
       -83.78524659780746
      ]
     ],
     [
      [
       -165.1842096044744,
       -84.39655895313172
      ],
      [
       -165.135352,
       -84.409863
      ],
      [
       -164.11416,
       -84.44541
      ],
      [
       -163.75733141582185,
       -84.49988440665811
      ],
      [
       -164.114163,
       -84.44544
      ],
      [
       -165.135367,
       -84.409886
      ],
      [
       -165.1842096044744,
       -84.39655895313172
      ]
     ],
     [
      [
       -164.685084,
       -84.154553
      ],
      [
       -164.55420391625952,
       -84.09507861061182
      ],
      [
       -164.68500567371674,
       -84.15456574781875
      ],
      [
       -164.685084,
       -84.154553
      ]
     ],
     [
      [
       -164.4455765676138,
       -83.46766860546938
      ],
      [
       -164.03943102548342,
       -83.42550317163055
      ],
      [
       -164.445557,
       -83.467676
      ],
      [
       -164.4455765676138,
       -83.46766860546938
      ]
     ],
     [
      [
       -164.281646,
       -79.24555
      ],
      [
       -164.2816329022055,
       -79.2455189149166
      ],
      [
       -164.23186733846168,
       -79.31259730000366
      ],
      [
       -164.281646,
       -79.24555
      ]
     ],
     [
      [
       -164.26863648618814,
       -79.21467443376834
      ],
      [
       -164.199558,
       -79.05073
      ],
      [
       -164.12906545459543,
       -78.99795870894896
      ],
      [
       -164.199512,
       -79.050781
      ],
      [
       -164.26863648618814,
       -79.21467443376834
      ]
     ],
     [
      [
       -164.1266937761475,
       -79.34419206146903
      ],
      [
       -163.712402,
       -79.441992
      ],
      [
       -163.70990026828864,
       -79.44234625401506
      ],
      [
       -163.712431,
       -79.442024
      ],
      [
       -164.1266937761475,
       -79.34419206146903
      ]
     ],
     [
      [
       -163.951253,
       -81.390949
      ],
      [
       -163.869036,
       -81.323976
      ],
      [
       -163.200679,
       -81.281395
      ],
      [
       -162.456512,
       -81.313228
      ],
      [
       -161.4568988968212,
       -81.41214501259384
      ],
      [
       -162.456494,
       -81.313281
      ],
      [
       -163.200635,
       -81.281445
      ],
      [
       -163.868994,
       -81.324023
      ],
      [
       -163.93014498635284,
       -81.39371601258325
      ],
      [
       -163.951253,
       -81.390949
      ]
     ],
     [
      [
       -163.8202570500161,
       -84.326347974633
      ],
      [
       -163.79650786625012,
       -84.31844309740242
      ],
      [
       -163.765186,
       -84.324219
      ],
      [
       -163.8202570500161,
       -84.326347974633
      ]
     ],
     [
      [
       -163.795991,
       -82.842643
      ],
      [
       -163.18745100123954,
       -82.85619947540458
      ],
      [
       -163.7958986541299,
       -82.8426770744593
      ],
      [
       -163.795991,
       -82.842643
      ]
     ],
     [
      [
       -163.75496032919003,
       -82.85778279911737
      ],
      [
       -163.634326,
       -82.902246
      ],
      [
       -163.5521,
       -82.987695
      ],
      [
       -163.046533,
       -83.096777
      ],
      [
       -162.15159815427418,
       -83.1154563656946
      ],
      [
       -162.304945,
       -83.141747
      ],
      [
       -163.04658,
       -83.096788
      ],
      [
       -163.552104,
       -82.987699
      ],
      [
       -163.634373,
       -82.902278
      ],
      [
       -163.75496032919003,
       -82.85778279911737
      ]
     ],
     [
      [
       -163.6177515989433,
       -78.83572760774904
      ],
      [
       -163.256128,
       -78.722068
      ],
      [
       -162.390057,
       -78.760153
      ],
      [
       -162.39004172620196,
       -78.76015588011278
      ],
      [
       -163.256104,
       -78.72207
      ],
      [
       -163.6177515989433,
       -78.83572760774904
      ]
     ],
     [
      [
       -163.2560142428325,
       -81.48208663244644
      ],
      [
       -163.253076,
       -81.482422
      ],
      [
       -160.4673436120939,
       -81.58944513914851
      ],
      [
       -160.467176,
       -81.58949
      ],
      [
       -163.253105,
       -81.482468
      ],
      [
       -163.2560142428325,
       -81.48208663244644
      ]
     ],
     [
      [
       -162.2626359893814,
       -82.9395142220104
      ],
      [
       -161.635193,
       -83.026921
      ],
      [
       -161.63527937240724,
       -83.02693580816486
      ],
      [
       -162.2626359893814,
       -82.9395142220104
      ]
     ],
     [
      [
       -161.88864336623433,
       -83.07037393743538
      ],
      [
       -161.828223,
       -83.042578
      ],
      [
       -161.63557961426025,
       -83.02698728329449
      ],
      [
       -161.88864336623433,
       -83.07037393743538
      ]
     ],
     [
      [
       -161.1570206555652,
       -79.7674205009204
      ],
      [
       -160.30401588574517,
       -79.84435819459983
      ],
      [
       -160.806716,
       -79.812027
      ],
      [
       -161.1570206555652,
       -79.7674205009204
      ]
     ],
     [
      [
       -160.91494794600015,
       -83.50528675343004
      ],
      [
       -159.92354,
       -83.494697
      ],
      [
       -159.527767160428,
       -83.53473494499708
      ],
      [
       -159.923535,
       -83.494727
      ],
      [
       -160.91494794600015,
       -83.50528675343004
      ]
     ],
     [
      [
       -160.89665866091968,
       -84.64828998528705
      ],
      [
       -156.620996,
       -84.839648
      ],
      [
       -156.50365692051554,
       -84.88396684561032
      ],
      [
       -156.621003,
       -84.839679
      ],
      [
       -160.89665866091968,
       -84.64828998528705
      ]
     ],
     [
      [
       -159.17247215929766,
       -79.81097323000823
      ],
      [
       -159.05294363773396,
       -79.80742240513514
      ],
      [
       -159.052948,
       -79.807428
      ],
      [
       -159.17247215929766,
       -79.81097323000823
      ]
     ],
     [
      [
       -158.98874,
       -81.779349
      ],
      [
       -158.98833855689884,
       -81.7794364460892
      ],
      [
       -158.98678959612667,
       -81.78000122689284
      ],
      [
       -158.98874,
       -81.779349
      ]
     ],
     [
      [
       -158.28513074227828,
       -77.95096628687389
      ],
      [
       -157.26786587757704,
       -78.19954381046094
      ],
      [
       -157.84806,
       -78.07389
      ],
      [
       -158.28513074227828,
       -77.95096628687389
      ]
     ],
     [
      [
       -158.24110865077455,
       -83.42571025923696
      ],
      [
       -157.428473,
       -83.346385
      ],
      [
       -157.02788215828792,
       -83.23436670369335
      ],
      [
       -157.027783,
       -83.234375
      ],
      [
       -157.428467,
       -83.346387
      ],
      [
       -158.24110865077455,
       -83.42571025923696
      ]
     ],
     [
      [
       -158.07640297286474,
       -82.11194564920362
      ],
      [
       -158.076221,
       -82.112012
      ],
      [
       -157.9875,
       -82.10498
      ],
      [
       -157.89728558650137,
       -82.06119831333916
      ],
      [
       -157.987509,
       -82.105014
      ],
      [
       -158.076263,
       -82.112042
      ],
      [
       -158.07640297286474,
       -82.11194564920362
      ]
     ],
     [
      [
       -157.85279655271077,
       -82.02679082111837
      ],
      [
       -157.834598,
       -82.030755
      ],
      [
       -157.8345992784311,
       -82.03075562085145
      ],
      [
       -157.85279655271077,
       -82.02679082111837
      ]
     ],
     [
      [
       -157.679517,
       -83.129448
      ],
      [
       -155.459446,
       -82.980723
      ],
      [
       -155.150292,
       -82.858353
      ],
      [
       -153.822311,
       -82.669321
      ],
      [
       -153.398667,
       -82.586225
      ],
      [
       -153.25534173957647,
       -82.53587478923187
      ],
      [
       -153.398633,
       -82.58623
      ],
      [
       -153.822266,
       -82.669336
      ],
      [
       -155.150244,
       -82.858398
      ],
      [
       -155.459424,
       -82.980762
      ],
      [
       -157.6794525989252,
       -83.12948936038633
      ],
      [
       -157.679517,
       -83.129448
      ]
     ],
     [
      [
       -157.64472659911806,
       -83.15179148456602
      ],
      [
       -157.589209,
       -83.187402
      ],
      [
       -157.2624033956935,
       -83.21474494395181
      ],
      [
       -157.589238,
       -83.187428
      ],
      [
       -157.64472659911806,
       -83.15179148456602
      ]
     ],
     [
      [
       -157.453924,
       -84.912388
      ],
      [
       -156.48970296629494,
       -84.88923723928882
      ],
      [
       -156.489648,
       -84.889258
      ],
      [
       -157.4538410840132,
       -84.9124004418946
      ],
      [
       -157.453924,
       -84.912388
      ]
     ],
     [
      [
       -157.33433831145172,
       -84.93033233847599
      ],
      [
       -156.988281,
       -84.982227
      ],
      [
       -156.81541065737926,
       -85.03084371929961
      ],
      [
       -156.988319,
       -84.982254
      ],
      [
       -157.33433831145172,
       -84.93033233847599
      ]
     ],
     [
      [
       -157.032528,
       -81.31917
      ],
      [
       -157.032453886387,
       -81.31914694983217
      ],
      [
       -155.95403081220462,
       -81.41619861598542
      ],
      [
       -157.032528,
       -81.31917
      ]
     ],
     [
      [
       -156.5618625769183,
       -85.126379282013
      ],
      [
       -156.459131,
       -85.186035
      ],
      [
       -156.45921143588555,
       -85.18603146088003
      ],
      [
       -156.5618625769183,
       -85.126379282013
      ]
     ],
     [
      [
       -156.469384,
       -78.635303
      ],
      [
       -156.14684290616083,
       -78.56199956645777
      ],
      [
       -156.46926149558305,
       -78.6353350536517
      ],
      [
       -156.469384,
       -78.635303
      ]
     ],
     [
      [
       -155.751185,
       -79.829597
      ],
      [
       -155.674317,
       -79.765518
      ],
      [
       -154.025399,
       -79.987675
      ],
      [
       -153.97983045615314,
       -80.00958491132381
      ],
      [
       -154.025391,
       -79.987695
      ],
      [
       -155.674268,
       -79.765527
      ],
      [
       -155.751172,
       -79.82959
      ],
      [
       -155.58296453305033,
       -79.84630961700272
      ],
      [
       -155.751185,
       -79.829597
      ]
     ],
     [
      [
       -155.21011300170616,
       -78.96479507043725
      ],
      [
       -155.209912,
       -78.964844
      ],
      [
       -155.2098669701389,
       -78.96484931742259
      ],
      [
       -155.209926,
       -78.964844
      ],
      [
       -155.21011300170616,
       -78.96479507043725
      ]
     ],
     [
      [
       -155.0120162105952,
       -79.92093072635711
      ],
      [
       -154.94169266448807,
       -79.96628148621465
      ],
      [
       -154.9417,
       -79.966281
      ],
      [
       -155.0120162105952,
       -79.92093072635711
      ]
     ],
     [
      [
       -154.71745,
       -81.940735
      ],
      [
       -154.71741808675483,
       -81.94072714639508
      ],
      [
       -153.009863,
       -82.449609
      ],
      [
       -153.0099246930445,
       -82.44963068008188
      ],
      [
       -154.71745,
       -81.940735
      ]
     ],
     [
      [
       -154.6847632030976,
       -78.38775183282087
      ],
      [
       -154.2931180436373,
       -78.25907559845756
      ],
      [
       -154.293018,
       -78.259082
      ],
      [
       -154.6847632030976,
       -78.38775183282087
      ]
     ],
     [
      [
       -154.5354104483999,
       -81.58467926951951
      ],
      [
       -153.956641,
       -81.700195
      ],
      [
       -153.95670403604322,
       -81.70022500463018
      ],
      [
       -154.5354104483999,
       -81.58467926951951
      ]
     ],
     [
      [
       -154.14691858505694,
       -80.01896094554671
      ],
      [
       -153.93051121602917,
       -80.03329820313552
      ],
      [
       -153.930495,
       -80.033306
      ],
      [
       -154.14691858505694,
       -80.01896094554671
      ]
     ],
     [
      [
       -153.51789118176492,
       -79.1172628603642
      ],
      [
       -153.517578,
       -79.117285
      ],
      [
       -153.5172202892594,
       -79.11728464562896
      ],
      [
       -153.517601,
       -79.117289
      ],
      [
       -153.51789118176492,
       -79.1172628603642
      ]
     ],
     [
      [
       -153.46062069218803,
       -77.415998035936
      ],
      [
       -152.93462542361118,
       -77.41899466435324
      ],
      [
       -153.460596,
       -77.416016
      ],
      [
       -153.46062069218803,
       -77.415998035936
      ]
     ],
     [
      [
       -152.9329177851198,
       -81.050442282879
      ],
      [
       -148.122762,
       -80.900746
      ],
      [
       -148.02344631533518,
       -80.8357411335618
      ],
      [
       -148.023438,
       -80.835742
      ],
      [
       -148.122754,
       -80.900781
      ],
      [
       -152.9329177851198,
       -81.050442282879
      ]
     ],
     [
      [
       -152.13793311496391,
       -79.11591823589185
      ],
      [
       -152.137695,
       -79.115918
      ],
      [
       -152.08736029859162,
       -79.1618198887329
      ],
      [
       -152.137711,
       -79.115946
      ],
      [
       -152.13793311496391,
       -79.11591823589185
      ]
     ],
     [
      [
       -152.091409,
       -79.241623
      ],
      [
       -152.09139454455632,
       -79.24160439512889
      ],
      [
       -151.048438,
       -79.459668
      ],
      [
       -148.176514,
       -79.775879
      ],
      [
       -148.082959,
       -79.856738
      ],
      [
       -148.08298515208335,
       -79.85676677022644
      ],
      [
       -148.176557,
       -79.775905
      ],
      [
       -151.048475,
       -79.459697
      ],
      [
       -152.091409,
       -79.241623
      ]
     ],
     [
      [
       -152.0811424521858,
       -79.22840944508212
      ],
      [
       -152.05343905355124,
       -79.19275380056621
      ],
      [
       -152.053418,
       -79.192773
      ],
      [
       -152.0811424521858,
       -79.22840944508212
      ]
     ],
     [
      [
       -150.58764245862758,
       -77.67046348898069
      ],
      [
       -150.305575,
       -77.731431
      ],
      [
       -150.00541191401095,
       -77.76515304714312
      ],
      [
       -150.305566,
       -77.731445
      ],
      [
       -150.58764245862758,
       -77.67046348898069
      ]
     ],
     [
      [
       -150.575429,
       -80.353751
      ],
      [
       -150.57539035900584,
       -80.35371160297439
      ],
      [
       -150.516113,
       -80.409473
      ],
      [
       -150.18188887467733,
       -80.49750926794013
      ],
      [
       -150.516156,
       -80.40951
      ],
      [
       -150.575429,
       -80.353751
      ]
     ],
     [
      [
       -150.5318572521283,
       -80.30932674787168
      ],
      [
       -150.435489,
       -80.211073
      ],
      [
       -150.43548521758672,
       -80.21107192515757
      ],
      [
       -150.5318572521283,
       -80.30932674787168
      ]
     ],
     [
      [
       -150.46011194309878,
       -77.07574604160537
      ],
      [
       -149.23073424434864,
       -77.12050544253131
      ],
      [
       -149.230705,
       -77.120512
      ],
      [
       -149.293466,
       -77.136635
      ],
      [
       -150.46011194309878,
       -77.07574604160537
      ]
     ],
     [
      [
       -150.40863732207978,
       -77.36814673323019
      ],
      [
       -150.39707,
       -77.369141
      ],
      [
       -150.37044899457263,
       -77.35602092682048
      ],
      [
       -150.397119,
       -77.369179
      ],
      [
       -150.40863732207978,
       -77.36814673323019
      ]
     ],
     [
      [
       -150.16761524409694,
       -76.74746582725219
      ],
      [
       -150.11159425306147,
       -76.72243588339157
      ],
      [
       -150.084813,
       -76.735109
      ],
      [
       -150.16761524409694,
       -76.74746582725219
      ]
     ],
     [
      [
       -149.85956006251575,
       -80.53832843970797
      ],
      [
       -149.214063,
       -80.604199
      ],
      [
       -149.147168,
       -80.718652
      ],
      [
       -148.14124127081988,
       -80.82346717866365
      ],
      [
       -149.147196,
       -80.71869
      ],
      [
       -149.214065,
       -80.604227
      ],
      [
       -149.85956006251575,
       -80.53832843970797
      ]
     ],
     [
      [
       -149.841075814123,
       -76.8863286246174
      ],
      [
       -149.78987,
       -76.889208
      ],
      [
       -149.65493551649953,
       -76.95773978937937
      ],
      [
       -149.841075814123,
       -76.8863286246174
      ]
     ],
     [
      [
       -149.662358,
       -77.300966
      ],
      [
       -149.45316177055676,
       -77.28566790412972
      ],
      [
       -149.66232863831334,
       -77.30097514398224
      ],
      [
       -149.662358,
       -77.300966
      ]
     ],
     [
      [
       -149.59482801776144,
       -77.32199656836627
      ],
      [
       -149.438672,
       -77.370605
      ],
      [
       -148.92903741397762,
       -77.3868102632308
      ],
      [
       -148.928863,
       -77.386852
      ],
      [
       -149.438677,
       -77.370626
      ],
      [
       -149.59482801776144,
       -77.32199656836627
      ]
     ],
     [
      [
       -149.54377431659563,
       -77.75196028596169
      ],
      [
       -149.125982,
       -77.642651
      ],
      [
       -148.4891936758404,
       -77.56854679816459
      ],
      [
       -149.125977,
       -77.642676
      ],
      [
       -149.54377431659563,
       -77.75196028596169
      ]
     ],
     [
      [
       -149.468959,
       -76.757123
      ],
      [
       -149.4437269234836,
       -76.74974234284583
      ],
      [
       -149.4689408386882,
       -76.75712778110515
      ],
      [
       -149.468959,
       -76.757123
      ]
     ],
     [
      [
       -149.46891658747512,
       -76.75713416542371
      ],
      [
       -149.09150083907497,
       -76.82574870297782
      ],
      [
       -149.238508,
       -76.817791
      ],
      [
       -149.46891658747512,
       -76.75713416542371
      ]
     ],
     [
      [
       -149.37537479215027,
       -77.28000299702471
      ],
      [
       -148.9294351229458,
       -77.38671509260492
      ],
      [
       -149.218115,
       -77.336328
      ],
      [
       -149.37537479215027,
       -77.28000299702471
      ]
     ],
     [
      [
       -149.302561,
       -76.91577
      ],
      [
       -148.704122,
       -76.935614
      ],
      [
       -148.44000169451985,
       -76.97712982503391
      ],
      [
       -149.30252282563976,
       -76.91582114968615
      ],
      [
       -149.302561,
       -76.91577
      ]
     ],
     [
      [
       -149.28878529516874,
       -76.9342280166923
      ],
      [
       -149.244824,
       -76.993066
      ],
      [
       -148.78993383461614,
       -77.00271790836203
      ],
      [
       -149.014697,
       -77.019123
      ],
      [
       -149.244864,
       -76.993078
      ],
      [
       -149.28878529516874,
       -76.9342280166923
      ]
     ],
     [
      [
       -148.90070966546577,
       -76.8360764957249
      ],
      [
       -148.3208686813609,
       -76.77168751573952
      ],
      [
       -148.320812,
       -76.771696
      ],
      [
       -148.814632,
       -76.840736
      ],
      [
       -148.90070966546577,
       -76.8360764957249
      ]
     ],
     [
      [
       -148.88988065878536,
       -80.09476661239374
      ],
      [
       -148.3171534444622,
       -80.0709784338099
      ],
      [
       -148.317139,
       -80.070996
      ],
      [
       -148.88988065878536,
       -80.09476661239374
      ]
     ],
     [
      [
       -148.843648,
       -77.283706
      ],
      [
       -148.777502,
       -77.124956
      ],
      [
       -148.65479366646474,
       -77.11308084554808
      ],
      [
       -148.77749,
       -77.125
      ],
      [
       -148.843604,
       -77.283691
      ],
      [
       -148.7444254396372,
       -77.34323772007751
      ],
      [
       -148.744429,
       -77.343237
      ],
      [
       -148.843648,
       -77.283706
      ]
     ],
     [
      [
       -148.43983369835246,
       -76.97716467855204
      ],
      [
       -148.4398093810952,
       -76.97716005387404
      ],
      [
       -148.439797,
       -76.977162
      ],
      [
       -148.43983369835246,
       -76.97716467855204
      ]
     ],
     [
      [
       -148.433544,
       -79.929539
      ],
      [
       -148.43346218633263,
       -79.92953312145542
      ],
      [
       -148.33004484471732,
       -80.05530095242332
      ],
      [
       -148.433544,
       -79.929539
      ]
     ],
     [
      [
       -148.33996762159572,
       -77.55117509907242
      ],
      [
       -148.15573369109882,
       -77.46230081578456
      ],
      [
       -148.155713,
       -77.462305
      ],
      [
       -148.339941,
       -77.551172
      ],
      [
       -148.33996762159572,
       -77.55117509907242
      ]
     ],
     [
      [
       -148.26905079154696,
       -79.91771969534258
      ],
      [
       -148.129325,
       -79.90768
      ],
      [
       -148.09673760321027,
       -79.87189600975118
      ],
      [
       -148.129297,
       -79.907715
      ],
      [
       -148.26905079154696,
       -79.91771969534258
      ]
     ],
     [
      [
       -148.001116,
       -76.577186
      ],
      [
       -148.0008600550406,
       -76.57718565712818
      ],
      [
       -147.62010558888255,
       -76.64420345357252
      ],
      [
       -147.578868,
       -76.662762
      ],
      [
       -148.001116,
       -76.577186
      ]
     ],
     [
      [
       -147.418076,
       -76.073444
      ],
      [
       -147.4180591687149,
       -76.07344488638216
      ],
      [
       -147.3454111506682,
       -76.14667884005118
      ],
      [
       -147.345445,
       -76.14667
      ],
      [
       -147.418076,
       -76.073444
      ]
     ],
     [
      [
       -147.39706401153938,
       -77.30794839432987
      ],
      [
       -146.927615,
       -77.259832
      ],
      [
       -146.73803178140318,
       -77.33491337211362
      ],
      [
       -146.927588,
       -77.259863
      ],
      [
       -147.39706401153938,
       -77.30794839432987
      ]
     ],
     [
      [
       -147.355341,
       -76.618837
      ],
      [
       -147.32263363067418,
       -76.59059143190987
      ],
      [
       -147.35531553959615,
       -76.61884241548032
      ],
      [
       -147.355341,
       -76.618837
      ]
     ],
     [
      [
       -147.3452994562861,
       -76.14670801002302
      ],
      [
       -146.894482,
       -76.260938
      ],
      [
       -146.78993100433325,
       -76.25349313206613
      ],
      [
       -146.894517,
       -76.260978
      ],
      [
       -147.150935,
       -76.197468
      ],
      [
       -147.3452994562861,
       -76.14670801002302
      ]
     ],
     [
      [
       -147.19213531085654,
       -76.2507849757875
      ],
      [
       -146.817364,
       -76.318029
      ],
      [
       -145.885793,
       -76.424275
      ],
      [
       -145.48697072322776,
       -76.41071118801848
      ],
      [
       -145.885742,
       -76.424316
      ],
      [
       -146.817334,
       -76.318066
      ],
      [
       -147.19213531085654,
       -76.2507849757875
      ]
     ],
     [
      [
       -147.115666,
       -76.866264
      ],
      [
       -147.086676445883,
       -76.83732644328957
      ],
      [
       -147.09964879098195,
       -76.88048108209188
      ],
      [
       -147.115666,
       -76.866264
      ]
     ],
     [
      [
       -147.07895,
       -76.992768
      ],
      [
       -147.044172,
       -76.929723
      ],
      [
       -147.04460541467773,
       -76.92933829552082
      ],
      [
       -147.044141,
       -76.929688
      ],
      [
       -147.078906,
       -76.992773
      ],
      [
       -146.606738,
       -76.961328
      ],
      [
       -146.1640171646096,
       -76.94853650718731
      ],
      [
       -146.981462,
       -77.005687
      ],
      [
       -147.07895,
       -76.992768
      ]
     ],
     [
      [
       -147.0674883107786,
       -76.53990398937351
      ],
      [
       -146.877903,
       -76.563233
      ],
      [
       -146.80474626209977,
       -76.62141446621372
      ],
      [
       -146.877881,
       -76.563281
      ],
      [
       -147.0674883107786,
       -76.53990398937351
      ]
     ],
     [
      [
       -146.8820514816248,
       -76.13649389421202
      ],
      [
       -146.690162,
       -76.246353
      ],
      [
       -146.6901925575716,
       -76.24635518690262
      ],
      [
       -146.8820514816248,
       -76.13649389421202
      ]
     ],
     [
      [
       -146.44846294651788,
       -76.58442646719872
      ],
      [
       -145.750488,
       -76.749023
      ],
      [
       -145.675684,
       -76.79668
      ],
      [
       -145.68569208237645,
       -76.88446495115147
      ],
      [
       -145.685701,
       -76.884454
      ],
      [
       -145.675728,
       -76.796707
      ],
      [
       -145.750504,
       -76.749062
      ],
      [
       -146.44846294651788,
       -76.58442646719872
      ]
     ],
     [
      [
       -146.383023,
       -76.099696
      ],
      [
       -146.323492,
       -76.020321
      ],
      [
       -146.32349199664688,
       -76.0203209986859
      ],
      [
       -146.38300435188896,
       -76.09970213393152
      ],
      [
       -146.383023,
       -76.099696
      ]
     ],
     [
      [
       -146.2695929779987,
       -75.9991978288474
      ],
      [
       -145.987776,
       -75.888753
      ],
      [
       -145.98722735817998,
       -75.88874689368409
      ],
      [
       -145.987744,
       -75.88877
      ],
      [
       -146.2695929779987,
       -75.9991978288474
      ]
     ],
     [
      [
       -146.25416860051982,
       -77.47859867963794
      ],
      [
       -146.073636,
       -77.486691
      ],
      [
       -145.600668,
       -77.455272
      ],
      [
       -145.713865,
       -77.33838
      ],
      [
       -145.794325,
       -77.330008
      ],
      [
       -145.807994,
       -77.273268
      ],
      [
       -145.80795510803176,
       -77.2732581514405
      ],
      [
       -145.794287,
       -77.32998
      ],
      [
       -145.713818,
       -77.338379
      ],
      [
       -145.600635,
       -77.455273
      ],
      [
       -146.073633,
       -77.486719
      ],
      [
       -146.25416860051982,
       -77.47859867963794
      ]
     ],
     [
      [
       -146.16559747771407,
       -76.9472068102856
      ],
      [
       -146.163967,
       -76.948533
      ],
      [
       -146.1639674219418,
       -76.94853302949946
      ],
      [
       -146.16559747771407,
       -76.9472068102856
      ]
     ],
     [
      [
       -146.15080501652153,
       -75.57353876896487
      ],
      [
       -145.23926460884496,
       -75.71105219708384
      ],
      [
       -146.042786,
       -75.61187
      ],
      [
       -146.15080501652153,
       -75.57353876896487
      ]
     ],
     [
      [
       -146.1409390410569,
       -76.17932478489837
      ],
      [
       -145.44209,
       -76.40918
      ],
      [
       -145.4421382377,
       -76.40918164571742
      ],
      [
       -146.1409390410569,
       -76.17932478489837
      ]
     ],
     [
      [
       -145.967028,
       -77.068784
      ],
      [
       -145.96695747636667,
       -77.06875998132803
      ],
      [
       -145.515723,
       -77.199219
      ],
      [
       -145.51583334250313,
       -77.19924694961301
      ],
      [
       -145.967028,
       -77.068784
      ]
     ],
     [
      [
       -145.67908855987093,
       -76.89257430615037
      ],
      [
       -145.629248,
       -76.953711
      ],
      [
       -145.62929214307158,
       -76.95372603557372
      ],
      [
       -145.67908855987093,
       -76.89257430615037
      ]
     ],
     [
      [
       -145.2654536272339,
       -75.69241852453993
      ],
      [
       -145.238132,
       -75.711192
      ],
      [
       -145.23814331586837,
       -75.71119060323235
      ],
      [
       -145.2654536272339,
       -75.69241852453993
      ]
     ],
     [
      [
       -144.86265424734603,
       -75.83845142675415
      ],
      [
       -144.4658010837538,
       -75.77231095190193
      ],
      [
       -144.721289,
       -75.832129
      ],
      [
       -144.86265424734603,
       -75.83845142675415
      ]
     ],
     [
      [
       -132.54650570304466,
       -74.49841240527296
      ],
      [
       -132.54629625990302,
       -74.49843714253518
      ],
      [
       -132.546323,
       -74.49845
      ],
      [
       -132.54650570304466,
       -74.49841240527296
      ]
     ],
     [
      [
       -132.44603281357533,
       -74.78590114733771
      ],
      [
       -132.049376,
       -74.76572
      ],
      [
       -132.04917292817797,
       -74.7657336883692
      ],
      [
       -132.049365,
       -74.765723
      ],
      [
       -132.44603281357533,
       -74.78590114733771
      ]
     ],
     [
      [
       -131.8414055769746,
       -74.5423832359836
      ],
      [
       -131.840869,
       -74.542578
      ],
      [
       -131.12238337120104,
       -74.58082478203552
      ],
      [
       -131.178938,
       -74.6048
      ],
      [
       -131.840888,
       -74.542581
      ],
      [
       -131.8414055769746,
       -74.5423832359836
      ]
     ],
     [
      [
       -130.96741537275813,
       -74.51512915960652
      ],
      [
       -130.96731910048896,
       -74.5150625822783
      ],
      [
       -130.967323,
       -74.51509
      ],
      [
       -130.96741537275813,
       -74.51512915960652
      ]
     ],
     [
      [
       -130.00836578016632,
       -74.87930006175718
      ],
      [
       -128.90525531768355,
       -74.81230324135522
      ],
      [
       -129.79082,
       -74.891406
      ],
      [
       -130.00836578016632,
       -74.87930006175718
      ]
     ],
     [
      [
       -128.133491,
       -74.327401
      ],
      [
       -127.229774,
       -74.425173
      ],
      [
       -127.22974099258099,
       -74.42519445995482
      ],
      [
       -128.133447,
       -74.327441
      ],
      [
       -128.07248331946263,
       -74.47337714146798
      ],
      [
       -128.096284,
       -74.466204
      ],
      [
       -128.133491,
       -74.327401
      ]
     ],
     [
      [
       -127.51855001477077,
       -74.64032371058572
      ],
      [
       -127.517725,
       -74.640527
      ],
      [
       -127.5174838861011,
       -74.64049863393906
      ],
      [
       -127.517766,
       -74.64056
      ],
      [
       -127.51855001477077,
       -74.64032371058572
      ]
     ],
     [
      [
       -127.02122341388929,
       -74.6978775773959
      ],
      [
       -127.020226,
       -74.697817
      ],
      [
       -124.65239465782926,
       -74.7547225799513
      ],
      [
       -127.020215,
       -74.697852
      ],
      [
       -127.02122341388929,
       -74.6978775773959
      ]
     ],
     [
      [
       -127.00711321034505,
       -73.72577622267491
      ],
      [
       -127.006396,
       -73.725781
      ],
      [
       -126.838232,
       -73.657324
      ],
      [
       -126.74502264252129,
       -73.66191870933346
      ],
      [
       -127.006428,
       -73.725835
      ],
      [
       -127.00711321034505,
       -73.72577622267491
      ]
     ],
     [
      [
       -126.65128286838451,
       -73.66653956529464
      ],
      [
       -126.582666,
       -73.669922
      ],
      [
       -126.496094,
       -73.700195
      ],
      [
       -126.47168,
       -73.812109
      ],
      [
       -126.3192981221222,
       -73.86487568108016
      ],
      [
       -126.471706,
       -73.812135
      ],
      [
       -126.496098,
       -73.700204
      ],
      [
       -126.65128286838451,
       -73.66653956529464
      ]
     ],
     [
      [
       -125.857031,
       -73.780176
      ],
      [
       -125.84515964472537,
       -73.75452851217935
      ],
      [
       -125.674416,
       -73.82216
      ],
      [
       -125.61047627337778,
       -73.81726356710732
      ],
      [
       -125.674414,
       -73.822168
      ],
      [
       -125.857031,
       -73.780176
      ]
     ],
     [
      [
       -125.83922667945124,
       -73.74171062819829
      ],
      [
       -125.828418,
       -73.718359
      ],
      [
       -125.74771860552178,
       -73.71093132109436
      ],
      [
       -125.83922667945124,
       -73.74171062819829
      ]
     ],
     [
      [
       -125.63070411393706,
       -73.7001611526635
      ],
      [
       -125.28911784250553,
       -73.6687211008617
      ],
      [
       -125.276095,
       -73.690489
      ],
      [
       -125.63070411393706,
       -73.7001611526635
      ]
     ],
     [
      [
       -124.151807,
       -73.944238
      ],
      [
       -124.15180697310711,
       -73.94423798435245
      ],
      [
       -124.15180694174104,
       -73.9442380218917
      ],
      [
       -124.151807,
       -73.944238
      ]
     ],
     [
      [
       -124.08528517970369,
       -73.90553248921465
      ],
      [
       -124.04207652103338,
       -73.88039166780095
      ],
      [
       -124.042061,
       -73.8804
      ],
      [
       -124.08528517970369,
       -73.90553248921465
      ]
     ],
     [
      [
       -123.88869650434839,
       -74.23651478643562
      ],
      [
       -123.83674810055345,
       -74.22569006381325
      ],
      [
       -123.836751,
       -74.225702
      ],
      [
       -123.88869650434839,
       -74.23651478643562
      ]
     ],
     [
      [
       -123.8006909613862,
       -74.0761753215838
      ],
      [
       -123.800448,
       -74.076253
      ],
      [
       -123.80045103131383,
       -74.07626547904638
      ],
      [
       -123.8006909613862,
       -74.0761753215838
      ]
     ],
     [
      [
       -122.956081,
       -74.240326
      ],
      [
       -122.90015360589429,
       -74.23399700152
      ],
      [
       -122.956055,
       -74.240332
      ],
      [
       -122.93883785754795,
       -74.30061592891576
      ],
      [
       -122.956081,
       -74.240326
      ]
     ],
     [
      [
       -122.880763,
       -74.099043
      ],
      [
       -122.88074945455291,
       -74.09903593614062
      ],
      [
       -122.764746,
       -74.218652
      ],
      [
       -122.76476792528842,
       -74.21865448467271
      ],
      [
       -122.880763,
       -74.099043
      ]
     ],
     [
      [
       -122.73808479314418,
       -74.02463727659516
      ],
      [
       -122.6247251590738,
       -73.96552099132788
      ],
      [
       -122.624707,
       -73.965527
      ],
      [
       -122.73808479314418,
       -74.02463727659516
      ]
     ],
     [
      [
       -121.91795030940185,
       -74.3810888174797
      ],
      [
       -121.00248942888294,
       -74.32636989469093
      ],
      [
       -121.002454,
       -74.326419
      ],
      [
       -121.91795030940185,
       -74.3810888174797
      ]
     ],
     [
      [
       -121.054102,
       -74.259961
      ],
      [
       -120.98954090931831,
       -74.15709299591539
      ],
      [
       -121.036457,
       -74.27929
      ],
      [
       -121.00313696316441,
       -74.32547239614225
      ],
      [
       -121.054102,
       -74.259961
      ]
     ],
     [
      [
       -120.98952885920161,
       -74.15707379593842
      ],
      [
       -120.989502,
       -74.157031
      ],
      [
       -120.62636242995774,
       -74.07201410032123
      ],
      [
       -120.98952885920161,
       -74.15707379593842
      ]
     ],
     [
      [
       -120.27252837325497,
       -73.98907500489986
      ],
      [
       -120.272472,
       -73.989127
      ],
      [
       -120.2724847846257,
       -73.98912999437471
      ],
      [
       -120.27252837325497,
       -73.98907500489986
      ]
     ],
     [
      [
       -119.905156,
       -74.081524
      ],
      [
       -119.6615866218534,
       -73.98933688474965
      ],
      [
       -119.661572,
       -73.989355
      ],
      [
       -119.87904323158821,
       -74.09336163935966
      ],
      [
       -119.905156,
       -74.081524
      ]
     ],
     [
      [
       -119.19668752109165,
       -74.5542705401215
      ],
      [
       -118.90849053683151,
       -74.46824751613242
      ],
      [
       -119.022412,
       -74.517871
      ],
      [
       -119.19668752109165,
       -74.5542705401215
      ]
     ],
     [
      [
       -118.73405301743567,
       -74.4161802019858
      ],
      [
       -118.655801,
       -74.392823
      ],
      [
       -118.49182926333185,
       -74.39477791653665
      ],
      [
       -118.73405301743567,
       -74.4161802019858
      ]
     ],
     [
      [
       -118.09198807014893,
       -74.39954493417319
      ],
      [
       -117.806215,
       -74.402952
      ],
      [
       -117.068353,
       -74.473232
      ],
      [
       -116.7624087083505,
       -74.46064002145268
      ],
      [
       -117.068311,
       -74.473242
      ],
      [
       -118.09198807014893,
       -74.39954493417319
      ]
     ],
     [
      [
       -117.398332,
       -74.122452
      ],
      [
       -117.39826399667031,
       -74.12241194712658
      ],
      [
       -117.398291,
       -74.122461
      ],
      [
       -117.36784229984063,
       -74.1352068579
      ],
      [
       -117.398332,
       -74.122452
      ]
     ],
     [
      [
       -116.57081636423813,
       -74.12558976914605
      ],
      [
       -116.53868505554154,
       -74.0885011135415
      ],
      [
       -116.514149,
       -74.095477
      ],
      [
       -116.57081636423813,
       -74.12558976914605
      ]
     ],
     [
      [
       -114.110449,
       -74.981836
      ],
      [
       -114.11044775857413,
       -74.98182917422174
      ],
      [
       -111.696277,
       -74.792179
      ],
      [
       -111.58446539414031,
       -74.75084269115284
      ],
      [
       -111.584424,
       -74.750879
      ],
      [
       -111.69624,
       -74.792188
      ],
      [
       -114.110449,
       -74.981836
      ]
     ],
     [
      [
       -113.753271,
       -74.366699
      ],
      [
       -113.75326465414962,
       -74.3666767854473
      ],
      [
       -113.63597104133828,
       -74.37750192673668
      ],
      [
       -113.753271,
       -74.366699
      ]
     ],
     [
      [
       -113.36280547309975,
       -74.43944395730418
      ],
      [
       -113.332999,
       -74.454163
      ],
      [
       -113.33301859875476,
       -74.45416953647953
      ],
      [
       -113.36280547309975,
       -74.43944395730418
      ]
     ],
     [
      [
       -111.788752,
       -74.571727
      ],
      [
       -111.78870579740196,
       -74.57169333495042
      ],
      [
       -111.62644137542149,
       -74.71402348250264
      ],
      [
       -111.788752,
       -74.571727
      ]
     ],
     [
      [
       -111.748634258204,
       -74.54249561857416
      ],
      [
       -111.695916,
       -74.504083
      ],
      [
       -111.69592423692316,
       -74.5040463252253
      ],
      [
       -111.695898,
       -74.504102
      ],
      [
       -111.748634258204,
       -74.54249561857416
      ]
     ],
     [
      [
       -111.463135,
       -75.133398
      ],
      [
       -110.94153343419207,
       -74.96699764480863
      ],
      [
       -111.46309805239875,
       -75.13342863705606
      ],
      [
       -111.463135,
       -75.133398
      ]
     ],
     [
      [
       -102.482031,
       -72.951172
      ],
      [
       -102.48201531375769,
       -72.95116331987093
      ],
      [
       -102.46077055432046,
       -72.9617592659506
      ],
      [
       -102.482031,
       -72.951172
      ]
     ],
     [
      [
       -102.34361894374418,
       -72.87458039260251
      ],
      [
       -102.27205338267476,
       -72.8349789192563
      ],
      [
       -102.272046,
       -72.834985
      ],
      [
       -102.34361894374418,
       -72.87458039260251
      ]
     ],
     [
      [
       -101.55558842970989,
       -75.25388285119539
      ],
      [
       -101.303733,
       -75.365787
      ],
      [
       -101.18243749336841,
       -75.39153527188425
      ],
      [
       -101.303711,
       -75.36582
      ],
      [
       -101.55558842970989,
       -75.25388285119539
      ]
     ],
     [
      [
       -101.2762949342224,
       -73.0069578948912
      ],
      [
       -100.820533,
       -72.981126
      ],
      [
       -100.53305448411716,
       -73.01193668265265
      ],
      [
       -100.820508,
       -72.981152
      ],
      [
       -101.2762949342224,
       -73.0069578948912
      ]
     ],
     [
      [
       -101.25179076876744,
       -74.48564696678176
      ],
      [
       -101.25171216324057,
       -74.48573832362159
      ],
      [
       -101.251721,
       -74.485737
      ],
      [
       -101.25179076876744,
       -74.48564696678176
      ]
     ],
     [
      [
       -101.21318053403783,
       -74.49150981676087
      ],
      [
       -100.881836,
       -74.541113
      ],
      [
       -100.238135,
       -74.48418
      ],
      [
       -100.22140755939323,
       -74.48849847880201
      ],
      [
       -100.23814,
       -74.484187
      ],
      [
       -100.881873,
       -74.541135
      ],
      [
       -101.21318053403783,
       -74.49150981676087
      ]
     ],
     [
      [
       -100.86554454954445,
       -73.3413267684856
      ],
      [
       -100.436377,
       -73.353125
      ],
      [
       -100.23324365449531,
       -73.38715231546439
      ],
      [
       -100.86554454954445,
       -73.3413267684856
      ]
     ],
     [
      [
       -100.79523264377947,
       -73.75134177756837
      ],
      [
       -99.781113,
       -73.720099
      ],
      [
       -99.541025,
       -73.645117
      ],
      [
       -99.53100539703351,
       -73.64458945375257
      ],
      [
       -99.541016,
       -73.645117
      ],
      [
       -99.781104,
       -73.720117
      ],
      [
       -100.717773,
       -73.757812
      ],
      [
       -100.79523264377947,
       -73.75134177756837
      ]
     ],
     [
      [
       -100.473371,
       -74.87238
      ],
      [
       -100.47331852215407,
       -74.87236755059942
      ],
      [
       -100.164062,
       -74.937891
      ],
      [
       -99.92870825961717,
       -74.94291691750703
      ],
      [
       -100.164061,
       -74.937906
      ],
      [
       -100.473371,
       -74.87238
      ]
     ],
     [
      [
       -100.4178039744221,
       -74.85919774855523
      ],
      [
       -100.264908,
       -74.822926
      ],
      [
       -100.16318060472223,
       -74.75808162731474
      ],
      [
       -100.264893,
       -74.822949
      ],
      [
       -100.4178039744221,
       -74.85919774855523
      ]
     ],
     [
      [
       -100.3940876966207,
       -75.3735696067586
      ],
      [
       -99.531387,
       -75.308943
      ],
      [
       -98.9936840706079,
       -75.31457871300745
      ],
      [
       -99.531348,
       -75.308984
      ],
      [
       -100.3940876966207,
       -75.3735696067586
      ]
     ],
     [
      [
       -100.19815483002043,
       -72.27251488235308
      ],
      [
       -100.195215,
       -72.272656
      ],
      [
       -99.25578165768393,
       -72.45160034419618
      ],
      [
       -100.195222,
       -72.272694
      ],
      [
       -100.19815483002043,
       -72.27251488235308
      ]
     ],
     [
      [
       -100.07520969948408,
       -74.57529827708576
      ],
      [
       -100.012695,
       -74.662109
      ],
      [
       -100.01272476164615,
       -74.66212798057545
      ],
      [
       -100.07520969948408,
       -74.57529827708576
      ]
     ],
     [
      [
       -99.79964683452484,
       -72.03352948557948
      ],
      [
       -99.56359500639014,
       -71.94515107568773
      ],
      [
       -99.783984,
       -72.044336
      ],
      [
       -99.79964683452484,
       -72.03352948557948
      ]
     ],
     [
      [
       -99.57390719222484,
       -74.97162292959267
      ],
      [
       -99.208154,
       -75.078516
      ],
      [
       -98.557861,
       -75.189746
      ],
      [
       -98.55790247431626,
       -75.18977315664264
      ],
      [
       -99.208177,
       -75.078569
      ],
      [
       -99.57390719222484,
       -74.97162292959267
      ]
     ],
     [
      [
       -98.89830382250474,
       -73.61077103584857
      ],
      [
       -98.896143,
       -73.611133
      ],
      [
       -98.89630615699683,
       -73.61114159816952
      ],
      [
       -98.89830382250474,
       -73.61077103584857
      ]
     ],
     [
      [
       -98.48388319901403,
       -72.52871126746145
      ],
      [
       -98.29338409959533,
       -72.54496613378711
      ],
      [
       -98.407838,
       -72.547613
      ],
      [
       -98.48388319901403,
       -72.52871126746145
      ]
     ],
     [
      [
       -98.39303893300664,
       -73.01969137737977
      ],
      [
       -98.208625,
       -73.022261
      ],
      [
       -98.17329199336582,
       -73.0242339601949
      ],
      [
       -98.208594,
       -73.022266
      ],
      [
       -98.39303893300664,
       -73.01969137737977
      ]
     ],
     [
      [
       -98.175928,
       -72.018457
      ],
      [
       -98.14349941643498,
       -71.97794488034194
      ],
      [
       -98.17592619339827,
       -72.01848074073058
      ],
      [
       -98.175928,
       -72.018457
      ]
     ],
     [
      [
       -98.16796963360729,
       -72.12303867370449
      ],
      [
       -97.92319,
       -72.11658
      ],
      [
       -97.92294194074998,
       -72.11622716425124
      ],
      [
       -97.923145,
       -72.116602
      ],
      [
       -98.167969,
       -72.123047
      ],
      [
       -98.16796963360729,
       -72.12303867370449
      ]
     ],
     [
      [
       -98.14348222054798,
       -71.86310424575686
      ],
      [
       -98.091113,
       -71.912458
      ],
      [
       -98.0911321492727,
       -71.91248193800178
      ],
      [
       -98.14348222054798,
       -71.86310424575686
      ]
     ],
     [
      [
       -97.65105862970455,
       -73.14442364885517
      ],
      [
       -97.476474,
       -73.126234
      ],
      [
       -97.47433426881315,
       -73.12661435395351
      ],
      [
       -97.476465,
       -73.12627
      ],
      [
       -97.651025,
       -73.144434
      ],
      [
       -97.65105862970455,
       -73.14442364885517
      ]
     ],
     [
      [
       -97.50550818320465,
       -72.15364590598648
      ],
      [
       -97.34533048186837,
       -72.18906221498952
      ],
      [
       -97.460254,
       -72.188281
      ],
      [
       -97.50550818320465,
       -72.15364590598648
      ]
     ],
     [
      [
       -97.22387379971671,
       -72.1095934984792
      ],
      [
       -97.088745,
       -71.944032
      ],
      [
       -97.02769236286036,
       -71.91814228019427
      ],
      [
       -97.088721,
       -71.944043
      ],
      [
       -97.195508,
       -72.091016
      ],
      [
       -97.22387379971671,
       -72.1095934984792
      ]
     ],
     [
      [
       -96.69559187802496,
       -72.57499098252848
      ],
      [
       -96.05175932340106,
       -72.5772459953648
      ],
      [
       -96.05178,
       -72.577275
      ],
      [
       -96.69559187802496,
       -72.57499098252848
      ]
     ],
     [
      [
       -96.52211066943322,
       -73.2805061086212
      ],
      [
       -96.32168246402023,
       -73.29609174550404
      ],
      [
       -96.394238,
       -73.301172
      ],
      [
       -96.52211066943322,
       -73.2805061086212
      ]
     ],
     [
      [
       -96.078174,
       -72.453809
      ],
      [
       -95.57541745941235,
       -72.40996330754085
      ],
      [
       -95.575427,
       -72.409998
      ],
      [
       -96.07816575871834,
       -72.45381814854912
      ],
      [
       -96.078174,
       -72.453809
      ]
     ],
     [
      [
       -96.03260395485219,
       -72.55037530554537
      ],
      [
       -96.0143157071556,
       -72.52471921503425
      ],
      [
       -96.014315,
       -72.52472
      ],
      [
       -96.03260395485219,
       -72.55037530554537
      ]
     ],
     [
      [
       -95.272965,
       -72.646883
      ],
      [
       -95.24407496785514,
       -72.62296894948665
      ],
      [
       -95.272949,
       -72.646875
      ],
      [
       -95.27288472668963,
       -72.6468797477426
      ],
      [
       -95.272965,
       -72.646883
      ]
     ],
     [
      [
       -95.23809756777311,
       -73.22022038756329
      ],
      [
       -95.236636,
       -73.220078
      ],
      [
       -94.586495,
       -73.249482
      ],
      [
       -94.31616361362093,
       -73.29993542737772
      ],
      [
       -94.586475,
       -73.249512
      ],
      [
       -95.236621,
       -73.220117
      ],
      [
       -95.23809756777311,
       -73.22022038756329
      ]
     ],
     [
      [
       -94.70538859560189,
       -72.62388775347391
      ],
      [
       -94.44710822241534,
       -72.59084516234567
      ],
      [
       -94.42604,
       -72.61257
      ],
      [
       -94.70538859560189,
       -72.62388775347391
      ]
     ],
     [
      [
       -94.22653679657833,
       -73.3094245264479
      ],
      [
       -93.706006,
       -73.215014
      ],
      [
       -93.2984622069967,
       -73.19164069679368
      ],
      [
       -93.705957,
       -73.215039
      ],
      [
       -94.22653679657833,
       -73.3094245264479
      ]
     ],
     [
      [
       -94.11319,
       -72.8601
      ],
      [
       -94.11313419183426,
       -72.86007929202827
      ],
      [
       -94.04955952248267,
       -72.88597984404757
      ],
      [
       -94.078154,
       -72.883871
      ],
      [
       -94.11319,
       -72.8601
      ]
     ],
     [
      [
       -94.06593187255045,
       -72.84256457387553
      ],
      [
       -94.004282,
       -72.819689
      ],
      [
       -93.8887687876077,
       -72.86058028665681
      ],
      [
       -94.004248,
       -72.819727
      ],
      [
       -94.06593187255045,
       -72.84256457387553
      ]
     ],
     [
      [
       -93.7558819166117,
       -72.9076385811471
      ],
      [
       -93.7558564098948,
       -72.90763081901358
      ],
      [
       -93.755822,
       -72.907643
      ],
      [
       -93.7558819166117,
       -72.9076385811471
      ]
     ],
     [
      [
       -91.96270448072002,
       -73.20808677635006
      ],
      [
       -90.920956,
       -73.31909
      ],
      [
       -90.430935,
       -73.243229
      ],
      [
       -90.273812,
       -73.118637
      ],
      [
       -90.295439,
       -72.977922
      ],
      [
       -90.24138515581373,
       -72.9742396882052
      ],
      [
       -90.29541,
       -72.97793
      ],
      [
       -90.273779,
       -73.118652
      ],
      [
       -90.430908,
       -73.243262
      ],
      [
       -90.920947,
       -73.319141
      ],
      [
       -91.96270448072002,
       -73.20808677635006
      ]
     ],
     [
      [
       -91.510869,
       -73.19548
      ],
      [
       -91.450433,
       -72.967897
      ],
      [
       -91.44632552173913,
       -72.96533195652174
      ],
      [
       -91.450391,
       -72.967871
      ],
      [
       -91.51083323024814,
       -73.19548250667498
      ],
      [
       -91.510869,
       -73.19548
      ]
     ],
     [
      [
       -91.51059957547034,
       -73.19549888074958
      ],
      [
       -91.23610852389969,
       -73.1850874945149
      ],
      [
       -91.344212,
       -73.207159
      ],
      [
       -91.51059957547034,
       -73.19549888074958
      ]
     ],
     [
      [
       -91.35768748755609,
       -72.90874071136494
      ],
      [
       -91.356885,
       -72.909473
      ],
      [
       -91.35692808968408,
       -72.90949991112197
      ],
      [
       -91.35768748755609,
       -72.90874071136494
      ]
     ],
     [
      [
       -90.9989409238858,
       -73.13666494444135
      ],
      [
       -90.998437,
       -73.136523
      ],
      [
       -90.77561610969234,
       -72.99298839577015
      ],
      [
       -90.775616,
       -72.993012
      ],
      [
       -90.998471,
       -73.136569
      ],
      [
       -90.9989409238858,
       -73.13666494444135
      ]
     ],
     [
      [
       -90.895361,
       -72.823633
      ],
      [
       -90.89534968017513,
       -72.82362396900372
      ],
      [
       -90.82567649264904,
       -72.84139687588346
      ],
      [
       -90.895361,
       -72.823633
      ]
     ],
     [
      [
       -89.34127809772984,
       -72.88954997612987
      ],
      [
       -89.3408818766214,
       -72.88920417910273
      ],
      [
       -89.34126,
       -72.889551
      ],
      [
       -89.34127809772984,
       -72.88954997612987
      ]
     ],
     [
      [
       -88.560742,
       -73.120703
      ],
      [
       -88.56039245080228,
       -73.1204528163882
      ],
      [
       -88.56072030173122,
       -73.12071962417997
      ],
      [
       -88.560742,
       -73.120703
      ]
     ],
     [
      [
       -88.4257189592862,
       -73.22415122210676
      ],
      [
       -88.419429,
       -73.228967
      ],
      [
       -87.401042,
       -73.191966
      ],
      [
       -87.037963,
       -73.353869
      ],
      [
       -86.8684601784453,
       -73.36060902147351
      ],
      [
       -87.037939,
       -73.353906
      ],
      [
       -87.401025,
       -73.191992
      ],
      [
       -88.419385,
       -73.229004
      ],
      [
       -88.4257189592862,
       -73.22415122210676
      ]
     ],
     [
      [
       -83.779004,
       -77.983594
      ],
      [
       -82.608447,
       -78.412402
      ],
      [
       -81.14276889625653,
       -78.67207465727844
      ],
      [
       -82.608492,
       -78.412423
      ],
      [
       -83.77898202154853,
       -77.98363360576683
      ],
      [
       -83.779004,
       -77.983594
      ]
     ],
     [
      [
       -83.762744,
       -78.461133
      ],
      [
       -83.76273385481382,
       -78.46112808053039
      ],
      [
       -83.72005262015773,
       -78.49932132556252
      ],
      [
       -83.762744,
       -78.461133
      ]
     ],
     [
      [
       -83.5444387562991,
       -78.3552753063617
      ],
      [
       -83.544434,
       -78.355273
      ],
      [
       -83.22701223945268,
       -78.40155436265078
      ],
      [
       -83.226982,
       -78.401571
      ],
      [
       -83.5444387562991,
       -78.3552753063617
      ]
     ],
     [
      [
       -81.580957,
       -77.846094
      ],
      [
       -81.58064675597625,
       -77.84609121006845
      ],
      [
       -77.858136,
       -78.350928
      ],
      [
       -77.432607,
       -78.434644
      ],
      [
       -77.43260950064492,
       -78.43465983800593
      ],
      [
       -77.858105,
       -78.350977
      ],
      [
       -81.580957,
       -77.846094
      ]
     ],
     [
      [
       -81.22080907540139,
       -77.84285529762762
      ],
      [
       -81.103125,
       -77.841797
      ],
      [
       -80.601562,
       -77.751953
      ],
      [
       -78.65630690367551,
       -77.88010655048572
      ],
      [
       -80.601612,
       -77.751998
      ],
      [
       -81.103158,
       -77.841812
      ],
      [
       -81.22080907540139,
       -77.84285529762762
      ]
     ],
     [
      [
       -81.16318403350132,
       -79.4003909417606
      ],
      [
       -80.892034,
       -79.501814
      ],
      [
       -80.68553346965162,
       -79.50817745940385
      ],
      [
       -80.891992,
       -79.501855
      ],
      [
       -81.163184,
       -79.400391
      ],
      [
       -81.16318403350132,
       -79.4003909417606
      ]
     ],
     [
      [
       -80.5348276038549,
       -79.5127925834039
      ],
      [
       -80.49965898285043,
       -79.45846747924301
      ],
      [
       -80.534814,
       -79.512793
      ],
      [
       -80.5348276038549,
       -79.5127925834039
      ]
     ],
     [
      [
       -80.488544,
       -79.320998
      ],
      [
       -80.4599836354832,
       -79.31651791792018
      ],
      [
       -80.488525,
       -79.320996
      ],
      [
       -80.47876,
       -79.426172
      ],
      [
       -80.47877803345321,
       -79.42619986733774
      ],
      [
       -80.488544,
       -79.320998
      ]
     ],
     [
      [
       -80.3365337724989,
       -73.41387037975359
      ],
      [
       -80.336377,
       -73.41416
      ],
      [
       -80.33641968321301,
       -73.41414891794662
      ],
      [
       -80.3365337724989,
       -73.41387037975359
      ]
     ],
     [
      [
       -79.06684546952475,
       -78.78368892505146
      ],
      [
       -77.869141,
       -78.745508
      ],
      [
       -77.78706178362508,
       -78.72374537524928
      ],
      [
       -77.869169,
       -78.745529
      ],
      [
       -79.06684546952475,
       -78.78368892505146
      ]
     ],
     [
      [
       -79.02331862,
       -79.28586001658105
      ],
      [
       -76.499149,
       -79.325649
      ],
      [
       -76.217719,
       -79.387195
      ],
      [
       -76.2177135115457,
       -79.387198800093
      ],
      [
       -76.499121,
       -79.325684
      ],
      [
       -79.02331862,
       -79.28586001658105
      ]
     ],
     [
      [
       -77.287061,
       -76.70166
      ],
      [
       -77.28705602002373,
       -76.701656310777
      ],
      [
       -77.275646517726,
       -76.71433341842982
      ],
      [
       -77.287061,
       -76.70166
      ]
     ],
     [
      [
       -77.20419323093752,
       -76.64027061510414
      ],
      [
       -77.190039,
       -76.629785
      ],
      [
       -76.6807756120924,
       -76.61697444248186
      ],
      [
       -77.190037,
       -76.629793
      ],
      [
       -77.20419323093752,
       -76.64027061510414
      ]
     ],
     [
      [
       -77.134912,
       -73.817676
      ],
      [
       -77.13491168841934,
       -73.81767578855566
      ],
      [
       -77.048961,
       -73.844123
      ],
      [
       -76.754999,
       -73.789449
      ],
      [
       -76.291229,
       -73.805365
      ],
      [
       -75.293099,
       -73.638761
      ],
      [
       -75.01842709125394,
       -73.6688119149561
      ],
      [
       -75.293066,
       -73.63877
      ],
      [
       -76.291211,
       -73.805371
      ],
      [
       -76.75498,
       -73.789453
      ],
      [
       -77.048926,
       -73.844141
      ],
      [
       -77.134912,
       -73.817676
      ]
     ],
     [
      [
       -77.0956748789382,
       -78.00031988391208
      ],
      [
       -75.398438,
       -78.157813
      ],
      [
       -74.9692373995663,
       -78.17246597380368
      ],
      [
       -75.398493,
       -78.157865
      ],
      [
       -77.0956748789382,
       -78.00031988391208
      ]
     ],
     [
      [
       -76.96568315872126,
       -80.1176115064498
      ],
      [
       -76.407346,
       -80.094904
      ],
      [
       -75.709043,
       -80.38269
      ],
      [
       -75.494534,
       -80.617456
      ],
      [
       -75.4231830312437,
       -80.66868219470331
      ],
      [
       -75.494531,
       -80.61748
      ],
      [
       -75.709033,
       -80.382715
      ],
      [
       -76.407324,
       -80.094922
      ],
      [
       -76.96568315872126,
       -80.1176115064498
      ]
     ],
     [
      [
       -76.09787593556351,
       -79.66187195324932
      ],
      [
       -76.03163463559073,
       -79.62707339776348
      ],
      [
       -76.031633,
       -79.627077
      ],
      [
       -76.09787593556351,
       -79.66187195324932
      ]
     ],
     [
      [
       -76.096383,
       -73.15047
      ],
      [
       -76.017706,
       -73.085461
      ],
      [
       -75.93736954350271,
       -73.07516053043231
      ],
      [
       -76.09637474087155,
       -73.15048219278144
      ],
      [
       -76.096383,
       -73.15047
      ]
     ],
     [
      [
       -76.01128603199263,
       -73.27609690336418
      ],
      [
       -75.97602119625476,
       -73.29414183841926
      ],
      [
       -76.003236,
       -73.287981
      ],
      [
       -76.01128603199263,
       -73.27609690336418
      ]
     ],
     [
      [
       -75.84535003519295,
       -73.06336209935502
      ],
      [
       -75.774672,
       -73.0543
      ],
      [
       -75.50641834084448,
       -73.10881199378855
      ],
      [
       -75.84535003519295,
       -73.06336209935502
      ]
     ],
     [
      [
       -75.35358584868,
       -73.05103399260825
      ],
      [
       -75.24394795758168,
       -73.00935908900877
      ],
      [
       -75.243848,
       -73.009375
      ],
      [
       -75.276221,
       -73.050391
      ],
      [
       -75.35358584868,
       -73.05103399260825
      ]
     ],
     [
      [
       -75.13132786438658,
       -80.8401704141757
      ],
      [
       -75.075619,
       -80.860025
      ],
      [
       -74.806617,
       -80.886484
      ],
      [
       -74.25498325235372,
       -80.84169268560856
      ],
      [
       -74.806592,
       -80.886523
      ],
      [
       -75.075586,
       -80.860059
      ],
      [
       -75.13132786438658,
       -80.8401704141757
      ]
     ],
     [
      [
       -74.667676,
       -73.275293
      ],
      [
       -74.66767371088291,
       -73.27529237472851
      ],
      [
       -74.65881752861078,
       -73.28084388338445
      ],
      [
       -74.667676,
       -73.275293
      ]
     ],
     [
      [
       -74.66712359387338,
       -73.27514211047111
      ],
      [
       -74.50816294319917,
       -73.23172206761376
      ],
      [
       -74.5225,
       -73.243901
      ],
      [
       -74.66712359387338,
       -73.27514211047111
      ]
     ],
     [
      [
       -74.57785994116402,
       -73.61065507354418
      ],
      [
       -74.574658,
       -73.611328
      ],
      [
       -74.53566175349313,
       -73.59672389645579
      ],
      [
       -74.574693,
       -73.611372
      ],
      [
       -74.57785994116402,
       -73.61065507354418
      ]
     ],
     [
      [
       -74.40310208722826,
       -73.14247578233463
      ],
      [
       -74.354443,
       -73.098438
      ],
      [
       -74.31746233893575,
       -73.06972718975261
      ],
      [
       -74.40310208722826,
       -73.14247578233463
      ]
     ],
     [
      [
       -74.35820081239073,
       -78.13747738373606
      ],
      [
       -74.042139,
       -78.109375
      ],
      [
       -73.87984411047782,
       -78.06521024989074
      ],
      [
       -74.042168,
       -78.109392
      ],
      [
       -74.35820081239073,
       -78.13747738373606
      ]
     ],
     [
      [
       -73.829883,
       -71.870215
      ],
      [
       -73.775977,
       -71.848926
      ],
      [
       -73.73201456838012,
       -71.85269623687445
      ],
      [
       -73.8298562435281,
       -71.87022890473091
      ],
      [
       -73.829883,
       -71.870215
      ]
     ],
     [
      [
       -73.6663079808866,
       -71.95522122325775
      ],
      [
       -73.537134,
       -72.022322
      ],
      [
       -73.53716588576312,
       -72.02233343776057
      ],
      [
       -73.6663079808866,
       -71.95522122325775
      ]
     ],
     [
      [
       -73.51558495543715,
       -71.56951444691411
      ],
      [
       -73.44446697467255,
       -71.56096476732148
      ],
      [
       -73.479004,
       -71.578711
      ],
      [
       -73.51558495543715,
       -71.56951444691411
      ]
     ],
     [
      [
       -73.38069381545534,
       -71.52819607020923
      ],
      [
       -73.38024903130592,
       -71.52790248274943
      ],
      [
       -73.380176,
       -71.52793
      ],
      [
       -73.38069381545534,
       -71.52819607020923
      ]
     ],
     [
      [
       -73.08904535294789,
       -80.91063916444293
      ],
      [
       -73.02949,
       -80.917283
      ],
      [
       -71.017675,
       -80.619006
      ],
      [
       -70.81699581545806,
       -80.62344076124955
      ],
      [
       -71.017676,
       -80.619043
      ],
      [
       -73.029492,
       -80.917285
      ],
      [
       -73.08904535294789,
       -80.91063916444293
      ]
     ],
     [
      [
       -72.92855671767717,
       -71.92160112461998
      ],
      [
       -72.927637,
       -71.92168
      ],
      [
       -72.336621,
       -71.632227
      ],
      [
       -71.816162,
       -71.821875
      ],
      [
       -71.16265320292298,
       -71.87747505348949
      ],
      [
       -71.816205,
       -71.821921
      ],
      [
       -72.336639,
       -71.632268
      ],
      [
       -72.927688,
       -71.921708
      ],
      [
       -72.92855671767717,
       -71.92160112461998
      ]
     ],
     [
      [
       -72.5397543770611,
       -71.08536774739602
      ],
      [
       -72.356379,
       -71.074783
      ],
      [
       -71.71990048945008,
       -71.14501554506293
      ],
      [
       -72.5397543770611,
       -71.08536774739602
      ]
     ],
     [
      [
       -72.26974637343024,
       -76.7202609590912
      ],
      [
       -71.798682,
       -76.752734
      ],
      [
       -71.02539280915663,
       -76.7412852104257
      ],
      [
       -71.798713,
       -76.752782
      ],
      [
       -72.26974637343024,
       -76.7202609590912
      ]
     ],
     [
      [
       -72.20355690923127,
       -69.73988776418358
      ],
      [
       -72.20206562148337,
       -69.7401345800684
      ],
      [
       -72.202073,
       -69.740136
      ],
      [
       -72.20355690923127,
       -69.73988776418358
      ]
     ],
     [
      [
       -71.897596,
       -72.120817
      ],
      [
       -71.89753996522461,
       -72.1208114012223
      ],
      [
       -71.661475,
       -72.249805
      ],
      [
       -71.412549,
       -72.284473
      ],
      [
       -71.38106191808832,
       -72.28013694036362
      ],
      [
       -71.412561,
       -72.284476
      ],
      [
       -71.661486,
       -72.249853
      ],
      [
       -71.897596,
       -72.120817
      ]
     ],
     [
      [
       -71.795276,
       -70.288371
      ],
      [
       -71.69505,
       -70.265116
      ],
      [
       -71.431629,
       -70.267287
      ],
      [
       -71.38053521277762,
       -70.29538472316443
      ],
      [
       -71.69502,
       -70.265137
      ],
      [
       -71.795264,
       -70.288379
      ],
      [
       -71.68468390268974,
       -70.44226286972976
      ],
      [
       -71.684689,
       -70.442263
      ],
      [
       -71.781995,
       -70.31886
      ],
      [
       -71.795276,
       -70.288371
      ]
     ],
     [
      [
       -71.777758,
       -79.500573
      ],
      [
       -71.76721049211778,
       -79.47617984265213
      ],
      [
       -71.74698596922201,
       -79.51560720278145
      ],
      [
       -71.777758,
       -79.500573
      ]
     ],
     [
      [
       -71.70630131640583,
       -70.05892747251482
      ],
      [
       -71.12452921776827,
       -70.19553973393043
      ],
      [
       -71.696109,
       -70.067764
      ],
      [
       -71.70630131640583,
       -70.05892747251482
      ]
     ],
     [
      [
       -71.68454286409384,
       -70.44225926525388
      ],
      [
       -71.48629441698466,
       -70.40148860548548
      ],
      [
       -71.55126,
       -70.438853
      ],
      [
       -71.68454286409384,
       -70.44225926525388
      ]
     ],
     [
      [
       -71.66776149050516,
       -79.24618474129592
      ],
      [
       -71.667532,
       -79.245654
      ],
      [
       -71.454031,
       -79.128917
      ],
      [
       -71.45401741430877,
       -79.12891333923729
      ],
      [
       -71.66748,
       -79.245703
      ],
      [
       -71.66776149050516,
       -79.24618474129592
      ]
     ],
     [
      [
       -71.52635956739422,
       -79.62339801086797
      ],
      [
       -71.525781,
       -79.623633
      ],
      [
       -70.33521321192353,
       -79.67982960508174
      ],
      [
       -70.983775,
       -79.674361
      ],
      [
       -71.525809,
       -79.623667
      ],
      [
       -71.52635956739422,
       -79.62339801086797
      ]
     ],
     [
      [
       -71.40542710079697,
       -70.3549784663453
      ],
      [
       -71.3618106376864,
       -70.30568182494306
      ],
      [
       -71.340291,
       -70.317516
      ],
      [
       -71.40542710079697,
       -70.3549784663453
      ]
     ],
     [
      [
       -71.3386840659471,
       -72.34495272877163
      ],
      [
       -70.75594849095816,
       -72.35490929463892
      ],
      [
       -70.872607,
       -72.366406
      ],
      [
       -71.3386840659471,
       -72.34495272877163
      ]
     ],
     [
      [
       -71.190068,
       -70.659563
      ],
      [
       -71.061109,
       -70.53709
      ],
      [
       -70.328105,
       -70.361235
      ],
      [
       -70.3280982884925,
       -70.36123534793313
      ],
      [
       -71.061084,
       -70.537109
      ],
      [
       -71.190039,
       -70.65957
      ],
      [
       -71.172656,
       -70.712988
      ],
      [
       -70.916943,
       -70.78584
      ],
      [
       -69.993018,
       -70.89707
      ],
      [
       -69.875781,
       -70.875977
      ],
      [
       -69.87575239067574,
       -70.87602934167468
      ],
      [
       -69.875807,
       -70.875984
      ],
      [
       -69.993035,
       -70.897119
      ],
      [
       -70.916984,
       -70.78586
      ],
      [
       -71.172679,
       -70.712996
      ],
      [
       -71.190068,
       -70.659563
      ]
     ],
     [
      [
       -71.18964870408821,
       -72.05008164847499
      ],
      [
       -71.034392,
       -72.034569
      ],
      [
       -70.89112,
       -71.987389
      ],
      [
       -70.82104095466772,
       -71.90653917528954
      ],
      [
       -70.820996,
       -71.906543
      ],
      [
       -70.891113,
       -71.987402
      ],
      [
       -71.034375,
       -72.03457
      ],
      [
       -71.18964870408821,
       -72.05008164847499
      ]
     ],
     [
      [
       -71.184797584353,
       -73.29808132244186
      ],
      [
       -71.017184,
       -73.262763
      ],
      [
       -70.42090914285714,
       -73.27243432678846
      ],
      [
       -71.017187,
       -73.262793
      ],
      [
       -71.184797584353,
       -73.29808132244186
      ]
     ],
     [
      [
       -70.92297721453761,
       -72.61308710631037
      ],
      [
       -70.922949,
       -72.613086
      ],
      [
       -70.54346077086588,
       -72.6644524895859
      ],
      [
       -70.543466,
       -72.664453
      ],
      [
       -70.92297721453761,
       -72.61308710631037
      ]
     ],
     [
      [
       -70.88019960684298,
       -70.16230491249588
      ],
      [
       -70.719531,
       -70.139453
      ],
      [
       -70.327637,
       -70.159668
      ],
      [
       -69.75849412037164,
       -70.35094943055745
      ],
      [
       -70.327691,
       -70.159697
      ],
      [
       -70.71958,
       -70.139491
      ],
      [
       -70.88019960684298,
       -70.16230491249588
      ]
     ],
     [
      [
       -70.62805001525547,
       -80.63577849616787
      ],
      [
       -70.560054,
       -80.64655
      ],
      [
       -70.239144,
       -80.856615
      ],
      [
       -69.772273,
       -80.961518
      ],
      [
       -69.71806375671625,
       -80.96550186019832
      ],
      [
       -69.772266,
       -80.961523
      ],
      [
       -70.239111,
       -80.856641
      ],
      [
       -70.560059,
       -80.646582
      ],
      [
       -70.62805001525547,
       -80.63577849616787
      ]
     ],
     [
      [
       -70.59339556390887,
       -76.7106249624101
      ],
      [
       -70.210156,
       -76.674121
      ],
      [
       -70.095508,
       -76.654492
      ],
      [
       -70.05457046830801,
       -76.62439073345934
      ],
      [
       -70.095561,
       -76.654546
      ],
      [
       -70.210153,
       -76.674131
      ],
      [
       -70.59339556390887,
       -76.7106249624101
      ]
     ],
     [
      [
       -70.51949054619733,
       -72.66211276366921
      ],
      [
       -69.209326,
       -72.53418
      ],
      [
       -69.18967329565332,
       -72.49896462346938
      ],
      [
       -69.209336,
       -72.534229
      ],
      [
       -70.51949054619733,
       -72.66211276366921
      ]
     ],
     [
      [
       -70.42918537414089,
       -72.18383778877913
      ],
      [
       -70.206006,
       -72.227734
      ],
      [
       -70.20609494021994,
       -72.22777204473275
      ],
      [
       -70.42918537414089,
       -72.18383778877913
      ]
     ],
     [
      [
       -70.42770936985603,
       -72.32256130310117
      ],
      [
       -70.39677353939076,
       -72.30933600253847
      ],
      [
       -70.427686,
       -72.322559
      ],
      [
       -70.42770936985603,
       -72.32256130310117
      ]
     ],
     [
      [
       -70.13862509026052,
       -70.3710578808932
      ],
      [
       -69.61842183120818,
       -70.39802588325794
      ],
      [
       -69.618359,
       -70.398047
      ],
      [
       -70.13862509026052,
       -70.3710578808932
      ]
     ],
     [
      [
       -69.88791560421923,
       -71.11931753700179
      ],
      [
       -69.86404082896136,
       -71.1072135757125
      ],
      [
       -69.869775,
       -71.125684
      ],
      [
       -69.88791560421923,
       -71.11931753700179
      ]
     ],
     [
      [
       -69.83288449084621,
       -71.00685542797785
      ],
      [
       -69.83157053673135,
       -70.956861457972
      ],
      [
       -69.82251,
       -70.973438
      ],
      [
       -69.83288449084621,
       -71.00685542797785
      ]
     ],
     [
      [
       -69.6416512066438,
       -79.50733302252036
      ],
      [
       -69.634504,
       -79.517523
      ],
      [
       -69.63450836533914,
       -79.51752752540084
      ],
      [
       -69.6416512066438,
       -79.50733302252036
      ]
     ],
     [
      [
       -68.548963,
       -79.437373
      ],
      [
       -68.44168557525886,
       -79.34917884337911
      ],
      [
       -68.548899006938,
       -79.43737979369914
      ],
      [
       -68.548963,
       -79.437373
      ]
     ],
     [
      [
       -68.54841380149999,
       -79.4374313045921
      ],
      [
       -67.435442636074,
       -79.50110811350939
      ],
      [
       -68.161493,
       -79.478508
      ],
      [
       -68.54841380149999,
       -79.4374313045921
      ]
     ],
     [
      [
       -68.52985459461699,
       -80.97620198662538
      ],
      [
       -68.326599,
       -81.004048
      ],
      [
       -68.32656695235019,
       -81.0041013203361
      ],
      [
       -68.52985459461699,
       -80.97620198662538
      ]
     ],
     [
      [
       -68.4596839549186,
       -70.6826823962356
      ],
      [
       -68.459485,
       -70.682869
      ],
      [
       -68.45948305504392,
       -70.6828991513985
      ],
      [
       -68.4596839549186,
       -70.6826823962356
      ]
     ],
     [
      [
       -68.45359711160417,
       -70.77414513274167
      ],
      [
       -68.450778,
       -70.817848
      ],
      [
       -68.40704814252106,
       -70.83241776100854
      ],
      [
       -68.450781,
       -70.817871
      ],
      [
       -68.45359711160417,
       -70.77414513274167
      ]
     ],
     [
      [
       -68.28672253374111,
       -71.25210487583144
      ],
      [
       -68.227845,
       -71.725234
      ],
      [
       -68.24102066426212,
       -71.82210982617622
      ],
      [
       -68.28672253374111,
       -71.25210487583144
      ]
     ],
     [
      [
       -68.26211960174564,
       -72.9833495911621
      ],
      [
       -68.000366,
       -72.935548
      ],
      [
       -67.667104,
       -72.834572
      ],
      [
       -67.61701105477661,
       -72.80351844684121
      ],
      [
       -67.66709,
       -72.83457
      ],
      [
       -68.000342,
       -72.935547
      ],
      [
       -68.26211960174564,
       -72.9833495911621
      ]
     ],
     [
      [
       -67.808775,
       -79.545894
      ],
      [
       -66.014182,
       -79.62439
      ],
      [
       -65.98324201824771,
       -79.64876206108448
      ],
      [
       -66.01416,
       -79.624414
      ],
      [
       -67.80874,
       -79.545898
      ],
      [
       -67.719141,
       -79.620215
      ],
      [
       -67.71624006386155,
       -79.62090733260153
      ],
      [
       -67.719194,
       -79.620256
      ],
      [
       -67.808775,
       -79.545894
      ]
     ],
     [
      [
       -67.31907667773986,
       -79.46872863262477
      ],
      [
       -67.26197240203695,
       -79.45265344051958
      ],
      [
       -67.261961,
       -79.452669
      ],
      [
       -67.31907667773986,
       -79.46872863262477
      ]
     ],
     [
      [
       -67.304883,
       -79.394043
      ],
      [
       -67.30098134170085,
       -79.39008017408706
      ],
      [
       -67.30488146607357,
       -79.39404509171462
      ],
      [
       -67.304883,
       -79.394043
      ]
     ],
     [
      [
       -67.15047984241669,
       -79.29680099598606
      ],
      [
       -67.06875115981113,
       -79.26849134754242
      ],
      [
       -67.068666,
       -79.268495
      ],
      [
       -67.15047984241669,
       -79.29680099598606
      ]
     ],
     [
      [
       -67.05863828966399,
       -81.26977503291738
      ],
      [
       -65.573718,
       -81.460505
      ],
      [
       -64.94639571873155,
       -81.50711192519184
      ],
      [
       -65.573682,
       -81.460547
      ],
      [
       -67.05863828966399,
       -81.26977503291738
      ]
     ],
     [
      [
       -66.9544735846945,
       -79.84395768269833
      ],
      [
       -66.904199,
       -79.908887
      ],
      [
       -66.63728331477412,
       -79.94372610793636
      ],
      [
       -66.904205,
       -79.908921
      ],
      [
       -66.9544735846945,
       -79.84395768269833
      ]
     ],
     [
      [
       -66.771164,
       -80.293858
      ],
      [
       -66.77112873749164,
       -80.293851597028
      ],
      [
       -66.18374,
       -80.441992
      ],
      [
       -65.07546765508445,
       -80.61935406285191
      ],
      [
       -66.183784,
       -80.442015
      ],
      [
       -66.771164,
       -80.293858
      ]
     ],
     [
      [
       -66.60540479480437,
       -76.03311273765952
      ],
      [
       -66.37041,
       -76.013379
      ],
      [
       -63.363386983820654,
       -75.45146649191032
      ],
      [
       -63.363388,
       -75.451467
      ],
      [
       -66.370465,
       -76.013396
      ],
      [
       -66.60540479480437,
       -76.03311273765952
      ]
     ],
     [
      [
       -66.3345842448359,
       -80.05823172913861
      ],
      [
       -66.26378058491514,
       -80.06685403531488
      ],
      [
       -66.319512,
       -80.075112
      ],
      [
       -66.3345842448359,
       -80.05823172913861
      ]
     ],
     [
      [
       -66.31039252209295,
       -80.23725618546435
      ],
      [
       -66.217426,
       -80.25815
      ],
      [
       -66.21739793111428,
       -80.25819963734126
      ],
      [
       -66.31039252209295,
       -80.23725618546435
      ]
     ],
     [
      [
       -66.16764557419216,
       -80.34615815358913
      ],
      [
       -66.07644650474813,
       -80.36480251869236
      ],
      [
       -66.167627,
       -80.346191
      ],
      [
       -66.16764557419216,
       -80.34615815358913
      ]
     ],
     [
      [
       -66.133838,
       -81.953418
      ],
      [
       -66.0002088585851,
       -81.92199694275764
      ],
      [
       -66.13377723657788,
       -81.95342634876303
      ],
      [
       -66.133838,
       -81.953418
      ]
     ],
     [
      [
       -65.77315394315238,
       -82.25067811701767
      ],
      [
       -65.71402,
       -82.279164
      ],
      [
       -65.424451,
       -82.280352
      ],
      [
       -65.26504420739089,
       -82.30882612583623
      ],
      [
       -65.424414,
       -82.280371
      ],
      [
       -65.713965,
       -82.279199
      ],
      [
       -65.77315394315238,
       -82.25067811701767
      ]
     ],
     [
      [
       -65.66387972683304,
       -79.76117487671256
      ],
      [
       -65.579273,
       -79.770789
      ],
      [
       -65.5792690872636,
       -79.77079860150707
      ],
      [
       -65.66387972683304,
       -79.76117487671256
      ]
     ],
     [
      [
       -65.619727,
       -81.729297
      ],
      [
       -65.61964187848525,
       -81.72928990805339
      ],
      [
       -65.39496491681456,
       -81.76487684212512
      ],
      [
       -65.619727,
       -81.729297
      ]
     ],
     [
      [
       -65.50561520936137,
       -79.95451339427287
      ],
      [
       -65.50448778406543,
       -79.95430526730752
      ],
      [
       -65.504472,
       -79.954344
      ],
      [
       -65.50561520936137,
       -79.95451339427287
      ]
     ],
     [
      [
       -65.503906,
       -67.528223
      ],
      [
       -65.50386528718064,
       -67.52035270636563
      ],
      [
       -65.50390299329979,
       -67.52822760066465
      ],
      [
       -65.503906,
       -67.528223
      ]
     ],
     [
      [
       -65.48402428438187,
       -67.99452816550804
      ],
      [
       -65.469461,
       -68.00944
      ],
      [
       -65.4694640773034,
       -68.00944219180535
      ],
      [
       -65.48402428438187,
       -67.99452816550804
      ]
     ],
     [
      [
       -65.452002,
       -68.336719
      ],
      [
       -64.82951559129945,
       -68.12744893102114
      ],
      [
       -64.8295,
       -68.127469
      ],
      [
       -64.895956,
       -68.168397
      ],
      [
       -65.45194385568045,
       -68.33672807475062
      ],
      [
       -65.452002,
       -68.336719
      ]
     ],
     [
      [
       -65.41123241798851,
       -67.33742810297518
      ],
      [
       -65.350098,
       -67.310938
      ],
      [
       -65.2524093369063,
       -67.34080737904269
      ],
      [
       -65.35014,
       -67.310982
      ],
      [
       -65.41123241798851,
       -67.33742810297518
      ]
     ],
     [
      [
       -65.241602,
       -68.583203
      ],
      [
       -65.17487546440485,
       -68.53545796667714
      ],
      [
       -65.2415832798083,
       -68.58321081754414
      ],
      [
       -65.241602,
       -68.583203
      ]
     ],
     [
      [
       -65.23106848537954,
       -68.3712007269316
      ],
      [
       -64.996492,
       -68.407762
      ],
      [
       -64.99654905936457,
       -68.40780284599848
      ],
      [
       -65.23106848537954,
       -68.3712007269316
      ]
     ],
     [
      [
       -65.19146038986443,
       -67.33738239766247
      ],
      [
       -64.81934147432926,
       -67.30732839959195
      ],
      [
       -64.81932,
       -67.307364
      ],
      [
       -65.19146038986443,
       -67.33738239766247
      ]
     ],
     [
      [
       -65.026904,
       -67.214063
      ],
      [
       -65.02686438957373,
       -67.21404817796312
      ],
      [
       -64.86888732507565,
       -67.24096252527737
      ],
      [
       -65.026904,
       -67.214063
      ]
     ],
     [
      [
       -64.878125,
       -67.024512
      ],
      [
       -64.87812091138886,
       -67.02450734841257
      ],
      [
       -64.85410024906587,
       -67.1047854835206
      ],
      [
       -64.854102,
       -67.104785
      ],
      [
       -64.878125,
       -67.024512
      ]
     ],
     [
      [
       -64.83438897296774,
       -67.11022875396662
      ],
      [
       -64.785523,
       -67.123706
      ],
      [
       -64.78554928834787,
       -67.1237158367187
      ],
      [
       -64.83438897296774,
       -67.11022875396662
      ]
     ],
     [
      [
       -64.21744702492632,
       -81.5339013995579
      ],
      [
       -62.353734,
       -81.576622
      ],
      [
       -62.25292052820229,
       -81.608488767213
      ],
      [
       -62.353711,
       -81.57666
      ],
      [
       -64.21744702492632,
       -81.5339013995579
      ]
     ],
     [
      [
       -64.169256,
       -68.582532
      ],
      [
       -64.16923724830141,
       -68.58252632743284
      ],
      [
       -64.15683610088975,
       -68.68691315075915
      ],
      [
       -64.156879,
       -68.686867
      ],
      [
       -64.169256,
       -68.582532
      ]
     ],
     [
      [
       -64.1550321878352,
       -68.68885379606493
      ],
      [
       -64.078467,
       -68.771191
      ],
      [
       -64.07850066507952,
       -68.77118622334288
      ],
      [
       -64.07850066507952,
       -68.77118622334288
      ],
      [
       -64.1550321878352,
       -68.68885379606493
      ]
     ],
     [
      [
       -64.14868880463439,
       -80.69078862441278
      ],
      [
       -64.065039,
       -80.650391
      ],
      [
       -63.23205776396248,
       -80.60013692083677
      ],
      [
       -64.06505,
       -80.650426
      ],
      [
       -64.14868880463439,
       -80.69078862441278
      ]
     ],
     [
      [
       -64.077734,
       -66.654102
      ],
      [
       -64.07771718515896,
       -66.65408920271926
      ],
      [
       -63.808787,
       -66.760938
      ],
      [
       -63.80579368268186,
       -66.7671450280673
      ],
      [
       -63.808789,
       -66.760938
      ],
      [
       -64.077734,
       -66.654102
      ]
     ],
     [
      [
       -64.05994246454564,
       -75.24774678723318
      ],
      [
       -63.85752,
       -75.206152
      ],
      [
       -63.38949577381892,
       -75.16704719435084
      ],
      [
       -63.857518,
       -75.206159
      ],
      [
       -64.05994246454564,
       -75.24774678723318
      ]
     ],
     [
      [
       -63.924707,
       -75.004492
      ],
      [
       -63.92461628321096,
       -75.00447183723338
      ],
      [
       -63.336929,
       -75.034748
      ],
      [
       -63.251173120949936,
       -75.07665161947719
      ],
      [
       -63.336914,
       -75.034766
      ],
      [
       -63.924707,
       -75.004492
      ]
     ],
     [
      [
       -63.88530457040591,
       -66.8975787679537
      ],
      [
       -63.75476724899633,
       -66.87295489464621
      ],
      [
       -63.754759,
       -66.872972
      ],
      [
       -63.88530457040591,
       -66.8975787679537
      ]
     ],
     [
      [
       -63.86784638823247,
       -68.49135272585413
      ],
      [
       -63.796514,
       -68.469774
      ],
      [
       -63.21757017756934,
       -68.41895578971844
      ],
      [
       -63.86784638823247,
       -68.49135272585413
      ]
     ],
     [
      [
       -63.75571139180478,
       -66.4090200685081
      ],
      [
       -63.755664,
       -66.408984
      ],
      [
       -63.7209910438198,
       -66.40005666133325
      ],
      [
       -63.75571139180478,
       -66.4090200685081
      ]
     ],
     [
      [
       -63.752539,
       -66.277734
      ],
      [
       -63.621927387765,
       -66.24936703892955
      ],
      [
       -63.75251616568343,
       -66.27775847039125
      ],
      [
       -63.752539,
       -66.277734
      ]
     ],
     [
      [
       -63.65644659576214,
       -66.38071140776941
      ],
      [
       -63.654429,
       -66.382873
      ],
      [
       -63.654429424050164,
       -66.38287310947281
      ],
      [
       -63.65644659576214,
       -66.38071140776941
      ]
     ],
     [
      [
       -63.63474493663475,
       -68.73404474589987
      ],
      [
       -63.343544,
       -68.810425
      ],
      [
       -63.34355473346225,
       -68.81043621515785
      ],
      [
       -63.63474493663475,
       -68.73404474589987
      ]
     ],
     [
      [
       -63.54938255351708,
       -66.24419637847143
      ],
      [
       -63.25752,
       -66.26377
      ],
      [
       -62.654482697156475,
       -66.68815260698382
      ],
      [
       -62.704798,
       -66.680116
      ],
      [
       -63.257554,
       -66.26381
      ],
      [
       -63.54938255351708,
       -66.24419637847143
      ]
     ],
     [
      [
       -63.53998198534191,
       -68.55925398526264
      ],
      [
       -63.34751,
       -68.499414
      ],
      [
       -63.15662697641571,
       -68.49262297484218
      ],
      [
       -63.347523,
       -68.499436
      ],
      [
       -63.53998198534191,
       -68.55925398526264
      ]
     ],
     [
      [
       -63.39735063135461,
       -74.88728146486248
      ],
      [
       -63.357031,
       -74.87832
      ],
      [
       -63.30276786842063,
       -74.88881620175464
      ],
      [
       -63.357032,
       -74.878323
      ],
      [
       -63.39735063135461,
       -74.88728146486248
      ]
     ],
     [
      [
       -63.178125,
       -74.68418
      ],
      [
       -63.13794402542111,
       -74.68870855084224
      ],
      [
       -63.1781246401402,
       -74.68418112509865
      ],
      [
       -63.178125,
       -74.68418
      ]
     ],
     [
      [
       -63.144665094916455,
       -74.8654137321958
      ],
      [
       -63.12526590151917,
       -74.84952993267034
      ],
      [
       -63.125263,
       -74.849539
      ],
      [
       -63.144665094916455,
       -74.8654137321958
      ]
     ],
     [
      [
       -63.144016969322976,
       -80.59482538574811
      ],
      [
       -63.143994,
       -80.594824
      ],
      [
       -62.940381,
       -80.76582
      ],
      [
       -62.76958271494665,
       -80.80914533524991
      ],
      [
       -62.94039,
       -80.765871
      ],
      [
       -63.144016969322976,
       -80.59482538574811
      ]
     ],
     [
      [
       -62.754834,
       -66.310156
      ],
      [
       -62.75480897980472,
       -66.31013096330857
      ],
      [
       -62.650331,
       -66.363649
      ],
      [
       -62.65032871604137,
       -66.3636537164589
      ],
      [
       -62.754834,
       -66.310156
      ]
     ],
     [
      [
       -62.75411597403176,
       -69.41631120848793
      ],
      [
       -62.58682,
       -69.477206
      ],
      [
       -62.450575,
       -69.584331
      ],
      [
       -62.45057206223477,
       -69.58434743755716
      ],
      [
       -62.586816,
       -69.477246
      ],
      [
       -62.75411597403176,
       -69.41631120848793
      ]
     ],
     [
      [
       -62.735645,
       -82.527344
      ],
      [
       -62.73563314335175,
       -82.52734287664826
      ],
      [
       -62.69234778329938,
       -82.55793608902471
      ],
      [
       -62.735645,
       -82.527344
      ]
     ],
     [
      [
       -62.70853249311112,
       -74.7371048870856
      ],
      [
       -62.708496,
       -74.737109
      ],
      [
       -62.566797,
       -74.895801
      ],
      [
       -62.454197815455565,
       -74.9284487145332
      ],
      [
       -62.566796,
       -74.895842
      ],
      [
       -62.70853249311112,
       -74.7371048870856
      ]
     ],
     [
      [
       -62.682077544388946,
       -66.23735157507629
      ],
      [
       -62.682031,
       -66.237305
      ],
      [
       -62.428539190070005,
       -66.22461039558848
      ],
      [
       -62.682077544388946,
       -66.23735157507629
      ]
     ],
     [
      [
       -62.655078,
       -66.556055
      ],
      [
       -62.618825569800556,
       -66.44618174422284
      ],
      [
       -62.655073630210495,
       -66.55605753568365
      ],
      [
       -62.655078,
       -66.556055
      ]
     ],
     [
      [
       -62.567726,
       -69.180428
      ],
      [
       -62.46539343194455,
       -69.15238176700434
      ],
      [
       -62.567676,
       -69.180469
      ],
      [
       -62.49624,
       -69.288184
      ],
      [
       -62.216016,
       -69.494922
      ],
      [
       -62.171924,
       -69.636621
      ],
      [
       -62.14161729742523,
       -69.66905938482876
      ],
      [
       -62.171936,
       -69.636628
      ],
      [
       -62.216068,
       -69.494931
      ],
      [
       -62.496283,
       -69.288225
      ],
      [
       -62.567726,
       -69.180428
      ]
     ],
     [
      [
       -62.46844416993757,
       -81.65471283329599
      ],
      [
       -62.16545171943084,
       -81.63613733558203
      ],
      [
       -62.165399,
       -81.636154
      ],
      [
       -62.46844416993757,
       -81.65471283329599
      ]
     ],
     [
      [
       -62.45518668707786,
       -82.50077212847089
      ],
      [
       -62.094531,
       -82.466602
      ],
      [
       -60.89009718385248,
       -82.2615834182906
      ],
      [
       -62.094551,
       -82.466646
      ],
      [
       -62.45518668707786,
       -82.50077212847089
      ]
     ],
     [
      [
       -62.305029,
       -65.84043
      ],
      [
       -62.22375161117691,
       -65.77531178644558
      ],
      [
       -62.30502528530213,
       -65.84045398469324
      ],
      [
       -62.305029,
       -65.84043
      ]
     ],
     [
      [
       -62.281440491657335,
       -69.16955415739704
      ],
      [
       -62.23896,
       -69.175777
      ],
      [
       -62.120765188182254,
       -69.23177695858602
      ],
      [
       -62.238965,
       -69.175781
      ],
      [
       -62.281440491657335,
       -69.16955415739704
      ]
     ],
     [
      [
       -62.256641,
       -72.017578
      ],
      [
       -61.938916,
       -71.903613
      ],
      [
       -61.035059,
       -71.82002
      ],
      [
       -60.95191503435668,
       -71.74971157008213
      ],
      [
       -61.035054,
       -71.82006
      ],
      [
       -61.938927,
       -71.903621
      ],
      [
       -62.25658609747973,
       -72.01758351799953
      ],
      [
       -62.256641,
       -72.017578
      ]
     ],
     [
      [
       -62.226331317318866,
       -74.50124178033492
      ],
      [
       -62.22568091551561,
       -74.5055682579759
      ],
      [
       -62.225684,
       -74.505566
      ],
      [
       -62.226331317318866,
       -74.50124178033492
      ]
     ],
     [
      [
       -62.22557169294355,
       -74.50564821361947
      ],
      [
       -61.894434,
       -74.713062
      ],
      [
       -61.85531756961669,
       -74.77669023503954
      ],
      [
       -62.22557169294355,
       -74.50564821361947
      ]
     ],
     [
      [
       -62.21397038845198,
       -82.79596795211846
      ],
      [
       -62.128657,
       -82.822334
      ],
      [
       -62.1286203495806,
       -82.82236072729069
      ],
      [
       -62.21397038845198,
       -82.79596795211846
      ]
     ],
     [
      [
       -62.20590502884615,
       -70.4251714801061
      ],
      [
       -62.000784,
       -70.497144
      ],
      [
       -61.542084807692305,
       -70.49102762859233
      ],
      [
       -62.000781,
       -70.497168
      ],
      [
       -62.20590502884615,
       -70.4251714801061
      ]
     ],
     [
      [
       -62.187591685703765,
       -82.26438096404546
      ],
      [
       -60.527747,
       -82.199892
      ],
      [
       -60.52782694215334,
       -82.19990561043831
      ],
      [
       -62.187591685703765,
       -82.26438096404546
      ]
     ],
     [
      [
       -62.0184191727545,
       -69.72368571536934
      ],
      [
       -61.99762294186553,
       -69.72187638698546
      ],
      [
       -61.997631,
       -69.721894
      ],
      [
       -62.0184191727545,
       -69.72368571536934
      ]
     ],
     [
      [
       -62.008301,
       -73.147656
      ],
      [
       -62.00826477156422,
       -73.14765873329976
      ],
      [
       -61.94210383008805,
       -73.1798174293333
      ],
      [
       -62.008301,
       -73.147656
      ]
     ],
     [
      [
       -61.994166841713096,
       -70.72865361630181
      ],
      [
       -61.994141,
       -70.728613
      ],
      [
       -61.868260093710155,
       -70.70627003463683
      ],
      [
       -61.994166841713096,
       -70.72865361630181
      ]
     ],
     [
      [
       -61.96322446062877,
       -70.11929944490947
      ],
      [
       -61.961096,
       -70.120112
      ],
      [
       -61.96109584088923,
       -70.12011247733832
      ],
      [
       -61.96322446062877,
       -70.11929944490947
      ]
     ],
     [
      [
       -61.958789,
       -71.657813
      ],
      [
       -61.95874997026892,
       -71.65779917716166
      ],
      [
       -61.562826,
       -71.675263
      ],
      [
       -61.213597,
       -71.564055
      ],
      [
       -61.081357,
       -71.58855
      ],
      [
       -61.04996798987289,
       -71.61510965085299
      ],
      [
       -61.081348,
       -71.588574
      ],
      [
       -61.213574,
       -71.564063
      ],
      [
       -61.562793,
       -71.675293
      ],
      [
       -61.958789,
       -71.657813
      ]
     ],
     [
      [
       -61.875458271382435,
       -66.29608703619304
      ],
      [
       -61.875439,
       -66.296094
      ],
      [
       -61.841993415361614,
       -66.4027294873632
      ],
      [
       -61.842034,
       -66.402717
      ],
      [
       -61.875458271382435,
       -66.29608703619304
      ]
     ],
     [
      [
       -61.84678193856278,
       -69.52177784971725
      ],
      [
       -61.80720514892118,
       -69.51465288758783
      ],
      [
       -61.807204,
       -69.514671
      ],
      [
       -61.84678193856278,
       -69.52177784971725
      ]
     ],
     [
      [
       -61.842773,
       -74.289648
      ],
      [
       -61.76787229819442,
       -74.263506891665
      ],
      [
       -61.842734390474824,
       -74.2896509441514
      ],
      [
       -61.842773,
       -74.289648
      ]
     ],
     [
      [
       -61.838232,
       -74.032031
      ],
      [
       -61.83821486788952,
       -74.03201834929504
      ],
      [
       -61.52464415207761,
       -74.03439258913842
      ],
      [
       -61.838232,
       -74.032031
      ]
     ],
     [
      [
       -61.82127644158526,
       -70.8769111080523
      ],
      [
       -61.702197,
       -70.856708
      ],
      [
       -61.312867,
       -70.86756
      ],
      [
       -61.31285904059798,
       -70.86757752551442
      ],
      [
       -61.702148,
       -70.856738
      ],
      [
       -61.82127644158526,
       -70.8769111080523
      ]
     ],
     [
      [
       -61.79537244157391,
       -73.16372066206311
      ],
      [
       -61.428418,
       -73.191406
      ],
      [
       -61.42777836311963,
       -73.19165814855522
      ],
      [
       -61.428441,
       -73.191449
      ],
      [
       -61.79537244157391,
       -73.16372066206311
      ]
     ],
     [
      [
       -61.76430592124581,
       -66.09272744475327
      ],
      [
       -61.359169,
       -66.058758
      ],
      [
       -61.2809594676645,
       -65.99255858984468
      ],
      [
       -61.359131,
       -66.058789
      ],
      [
       -61.76430592124581,
       -66.09272744475327
      ]
     ],
     [
      [
       -61.716873,
       -80.069324
      ],
      [
       -61.684214,
       -80.019767
      ],
      [
       -61.68418328589329,
       -80.01976409345154
      ],
      [
       -61.691176936066036,
       -80.09871328653989
      ],
      [
       -61.716873,
       -80.069324
      ]
     ],
     [
      [
       -61.69021320609493,
       -80.88774465409925
      ],
      [
       -60.582812,
       -80.948145
      ],
      [
       -60.2892431540802,
       -80.86486293692951
      ],
      [
       -60.582834,
       -80.948185
      ],
      [
       -61.69021320609493,
       -80.88774465409925
      ]
     ],
     [
      [
       -61.68302953853487,
       -80.01965491161384
      ],
      [
       -61.246256,
       -79.978322
      ],
      [
       -61.34625,
       -79.950623
      ],
      [
       -61.343149,
       -79.886803
      ],
      [
       -61.34291404473523,
       -79.88677766551407
      ],
      [
       -61.343115,
       -79.886816
      ],
      [
       -61.34624,
       -79.950586
      ],
      [
       -61.24624,
       -79.97832
      ],
      [
       -61.302344,
       -79.995801
      ],
      [
       -61.68302953853487,
       -80.01965491161384
      ]
     ],
     [
      [
       -61.67565034080628,
       -66.24954629773745
      ],
      [
       -61.675635,
       -66.249512
      ],
      [
       -61.578292731437166,
       -66.23399838520443
      ],
      [
       -61.67565034080628,
       -66.24954629773745
      ]
     ],
     [
      [
       -61.63713395702137,
       -73.49991659319663
      ],
      [
       -61.636982,
       -73.500164
      ],
      [
       -61.41667040224458,
       -73.46869186623113
      ],
      [
       -61.636963,
       -73.500195
      ],
      [
       -61.63713395702137,
       -73.49991659319663
      ]
     ],
     [
      [
       -61.6355491305655,
       -80.34416185950164
      ],
      [
       -61.633313,
       -80.344088
      ],
      [
       -61.24087138999016,
       -80.26597791387603
      ],
      [
       -61.633301,
       -80.344141
      ],
      [
       -61.6355491305655,
       -80.34416185950164
      ]
     ],
     [
      [
       -61.597558945693194,
       -80.20578672593618
      ],
      [
       -61.597462575381506,
       -80.205857837527
      ],
      [
       -61.597501,
       -80.205853
      ],
      [
       -61.597558945693194,
       -80.20578672593618
      ]
     ],
     [
      [
       -61.589844,
       -83.341211
      ],
      [
       -61.57733110896183,
       -83.33339513800965
      ],
      [
       -61.58984255815622,
       -83.34121147661607
      ],
      [
       -61.589844,
       -83.341211
      ]
     ],
     [
      [
       -61.567776433016746,
       -80.20959522051008
      ],
      [
       -61.193994,
       -80.256641
      ],
      [
       -61.19403134609775,
       -80.25664843849644
      ],
      [
       -61.567776433016746,
       -80.20959522051008
      ]
     ],
     [
      [
       -61.52838834663979,
       -83.36152578878205
      ],
      [
       -61.425315,
       -83.395581
      ],
      [
       -61.424723540082695,
       -83.39562372860595
      ],
      [
       -61.425293,
       -83.395605
      ],
      [
       -61.52838834663979,
       -83.36152578878205
      ]
     ],
     [
      [
       -61.46649786770182,
       -66.17443521473353
      ],
      [
       -61.431934,
       -66.144727
      ],
      [
       -61.149756,
       -66.211719
      ],
      [
       -61.134277,
       -66.290234
      ],
      [
       -61.028418,
       -66.336523
      ],
      [
       -60.90276322270053,
       -66.19104983173264
      ],
      [
       -60.902763,
       -66.19105
      ],
      [
       -61.02844,
       -66.336571
      ],
      [
       -61.134273,
       -66.290269
      ],
      [
       -61.149776,
       -66.21172
      ],
      [
       -61.431929,
       -66.144748
      ],
      [
       -61.46649786770182,
       -66.17443521473353
      ]
     ],
     [
      [
       -61.404386,
       -69.932527
      ],
      [
       -61.327181,
       -69.856356
      ],
      [
       -61.327153038308744,
       -69.8563529713471
      ],
      [
       -61.404346,
       -69.93252
      ],
      [
       -61.40286143378022,
       -69.93278117966821
      ],
      [
       -61.404386,
       -69.932527
      ]
     ],
     [
      [
       -61.34663996987969,
       -74.20331879888725
      ],
      [
       -61.226855,
       -74.20791
      ],
      [
       -61.20968052079116,
       -74.19994086731043
      ],
      [
       -61.226877,
       -74.207925
      ],
      [
       -61.34663996987969,
       -74.20331879888725
      ]
     ],
     [
      [
       -61.279786264862935,
       -72.46828840491041
      ],
      [
       -61.279785,
       -72.468262
      ],
      [
       -60.730322,
       -72.425977
      ],
      [
       -60.71742466367626,
       -72.41352022421987
      ],
      [
       -60.730344,
       -72.426018
      ],
      [
       -61.279786264862935,
       -72.46828840491041
      ]
     ],
     [
      [
       -61.20394178437118,
       -74.0717081407267
      ],
      [
       -61.041669,
       -74.121935
      ],
      [
       -61.04171049226306,
       -74.12195426439301
      ],
      [
       -61.20394178437118,
       -74.0717081407267
      ]
     ],
     [
      [
       -61.072951993484104,
       -72.66156136115373
      ],
      [
       -60.939169,
       -72.699697
      ],
      [
       -60.724169,
       -72.646883
      ],
      [
       -60.72415911284387,
       -72.64688436377945
      ],
      [
       -60.93916,
       -72.699707
      ],
      [
       -61.072951993484104,
       -72.66156136115373
      ]
     ],
     [
      [
       -61.06893204015411,
       -79.83451250435097
      ],
      [
       -61.026347,
       -79.808927
      ],
      [
       -60.578855,
       -79.741024
      ],
      [
       -60.57885179303427,
       -79.74102416325451
      ],
      [
       -61.06893204015411,
       -79.83451250435097
      ]
     ],
     [
      [
       -61.03929031049937,
       -65.99199028915511
      ],
      [
       -60.988158,
       -65.940212
      ],
      [
       -60.94319898513902,
       -65.93799113333708
      ],
      [
       -61.039258,
       -65.991992
      ],
      [
       -61.03929031049937,
       -65.99199028915511
      ]
     ],
     [
      [
       -60.987845558283766,
       -71.22319711272307
      ],
      [
       -60.962294,
       -71.244592
      ],
      [
       -60.9622959385475,
       -71.24459555047974
      ],
      [
       -60.987845558283766,
       -71.22319711272307
      ]
     ],
     [
      [
       -60.966142277752965,
       -73.32337064413677
      ],
      [
       -60.89585,
       -73.32041
      ],
      [
       -60.7799956071706,
       -73.28273728199584
      ],
      [
       -60.895864,
       -73.320434
      ],
      [
       -60.966142277752965,
       -73.32337064413677
      ]
     ],
     [
      [
       -60.946533,
       -70.967399
      ],
      [
       -60.946477363065995,
       -70.9673861220326
      ],
      [
       -60.78979446243666,
       -71.04109020313227
      ],
      [
       -60.789798,
       -71.04109
      ],
      [
       -60.946533,
       -70.967399
      ]
     ],
     [
      [
       -60.90546174040912,
       -66.079833491295
      ],
      [
       -60.856445,
       -66.065332
      ],
      [
       -60.74407022296732,
       -66.10505105886067
      ],
      [
       -60.90546174040912,
       -66.079833491295
      ]
     ],
     [
      [
       -60.856400742323075,
       -72.05941410506311
      ],
      [
       -60.719441,
       -72.072603
      ],
      [
       -60.71436873320709,
       -72.09943021286658
      ],
      [
       -60.719434,
       -72.072656
      ],
      [
       -60.856400742323075,
       -72.05941410506311
      ]
     ],
     [
      [
       -60.532324,
       -72.832129
      ],
      [
       -60.532324,
       -72.83211811198937
      ],
      [
       -60.50515689165641,
       -72.86436298674117
      ],
      [
       -60.532324,
       -72.832129
      ]
     ],
     [
      [
       -60.27782810125634,
       -79.75634814153726
      ],
      [
       -59.873342,
       -79.776939
      ],
      [
       -59.70635,
       -79.875279
      ],
      [
       -59.706355896433934,
       -79.87528834986519
      ],
      [
       -59.87334,
       -79.776953
      ],
      [
       -60.27782810125634,
       -79.75634814153726
      ]
     ],
     [
      [
       -60.25451196310585,
       -73.01728347243349
      ],
      [
       -60.207306882301296,
       -72.9818798848448
      ],
      [
       -60.254492,
       -73.017285
      ],
      [
       -60.25451196310585,
       -73.01728347243349
      ]
     ],
     [
      [
       -59.787793,
       -80.100977
      ],
      [
       -59.78768281206518,
       -80.09585218377441
      ],
      [
       -59.7877914715159,
       -80.10097707420574
      ],
      [
       -59.787793,
       -80.100977
      ]
     ],
     [
      [
       -59.010850556740735,
       -83.31187764486775
      ],
      [
       -57.557153,
       -82.890186
      ],
      [
       -56.317901,
       -82.633354
      ],
      [
       -55.854124124100515,
       -82.49443184109248
      ],
      [
       -56.317871,
       -82.633398
      ],
      [
       -57.557129,
       -82.890234
      ],
      [
       -59.010850556740735,
       -83.31187764486775
      ]
     ],
     [
      [
       -55.520509720437914,
       -82.47090210953472
      ],
      [
       -55.294707,
       -82.464837
      ],
      [
       -54.847451680720454,
       -82.37453093675795
      ],
      [
       -55.294678,
       -82.464844
      ],
      [
       -55.520509720437914,
       -82.47090210953472
      ]
     ],
     [
      [
       -54.350837,
       -80.760341
      ],
      [
       -54.34722,
       -80.569397
      ],
      [
       -54.044939,
       -80.48749
      ],
      [
       -53.46971059681352,
       -80.15289141952525
      ],
      [
       -54.044922,
       -80.4875
      ],
      [
       -54.347168,
       -80.569434
      ],
      [
       -54.350781,
       -80.760352
      ],
      [
       -54.16252664820188,
       -80.87010146449785
      ],
      [
       -54.162554,
       -80.870102
      ],
      [
       -54.350837,
       -80.760341
      ]
     ],
     [
      [
       -53.00719859704487,
       -80.16653491446387
      ],
      [
       -52.461004,
       -80.066585
      ],
      [
       -52.415946380271926,
       -80.07147210918423
      ],
      [
       -52.460986,
       -80.066602
      ],
      [
       -53.00719859704487,
       -80.16653491446387
      ]
     ],
     [
      [
       -52.29717643634281,
       -80.14120208275428
      ],
      [
       -51.183873,
       -79.819675
      ],
      [
       -50.38220895227605,
       -79.4968319983323
      ],
      [
       -50.401562,
       -79.511719
      ],
      [
       -51.183838,
       -79.819727
      ],
      [
       -52.297168,
       -80.141211
      ],
      [
       -52.29717643634281,
       -80.14120208275428
      ]
     ],
     [
      [
       -51.85774328549351,
       -82.08446134262655
      ],
      [
       -50.653053,
       -81.975461
      ],
      [
       -49.52961301907037,
       -81.9347106047164
      ],
      [
       -50.653027,
       -81.975488
      ],
      [
       -51.85774328549351,
       -82.08446134262655
      ]
     ],
     [
      [
       -50.733099,
       -79.282757
      ],
      [
       -50.73305018175375,
       -79.28271606717449
      ],
      [
       -50.495045305067336,
       -79.31996798242419
      ],
      [
       -50.733099,
       -79.282757
      ]
     ],
     [
      [
       -50.70944721113091,
       -79.262925592253
      ],
      [
       -50.520347,
       -79.10437
      ],
      [
       -50.502519,
       -78.949909
      ],
      [
       -50.24198566910369,
       -78.83328435700194
      ],
      [
       -50.241943,
       -78.833301
      ],
      [
       -50.50249,
       -78.949902
      ],
      [
       -50.520312,
       -79.104395
      ],
      [
       -50.70944721113091,
       -79.262925592253
      ]
     ],
     [
      [
       -50.37867665498284,
       -79.33818170623952
      ],
      [
       -50.378662,
       -79.338184
      ],
      [
       -50.294922,
       -79.429688
      ],
      [
       -50.29494949743784,
       -79.42970915193477
      ],
      [
       -50.37867665498284,
       -79.33818170623952
      ]
     ],
     [
      [
       -50.37741,
       -78.780514
      ],
      [
       -50.37737145278217,
       -78.78047740444896
      ],
      [
       -50.27345478215182,
       -78.82100989276748
      ],
      [
       -50.37741,
       -78.780514
      ]
     ],
     [
      [
       -50.169440302021144,
       -78.5830739219742
      ],
      [
       -50.141663,
       -78.556703
      ],
      [
       -49.354217,
       -78.22246
      ],
      [
       -49.15174603969805,
       -78.09266732813177
      ],
      [
       -49.35415,
       -78.222461
      ],
      [
       -50.169440302021144,
       -78.5830739219742
      ]
     ],
     [
      [
       -49.24168828588207,
       -80.65129387441276
      ],
      [
       -49.1875,
       -80.642773
      ],
      [
       -48.33759819259794,
       -80.57499088420293
      ],
      [
       -49.187509,
       -80.642778
      ],
      [
       -49.24168828588207,
       -80.65129387441276
      ]
     ],
     [
      [
       -46.516748,
       -82.45459
      ],
      [
       -46.51672975507779,
       -82.45455939638866
      ],
      [
       -46.3668883241523,
       -82.4796200835345
      ],
      [
       -46.516748,
       -82.45459
      ]
     ],
     [
      [
       -46.26849074231788,
       -82.29034684635758
      ],
      [
       -46.198535,
       -82.271094
      ],
      [
       -46.19477982157234,
       -82.26831977148036
      ],
      [
       -46.198544,
       -82.271102
      ],
      [
       -46.26849074231788,
       -82.29034684635758
      ]
     ],
     [
      [
       -46.17384036600803,
       -82.51155827348532
      ],
      [
       -45.582160402507554,
       -82.47302601248737
      ],
      [
       -45.788574,
       -82.494922
      ],
      [
       -46.17384036600803,
       -82.51155827348532
      ]
     ],
     [
      [
       -46.04721541601139,
       -82.15733440814805
      ],
      [
       -46.046409,
       -82.158654
      ],
      [
       -46.0464094095541,
       -82.15865430271495
      ],
      [
       -46.04721541601139,
       -82.15733440814805
      ]
     ],
     [
      [
       -45.35233776188835,
       -78.791211939459
      ],
      [
       -44.362045470674495,
       -78.80775479584935
      ],
      [
       -45.222656,
       -78.810742
      ],
      [
       -45.35233776188835,
       -78.791211939459
      ]
     ],
     [
      [
       -45.27176283823902,
       -78.73091660776161
      ],
      [
       -45.213086,
       -78.687012
      ],
      [
       -45.067822,
       -78.661426
      ],
      [
       -44.604234725932,
       -78.63500462187577
      ],
      [
       -45.067864,
       -78.661452
      ],
      [
       -45.213075,
       -78.687031
      ],
      [
       -45.27176283823902,
       -78.73091660776161
      ]
     ],
     [
      [
       -43.9588291321666,
       -78.81449053442003
      ],
      [
       -43.722106,
       -78.818445
      ],
      [
       -43.67235262022971,
       -78.84180292253617
      ],
      [
       -43.9588291321666,
       -78.81449053442003
      ]
     ],
     [
      [
       -43.908813532468564,
       -78.23780840115744
      ],
      [
       -43.854501,
       -78.258479
      ],
      [
       -43.84991366051087,
       -78.26359226897283
      ],
      [
       -43.854492,
       -78.258496
      ],
      [
       -43.908813532468564,
       -78.23780840115744
      ]
     ],
     [
      [
       -43.742188,
       -80.00293
      ],
      [
       -43.68943577326261,
       -80.00022886756332
      ],
      [
       -43.72429603782183,
       -80.01051471438488
      ],
      [
       -43.742188,
       -80.00293
      ]
     ],
     [
      [
       -43.67244432299934,
       -82.27044672537859
      ],
      [
       -43.669344,
       -82.270068
      ],
      [
       -43.6684126735455,
       -82.26963938700763
      ],
      [
       -43.669336,
       -82.270117
      ],
      [
       -43.67244432299934,
       -82.27044672537859
      ]
     ],
     [
      [
       -43.58906901212346,
       -80.06783980577649
      ],
      [
       -43.490027,
       -80.095524
      ],
      [
       -43.478299225405735,
       -80.1147970476017
      ],
      [
       -43.58906901212346,
       -80.06783980577649
      ]
     ],
     [
      [
       -43.58635202924173,
       -78.88217797146024
      ],
      [
       -43.544339,
       -78.901902
      ],
      [
       -43.26808751832781,
       -79.16233643459805
      ],
      [
       -43.58635202924173,
       -78.88217797146024
      ]
     ],
     [
      [
       -43.527858492865064,
       -80.19133525148735
      ],
      [
       -43.46785211841696,
       -80.13196548724693
      ],
      [
       -43.453802,
       -80.155055
      ],
      [
       -43.527858492865064,
       -80.19133525148735
      ]
     ],
     [
      [
       -43.26757953188025,
       -79.97862808125181
      ],
      [
       -43.267285,
       -79.978613
      ],
      [
       -43.20589758020356,
       -79.9520276472948
      ],
      [
       -43.267302,
       -79.978632
      ],
      [
       -43.26757953188025,
       -79.97862808125181
      ]
     ],
     [
      [
       -42.989981607315656,
       -79.80115942794406
      ],
      [
       -42.96538889951467,
       -79.47715507463724
      ],
      [
       -42.944686,
       -79.579122
      ],
      [
       -42.989981607315656,
       -79.80115942794406
      ]
     ],
     [
      [
       -42.87254401243113,
       -81.90336647945811
      ],
      [
       -42.564554,
       -81.761624
      ],
      [
       -42.04644461557262,
       -81.5979095401177
      ],
      [
       -42.87254401243113,
       -81.90336647945811
      ]
     ],
     [
      [
       -42.04618840136195,
       -81.59780270715848
      ],
      [
       -41.711583,
       -81.407692
      ],
      [
       -41.5488139608338,
       -81.35409165949325
      ],
      [
       -42.04618840136195,
       -81.59780270715848
      ]
     ],
     [
      [
       -41.22349318115713,
       -81.24696253558913
      ],
      [
       -41.125934,
       -81.214836
      ],
      [
       -41.07519949626945,
       -81.21115441129226
      ],
      [
       -41.22349318115713,
       -81.24696253558913
      ]
     ],
     [
      [
       -40.44111365489333,
       -81.16514147923031
      ],
      [
       -40.440859,
       -81.165123
      ],
      [
       -39.74815998446661,
       -81.04777176528658
      ],
      [
       -40.44082,
       -81.165137
      ],
      [
       -40.44111365489333,
       -81.16514147923031
      ]
     ],
     [
      [
       -38.083218688440205,
       -80.96232276315656
      ],
      [
       -37.209274,
       -81.063837
      ],
      [
       -36.81245,
       -80.974695
      ],
      [
       -35.965784,
       -80.890876
      ],
      [
       -35.327011,
       -80.650684
      ],
      [
       -35.27142303258943,
       -80.6472467525681
      ],
      [
       -35.327002,
       -80.650684
      ],
      [
       -35.965771,
       -80.890918
      ],
      [
       -36.812402,
       -80.974707
      ],
      [
       -37.209277,
       -81.063867
      ],
      [
       -38.083218688440205,
       -80.96232276315656
      ]
     ],
     [
      [
       -36.600784,
       -79.282706
      ],
      [
       -36.59214588208423,
       -79.26437870635259
      ],
      [
       -36.600776859788496,
       -79.2827062084427
      ],
      [
       -36.600784,
       -79.282706
      ]
     ],
     [
      [
       -36.23915896192451,
       -78.77421922792666
      ],
      [
       -35.515967,
       -78.933008
      ],
      [
       -33.73535960030309,
       -79.14187479315571
      ],
      [
       -35.515992,
       -78.933011
      ],
      [
       -36.239152,
       -78.774261
      ],
      [
       -36.23915896192451,
       -78.77421922792666
      ]
     ],
     [
      [
       -36.16229368480997,
       -79.29550675604511
      ],
      [
       -34.049951,
       -79.357129
      ],
      [
       -34.00335792237528,
       -79.34235110901433
      ],
      [
       -34.049983,
       -79.357171
      ],
      [
       -36.16229368480997,
       -79.29550675604511
      ]
     ],
     [
      [
       -36.04800417017719,
       -79.1811523292189
      ],
      [
       -35.534699,
       -79.090004
      ],
      [
       -34.23305895222494,
       -79.24934599195456
      ],
      [
       -35.534668,
       -79.090039
      ],
      [
       -36.047998,
       -79.181152
      ],
      [
       -36.04800417017719,
       -79.1811523292189
      ]
     ],
     [
      [
       -32.583251,
       -79.658342
      ],
      [
       -32.58318920887547,
       -79.65830499925858
      ],
      [
       -32.470130485841416,
       -79.6655058747111
      ],
      [
       -32.583251,
       -79.658342
      ]
     ],
     [
      [
       -32.50087784070007,
       -79.60901666418702
      ],
      [
       -32.376649,
       -79.534628
      ],
      [
       -32.16007404339111,
       -79.55089151222185
      ],
      [
       -32.376611,
       -79.534668
      ],
      [
       -32.50087784070007,
       -79.60901666418702
      ]
     ],
     [
      [
       -32.120721817399016,
       -79.18494845125953
      ],
      [
       -30.985156,
       -79.12793
      ],
      [
       -30.315918,
       -79.163086
      ],
      [
       -30.17793,
       -79.304297
      ],
      [
       -30.21123,
       -79.485254
      ],
      [
       -29.949316,
       -79.599023
      ],
      [
       -27.027885225852064,
       -79.68473686891271
      ],
      [
       -29.949303,
       -79.599069
      ],
      [
       -30.211303,
       -79.485277
      ],
      [
       -30.177972,
       -79.304306
      ],
      [
       -30.315999,
       -79.163126
      ],
      [
       -30.985209,
       -79.127935
      ],
      [
       -32.120721817399016,
       -79.18494845125953
      ]
     ],
     [
      [
       -32.087884746254396,
       -79.60779855711412
      ],
      [
       -31.933563528660667,
       -79.56790112673305
      ],
      [
       -31.933472,
       -79.567908
      ],
      [
       -32.087884746254396,
       -79.60779855711412
      ]
     ],
     [
      [
       -32.000341,
       -79.732446
      ],
      [
       -32.000283462544935,
       -79.73242833892226
      ],
      [
       -31.824121,
       -79.849512
      ],
      [
       -30.422119,
       -80.01084
      ],
      [
       -30.42160219825471,
       -80.01077520030218
      ],
      [
       -30.422143,
       -80.010878
      ],
      [
       -31.824124,
       -79.849544
      ],
      [
       -32.000341,
       -79.732446
      ]
     ],
     [
      [
       -31.925766503960357,
       -79.70955541559366
      ],
      [
       -31.680464,
       -79.63426
      ],
      [
       -30.985054,
       -79.818435
      ],
      [
       -30.902847874132483,
       -79.79157290911668
      ],
      [
       -30.985059,
       -79.818457
      ],
      [
       -31.118848,
       -79.798438
      ],
      [
       -31.68042,
       -79.634277
      ],
      [
       -31.925766503960357,
       -79.70955541559366
      ]
     ],
     [
      [
       -31.7054759230374,
       -80.45453524012278
      ],
      [
       -31.312114,
       -80.450076
      ],
      [
       -31.015492,
       -80.308121
      ],
      [
       -31.01545725097277,
       -80.30811804253882
      ],
      [
       -31.312109,
       -80.450098
      ],
      [
       -31.7054759230374,
       -80.45453524012278
      ]
     ],
     [
      [
       -30.861496,
       -79.725883
      ],
      [
       -30.77995,
       -79.647334
      ],
      [
       -30.660164,
       -79.733066
      ],
      [
       -29.87091,
       -79.823189
      ],
      [
       -29.682323511192127,
       -79.88672250642362
      ],
      [
       -29.870898,
       -79.823242
      ],
      [
       -30.660156,
       -79.733105
      ],
      [
       -30.779932,
       -79.647363
      ],
      [
       -30.861475,
       -79.725879
      ],
      [
       -30.84082,
       -79.771289
      ],
      [
       -30.840831086475077,
       -79.77129262541932
      ],
      [
       -30.861496,
       -79.725883
      ]
     ],
     [
      [
       -30.438352813888745,
       -80.25900115777696
      ],
      [
       -29.531551,
       -80.181824
      ],
      [
       -24.240298,
       -80.061883
      ],
      [
       -23.574447214790826,
       -79.96483403130615
      ],
      [
       -23.574463,
       -79.964844
      ],
      [
       -24.240283,
       -80.061914
      ],
      [
       -29.531494,
       -80.181836
      ],
      [
       -30.438352813888745,
       -80.25900115777696
      ]
     ],
     [
      [
       -29.61482535945714,
       -79.9096166886587
      ],
      [
       -29.614491116334523,
       -79.90957477925429
      ],
      [
       -29.61444,
       -79.909592
      ],
      [
       -29.61482535945714,
       -79.9096166886587
      ]
     ],
     [
      [
       -26.067844375560806,
       -75.95881229512749
      ],
      [
       -26.05936,
       -75.957172
      ],
      [
       -24.509818995919648,
       -75.79252739183146
      ],
      [
       -26.059326,
       -75.957227
      ],
      [
       -26.067844375560806,
       -75.95881229512749
      ]
     ],
     [
      [
       -23.79284696191843,
       -79.82436651422078
      ],
      [
       -23.406836,
       -79.858984
      ],
      [
       -23.40686255596481,
       -79.8590007706541
      ],
      [
       -23.79284696191843,
       -79.82436651422078
      ]
     ],
     [
      [
       -21.88410722552764,
       -75.67347175431826
      ],
      [
       -21.433802,
       -75.68308
      ],
      [
       -21.19156180961729,
       -75.6499038090564
      ],
      [
       -21.433789,
       -75.683105
      ],
      [
       -21.88410722552764,
       -75.67347175431826
      ]
     ],
     [
      [
       -20.97676739975384,
       -74.22509341980223
      ],
      [
       -20.976758,
       -74.225098
      ],
      [
       -20.817676,
       -74.454785
      ],
      [
       -20.746189666666666,
       -74.4630265632362
      ],
      [
       -20.817716,
       -74.454783
      ],
      [
       -20.97676739975384,
       -74.22509341980223
      ]
     ],
     [
      [
       -20.64126,
       -74.150586
      ],
      [
       -20.63879465207752,
       -74.13135420248368
      ],
      [
       -20.616311480885834,
       -74.16968171467826
      ],
      [
       -20.64126,
       -74.150586
      ]
     ],
     [
      [
       -20.623987344367347,
       -74.0158446871543
      ],
      [
       -20.607422,
       -73.886621
      ],
      [
       -20.565534885647786,
       -73.84374369221356
      ],
      [
       -20.623987344367347,
       -74.0158446871543
      ]
     ],
     [
      [
       -20.61928760663739,
       -73.62135511139583
      ],
      [
       -20.580263,
       -73.619227
      ],
      [
       -20.58025488727318,
       -73.61923961982755
      ],
      [
       -20.61928760663739,
       -73.62135511139583
      ]
     ],
     [
      [
       -20.6052095267467,
       -75.53256265182473
      ],
      [
       -20.487555,
       -75.491981
      ],
      [
       -19.493042,
       -75.539937
      ],
      [
       -19.16410991053392,
       -75.5098869149739
      ],
      [
       -19.493018,
       -75.539941
      ],
      [
       -20.4875,
       -75.491992
      ],
      [
       -20.6052095267467,
       -75.53256265182473
      ]
     ],
     [
      [
       -20.417679819838362,
       -74.44406083551169
      ],
      [
       -20.416655030482666,
       -74.44336242833886
      ],
      [
       -20.416655,
       -74.443363
      ],
      [
       -20.417679819838362,
       -74.44406083551169
      ]
     ],
     [
      [
       -18.749263,
       -75.242125
      ],
      [
       -18.74062576950198,
       -75.23505573444005
      ],
      [
       -18.749219,
       -75.24209
      ],
      [
       -18.51697510329844,
       -75.389920565238
      ],
      [
       -18.516978,
       -75.38992
      ],
      [
       -18.749263,
       -75.242125
      ]
     ],
     [
      [
       -18.415898256227585,
       -75.40964385188052
      ],
      [
       -18.30459,
       -75.431348
      ],
      [
       -18.304644482929856,
       -75.43135297839567
      ],
      [
       -18.415898256227585,
       -75.40964385188052
      ]
     ],
     [
      [
       -18.22120108914867,
       -74.97451464178691
      ],
      [
       -17.922751,
       -74.699213
      ],
      [
       -17.830099862341907,
       -74.6383044142935
      ],
      [
       -17.922754,
       -74.699219
      ],
      [
       -18.221191,
       -74.974512
      ],
      [
       -18.22120108914867,
       -74.97451464178691
      ]
     ],
     [
      [
       -16.959873700409013,
       -74.33000162207013
      ],
      [
       -16.42956,
       -74.323887
      ],
      [
       -15.672552,
       -74.407293
      ],
      [
       -15.408249308286914,
       -74.32001242321249
      ],
      [
       -15.67251,
       -74.407324
      ],
      [
       -16.429541,
       -74.323926
      ],
      [
       -16.959873700409013,
       -74.33000162207013
      ]
     ],
     [
      [
       -16.518857,
       -73.644032
      ],
      [
       -16.483148879161398,
       -73.55084662580018
      ],
      [
       -16.51884470380616,
       -73.64403439493334
      ],
      [
       -16.518857,
       -73.644032
      ]
     ],
     [
      [
       -16.33750613498999,
       -72.47469378063002
      ],
      [
       -16.302901,
       -72.478005
      ],
      [
       -16.172522,
       -72.599961
      ],
      [
       -16.104679446394258,
       -72.67893756541032
      ],
      [
       -16.33750613498999,
       -72.47469378063002
      ]
     ],
     [
      [
       -16.281921,
       -73.867015
      ],
      [
       -16.28186812309894,
       -73.86700531479514
      ],
      [
       -16.220117,
       -73.915723
      ],
      [
       -15.748828,
       -73.945605
      ],
      [
       -14.611426,
       -73.851758
      ],
      [
       -14.589349374979887,
       -73.90210360302342
      ],
      [
       -14.61148,
       -73.851771
      ],
      [
       -15.748826,
       -73.945615
      ],
      [
       -16.220116,
       -73.915746
      ],
      [
       -16.281921,
       -73.867015
      ]
     ],
     [
      [
       -16.23042460320485,
       -72.6927220537504
      ],
      [
       -16.104534266734976,
       -72.67910657129597
      ],
      [
       -16.104515,
       -72.679129
      ],
      [
       -16.174847,
       -72.702797
      ],
      [
       -16.23042460320485,
       -72.6927220537504
      ]
     ],
     [
      [
       -16.19440715581264,
       -73.70722519288607
      ],
      [
       -15.935645,
       -73.757617
      ],
      [
       -16.003125,
       -73.815918
      ],
      [
       -16.003132070598202,
       -73.81591929546467
      ],
      [
       -15.935688,
       -73.757616
      ],
      [
       -16.19440715581264,
       -73.70722519288607
      ]
     ],
     [
      [
       -16.09144721337398,
       -73.29095672428464
      ],
      [
       -15.596071,
       -73.096778
      ],
      [
       -15.445105875988142,
       -73.08414246763259
      ],
      [
       -15.595996,
       -73.096777
      ],
      [
       -16.09144721337398,
       -73.29095672428464
      ]
     ],
     [
      [
       -15.10268196992259,
       -74.1911418559928
      ],
      [
       -14.573842639041262,
       -73.93746661575946
      ],
      [
       -14.573828,
       -73.9375
      ],
      [
       -15.10268196992259,
       -74.1911418559928
      ]
     ],
     [
      [
       -14.611288296155003,
       -73.09106316025834
      ],
      [
       -14.321007,
       -73.12303
      ],
      [
       -14.164737,
       -73.102411
      ],
      [
       -14.000118669410808,
       -73.000571024272
      ],
      [
       -14.000098,
       -73.000586
      ],
      [
       -14.164697,
       -73.102441
      ],
      [
       -14.320996,
       -73.123047
      ],
      [
       -14.611288296155003,
       -73.09106316025834
      ]
     ],
     [
      [
       -14.298269,
       -72.784601
      ],
      [
       -14.297782891067179,
       -72.7360606254218
      ],
      [
       -14.298242,
       -72.78457
      ],
      [
       -14.112167579453473,
       -72.9193875781796
      ],
      [
       -14.298269,
       -72.784601
      ]
     ],
     [
      [
       -14.297752321268323,
       -72.73300808022665
      ],
      [
       -14.297752,
       -72.732976
      ],
      [
       -13.431169165885855,
       -72.77442212391244
      ],
      [
       -14.297752321268323,
       -72.73300808022665
      ]
     ],
     [
      [
       -13.208598648931352,
       -72.78505877782739
      ],
      [
       -12.746943,
       -72.6289
      ],
      [
       -12.549687556602816,
       -72.59481983956616
      ],
      [
       -12.746924,
       -72.628906
      ],
      [
       -13.208594,
       -72.785059
      ],
      [
       -13.208598648931352,
       -72.78505877782739
      ]
     ],
     [
      [
       -12.963312,
       -72.06449
      ],
      [
       -12.963278159106386,
       -72.06445575751094
      ],
      [
       -12.888428,
       -72.137109
      ],
      [
       -12.88795819884145,
       -72.13725024021709
      ],
      [
       -12.888484,
       -72.137147
      ],
      [
       -12.963312,
       -72.06449
      ]
     ],
     [
      [
       -12.653954964014536,
       -72.18319640136231
      ],
      [
       -12.509023357931593,
       -72.17334926461271
      ],
      [
       -12.588451,
       -72.196058
      ],
      [
       -12.653954964014536,
       -72.18319640136231
      ]
     ],
     [
      [
       -11.263890078425735,
       -71.77964397057836
      ],
      [
       -11.009229,
       -71.75791
      ],
      [
       -10.958105,
       -71.901953
      ],
      [
       -10.958113208431264,
       -71.90196078298109
      ],
      [
       -11.009271,
       -71.757945
      ],
      [
       -11.263890078425735,
       -71.77964397057836
      ]
     ],
     [
      [
       -10.892188584722225,
       -71.55643545833323
      ],
      [
       -10.825458,
       -71.553307
      ],
      [
       -10.520102,
       -71.295493
      ],
      [
       -10.033518935615685,
       -71.13064599454233
      ],
      [
       -10.033496,
       -71.130664
      ],
      [
       -10.520068,
       -71.295508
      ],
      [
       -10.825439,
       -71.55332
      ],
      [
       -10.892188584722225,
       -71.55643545833323
      ]
     ],
     [
      [
       -10.239465259903353,
       -71.04021540996621
      ],
      [
       -10.122314,
       -71.060938
      ],
      [
       -10.033525536243511,
       -71.13064081276188
      ],
      [
       -10.239465259903353,
       -71.04021540996621
      ]
     ],
     [
      [
       -10.016049918011168,
       -70.96598314978972
      ],
      [
       -9.231426368788444,
       -71.17385288071101
      ],
      [
       -9.887988,
       -71.027344
      ],
      [
       -10.016049918011168,
       -70.96598314978972
      ]
     ],
     [
      [
       -8.646511509084684,
       -71.67273051471582
      ],
      [
       -8.214437717151101,
       -71.65063795887697
      ],
      [
       -8.646484,
       -71.672754
      ],
      [
       -8.646511509084684,
       -71.67273051471582
      ]
     ],
     [
      [
       -7.873545,
       -70.940372
      ],
      [
       -7.856985251184006,
       -70.89074081990528
      ],
      [
       -7.873486,
       -70.940332
      ],
      [
       -7.617969,
       -71.121484
      ],
      [
       -7.590137,
       -71.22373
      ],
      [
       -7.668994,
       -71.324316
      ],
      [
       -7.713721,
       -71.546484
      ],
      [
       -7.871919976544089,
       -71.61604805844424
      ],
      [
       -7.713761,
       -71.546434
      ],
      [
       -7.66901,
       -71.324277
      ],
      [
       -7.590151,
       -71.223714
      ],
      [
       -7.618005,
       -71.121498
      ],
      [
       -7.873545,
       -70.940372
      ]
     ],
     [
      [
       -7.778106704849489,
       -70.85314994421216
      ],
      [
       -7.752725,
       -70.842756
      ],
      [
       -7.6251162589306665,
       -70.82322111039419
      ],
      [
       -7.752734,
       -70.842773
      ],
      [
       -7.778106704849489,
       -70.85314994421216
      ]
     ],
     [
      [
       -7.054182853211898,
       -70.82190133676544
      ],
      [
       -6.838156,
       -70.844513
      ],
      [
       -6.633040761483224,
       -70.81454254952332
      ],
      [
       -6.838184,
       -70.844531
      ],
      [
       -7.054182853211898,
       -70.82190133676544
      ]
     ],
     [
      [
       -6.156862561223729,
       -70.61109543135973
      ],
      [
       -6.156104,
       -70.611523
      ],
      [
       -6.019111717019388,
       -70.58053017692991
      ],
      [
       -6.15613,
       -70.611555
      ],
      [
       -6.156862561223729,
       -70.61109543135973
      ]
     ],
     [
      [
       -6.11748,
       -71.325977
      ],
      [
       -6.113859593032619,
       -71.30925279628784
      ],
      [
       -6.117474920290713,
       -71.32597700535288
      ],
      [
       -6.11748,
       -71.325977
      ]
     ],
     [
      [
       -5.957145538092083,
       -71.32614595693938
      ],
      [
       -4.450188,
       -71.327687
      ],
      [
       -3.71323,
       -71.374558
      ],
      [
       -2.6103,
       -71.320763
      ],
      [
       -2.014626,
       -71.433366
      ],
      [
       -1.354253,
       -71.386805
      ],
      [
       -1.21638,
       -71.284176
      ],
      [
       -1.0823529805950258,
       -71.26744573130311
      ],
      [
       -1.216357,
       -71.28418
      ],
      [
       -1.354248,
       -71.386816
      ],
      [
       -2.0146,
       -71.433398
      ],
      [
       -2.610254,
       -71.320801
      ],
      [
       -3.713184,
       -71.374609
      ],
      [
       -4.450146,
       -71.327734
      ],
      [
       -5.957145538092083,
       -71.32614595693938
      ]
     ],
     [
      [
       -5.764002159254275,
       -70.99592487343256
      ],
      [
       -5.708707731168644,
       -70.96827036779064
      ],
      [
       -5.708716,
       -70.968278
      ],
      [
       -5.764002159254275,
       -70.99592487343256
      ]
     ],
     [
      [
       -5.758929916190972,
       -70.73664511071014
      ],
      [
       -5.694763,
       -70.745294
      ],
      [
       -5.694747428083258,
       -70.74531024205108
      ],
      [
       -5.758929916190972,
       -70.73664511071014
      ]
     ],
     [
      [
       -5.67374897623237,
       -70.93600310713029
      ],
      [
       -5.587904841179601,
       -70.856750778342
      ],
      [
       -5.587896,
       -70.85676
      ],
      [
       -5.67374897623237,
       -70.93600310713029
      ]
     ],
     [
      [
       -3.574686,
       -70.703126
      ],
      [
       -3.537065,
       -70.683282
      ],
      [
       -3.273217504332364,
       -70.68693654042204
      ],
      [
       -3.574658,
       -70.703125
      ],
      [
       -3.455796780970686,
       -70.73418474751585
      ],
      [
       -3.574686,
       -70.703126
      ]
     ],
     [
      [
       -3.4712128484012856,
       -70.5103430633038
      ],
      [
       -3.3098234780350215,
       -70.53015544923684
      ],
      [
       -3.441877,
       -70.535488
      ],
      [
       -3.4712128484012856,
       -70.5103430633038
      ]
     ],
     [
      [
       -3.403844,
       -71.119845
      ],
      [
       -3.398986,
       -71.06207
      ],
      [
       -3.330546354889726,
       -71.06718112398089
      ],
      [
       -3.391699,
       -71.081152
      ],
      [
       -3.3870104018895013,
       -71.12902697016794
      ],
      [
       -3.403844,
       -71.119845
      ]
     ],
     [
      [
       -3.2514167358835735,
       -71.2029872125389
      ],
      [
       -2.9550263143433955,
       -71.2137683153312
      ],
      [
       -2.954982,
       -71.213792
      ],
      [
       -3.201479,
       -71.230226
      ],
      [
       -3.2514167358835735,
       -71.2029872125389
      ]
     ],
     [
      [
       -3.2176841853644724,
       -71.07560975537233
      ],
      [
       -3.212847,
       -71.075971
      ],
      [
       -2.9576768824467794,
       -71.2123516672922
      ],
      [
       -3.2176841853644724,
       -71.07560975537233
      ]
     ],
     [
      [
       -2.9868994598368985,
       -70.89216733075637
      ],
      [
       -2.963135,
       -70.940332
      ],
      [
       -2.8775205689217525,
       -70.96239141395357
      ],
      [
       -2.963147,
       -70.940372
      ],
      [
       -2.9868994598368985,
       -70.89216733075637
      ]
     ],
     [
      [
       -2.825171,
       -71.112713
      ],
      [
       -2.8005799593445846,
       -70.98221593109545
      ],
      [
       -2.800537,
       -70.982227
      ],
      [
       -2.825146,
       -71.112695
      ],
      [
       -2.783496,
       -71.16748
      ],
      [
       -2.758466224506562,
       -71.1600507240958
      ],
      [
       -2.78352,
       -71.16749
      ],
      [
       -2.825171,
       -71.112713
      ]
     ],
     [
      [
       -2.746026907726821,
       -70.69542301596483
      ],
      [
       -2.5184474218785713,
       -70.76950528476961
      ],
      [
       -2.532812,
       -70.767773
      ],
      [
       -2.746026907726821,
       -70.69542301596483
      ]
     ],
     [
      [
       -2.7419073186991842,
       -70.5072220075246
      ],
      [
       -2.738037,
       -70.507031
      ],
      [
       -2.7088234270451435,
       -70.48336104601916
      ],
      [
       -2.738044,
       -70.507066
      ],
      [
       -2.7419073186991842,
       -70.5072220075246
      ]
     ],
     [
      [
       -2.093172520141645,
       -70.82079097022084
      ],
      [
       -2.092296,
       -70.820845
      ],
      [
       -2.092351647284415,
       -70.82088996272422
      ],
      [
       -2.093172520141645,
       -70.82079097022084
      ]
     ],
     [
      [
       -1.0677717765686565,
       -71.26562559486817
      ],
      [
       -1.067759,
       -71.265624
      ],
      [
       -1.0349124677475663,
       -71.28160275360545
      ],
      [
       -1.0677717765686565,
       -71.26562559486817
      ]
     ],
     [
      [
       -0.5832893642201874,
       -71.69743321859005
      ],
      [
       -0.543191,
       -71.712677
      ],
      [
       0.056709142662657294,
       -71.46951821943958
      ],
      [
       -0.543164,
       -71.712695
      ],
      [
       -0.5832893642201874,
       -71.69743321859005
      ]
     ],
     [
      [
       0.949586,
       -70.094067
      ],
      [
       0.9496118637760788,
       -70.09405216122832
      ],
      [
       0.9827452537493312,
       -70.20004597582906
      ],
      [
       0.95248,
       -70.168998
      ],
      [
       0.949586,
       -70.094067
      ]
     ],
     [
      [
       0.9835769514238281,
       -70.074565440536
      ],
      [
       1.026687,
       -70.049832
      ],
      [
       1.0267161820011184,
       -70.04982897885435
      ],
      [
       0.9835769514238281,
       -70.074565440536
      ]
     ],
     [
      [
       1.1562126933951913,
       -70.37799964236231
      ],
      [
       1.156301096263014,
       -70.37808154505059
      ],
      [
       1.156292,
       -70.378081
      ],
      [
       1.1562126933951913,
       -70.37799964236231
      ]
     ],
     [
      [
       1.1833338731825165,
       -70.37970135648875
      ],
      [
       1.2115226116899058,
       -70.3813479773172
      ],
      [
       1.211482,
       -70.381388
      ],
      [
       1.1833338731825165,
       -70.37970135648875
      ]
     ],
     [
      [
       1.2115238974982285,
       -70.38134671015746
      ],
      [
       1.299316,
       -70.255176
      ],
      [
       1.4605515298425225,
       -70.13593082225435
      ],
      [
       1.2115238974982285,
       -70.38134671015746
      ]
     ],
     [
      [
       2.2291613064384994,
       -70.9688147548851
      ],
      [
       2.609433,
       -70.900116
      ],
      [
       3.198705860798133,
       -70.86353682936566
      ],
      [
       2.2291613064384994,
       -70.9688147548851
      ]
     ],
     [
      [
       2.584628,
       -70.534557
      ],
      [
       3.072144,
       -70.381595
      ],
      [
       3.1426062074193597,
       -70.39097773785639
      ],
      [
       3.072168,
       -70.381641
      ],
      [
       2.584668,
       -70.53457
      ],
      [
       2.697754,
       -70.623535
      ],
      [
       3.036914,
       -70.597363
      ],
      [
       3.188730303402031,
       -70.53295418706595
      ],
      [
       3.171052,
       -70.553884
      ],
      [
       3.0369,
       -70.597396
      ],
      [
       2.697696,
       -70.623544
      ],
      [
       2.584628,
       -70.534557
      ]
     ],
     [
      [
       3.2591658664242296,
       -70.44772886708542
      ],
      [
       3.259832,
       -70.448775
      ],
      [
       3.259830506117286,
       -70.44877676864742
      ],
      [
       3.2591658664242296,
       -70.44772886708542
      ]
     ],
     [
      [
       4.076113,
       -70.325268
      ],
      [
       4.083386237937601,
       -70.31023771986904
      ],
      [
       4.1650661836719545,
       -70.42985660057472
      ],
      [
       4.129547,
       -70.416942
      ],
      [
       4.076113,
       -70.325268
      ]
     ],
     [
      [
       4.555375387870848,
       -70.44330883691559
      ],
      [
       4.589081219643268,
       -70.402854413868
      ],
      [
       4.58988,
       -70.432548
      ],
      [
       4.555375387870848,
       -70.44330883691559
      ]
     ],
     [
      [
       6.011807333469184,
       -70.59233559337751
      ],
      [
       7.40113,
       -70.494405
      ],
      [
       7.676772,
       -70.356325
      ],
      [
       8.522974,
       -70.473786
      ],
      [
       8.777642762534345,
       -70.40205110998953
      ],
      [
       8.523047,
       -70.473828
      ],
      [
       7.676758,
       -70.356348
      ],
      [
       7.401172,
       -70.494434
      ],
      [
       6.011807333469184,
       -70.59233559337751
      ]
     ],
     [
      [
       8.817453375897099,
       -70.39082750599809
      ],
      [
       9.141541,
       -70.183726
      ],
      [
       9.14154585695632,
       -70.18372687801042
      ],
      [
       8.81748,
       -70.39082
      ],
      [
       8.817453375897099,
       -70.39082750599809
      ]
     ],
     [
      [
       9.58156443911133,
       -70.26327070670841
      ],
      [
       9.613501,
       -70.269044
      ],
      [
       10.217651,
       -70.507892
      ],
      [
       10.398333554507197,
       -70.55114845728684
      ],
      [
       10.217676,
       -70.50791
      ],
      [
       9.613477,
       -70.269043
      ],
      [
       9.58156443911133,
       -70.26327070670841
      ]
     ],
     [
      [
       11.575214915510509,
       -70.75302153880166
      ],
      [
       11.701178,
       -70.766585
      ],
      [
       12.067874,
       -70.616516
      ],
      [
       12.461545,
       -70.370123
      ],
      [
       12.907420873901813,
       -70.22074191580202
      ],
      [
       12.461621,
       -70.370117
      ],
      [
       12.067969,
       -70.616504
      ],
      [
       11.70127,
       -70.766602
      ],
      [
       11.575214915510509,
       -70.75302153880166
      ]
     ],
     [
      [
       13.779380089668738,
       -70.33379683272386
      ],
      [
       13.822599,
       -70.343148
      ],
      [
       14.146459814674333,
       -70.3220873134001
      ],
      [
       13.822656,
       -70.343164
      ],
      [
       13.779380089668738,
       -70.33379683272386
      ]
     ],
     [
      [
       14.998356884013548,
       -70.30901269939277
      ],
      [
       15.80687,
       -70.323976
      ],
      [
       16.025203,
       -70.193441
      ],
      [
       16.380995,
       -70.145124
      ],
      [
       16.380997714030244,
       -70.14512478172253
      ],
      [
       16.025195,
       -70.193457
      ],
      [
       15.806934,
       -70.324023
      ],
      [
       14.998356884013548,
       -70.30901269939277
      ]
     ],
     [
      [
       15.60273841664106,
       -69.90889931169501
      ],
      [
       15.655858824280697,
       -69.94928600844308
      ],
      [
       15.613807,
       -69.939038
      ],
      [
       15.60273841664106,
       -69.90889931169501
      ]
     ],
     [
      [
       16.315418616885733,
       -69.84445402210463
      ],
      [
       16.31543,
       -69.844434
      ],
      [
       16.625420296465727,
       -69.75031355640694
      ],
      [
       16.625425,
       -69.750316
      ],
      [
       16.315418616885733,
       -69.84445402210463
      ]
     ],
     [
      [
       16.709173775334808,
       -70.39725631343217
      ],
      [
       17.180273744286286,
       -70.44488230404637
      ],
      [
       16.70918,
       -70.397266
      ],
      [
       16.709173775334808,
       -70.39725631343217
      ]
     ],
     [
      [
       18.19569256115333,
       -70.52572778303649
      ],
      [
       18.231942,
       -70.518279
      ],
      [
       18.43255,
       -70.289921
      ],
      [
       19.009362,
       -70.212096
      ],
      [
       19.196327,
       -70.293125
      ],
      [
       19.1963221462593,
       -70.2931358910019
      ],
      [
       19.009375,
       -70.212109
      ],
      [
       18.432617,
       -70.289941
      ],
      [
       18.232031,
       -70.518262
      ],
      [
       18.19569256115333,
       -70.52572778303649
      ]
     ],
     [
      [
       19.026563,
       -70.674023
      ],
      [
       19.047717983700576,
       -70.62657937638251
      ],
      [
       19.026570718817087,
       -70.67403038709179
      ],
      [
       19.026563,
       -70.674023
      ]
     ],
     [
      [
       19.364146337300514,
       -70.91240566763409
      ],
      [
       19.409234,
       -70.916963
      ],
      [
       20.021177744046835,
       -70.9174908173244
      ],
      [
       19.409277,
       -70.916992
      ],
      [
       19.364146337300514,
       -70.91240566763409
      ]
     ],
     [
      [
       20.12811665076959,
       -70.91757799319376
      ],
      [
       21.070787,
       -70.843427
      ],
      [
       21.337334,
       -70.495077
      ],
      [
       21.704908,
       -70.258502
      ],
      [
       21.704958031987452,
       -70.25851013773875
      ],
      [
       21.337305,
       -70.495117
      ],
      [
       21.070801,
       -70.843457
      ],
      [
       20.128125,
       -70.917578
      ],
      [
       20.12811665076959,
       -70.91757799319376
      ]
     ],
     [
      [
       21.816399117527613,
       -70.27663611047826
      ],
      [
       21.962257,
       -70.30036
      ],
      [
       22.052051506071148,
       -70.33922903720031
      ],
      [
       21.962305,
       -70.300391
      ],
      [
       21.816399117527613,
       -70.27663611047826
      ]
     ],
     [
      [
       22.233691,
       -70.642676
      ],
      [
       22.396433596309553,
       -70.56135318682874
      ],
      [
       22.396442,
       -70.561377
      ],
      [
       22.233721016819477,
       -70.64271199284651
      ],
      [
       22.233691,
       -70.642676
      ]
     ],
     [
      [
       22.56023012613994,
       -70.74181953477917
      ],
      [
       22.978939,
       -70.810303
      ],
      [
       23.227001071883226,
       -70.75985782253841
      ],
      [
       22.979004,
       -70.810352
      ],
      [
       22.56023012613994,
       -70.74181953477917
      ]
     ],
     [
      [
       23.569091922760165,
       -70.6300156562362
      ],
      [
       23.66484,
       -70.574968
      ],
      [
       23.803591,
       -70.404591
      ],
      [
       23.803611519944603,
       -70.40459181752583
      ],
      [
       23.664844,
       -70.575
      ],
      [
       23.569091922760165,
       -70.6300156562362
      ]
     ],
     [
      [
       23.91135070562869,
       -70.40888420562868
      ],
      [
       24.024095,
       -70.413376
      ],
      [
       24.024110475480814,
       -70.41337858051409
      ],
      [
       23.91135070562869,
       -70.40888420562868
      ]
     ],
     [
      [
       24.655506184286487,
       -70.84087460778458
      ],
      [
       24.756711,
       -70.892055
      ],
      [
       25.974105,
       -71.037369
      ],
      [
       26.498827,
       -71.019489
      ],
      [
       26.500359183574584,
       -71.01925402826394
      ],
      [
       26.498828,
       -71.019531
      ],
      [
       25.974121,
       -71.037402
      ],
      [
       24.756738,
       -70.89209
      ],
      [
       24.655506184286487,
       -70.84087460778458
      ]
     ],
     [
      [
       26.380609763950027,
       -70.43348790316301
      ],
      [
       26.79265800586752,
       -70.41934667311816
      ],
      [
       26.470199,
       -70.447948
      ],
      [
       26.380609763950027,
       -70.43348790316301
      ]
     ],
     [
      [
       27.399136441835306,
       -70.85667659360531
      ],
      [
       27.697721,
       -70.772476
      ],
      [
       28.91056109235013,
       -70.58327899692377
      ],
      [
       27.399136441835306,
       -70.85667659360531
      ]
     ],
     [
      [
       30.718651424580933,
       -70.26140195741226
      ],
      [
       31.378736,
       -70.225739
      ],
      [
       31.381496565885243,
       -70.2252938884171
      ],
      [
       31.378809,
       -70.225781
      ],
      [
       30.718651424580933,
       -70.26140195741226
      ]
     ],
     [
      [
       32.71467380401968,
       -69.95539363509903
      ],
      [
       32.80979202877341,
       -69.90933367084894
      ],
      [
       32.809766,
       -69.909375
      ],
      [
       32.71467380401968,
       -69.95539363509903
      ]
     ],
     [
      [
       33.80765079521306,
       -69.08783920910568
      ],
      [
       33.813678,
       -69.099296
      ],
      [
       34.32779681346562,
       -69.09617101730646
      ],
      [
       33.813672,
       -69.099316
      ],
      [
       33.80765079521306,
       -69.08783920910568
      ]
     ],
     [
      [
       47.117188,
       -67.572656
      ],
      [
       47.11718949718098,
       -67.57265463089776
      ],
      [
       47.141814446037316,
       -67.58291706323794
      ],
      [
       47.117188,
       -67.572656
      ]
     ],
     [
      [
       47.23133121788205,
       -67.4682773464648
      ],
      [
       47.231348,
       -67.468262
      ],
      [
       47.299895457509486,
       -67.44465858656167
      ],
      [
       47.23133121788205,
       -67.4682773464648
      ]
     ],
     [
      [
       47.78796129593323,
       -67.68476515948312
      ],
      [
       47.958499,
       -67.660056
      ],
      [
       47.95855465757421,
       -67.66006469644753
      ],
      [
       47.78796129593323,
       -67.68476515948312
      ]
     ],
     [
      [
       56.147533532052,
       -67.06724218489865
      ],
      [
       56.391406,
       -66.973828
      ],
      [
       56.41914095737213,
       -66.9378098151741
      ],
      [
       56.391421,
       -66.973844
      ],
      [
       56.147533532052,
       -67.06724218489865
      ]
     ],
     [
      [
       56.4488555332216,
       -67.17166763706123
      ],
      [
       56.56216,
       -67.115955
      ],
      [
       56.71720520619156,
       -67.0868800557324
      ],
      [
       56.4488555332216,
       -67.17166763706123
      ]
     ],
     [
      [
       66.497656,
       -73.125488
      ],
      [
       66.89203168568011,
       -72.94865914678006
      ],
      [
       66.892021,
       -72.948674
      ],
      [
       66.497678,
       -73.12551
      ],
      [
       66.50006131798081,
       -73.12830405752885
      ],
      [
       66.497656,
       -73.125488
      ]
     ],
     [
      [
       67.23372661834833,
       -73.28960244281276
      ],
      [
       67.321969,
       -73.30028
      ],
      [
       67.32419282410739,
       -73.29959124731371
      ],
      [
       67.32207,
       -73.300293
      ],
      [
       67.23372661834833,
       -73.28960244281276
      ]
     ],
     [
      [
       67.267969,
       -70.273145
      ],
      [
       67.26950614211889,
       -70.272218710645
      ],
      [
       67.26796960127638,
       -70.27314508124147
      ],
      [
       67.267969,
       -70.273145
      ]
     ],
     [
      [
       67.94076366545225,
       -70.4228326362235
      ],
      [
       68.559361,
       -70.412446
      ],
      [
       68.90883519194252,
       -70.34639360431107
      ],
      [
       68.559375,
       -70.4125
      ],
      [
       67.94082,
       -70.422852
      ],
      [
       67.94076366545225,
       -70.4228326362235
      ]
     ],
     [
      [
       67.971335,
       -72.750546
      ],
      [
       68.419783,
       -72.515057
      ],
      [
       68.41979180840931,
       -72.51505590902536
      ],
      [
       67.971387,
       -72.750586
      ],
      [
       68.015527,
       -72.918164
      ],
      [
       67.971387,
       -73.085645
      ],
      [
       67.97133667643972,
       -73.08566163571348
      ],
      [
       68.015466,
       -72.918133
      ],
      [
       67.971335,
       -72.750546
      ]
     ],
     [
      [
       67.99020941591786,
       -71.43873410285626
      ],
      [
       68.037402,
       -71.391016
      ],
      [
       68.2005486107537,
       -71.33270256731
      ],
      [
       68.037377,
       -71.391043
      ],
      [
       67.99020941591786,
       -71.43873410285626
      ]
     ],
     [
      [
       68.408827,
       -72.300238
      ],
      [
       68.436113,
       -72.260447
      ],
      [
       68.667003,
       -72.103144
      ],
      [
       68.6692855964655,
       -72.10263210523509
      ],
      [
       68.66709,
       -72.103125
      ],
      [
       68.408887,
       -72.300195
      ],
      [
       68.40929654053156,
       -72.30019424808012
      ],
      [
       68.408827,
       -72.300238
      ]
     ],
     [
      [
       68.50620329490089,
       -72.29116444922597
      ],
      [
       68.8171767339841,
       -72.22871326249567
      ],
      [
       68.817175,
       -72.228718
      ],
      [
       68.669483,
       -72.27595
      ],
      [
       68.50620329490089,
       -72.29116444922597
      ]
     ],
     [
      [
       68.86756683204754,
       -72.45959627121563
      ],
      [
       69.554649,
       -72.374497
      ],
      [
       69.76834916146379,
       -72.24781022485347
      ],
      [
       69.554688,
       -72.374512
      ],
      [
       68.86756683204754,
       -72.45959627121563
      ]
     ],
     [
      [
       69.08262294512718,
       -69.86659010980179
      ],
      [
       69.18846305167429,
       -69.65491089651965
      ],
      [
       69.18847,
       -69.654921
      ],
      [
       69.082636,
       -69.866588
      ],
      [
       69.08262294512718,
       -69.86659010980179
      ]
     ],
     [
      [
       69.20366711951225,
       -69.3463679515921
      ],
      [
       69.37184403509931,
       -69.33144774712287
      ],
      [
       69.371766,
       -69.331478
      ],
      [
       69.20366711951225,
       -69.3463679515921
      ]
     ],
     [
      [
       69.530762,
       -69.024023
      ],
      [
       69.5327259901618,
       -69.02245314862995
      ],
      [
       69.53076227924082,
       -69.0240235872118
      ],
      [
       69.530762,
       -69.024023
      ]
     ],
     [
      [
       69.69247,
       -71.968268
      ],
      [
       69.737015,
       -71.921966
      ],
      [
       69.75773826332917,
       -71.9214816444044
      ],
      [
       69.692578,
       -71.968262
      ],
      [
       69.791992,
       -72.04668
      ],
      [
       69.82615944869855,
       -72.01182577928269
      ],
      [
       69.791999,
       -72.046713
      ],
      [
       69.743526,
       -72.044129
      ],
      [
       69.69247,
       -71.968268
      ]
     ],
     [
      [
       69.91815065983863,
       -71.9177323969708
      ],
      [
       69.918296,
       -71.917729
      ],
      [
       69.91826991629583,
       -71.91775563864145
      ],
      [
       69.91815065983863,
       -71.9177323969708
      ]
     ],
     [
      [
       70.39802693716848,
       -72.00905192225625
      ],
      [
       70.57283,
       -71.930958
      ],
      [
       70.616134,
       -71.842074
      ],
      [
       71.078742,
       -71.736706
      ],
      [
       71.276663,
       -71.623897
      ],
      [
       71.464817,
       -71.154571
      ],
      [
       71.771309,
       -70.801311
      ],
      [
       71.8250339564139,
       -70.76324221011497
      ],
      [
       71.771387,
       -70.80127
      ],
      [
       71.464844,
       -71.15459
      ],
      [
       71.276758,
       -71.623926
      ],
      [
       71.078809,
       -71.736719
      ],
      [
       70.616211,
       -71.84209
      ],
      [
       70.572852,
       -71.930957
      ],
      [
       70.39802693716848,
       -72.00905192225625
      ]
     ],
     [
      [
       71.646563,
       -70.336327
      ],
      [
       71.70506,
       -70.28434
      ],
      [
       71.7965048250026,
       -70.26429508001375
      ],
      [
       71.646582,
       -70.336328
      ],
      [
       71.659375,
       -70.497461
      ],
      [
       71.82250021715286,
       -70.60916081212817
      ],
      [
       71.659275,
       -70.497454
      ],
      [
       71.646563,
       -70.336327
      ]
     ],
     [
      [
       72.037205785593,
       -70.61129644486601
      ],
      [
       72.07689026862725,
       -70.58709448841395
      ],
      [
       72.078112,
       -70.609075
      ],
      [
       72.037205785593,
       -70.61129644486601
      ]
     ],
     [
      [
       72.0378586330128,
       -70.50263085827076
      ],
      [
       72.07341,
       -70.52448
      ],
      [
       72.07467058999944,
       -70.54715962803122
      ],
      [
       72.0378586330128,
       -70.50263085827076
      ]
     ],
     [
      [
       72.2853616369025,
       -70.62654772788856
      ],
      [
       72.417885,
       -70.598636
      ],
      [
       72.67291183475868,
       -70.44752868273665
      ],
      [
       72.417969,
       -70.598633
      ],
      [
       72.2853616369025,
       -70.62654772788856
      ]
     ],
     [
      [
       72.744273,
       -70.239123
      ],
      [
       72.822046,
       -70.095928
      ],
      [
       72.82205652844429,
       -70.09592282777182
      ],
      [
       72.744336,
       -70.23916
      ],
      [
       72.760352,
       -70.395703
      ],
      [
       72.76029145410787,
       -70.3957388854788
      ],
      [
       72.744273,
       -70.239123
      ]
     ],
     [
      [
       73.55410890534874,
       -69.83381724036195
      ],
      [
       73.676051,
       -69.825763
      ],
      [
       73.942133,
       -69.743133
      ],
      [
       74.17334778090259,
       -69.79330854349206
      ],
      [
       73.942188,
       -69.743164
      ],
      [
       73.676074,
       -69.825781
      ],
      [
       73.55410890534874,
       -69.83381724036195
      ]
     ],
     [
      [
       74.72647353064937,
       -69.87309176389613
      ],
      [
       75.147744,
       -69.855426
      ],
      [
       75.4238,
       -69.893046
      ],
      [
       75.53552402571664,
       -69.869779178434
      ],
      [
       75.423828,
       -69.893066
      ],
      [
       75.147852,
       -69.855469
      ],
      [
       74.72647353064937,
       -69.87309176389613
      ]
     ],
     [
      [
       75.63551645501266,
       -69.84893236813768
      ],
      [
       75.77689980139823,
       -69.75469029011755
      ],
      [
       75.635547,
       -69.848926
      ],
      [
       75.63551645501266,
       -69.84893236813768
      ]
     ],
     [
      [
       82.09559559003868,
       -67.69054819789059
      ],
      [
       82.606927,
       -67.613082
      ],
      [
       82.71711781120716,
       -67.61149784966149
      ],
      [
       82.607031,
       -67.613086
      ],
      [
       82.273242,
       -67.691699
      ],
      [
       82.09559559003868,
       -67.69054819789059
      ]
     ],
     [
      [
       83.30428388549093,
       -67.60302718919444
      ],
      [
       83.493591,
       -67.441258
      ],
      [
       83.49360076774708,
       -67.44125478124813
      ],
      [
       83.304297,
       -67.603027
      ],
      [
       83.30428388549093,
       -67.60302718919444
      ]
     ],
     [
      [
       85.11422142036935,
       -67.13851287142462
      ],
      [
       85.710717,
       -67.161275
      ],
      [
       86.118341,
       -67.054976
      ],
      [
       86.750188,
       -67.037096
      ],
      [
       87.980243,
       -66.788429
      ],
      [
       87.98095168520632,
       -66.78849065535184
      ],
      [
       87.980273,
       -66.788477
      ],
      [
       86.750195,
       -67.037109
      ],
      [
       86.118359,
       -67.05498
      ],
      [
       85.710742,
       -67.161328
      ],
      [
       85.11422142036935,
       -67.13851287142462
      ]
     ],
     [
      [
       85.314462,
       -66.776027
      ],
      [
       85.31447095866251,
       -66.77600872416204
      ],
      [
       85.358789,
       -66.854297
      ],
      [
       85.650098,
       -66.979688
      ],
      [
       85.65032935832775,
       -66.97965258679136
      ],
      [
       85.650049,
       -66.979736
      ],
      [
       85.358697,
       -66.854265
      ],
      [
       85.314462,
       -66.776027
      ]
     ],
     [
      [
       85.32574694895688,
       -66.7530054944842
      ],
      [
       85.3403,
       -66.723317
      ],
      [
       85.552794,
       -66.728485
      ],
      [
       85.806163,
       -66.77458
      ],
      [
       85.80618730791214,
       -66.77460210144564
      ],
      [
       85.340332,
       -66.72334
      ],
      [
       85.32574694895688,
       -66.7530054944842
      ]
     ],
     [
      [
       85.93763221031945,
       -66.89417321855603
      ],
      [
       85.93767275618436,
       -66.89415241371663
      ],
      [
       85.93768,
       -66.894159
      ],
      [
       85.93763221031945,
       -66.89417321855603
      ]
     ],
     [
      [
       86.232236,
       -66.732929
      ],
      [
       86.23224683842551,
       -66.73292035380841
      ],
      [
       86.33697953860013,
       -66.78758105817593
      ],
      [
       86.33688,
       -66.787603
      ],
      [
       86.232236,
       -66.732929
      ]
     ],
     [
      [
       86.23229037015152,
       -66.73288562702614
      ],
      [
       86.277711,
       -66.696652
      ],
      [
       86.32015861455169,
       -66.69909037211217
      ],
      [
       86.23229037015152,
       -66.73288562702614
      ]
     ],
     [
      [
       86.65181887299521,
       -66.71814235261677
      ],
      [
       86.651952,
       -66.71815
      ],
      [
       86.65191575715505,
       -66.71815798920345
      ],
      [
       86.65181887299521,
       -66.71814235261677
      ]
     ],
     [
      [
       96.306969,
       -66.185882
      ],
      [
       96.398747,
       -66.080152
      ],
      [
       96.612584,
       -66.035814
      ],
      [
       96.931531,
       -66.058345
      ],
      [
       96.93163175157527,
       -66.05839734588938
      ],
      [
       96.612695,
       -66.03584
      ],
      [
       96.398828,
       -66.080176
      ],
      [
       96.307031,
       -66.18584
      ],
      [
       96.394531,
       -66.225
      ],
      [
       96.39548181321157,
       -66.2249573127869
      ],
      [
       96.394509,
       -66.225053
      ],
      [
       96.306969,
       -66.185882
      ]
     ],
     [
      [
       96.93165112669992,
       -66.05840741231394
      ],
      [
       97.005531,
       -66.096792
      ],
      [
       97.01074692663151,
       -66.13192341519738
      ],
      [
       96.93165112669992,
       -66.05840741231394
      ]
     ],
     [
      [
       96.98010196916704,
       -66.1674532896272
      ],
      [
       97.01254148155968,
       -66.14401048212326
      ],
      [
       97.015505,
       -66.163971
      ],
      [
       96.98010196916704,
       -66.1674532896272
      ]
     ],
     [
      [
       97.49587676686399,
       -66.5682983815339
      ],
      [
       97.719855,
       -66.607304
      ],
      [
       98.2576,
       -66.467467
      ],
      [
       98.36140978280224,
       -66.4867001792067
      ],
      [
       98.257617,
       -66.46748
      ],
      [
       97.719824,
       -66.607324
      ],
      [
       97.49587676686399,
       -66.5682983815339
      ]
     ],
     [
      [
       98.596442,
       -66.382666
      ],
      [
       98.65599278803718,
       -66.38903988808931
      ],
      [
       98.60988370222515,
       -66.3988957264753
      ],
      [
       98.596442,
       -66.382666
      ]
     ],
     [
      [
       98.61547240855023,
       -66.4056436199703
      ],
      [
       98.751758,
       -66.481641
      ],
      [
       98.75182504664255,
       -66.48163260140164
      ],
      [
       98.751678,
       -66.481678
      ],
      [
       98.654991,
       -66.453359
      ],
      [
       98.61547240855023,
       -66.4056436199703
      ]
     ],
     [
      [
       98.94966587683128,
       -66.42047254355049
      ],
      [
       98.949857,
       -66.420493
      ],
      [
       98.94979867856428,
       -66.42051100592921
      ],
      [
       98.949805,
       -66.420508
      ],
      [
       98.94966587683128,
       -66.42047254355049
      ]
     ],
     [
      [
       99.81808060553288,
       -66.56264694323812
      ],
      [
       100.888964,
       -66.357965
      ],
      [
       101.32714738476326,
       -66.10048016532924
      ],
      [
       101.327148,
       -66.100488
      ],
      [
       100.889063,
       -66.358008
      ],
      [
       99.81808060553288,
       -66.56264694323812
      ]
     ],
     [
      [
       100.081933,
       -66.202729
      ],
      [
       100.290499,
       -66.112398
      ],
      [
       100.2904945176194,
       -66.11241607316401
      ],
      [
       100.082031,
       -66.202734
      ],
      [
       100.10422386366241,
       -66.20441843003185
      ],
      [
       100.081933,
       -66.202729
      ]
     ],
     [
      [
       101.320824,
       -66.020931
      ],
      [
       101.381285,
       -65.973079
      ],
      [
       101.38130827600419,
       -65.97307844471338
      ],
      [
       101.320898,
       -66.020898
      ],
      [
       101.3252211432871,
       -66.07595063587523
      ],
      [
       101.320824,
       -66.020931
      ]
     ],
     [
      [
       109.76312216838319,
       -66.84628485258719
      ],
      [
       109.823664,
       -66.833698
      ],
      [
       109.82411682474347,
       -66.83354099142849
      ],
      [
       109.82373,
       -66.833691
      ],
      [
       109.76312216838319,
       -66.84628485258719
      ]
     ],
     [
      [
       113.98806119319772,
       -67.21814718477896
      ],
      [
       113.991211,
       -67.211914
      ],
      [
       114.09536417659733,
       -67.19697268681627
      ],
      [
       113.991213,
       -67.211918
      ],
      [
       113.98806119319772,
       -67.21814718477896
      ]
     ],
     [
      [
       114.74392546500633,
       -67.37366603850329
      ],
      [
       115.06635322512687,
       -67.32021708290189
      ],
      [
       114.925781,
       -67.356543
      ],
      [
       114.74392546500633,
       -67.37366603850329
      ]
     ],
     [
      [
       115.69856264435359,
       -67.21541552001415
      ],
      [
       116.71324808209985,
       -67.0472107820251
      ],
      [
       115.885254,
       -67.201953
      ],
      [
       115.69856264435359,
       -67.21541552001415
      ]
     ],
     [
      [
       117.1319251802268,
       -67.11435358390682
      ],
      [
       117.14704922566307,
       -67.11470429692508
      ],
      [
       117.131934,
       -67.114355
      ],
      [
       117.1319251802268,
       -67.11435358390682
      ]
     ],
     [
      [
       118.09268489451796,
       -67.08780277559073
      ],
      [
       118.13866,
       -67.082417
      ],
      [
       118.71387,
       -67.171662
      ],
      [
       119.767966,
       -66.991466
      ],
      [
       120.374803,
       -66.983766
      ],
      [
       120.3746780092265,
       -66.98379061449522
      ],
      [
       119.767969,
       -66.991504
      ],
      [
       118.713867,
       -67.17168
      ],
      [
       118.138672,
       -67.082422
      ],
      [
       118.09268489451796,
       -67.08780277559073
      ]
     ],
     [
      [
       118.92168,
       -67.319727
      ],
      [
       118.92169284744841,
       -67.31972268721638
      ],
      [
       118.96837679096912,
       -67.33099108055933
      ],
      [
       118.92168,
       -67.319727
      ]
     ],
     [
      [
       119.26074043663243,
       -67.20590717767449
      ],
      [
       119.280664,
       -67.199219
      ],
      [
       119.7305761532081,
       -67.11063391346579
      ],
      [
       119.280554,
       -67.199257
      ],
      [
       119.26074043663243,
       -67.20590717767449
      ]
     ],
     [
      [
       121.48758795771545,
       -67.09072419410973
      ],
      [
       122.033099,
       -66.901704
      ],
      [
       122.10153135517706,
       -66.8865097877064
      ],
      [
       121.487598,
       -67.090723
      ],
      [
       121.48758795771545,
       -67.09072419410973
      ]
     ],
     [
      [
       126.87361413334142,
       -66.759351352798
      ],
      [
       127.30908017598321,
       -66.94964416073796
      ],
      [
       126.873633,
       -66.759375
      ],
      [
       126.87361413334142,
       -66.759351352798
      ]
     ],
     [
      [
       129.23687671073998,
       -67.04161029913587
      ],
      [
       129.23775119663742,
       -67.04065066968973
      ],
      [
       129.236914,
       -67.041602
      ],
      [
       129.23687671073998,
       -67.04161029913587
      ]
     ],
     [
      [
       134.18812215474043,
       -66.2937003040494
      ],
      [
       134.289509,
       -66.476717
      ],
      [
       134.34561879125582,
       -66.47837282075658
      ],
      [
       134.289453,
       -66.476758
      ],
      [
       134.18812215474043,
       -66.2937003040494
      ]
     ],
     [
      [
       143.941992,
       -67.794043
      ],
      [
       143.94204739095477,
       -67.79400378190951
      ],
      [
       143.9690471020408,
       -67.84800320408164
      ],
      [
       143.941992,
       -67.794043
      ]
     ],
     [
      [
       144.1941317450244,
       -67.8973189048385
      ],
      [
       144.404189,
       -67.794208
      ],
      [
       144.879095,
       -67.720879
      ],
      [
       145.127865,
       -67.625949
      ],
      [
       145.556366,
       -67.590913
      ],
      [
       145.55643701841677,
       -67.59091865301407
      ],
      [
       145.12793,
       -67.625977
      ],
      [
       144.879102,
       -67.720898
      ],
      [
       144.404297,
       -67.794238
      ],
      [
       144.1941317450244,
       -67.8973189048385
      ]
     ],
     [
      [
       146.797656,
       -68.273633
      ],
      [
       146.86495921076005,
       -68.16932343250782
      ],
      [
       146.79769634708958,
       -68.27364595199971
      ],
      [
       146.797656,
       -68.273633
      ]
     ],
     [
      [
       151.27638540292318,
       -68.8127170606774
      ],
      [
       151.28877358190852,
       -68.81708838243492
      ],
      [
       151.28877,
       -68.81709
      ],
      [
       151.27638540292318,
       -68.8127170606774
      ]
     ],
     [
      [
       151.56211415380915,
       -68.6936521883443
      ],
      [
       151.56215,
       -68.693636
      ],
      [
       152.06006018010586,
       -68.7118494656377
      ],
      [
       151.56211415380915,
       -68.6936521883443
      ]
     ],
     [
      [
       153.08180527921067,
       -68.85682871136774
      ],
      [
       153.705275,
       -68.728879
      ],
      [
       153.766925,
       -68.640668
      ],
      [
       153.76705490392845,
       -68.63958935564365
      ],
      [
       153.766992,
       -68.640625
      ],
      [
       153.705273,
       -68.728906
      ],
      [
       153.081836,
       -68.856836
      ],
      [
       153.08180527921067,
       -68.85682871136774
      ]
     ],
     [
      [
       158.560352,
       -80.348926
      ],
      [
       158.5603831924424,
       -80.3489176318873
      ],
      [
       158.5673390901417,
       -80.38812651657544
      ],
      [
       158.560352,
       -80.348926
      ]
     ],
     [
      [
       159.80888444637958,
       -80.1289419874748
      ],
      [
       160.55875784609088,
       -80.01055191858153
      ],
      [
       160.558758,
       -80.010568
      ],
      [
       159.80888444637958,
       -80.1289419874748
      ]
     ],
     [
      [
       159.88476703728455,
       -79.82606471022206
      ],
      [
       159.89651946008,
       -79.85898548163041
      ],
      [
       159.896484,
       -79.858984
      ],
      [
       159.88476703728455,
       -79.82606471022206
      ]
     ],
     [
      [
       159.975879,
       -79.585645
      ],
      [
       159.97591043707618,
       -79.58563755180303
      ],
      [
       159.99832977815836,
       -79.59541504341246
      ],
      [
       159.975879,
       -79.585645
      ]
     ],
     [
      [
       160.11309897024609,
       -79.55313429958987
      ],
      [
       160.646094,
       -79.426855
      ],
      [
       160.67020585601043,
       -79.35891276587547
      ],
      [
       160.670224,
       -79.358928
      ],
      [
       160.646091,
       -79.426883
      ],
      [
       160.11309897024609,
       -79.55313429958987
      ]
     ],
     [
      [
       160.18908007609662,
       -79.6338551160409
      ],
      [
       160.322752,
       -79.635501
      ],
      [
       160.346316,
       -79.691466
      ],
      [
       160.34627646386,
       -79.69147419397548
      ],
      [
       160.322754,
       -79.635547
      ],
      [
       160.18908007609662,
       -79.6338551160409
      ]
     ],
     [
      [
       160.260156,
       -80.786719
      ],
      [
       160.83026344326828,
       -80.72988395272796
      ],
      [
       160.830266,
       -80.729904
      ],
      [
       160.26016244385292,
       -80.78674376831482
      ],
      [
       160.260156,
       -80.786719
      ]
     ],
     [
      [
       160.469824,
       -81.340625
      ],
      [
       160.47469354959412,
       -81.30156000935453
      ],
      [
       160.46982829468286,
       -81.34062548643898
      ],
      [
       160.469824,
       -81.340625
      ]
     ],
     [
      [
       160.47861163852176,
       -81.27012792218773
      ],
      [
       160.478613,
       -81.270117
      ],
      [
       160.61437254697813,
       -81.2299124766835
      ],
      [
       160.47861163852176,
       -81.27012792218773
      ]
     ],
     [
      [
       160.52157697935382,
       -80.58306663112141
      ],
      [
       160.63728925381088,
       -80.4499201186497
      ],
      [
       160.637358,
       -80.449921
      ],
      [
       160.52157697935382,
       -80.58306663112141
      ]
     ],
     [
      [
       160.58466074459034,
       -80.8892516769067
      ],
      [
       160.716836,
       -80.907413
      ],
      [
       160.716733,
       -81.199591
      ],
      [
       160.71669900265948,
       -81.19960107077966
      ],
      [
       160.716797,
       -80.907422
      ],
      [
       160.58466074459034,
       -80.8892516769067
      ]
     ],
     [
      [
       160.81932915655972,
       -80.67284864029244
      ],
      [
       160.823135,
       -80.67399
      ],
      [
       160.8231351175126,
       -80.67399092141353
      ],
      [
       160.81932915655972,
       -80.67284864029244
      ]
     ],
     [
      [
       161.166504,
       -82.407813
      ],
      [
       163.6800364427698,
       -82.18730864568607
      ],
      [
       163.680066,
       -82.187334
      ],
      [
       161.16653791375967,
       -82.40783686712186
      ],
      [
       161.166504,
       -82.407813
      ]
     ],
     [
      [
       161.42449643335115,
       -70.82673752955549
      ],
      [
       161.62505,
       -70.916084
      ],
      [
       161.916091,
       -70.907299
      ],
      [
       161.99309347419143,
       -70.94456295939456
      ],
      [
       161.916113,
       -70.907324
      ],
      [
       161.625098,
       -70.916113
      ],
      [
       161.424512,
       -70.826758
      ],
      [
       161.42449643335115,
       -70.82673752955549
      ]
     ],
     [
      [
       161.50743341727096,
       -78.608117706721
      ],
      [
       161.510449,
       -78.571387
      ],
      [
       161.5104829618277,
       -78.5713794598664
      ],
      [
       161.50743341727096,
       -78.608117706721
      ]
     ],
     [
      [
       161.5104869306505,
       -78.5713785787167
      ],
      [
       161.669238,
       -78.536133
      ],
      [
       161.757422,
       -78.544922
      ],
      [
       161.974512,
       -78.694238
      ],
      [
       162.4313831769797,
       -78.83407084901097
      ],
      [
       161.974434,
       -78.694266
      ],
      [
       161.757341,
       -78.544921
      ],
      [
       161.5104869306505,
       -78.5713785787167
      ]
     ],
     [
      [
       161.5821026500763,
       -81.60975742145308
      ],
      [
       161.65826601008118,
       -81.61772262240315
      ],
      [
       161.582129,
       -81.609766
      ],
      [
       161.5821026500763,
       -81.60975742145308
      ]
     ],
     [
      [
       161.5890527855288,
       -78.73373651339082
      ],
      [
       161.95149,
       -78.968254
      ],
      [
       161.95149,
       -79.030008
      ],
      [
       161.85996672998775,
       -79.0427891596621
      ],
      [
       161.951465,
       -79.02998
      ],
      [
       161.951465,
       -78.968262
      ],
      [
       161.5890527855288,
       -78.73373651339082
      ]
     ],
     [
      [
       161.852812333308,
       -82.48642507649194
      ],
      [
       162.643696,
       -82.481528
      ],
      [
       162.77604620877514,
       -82.50074335776287
      ],
      [
       162.64375,
       -82.481543
      ],
      [
       161.852812333308,
       -82.48642507649194
      ]
     ],
     [
      [
       162.2837704530565,
       -70.98558897338934
      ],
      [
       162.28650516945387,
       -70.96901815149538
      ],
      [
       162.286523,
       -70.969043
      ],
      [
       162.2837704530565,
       -70.98558897338934
      ]
     ],
     [
      [
       162.4443735142757,
       -81.76885098187286
      ],
      [
       162.821101,
       -81.866165
      ],
      [
       162.82111743583627,
       -81.8661919928982
      ],
      [
       162.4443735142757,
       -81.76885098187286
      ]
     ],
     [
      [
       163.0117650616219,
       -82.53495360723272
      ],
      [
       163.268464,
       -82.463287
      ],
      [
       163.41402904605678,
       -82.4525681988959
      ],
      [
       163.268555,
       -82.463281
      ],
      [
       163.011816,
       -82.534961
      ],
      [
       163.0117650616219,
       -82.53495360723272
      ]
     ],
     [
      [
       163.39781980223896,
       -74.38213974053558
      ],
      [
       163.397852,
       -74.382129
      ],
      [
       163.556543,
       -74.417383
      ],
      [
       163.726444346902,
       -74.55655377554793
      ],
      [
       163.556508,
       -74.417421
      ],
      [
       163.39781980223896,
       -74.38213974053558
      ]
     ],
     [
      [
       163.741613,
       -74.711563
      ],
      [
       164.002269,
       -74.628881
      ],
      [
       164.208406,
       -74.607694
      ],
      [
       164.20849179131514,
       -74.60771543262369
      ],
      [
       164.002344,
       -74.628906
      ],
      [
       163.7460654727798,
       -74.73028476181157
      ],
      [
       163.741613,
       -74.711563
      ]
     ],
     [
      [
       163.977637,
       -78.223828
      ],
      [
       163.97768539780694,
       -78.22380855312863
      ],
      [
       164.297341,
       -78.236206
      ],
      [
       164.628071,
       -78.315581
      ],
      [
       165.050422,
       -78.226078
      ],
      [
       165.41084551050307,
       -78.04556139932106
      ],
      [
       165.050586,
       -78.226074
      ],
      [
       164.628125,
       -78.315625
      ],
      [
       164.297363,
       -78.23623
      ],
      [
       163.977637,
       -78.223828
      ]
     ],
     [
      [
       165.48359874760067,
       -82.51383137031037
      ],
      [
       166.445841,
       -82.722134
      ],
      [
       166.77605636028844,
       -82.76112348643375
      ],
      [
       166.445898,
       -82.722168
      ],
      [
       165.48359874760067,
       -82.51383137031037
      ]
     ],
     [
      [
       165.8372567762301,
       -78.35229571639331
      ],
      [
       166.208594,
       -78.451645
      ],
      [
       166.70397248724183,
       -78.49061602946536
      ],
      [
       166.208594,
       -78.45166
      ],
      [
       165.8372567762301,
       -78.35229571639331
      ]
     ],
     [
      [
       165.86038820672593,
       -73.59263030117248
      ],
      [
       166.159375,
       -73.533789
      ],
      [
       166.34881098914985,
       -73.5361768761897
      ],
      [
       165.86038820672593,
       -73.59263030117248
      ]
     ],
     [
      [
       166.012844,
       -78.101951
      ],
      [
       166.06756002319807,
       -78.10802646340387
      ],
      [
       166.02737426781536,
       -78.12497624487084
      ],
      [
       166.012844,
       -78.101951
      ]
     ],
     [
      [
       166.11679543328586,
       -78.57109403396485
      ],
      [
       166.116797,
       -78.571094
      ],
      [
       166.524609,
       -78.694922
      ],
      [
       167.049023,
       -78.686035
      ],
      [
       167.10442271041262,
       -78.63156736840747
      ],
      [
       167.04906,
       -78.686049
      ],
      [
       166.524596,
       -78.694938
      ],
      [
       166.11679543328586,
       -78.57109403396485
      ]
     ],
     [
      [
       166.12144827137504,
       -78.27404968215824
      ],
      [
       166.121875,
       -78.274609
      ],
      [
       166.284863,
       -78.306445
      ],
      [
       166.77318978128164,
       -78.24348258956294
      ],
      [
       166.284817,
       -78.306486
      ],
      [
       166.121829,
       -78.274653
      ],
      [
       166.12144827137504,
       -78.27404968215824
      ]
     ],
     [
      [
       166.86373405533766,
       -78.19636703794332
      ],
      [
       167.422267,
       -78.006453
      ],
      [
       167.4470189726034,
       -78.00873504661297
      ],
      [
       166.86373405533766,
       -78.19636703794332
      ]
     ],
     [
      [
       166.8827459857952,
       -73.01121845542087
      ],
      [
       166.882812,
       -73.01123
      ],
      [
       167.155664,
       -73.147266
      ],
      [
       168.2044791918134,
       -73.1297852134763
      ],
      [
       168.204441,
       -73.129799
      ],
      [
       167.155565,
       -73.147318
      ],
      [
       166.8827459857952,
       -73.01121845542087
      ]
     ],
     [
      [
       166.93620884989124,
       -78.22246372698913
      ],
      [
       166.93623,
       -78.222461
      ],
      [
       167.31630988203926,
       -78.2453680909091
      ],
      [
       166.93620884989124,
       -78.22246372698913
      ]
     ],
     [
      [
       167.232617,
       -82.952344
      ],
      [
       167.23262326171806,
       -82.95233218819635
      ],
      [
       167.2479309841115,
       -82.96025463493613
      ],
      [
       167.232617,
       -82.952344
      ]
     ],
     [
      [
       167.39224543361846,
       -77.64864507032902
      ],
      [
       167.392285,
       -77.648633
      ],
      [
       167.63830126303915,
       -77.65575582619928
      ],
      [
       167.39224543361846,
       -77.64864507032902
      ]
     ],
     [
      [
       167.657617,
       -83.272168
      ],
      [
       167.65763180004356,
       -83.2721321184632
      ],
      [
       168.109977,
       -83.361991
      ],
      [
       168.92994826698148,
       -83.37957442601147
      ],
      [
       168.110059,
       -83.362012
      ],
      [
       167.657617,
       -83.272168
      ]
     ],
     [
      [
       167.69198671545448,
       -73.38371232577927
      ],
      [
       167.709071,
       -73.394228
      ],
      [
       167.7090668881289,
       -73.39422869552591
      ],
      [
       167.69198671545448,
       -73.38371232577927
      ]
     ],
     [
      [
       168.2352924420602,
       -73.11866221178214
      ],
      [
       168.381348,
       -73.065918
      ],
      [
       168.5228718259085,
       -73.07601293253815
      ],
      [
       168.381381,
       -73.065927
      ],
      [
       168.2352924420602,
       -73.11866221178214
      ]
     ],
     [
      [
       168.5659610871157,
       -83.05806077273132
      ],
      [
       168.607259,
       -83.065317
      ],
      [
       168.6072532730105,
       -83.06531956683273
      ],
      [
       168.5659610871157,
       -83.05806077273132
      ]
     ],
     [
      [
       168.71873585012625,
       -72.38447258488753
      ],
      [
       168.718848,
       -72.384473
      ],
      [
       169.45475466402198,
       -72.50414963392429
      ],
      [
       169.072295,
       -72.468703
      ],
      [
       168.71873585012625,
       -72.38447258488753
      ]
     ],
     [
      [
       168.73591585437174,
       -73.09120942034639
      ],
      [
       168.735938,
       -73.091211
      ],
      [
       168.77554607840668,
       -73.10574878659463
      ],
      [
       168.73591585437174,
       -73.09120942034639
      ]
     ],
     [
      [
       169.14688726446892,
       -77.56335001057967
      ],
      [
       169.35272503545124,
       -77.52470868288874
      ],
      [
       169.352743,
       -77.524725
      ],
      [
       169.14688726446892,
       -77.56335001057967
      ]
     ],
     [
      [
       170.10227249116278,
       -83.44171118888151
      ],
      [
       170.332012,
       -83.47878
      ],
      [
       170.88751635448153,
       -83.45483517310095
      ],
      [
       170.332031,
       -83.478809
      ],
      [
       170.10227249116278,
       -83.44171118888151
      ]
     ],
     [
      [
       171.2673260965583,
       -83.52972560654877
      ],
      [
       171.289266,
       -83.555468
      ],
      [
       171.46500337584888,
       -83.580259137309
      ],
      [
       171.289258,
       -83.555469
      ],
      [
       171.2673260965583,
       -83.52972560654877
      ]
     ],
     [
      [
       171.9171845150649,
       -83.64404250842507
      ],
      [
       171.92556257415222,
       -83.64429773730214
      ],
      [
       171.917188,
       -83.644043
      ],
      [
       171.9171845150649,
       -83.64404250842507
      ]
     ],
     [
      [
       173.45607883603827,
       -83.75724267039713
      ],
      [
       173.822393,
       -83.810129
      ],
      [
       174.80603479493072,
       -83.8340776542293
      ],
      [
       173.822363,
       -83.810156
      ],
      [
       173.45607883603827,
       -83.75724267039713
      ]
     ],
     [
      [
       175.3835052248654,
       -83.94594310080792
      ],
      [
       175.605643,
       -83.967536
      ],
      [
       177.6770877805706,
       -84.09771494771734
      ],
      [
       175.605762,
       -83.967578
      ],
      [
       175.3835052248654,
       -83.94594310080792
      ]
     ]
    ]
   }
  },
  {
   "type": "Feature",
   "properties": {
    "_manaName": "Desierto de Simpson",
    "name": "Desierto de Simpson",
    "_manaColor": "#d97706",
    "_manaFillOpacity": 0.85,
    "_manaBorderColor": "#FFFFFF",
    "_manaWeight": 1,
    "_manaOpacity": 1,
    "_manaGroupName": "Desiertos cálidos",
    "_manaGroupId": 1,
    "_manaGeometryType": "polygon",
    "_manaLabelStyle": {
     "enabled": true,
     "field": "name",
     "fontFamily": "DM Mono, monospace",
     "fontSize": 11,
     "color": "#ffffff",
     "fontWeight": "bold",
     "fontStyle": "normal",
     "haloColor": "#000000",
     "haloWidth": 3,
     "opacity": 1,
     "offsetX": 0,
     "offsetY": 0,
     "placement": "point"
    },
    "Continent": "Oceanía",
    "Area": "176,500 km²",
    "Countries": "Australia",
    "Type": "Cálido",
    "Description": "Desierto de Simpson: Famoso por sus largas dunas de arena paralelas, las dunas paralelas más largas del mundo. Nombrado en honor a Alfred Simpson."
   },
   "geometry": {
    "type": "Polygon",
    "coordinates": [
     [
      [
       136.583618554171,
       -21.5350275182188
      ],
      [
       136.737777679327,
       -21.7090271111238
      ],
      [
       136.868194560802,
       -21.7572636228388
      ],
      [
       137.507736623531,
       -22.2241465266199
      ],
      [
       137.643417675481,
       -22.4201191110817
      ],
      [
       137.673629574953,
       -22.5934659213667
      ],
      [
       137.896636647028,
       -22.5801775873361
      ],
      [
       137.999999594875,
       -22.4468706256433
      ],
      [
       138.870498629572,
       -22.9201316548326
      ],
      [
       139.135467688277,
       -22.9698780825871
      ],
      [
       139.626754670814,
       -22.9686362198115
      ],
      [
       139.840286671892,
       -23.0731707900852
      ],
      [
       139.962005652434,
       -23.2317664565962
      ],
      [
       140.041168704687,
       -23.5522401429045
      ],
      [
       140.02603165809,
       -24.4195766855304
      ],
      [
       140.122848674827,
       -24.5489614194477
      ],
      [
       140.286880676104,
       -24.6482697054486
      ],
      [
       140.484359656206,
       -24.6381981782217
      ],
      [
       140.680465680566,
       -24.5188650226018
      ],
      [
       140.767318626075,
       -24.3498801547333
      ],
      [
       140.818313622128,
       -23.9281113360935
      ],
      [
       140.903243591408,
       -23.6741081536851
      ],
      [
       141.141784677014,
       -23.4050076549011
      ],
      [
       141.582855677581,
       -23.110070777745
      ],
      [
       141.658904685162,
       -22.9163509135828
      ],
      [
       141.76759366193,
       -22.8433316287258
      ],
      [
       141.93620268526,
       -22.8721521322691
      ],
      [
       142.136901657288,
       -23.0939406432592
      ],
      [
       142.291198580933,
       -23.1080069855432
      ],
      [
       142.477981582021,
       -22.963742529457
      ],
      [
       142.65212970225,
       -22.647746120553
      ],
      [
       142.771453637776,
       -22.5373976945933
      ],
      [
       143.16094961459,
       -22.5352308049824
      ],
      [
       143.261688691464,
       -22.6283470438257
      ],
      [
       143.368316558239,
       -22.9556058807609
      ],
      [
       143.341903672566,
       -23.1145965025498
      ],
      [
       143.198425606636,
       -23.3032268750991
      ],
      [
       143.191955615569,
       -23.6516112931793
      ],
      [
       143.347656675635,
       -23.6009398385895
      ],
      [
       143.626785618663,
       -23.3534703497124
      ],
      [
       143.744872552918,
       -23.3352752495583
      ],
      [
       143.833709662548,
       -23.3779671323177
      ],
      [
       143.824935653934,
       -23.5685183018005
      ],
      [
       143.573318631724,
       -23.7485914217521
      ],
      [
       143.462844644854,
       -23.9156937141655
      ],
      [
       143.364806552462,
       -24.2707762787175
      ],
      [
       143.148727626282,
       -24.7768135668385
      ],
      [
       143.017059661938,
       -24.9294589202796
      ],
      [
       142.999587584752,
       -25.0681375084465
      ],
      [
       143.049270645319,
       -25.1429736546375
      ],
      [
       143.257415597221,
       -25.1129272139346
      ],
      [
       143.763397564781,
       -24.8378494123525
      ],
      [
       143.855026686362,
       -24.8875178884074
      ],
      [
       143.859725581286,
       -24.9464691545997
      ],
      [
       143.701980677948,
       -25.0865046052539
      ],
      [
       143.374252622073,
       -25.2133923702128
      ],
      [
       142.749847605941,
       -25.682537382025
      ],
      [
       142.63980059322,
       -25.8244907797655
      ],
      [
       142.380004677521,
       -25.9845941830211
      ],
      [
       142.441421564354,
       -26.1278407407847
      ],
      [
       142.500274594641,
       -26.1045077016174
      ],
      [
       142.773071680367,
       -26.2263552605542
      ],
      [
       142.972579583953,
       -26.476689013387
      ],
      [
       143.632583716371,
       -27.6119842719453
      ],
      [
       144.047500664435,
       -27.7440225487723
      ],
      [
       144.081420717875,
       -27.8004340983001
      ],
      [
       144.010894713939,
       -27.9542477214069
      ],
      [
       143.419082560696,
       -28.3668755717112
      ],
      [
       143.500015703263,
       -28.5181855203371
      ],
      [
       143.70672567334,
       -28.5467793772184
      ],
      [
       143.804305610905,
       -28.6336839552507
      ],
      [
       143.869537604791,
       -28.9436195776009
      ],
      [
       143.704925575813,
       -29.0388157019002
      ],
      [
       143.718505600074,
       -29.1549970942851
      ],
      [
       143.668166571765,
       -29.2015843827299
      ],
      [
       143.394454685125,
       -29.2679226201976
      ],
      [
       143.295699604734,
       -29.1903348628296
      ],
      [
       143.262756713568,
       -29.3698187349873
      ],
      [
       143.395492700016,
       -29.3858782938483
      ],
      [
       143.382507623242,
       -29.4156171187044
      ],
      [
       143.172622588239,
       -29.5927391381832
      ],
      [
       143.066192702017,
       -29.7383446987788
      ],
      [
       143.085296568114,
       -29.8128908311196
      ],
      [
       142.857925709604,
       -29.8372910542002
      ],
      [
       142.704681553,
       -30.0675923937012
      ],
      [
       142.712463647191,
       -30.2287953350163
      ],
      [
       142.834655702349,
       -30.2736846175142
      ],
      [
       142.864669621267,
       -30.3960602363516
      ],
      [
       142.972762644719,
       -30.5212347402999
      ],
      [
       142.945114601793,
       -30.6140121826165
      ],
      [
       142.865768656413,
       -30.6011119307034
      ],
      [
       142.835067589071,
       -30.4085596656546
      ],
      [
       142.778762657352,
       -30.4219281306796
      ],
      [
       142.778747569926,
       -30.3540407498656
      ],
      [
       142.719192639067,
       -30.3243917790116
      ],
      [
       142.604904550973,
       -30.3854894829711
      ],
      [
       142.533126625977,
       -30.2891840976045
      ],
      [
       142.287216674007,
       -30.2330060678995
      ],
      [
       142.237563620653,
       -30.3333126385695
      ],
      [
       142.19381762975,
       -30.2703548226556
      ],
      [
       142.069534625024,
       -30.3476418373374
      ],
      [
       142.006362567665,
       -30.3082524244322
      ],
      [
       141.908691602632,
       -30.4642678058672
      ],
      [
       141.970260704826,
       -30.6033926465595
      ],
      [
       141.863494704287,
       -30.6751600103571
      ],
      [
       141.73867760469,
       -30.6407814668129
      ],
      [
       141.762084572244,
       -30.5559524156468
      ],
      [
       141.732070653325,
       -30.5641041517687
      ],
      [
       141.554611681338,
       -30.7098879116259
      ],
      [
       141.464782657285,
       -30.6936986009036
      ],
      [
       141.415634697418,
       -30.8405824017346
      ],
      [
       141.148162634785,
       -31.0186059787197
      ],
      [
       141.011520681453,
       -31.0231969147312
      ],
      [
       140.99970957404,
       -30.9675119085714
      ],
      [
       140.791717675689,
       -31.0120243407022
      ],
      [
       140.692520701363,
       -31.2653053383323
      ],
      [
       140.541015622031,
       -31.2173060344773
      ],
      [
       140.480911676513,
       -31.2867048400733
      ],
      [
       140.408218615327,
       -31.2599055486636
      ],
      [
       140.346710701026,
       -31.3081030007098
      ],
      [
       139.998885691165,
       -31.1265182883383
      ],
      [
       139.788909628693,
       -31.154015289369
      ],
      [
       139.746322687361,
       -31.0772169396428
      ],
      [
       139.575515593741,
       -31.0245219259865
      ],
      [
       139.484084620351,
       -30.891210605704
      ],
      [
       139.615218657463,
       -30.633353759488
      ],
      [
       139.818115699782,
       -30.5000184669625
      ],
      [
       139.969421625095,
       -30.2153849604754
      ],
      [
       140.016921702796,
       -30.2261845398128
      ],
      [
       140.121520646086,
       -30.0521990285052
      ],
      [
       140.126113593755,
       -29.8118187857025
      ],
      [
       139.977416619627,
       -29.7257242347938
      ],
      [
       139.99131767078,
       -29.5934341655952
      ],
      [
       139.891708642093,
       -29.4698440089865
      ],
      [
       139.489517602356,
       -29.2627600383889
      ],
      [
       139.365920572587,
       -29.1203744697203
      ],
      [
       139.247650577567,
       -29.0874868991143
      ],
      [
       139.135619568362,
       -28.9683854192984
      ],
      [
       139.102310555664,
       -28.9972823657988
      ],
      [
       139.030212609605,
       -28.9277890123349
      ],
      [
       139.052917676586,
       -29.0161817134583
      ],
      [
       139.018218609064,
       -29.0188803510072
      ],
      [
       138.986709693894,
       -28.9344896733776
      ],
      [
       138.954910597235,
       -28.993580582077
      ],
      [
       138.92271470128,
       -29.0033689686144
      ],
      [
       138.940917680423,
       -28.943087662025
      ],
      [
       138.890014550029,
       -28.9751851544368
      ],
      [
       138.973922597674,
       -28.8311969658795
      ],
      [
       138.907195607536,
       -28.8027082180642
      ],
      [
       138.873611668414,
       -28.6494130994883
      ],
      [
       138.769821578781,
       -28.5336187833923
      ],
      [
       138.461013657685,
       -28.6362127754411
      ],
      [
       138.496108686313,
       -28.8632926142727
      ],
      [
       138.406417628387,
       -28.8530950232219
      ],
      [
       138.402419628206,
       -28.9078910447301
      ],
      [
       138.326415547626,
       -28.9248883709193
      ],
      [
       138.399459642916,
       -29.1423115867315
      ],
      [
       138.367416632875,
       -29.1557690675683
      ],
      [
       138.298416638233,
       -29.0319799245781
      ],
      [
       138.26826458555,
       -29.2190886464236
      ],
      [
       138.201919642559,
       -29.2190645065424
      ],
      [
       138.146407638881,
       -28.9930825293898
      ],
      [
       138.013610632178,
       -28.965885432855
      ],
      [
       137.990508598262,
       -29.0899728039604
      ],
      [
       137.802108560412,
       -29.0833750726888
      ],
      [
       137.684509620561,
       -29.2616608356055
      ],
      [
       137.472717702584,
       -29.3423559321216
      ],
      [
       137.487716615416,
       -29.39964875495
      ],
      [
       137.400619588886,
       -29.4220457031699
      ],
      [
       137.392120674335,
       -29.4813433096017
      ],
      [
       137.329269643867,
       -29.4081423050837
      ],
      [
       137.246414698539,
       -29.4350463702832
      ],
      [
       137.238113596903,
       -29.4995429359835
      ],
      [
       137.140914700657,
       -29.4438710055926
      ],
      [
       137.138412702556,
       -29.2266663898154
      ],
      [
       137.38351463906,
       -29.2115648824882
      ],
      [
       137.535217698946,
       -29.030879045414
      ],
      [
       137.47640959566,
       -28.9917824962061
      ],
      [
       137.494811561184,
       -28.9290880396902
      ],
      [
       137.301116675094,
       -28.7817018275824
      ],
      [
       137.363220710349,
       -28.6898076702232
      ],
      [
       137.304000552703,
       -28.6723771672775
      ],
      [
       137.257812578126,
       -28.7919994985572
      ],
      [
       137.378509637032,
       -28.9839849793128
      ],
      [
       137.340225629518,
       -28.9768120818447
      ],
      [
       137.325317576517,
       -29.0580768125011
      ],
      [
       137.29441869626,
       -29.0657745847465
      ],
      [
       137.213409613651,
       -28.794600403115
      ],
      [
       137.196609597462,
       -28.882691858638
      ],
      [
       137.115920703555,
       -28.8854917495774
      ],
      [
       137.130218554005,
       -28.9792840727315
      ],
      [
       137.06451465897,
       -29.0215794914703
      ],
      [
       136.911712563939,
       -28.9219894058843
      ],
      [
       136.883209566888,
       -28.7730002386118
      ],
      [
       136.923217564248,
       -28.715103751116
      ],
      [
       136.875884621697,
       -28.6191773954115
      ],
      [
       136.90090963184,
       -28.4789241829126
      ],
      [
       136.971511575819,
       -28.4414277390223
      ],
      [
       136.988815679665,
       -28.2766443839435
      ],
      [
       136.952819596445,
       -28.0857594470759
      ],
      [
       136.750320694526,
       -27.9741688230645
      ],
      [
       136.882812599954,
       -27.8997722238764
      ],
      [
       136.64021266155,
       -27.8217823027937
      ],
      [
       136.706909644474,
       -27.6351982880875
      ],
      [
       136.805007583655,
       -27.6050995443087
      ],
      [
       136.663513681847,
       -27.4163176269498
      ],
      [
       136.696609626566,
       -27.1762411443184
      ],
      [
       136.530120554189,
       -26.995754964178
      ],
      [
       136.351318633675,
       -27.0024507637169
      ],
      [
       136.232116571021,
       -26.9436570773045
      ],
      [
       136.230514621684,
       -26.8519660972784
      ],
      [
       136.189315555882,
       -26.8725644567132
      ],
      [
       136.040038554054,
       -26.7313355906838
      ],
      [
       136.010070567965,
       -26.5779494446393
      ],
      [
       136.184615655129,
       -26.5957914990313
      ],
      [
       136.121520543641,
       -26.4338038439402
      ],
      [
       136.014022635316,
       -26.3640099154282
      ],
      [
       136.048919683391,
       -26.2440214626174
      ],
      [
       135.991943696503,
       -25.9902662169051
      ],
      [
       135.823898607619,
       -25.9588325712254
      ],
      [
       135.355697565743,
       -25.9944487865936
      ],
      [
       135.297653556752,
       -25.7629875593301
      ],
      [
       135.02246058782,
       -25.7936530874021
      ],
      [
       134.757888663688,
       -25.5433516887156
      ],
      [
       134.431762557149,
       -25.4843335349359
      ],
      [
       134.44905056774,
       -25.3115607173808
      ],
      [
       134.656707692878,
       -25.2192762986094
      ],
      [
       134.611938606871,
       -24.9344456497595
      ],
      [
       134.3291165973,
       -24.6209349780635
      ],
      [
       134.347946375163,
       -24.379146743164
      ],
      [
       134.251983641999,
       -24.0843104488462
      ],
      [
       134.073593608207,
       -24.0014726026003
      ],
      [
       134.04582268658,
       -23.8363229583524
      ],
      [
       133.967666636176,
       -23.7931219587937
      ],
      [
       134.443343665139,
       -23.7133512185607
      ],
      [
       134.699828561442,
       -23.7713122467109
      ],
      [
       135.182189655279,
       -24.0004305643966
      ],
      [
       135.30966163889,
       -24.0055693416002
      ],
      [
       135.421264668118,
       -23.9222104762524
      ],
      [
       135.583511659294,
       -23.6567150340276
      ],
      [
       135.605911624999,
       -23.417067034287
      ],
      [
       135.740478554378,
       -23.3017028774623
      ],
      [
       135.955291645539,
       -23.2845820020202
      ],
      [
       135.991622669611,
       -22.9568799300448
      ],
      [
       136.199920675065,
       -22.7553942325832
      ],
      [
       135.757446543906,
       -22.4304374015383
      ],
      [
       135.724395693826,
       -22.3079469506273
      ],
      [
       135.75430265966,
       -22.1905761661807
      ],
      [
       135.964767554726,
       -21.965655170333
      ],
      [
       136.483459672635,
       -21.65405322563
      ],
      [
       136.583618554171,
       -21.5350275182188
      ]
     ]
    ]
   }
  }
 ]
}
