{"type":"FeatureCollection","name":"oceans-and-seas-world","manaPreviewStyle":"flat-world","features":[{"type":"Feature","properties":{"_manaName":"Océano Ártico","name":"Arctic Ocean","_manaColor":"#5aa9d0","_manaFillOpacity":0.9,"_manaWeight":0.6,"_manaBorderColor":"#FFFFFF","_manaGroupName":"Océanos y mares","_manaGroupId":"oceanos-y-mares","_manaLabelStyle":{"enabled":true,"fontSize":11,"fontFamily":"DM Sans, sans-serif","fontWeight":"600","color":"#0e2a3a","haloWidth":3,"haloColor":"#FFFFFF","placement":"point","field":"_manaName"},"Tipo":"Océano","Dato":"Océano de la Tierra","Description":"Océano Ártico — océano"},"geometry":{"type":"Polygon","coordinates":[[[-178.994185,71.593124],[-180.0,71.537558],[-180.0,90.0],[180.0,90.0],[180.0,71.537744],[179.527885,71.440187],[156.042393,77.470052],[138.844476,76.252969],[106.97563686043274,80.0],[-81.97377973818033,80.0],[-81.010156,79.693115],[-80.124463,79.669482],[-80.475928,79.60625],[-81.688367,79.685679],[-82.86590262532857,80.0],[-86.52846373413962,80.0],[-86.420752,79.845215],[-85.674067,79.702086],[-86.006915,79.479309],[-86.337102,79.634881],[-87.295166,79.580176],[-86.977399,79.894142],[-87.13692842836636,80.0],[-100.13224761250149,80.0],[-103.623928,79.341721],[-105.387695,79.323584],[-105.630524,79.004635],[-110.393024,78.792969],[-112.64082,78.499805],[-113.2817301253489,78.35271347704816],[-113.783385,77.905038],[-114.33052403462246,78.0775184080618],[-117.039746,77.465137],[-116.795313,77.346582],[-119.0904,77.304946],[-121.613992,76.441329],[-156.411481,71.399441],[-177.503527,71.208419],[-178.994185,71.593124]]]}},{"type":"Feature","properties":{"_manaName":"Océano Antártico","name":"Southern Ocean","_manaColor":"#7fb8dd","_manaFillOpacity":0.9,"_manaWeight":0.6,"_manaBorderColor":"#FFFFFF","_manaGroupName":"Océanos y mares","_manaGroupId":"oceanos-y-mares","_manaLabelStyle":{"enabled":true,"fontSize":11,"fontFamily":"DM Sans, sans-serif","fontWeight":"600","color":"#0e2a3a","haloWidth":3,"haloColor":"#FFFFFF","placement":"point","field":"_manaName"},"Tipo":"Océano","Dato":"Océano de la Tierra","Description":"Océano Antártico — océano"},"geometry":{"type":"Polygon","coordinates":[[[180.0,-90.0],[-180.0,-90.0],[-180.0,-60.533462],[-45.93719087619576,-60.53118687328266],[-45.173749,-60.732933],[-45.610854,-60.533462],[179.999897,-60.533462],[180.0,-16.963086],[180.0,-90.0]],[[160.52596261359835,-80.0],[159.871875,-79.789844],[160.346289,-79.691504],[159.975879,-79.585645],[160.646094,-79.426855],[160.482715,-79.201465],[160.873535,-79.049707],[161.951465,-79.02998],[161.501758,-78.677246],[161.669238,-78.536133],[162.639453,-78.897754],[164.634766,-78.603223],[167.049023,-78.686035],[167.058008,-78.518457],[165.662988,-78.305664],[165.417578,-78.042188],[164.628125,-78.315625],[163.977637,-78.223828],[164.491504,-77.954004],[163.766211,-77.699902],[163.607617,-77.387793],[163.086914,-77.032324],[162.450293,-76.955664],[162.762793,-76.745703],[162.674609,-76.569336],[162.824609,-76.463574],[162.727539,-76.225391],[162.436523,-76.154883],[162.815723,-75.846191],[162.239063,-75.62168],[162.189648,-75.466895],[160.910742,-75.334668],[162.410059,-75.237598],[162.604102,-74.823145],[163.397852,-74.382129],[163.735254,-74.56377],[165.408594,-74.558594],[164.775684,-74.028516],[164.979883,-73.925879],[164.749609,-73.558789],[164.812988,-73.396777],[165.129492,-73.382617],[165.346973,-73.879395],[166.106055,-73.735156],[165.860156,-73.592676],[167.709082,-73.394238],[166.833984,-73.224316],[166.452832,-72.936035],[167.155664,-73.147266],[168.381348,-73.065918],[169.033398,-73.200391],[169.54502,-73.050391],[169.828613,-72.728809],[168.428418,-72.383398],[170.206445,-72.565332],[170.259375,-72.371289],[169.953516,-72.402832],[170.030078,-72.115527],[170.224023,-71.947949],[170.85897780155014,-71.86861172485308],[170.435726,-71.418948],[170.162151,-71.630615],[168.172505,-71.183458],[167.569235,-70.810406],[164.403223,-70.510449],[163.348614,-70.62096],[162.674805,-70.30459],[162.02198639631618,-70.43998433427535],[162.28656,-70.969156],[162.189453,-71.039551],[161.424545,-70.826788],[161.037012,-70.317188],[160.209581,-69.97485],[160.125781,-69.734277],[159.783984,-69.521875],[157.93252,-69.180762],[157.481348,-69.308691],[155.520099,-69.024469],[153.90826,-68.323323],[153.705273,-68.728906],[153.081836,-68.856836],[151.56196445881457,-68.69374096822261],[151.28877,-68.81709],[150.935938,-68.358496],[148.456241,-68.467242],[147.093637,-68.368798],[146.797656,-68.273633],[146.827832,-67.964648],[145.974997,-67.624296],[143.977344,-67.864551],[144.62118185473878,-67.14139228839024],[144.347852,-67.017969],[143.911247,-67.090892],[143.730371,-66.876758],[142.6875,-67.012793],[141.972852,-66.806738],[138.270996,-66.564453],[137.33623,-66.346484],[136.55332,-66.438965],[135.351976,-66.127281],[134.289453,-66.476758],[134.178818,-66.277039],[133.444341,-66.081754],[130.120508,-66.291504],[129.741211,-66.468555],[129.236914,-67.041602],[128.982422,-67.098242],[127.541211,-67.051074],[126.873633,-66.759375],[126.664746,-66.497559],[125.865625,-66.364453],[124.821582,-66.694531],[123.969054,-66.608285],[119.133018,-67.370823],[118.92168,-67.319727],[120.37441828472915,-66.98387357163791],[118.713922,-67.171817],[116.713477,-67.047168],[114.026563,-67.441211],[113.912251,-67.367619],[113.991211,-67.211914],[115.273801252274,-67.02790037373114],[115.635247,-66.771273],[113.099414,-65.799902],[110.906738,-66.07666],[110.587012,-66.312305],[110.622266,-66.524023],[109.462793,-66.908691],[102.674219,-65.865137],[101.381348,-65.973047],[100.889063,-66.358008],[99.370117,-66.648242],[98.858887,-66.670801],[98.257617,-66.46748],[97.719824,-66.607324],[97.100586,-66.499414],[95.541016,-66.630957],[94.839844,-66.501367],[94.08877,-66.688867],[92.073438,-66.50791],[89.698438,-66.823047],[87.980273,-66.788477],[85.710742,-67.161328],[84.485156,-67.114453],[83.304197,-67.603108],[79.035156,-68.175391],[78.563477,-68.39375],[78.488965,-68.625781],[77.81748,-69.068945],[76.111719,-69.487402],[75.635547,-69.848926],[73.942188,-69.743164],[73.324805,-69.848926],[72.82207,-70.095898],[72.760352,-70.395703],[71.771387,-70.80127],[71.276758,-71.623926],[69.554688,-72.374512],[68.419824,-72.515039],[67.971387,-72.750586],[67.971387,-73.085645],[67.32207,-73.300293],[66.497656,-73.125488],[66.89209,-72.948633],[67.432227,-72.00293],[68.037402,-71.391016],[68.872754,-71.035156],[69.250195,-70.431055],[67.267969,-70.273145],[68.178125,-69.837305],[69.082617,-69.866602],[69.188477,-69.654883],[68.90625,-69.372754],[69.629492,-69.231641],[69.53418,-68.736914],[69.982227,-68.464258],[69.603027,-68.041016],[69.559093,-67.76346],[68.32793,-67.889551],[63.699089,-67.508386],[62.687891,-67.647559],[60.482031,-67.385156],[59.250937,-67.485079],[58.737402,-67.22959],[57.62747,-67.014152],[56.154883,-67.264551],[55.802734,-67.199316],[56.47967383567853,-66.85913750703558],[56.145898,-66.626074],[57.18530127074997,-66.61317051502718],[55.29043,-65.954199],[53.671777,-65.858691],[51.88457,-66.02002],[50.33236,-66.444781],[50.24451,-66.603531],[50.520898,-66.82002],[50.553027,-67.194336],[49.247051,-66.94165],[48.46556494234864,-67.04336164801717],[48.713647,-67.216827],[49.219508,-67.226852],[48.630551,-67.520581],[48.648018,-67.794156],[48.374512,-67.988086],[48.209854,-67.699433],[47.489691,-67.72801],[47.117188,-67.572656],[47.351562,-67.361914],[46.55985112279881,-67.26816775091685],[46.317566,-67.402035],[46.399023,-67.617578],[42.960938,-68.095312],[42.408789,-68.351855],[40.215625,-68.804883],[39.863867,-68.966992],[39.705078,-69.425586],[38.859277,-70.006055],[38.885547,-70.171875],[37.787109,-69.725684],[35.357031,-69.681348],[34.595898,-69.094531],[33.813672,-69.099316],[34.192859416942824,-68.70244033670183],[33.465625,-68.670703],[32.64176,-68.868871],[32.567708,-69.074181],[32.989439,-69.624019],[32.621141,-70.00074],[30.003368,-70.300256],[26.498828,-71.019531],[24.756738,-70.89209],[24.024301,-70.413531],[22.979197,-70.810406],[22.277832,-70.695605],[22.365976307116693,-70.47508272153279],[21.70498,-70.258496],[21.070801,-70.843457],[19.409277,-70.916992],[19.026312,-70.673877],[19.196172,-70.293383],[19.009375,-70.212109],[18.432617,-70.289941],[18.12461,-70.5405],[16.70918,-70.397266],[16.381047,-70.145227],[15.80687,-70.324079],[13.822656,-70.343164],[13.065687111592688,-70.0536600472777],[12.626135106964984,-70.06584911304549],[12.929395,-70.213379],[11.70127,-70.766602],[9.141489,-70.183829],[8.523047,-70.473828],[7.676772,-70.356377],[7.401078,-70.494456],[1.908691,-71.003613],[0.538293,-71.274461],[-0.543164,-71.712695],[-1.067773,-71.265625],[-2.0146,-71.433398],[-6.11748,-71.325977],[-6.080273,-71.154102],[-5.587996217654576,-70.85683513819296],[-5.936328,-70.712695],[-7.752734,-70.842773],[-7.873297481165003,-70.94045625806865],[-7.590137,-71.22373],[-7.713529,-71.546434],[-8.646443,-71.672938],[-9.230664,-71.174023],[-10.270453,-70.935773],[-10.330888200834217,-71.024043836632],[-10.033387,-71.130542],[-10.825439,-71.55332],[-11.926123,-71.288672],[-12.351318,-71.389746],[-12.148193,-71.613672],[-11.009229,-71.75791],[-10.958105,-71.901953],[-11.496973,-72.412891],[-13.208594,-72.785059],[-14.297754,-72.733008],[-14.000098,-73.000586],[-14.320996,-73.123047],[-15.595996,-73.096777],[-16.435205,-73.425684],[-16.518848,-73.644043],[-15.935645,-73.757617],[-16.220117,-73.915723],[-14.573828,-73.9375],[-15.67251,-74.407324],[-17.43584,-74.379102],[-18.749219,-75.24209],[-18.30459,-75.431348],[-24.26958,-75.766992],[-28.933643,-76.370313],[-32.063379,-77.159863],[-34.075781,-77.425391],[-35.509277,-78.041211],[-36.265625,-78.615527],[-36.23916,-78.774219],[-35.515967,-78.933008],[-32.994238,-79.228809],[-30.315918,-79.163086],[-30.21123,-79.485254],[-29.949316,-79.599023],[-23.406836,-79.858984],[-24.539592506322812,-80.0],[160.52596261359835,-80.0]],[[-30.335665959217916,-80.0],[-29.614453,-79.90957],[-30.779932,-79.647363],[-30.985059,-79.818457],[-31.68042,-79.634277],[-32.000293,-79.732422],[-30.335665959217916,-80.0]],[[-43.64823273788164,-80.0],[-43.065918,-79.891406],[-42.944678,-79.579102],[-43.627344,-78.846094],[-45.352344,-78.791211],[-43.947217,-78.597559],[-43.788281,-78.432617],[-43.854492,-78.258496],[-45.993164,-77.826855],[-47.463477,-77.819043],[-49.08125,-78.047461],[-50.219629,-78.605273],[-50.377393,-78.780469],[-50.241943,-78.833301],[-50.733057,-79.282715],[-50.294922,-79.429687],[-51.87193556040427,-80.0],[-43.64823273788164,-80.0]],[[-59.75135234951082,-80.0],[-59.87334,-79.776953],[-60.578809,-79.741016],[-61.475537925471535,-80.0],[-59.75135234951082,-80.0]],[[-65.81279911805368,-80.0],[-65.504443,-79.954297],[-65.579248,-79.770801],[-66.01416,-79.624414],[-67.770752,-79.589453],[-66.54389998939554,-80.0],[-65.81279911805368,-80.0]],[[-79.63310207065597,-80.0],[-76.557861,-79.903516],[-76.031592,-79.627051],[-76.217676,-79.387207],[-80.151172,-79.268066],[-80.488525,-79.320996],[-80.534814,-79.512793],[-80.891992,-79.501855],[-81.660889,-79.099805],[-83.26001,-78.774219],[-83.762744,-78.461133],[-83.226953,-78.401563],[-83.779004,-77.983594],[-82.608447,-78.412402],[-80.292285,-78.822754],[-77.869141,-78.745508],[-77.432568,-78.434668],[-81.580957,-77.846094],[-80.601562,-77.751953],[-75.398438,-78.157812],[-74.042139,-78.109375],[-73.251562,-77.894238],[-72.851953,-77.590234],[-75.386914,-77.474219],[-76.248584,-77.274902],[-77.287061,-76.70166],[-75.268359,-76.581445],[-71.798682,-76.752734],[-70.210156,-76.674121],[-69.304395,-76.350781],[-66.37041,-76.013379],[-63.363379,-75.451465],[-63.25752,-75.398535],[-64.279541,-75.292871],[-63.231055,-75.153809],[-63.924707,-75.004492],[-63.197998,-74.909082],[-63.178125,-74.68418],[-62.372461,-74.952148],[-61.928027,-74.862793],[-61.894434,-74.713086],[-62.235303,-74.441309],[-61.010791,-74.47832],[-60.704297,-74.307129],[-61.842773,-74.289648],[-61.04165,-74.121973],[-61.838232,-74.032031],[-61.088281,-73.929492],[-60.790283,-73.711816],[-61.636963,-73.500195],[-62.008301,-73.147656],[-60.122217,-73.275293],[-60.009766,-72.937891],[-60.384668,-73.007324],[-60.532324,-72.67334],[-61.286133,-72.600781],[-61.279785,-72.468262],[-60.730322,-72.425977],[-60.719434,-72.072656],[-62.256641,-72.017578],[-61.035059,-71.82002],[-60.995312,-71.661328],[-61.213574,-71.564062],[-61.958789,-71.657812],[-60.962256,-71.244629],[-61.312842,-70.867578],[-61.961044,-70.900892],[-61.994141,-70.728613],[-61.504897,-70.490787],[-62.378022,-70.364852],[-62.013965,-70.278906],[-61.961044,-70.120371],[-62.407129,-69.827246],[-62.587053,-69.477413],[-63.45594,-69.041935],[-63.343751,-68.810683],[-63.77344,-68.631831],[-62.93332926071688,-68.44257298382709],[-63.924463,-68.497656],[-64.16923141217531,-68.58257545310201],[-64.078467,-68.771191],[-65.158265,-68.618034],[-64.9965713808315,-68.40787446712767],[-65.451968,-68.336552],[-64.829655,-68.127521],[-65.639502,-68.130566],[-65.469434,-68.009473],[-65.600125,-67.87565],[-65.41815354660933,-67.65964230705389],[-65.503283,-67.377127],[-64.819287,-67.307324],[-65.027033,-67.214192],[-64.78573,-67.123706],[-64.878334,-67.024746],[-64.686253,-66.806206],[-63.754914,-66.872869],[-64.077734,-66.654102],[-63.65441012106856,-66.38288122737131],[-63.752279,-66.277556],[-63.25752,-66.26377],[-62.628884654177774,-66.7061522030999],[-62.682292,-66.237352],[-62.116616,-66.208775],[-61.75607422625705,-66.42917800114097],[-61.431934,-66.144727],[-61.028418,-66.336523],[-60.902839811897245,-66.1912099200658],[-61.009061,-66.110331],[-60.56564246773903,-65.97962750997058],[-62.004969,-66.112967],[-62.305029,-65.84043],[-61.75647223009527,-65.56927745724705],[-62.145312,-65.331738],[-61.57757218403094,-65.18572574987583],[-61.703125,-64.987207],[-61.059885,-64.981098],[-59.962924,-64.431261],[-59.64599522219608,-64.58369043452353],[-59.460732,-64.345581],[-58.78609776461938,-64.52422071493491],[-58.905127,-64.352148],[-58.799316,-64.292676],[-59.04745,-64.234425],[-58.262988,-63.763379],[-57.283733,-63.49044],[-57.119189,-63.637793],[-56.782084,-63.571933],[-57.168262,-63.234766],[-57.868066,-63.31875],[-60.86416,-64.073438],[-61.631787,-64.604687],[-62.243311,-64.746875],[-62.503467,-64.656445],[-62.527539,-64.833398],[-63.119873,-64.94248],[-63.059082,-65.139355],[-63.912605,-65.093287],[-64.051253,-65.417144],[-63.817882,-65.5314],[-64.646565,-65.747873],[-64.514274,-65.959539],[-64.613751,-66.019329],[-65.104832,-65.957938],[-65.267277,-65.994421],[-65.172021,-66.116797],[-65.61709858215745,-66.1352467035941],[-65.7745126434274,-66.28801567903986],[-65.766406,-66.624902],[-66.503403,-66.689779],[-66.498649,-67.289329],[-66.902397,-67.255998],[-67.034688,-66.945371],[-67.493359,-67.112793],[-67.544531,-67.534668],[-66.70498,-67.527148],[-67.149854,-68.024609],[-66.793359,-68.24043],[-67.133691,-68.770703],[-67.390527,-68.86123],[-66.974902,-69.161035],[-67.371777,-69.412305],[-68.707959,-69.432227],[-68.469824,-69.643848],[-68.40332,-70.019727],[-67.692187,-70.686133],[-67.460352,-71.526758],[-66.827734,-72.09043],[-67.66709,-72.83457],[-68.820947,-73.105469],[-72.929199,-73.447949],[-73.996045,-73.699805],[-75.293066,-73.63877],[-77.048926,-73.844141],[-76.764502,-73.566309],[-76.850488,-73.460449],[-78.78623,-73.506738],[-79.521729,-73.089551],[-80.442236,-72.944531],[-80.614209,-73.083398],[-80.336377,-73.41416],[-81.176416,-73.248828],[-81.163184,-73.632422],[-81.30874,-73.738281],[-82.183496,-73.856836],[-84.981201,-73.502051],[-85.801416,-73.19209],[-86.791016,-73.363672],[-87.401025,-73.191992],[-88.419385,-73.229004],[-88.560742,-73.120703],[-88.194092,-72.7875],[-88.77998,-72.683008],[-90.29541,-72.97793],[-90.430908,-73.243262],[-90.920947,-73.319141],[-92.828369,-73.164648],[-96.394238,-73.301172],[-98.012402,-73.033203],[-102.409277,-72.987402],[-102.272021,-72.834961],[-102.484766,-72.735645],[-103.375,-72.818848],[-102.908789,-73.285156],[-100.436377,-73.353125],[-98.896143,-73.611133],[-100.717773,-73.757812],[-102.799512,-73.645703],[-102.862744,-73.783594],[-101.71543,-74.02373],[-101.251709,-74.485742],[-100.238135,-74.48418],[-100.012695,-74.662109],[-100.47334,-74.872363],[-98.557861,-75.189746],[-98.752344,-75.31709],[-101.039355,-75.421875],[-101.708105,-75.127344],[-103.121045,-75.095215],[-104.901855,-75.115137],[-106.618848,-75.343945],[-111.358789,-75.219922],[-111.463135,-75.133398],[-110.531934,-74.836328],[-110.229785,-74.536328],[-110.30708,-74.366699],[-111.180176,-74.188086],[-111.806348,-74.269727],[-111.788721,-74.57168],[-111.584424,-74.750879],[-111.69624,-74.792188],[-114.110449,-74.981836],[-113.903467,-74.644434],[-113.332959,-74.454199],[-113.753271,-74.366699],[-113.508496,-74.088867],[-114.62373,-73.90293],[-115.222607,-74.487402],[-118.655762,-74.392773],[-119.677002,-74.65459],[-121.543945,-74.75],[-127.020215,-74.697852],[-130.195605,-74.890625],[-132.049365,-74.765723],[-133.796338,-74.85459],[-135.362061,-74.69043],[-136.227832,-74.836035],[-136.649854,-75.161719],[-139.148828,-75.160156],[-141.22334,-75.545898],[-140.874316,-75.745898],[-142.329834,-75.490918],[-143.574268,-75.563574],[-144.721289,-75.832129],[-145.987744,-75.88877],[-146.383008,-76.099707],[-145.44209,-76.40918],[-145.885742,-76.424316],[-148.320312,-76.104492],[-149.654248,-76.365332],[-147.34043,-76.438379],[-145.750488,-76.749023],[-145.629248,-76.953711],[-145.966992,-77.06875],[-145.515723,-77.199219],[-145.807959,-77.273242],[-145.677148,-77.488086],[-148.572412,-77.105078],[-148.843604,-77.283691],[-148.155713,-77.462305],[-149.717725,-77.797461],[-151.718994,-77.425879],[-153.460596,-77.416016],[-154.814941,-77.126953],[-157.139307,-77.24209],[-157.842041,-77.079199],[-158.213574,-77.157129],[-158.22998,-77.497656],[-158.500391,-77.77832],[-157.266797,-78.199805],[-154.293018,-78.259082],[-156.469336,-78.635352],[-156.114551,-78.744629],[-154.517725,-79.046582],[-152.137695,-79.115918],[-152.091406,-79.241602],[-151.048437,-79.459668],[-148.082959,-79.856738],[-148.37551813820102,-80.0],[-79.63310207065597,-80.0]],[[-154.1364457379135,-80.0],[-155.674268,-79.765527],[-155.751172,-79.82959],[-154.22810256226708,-80.0],[-154.1364457379135,-80.0]],[[-102.313623,-72.081055],[-98.407812,-72.547656],[-96.051758,-72.577246],[-96.078174,-72.453809],[-95.575391,-72.409961],[-95.531055,-72.24873],[-95.6854,-72.056641],[-96.978906,-72.221875],[-96.12521220667196,-71.8956913101106],[-96.383336,-71.836442],[-96.869637,-71.851273],[-97.345215,-72.189062],[-97.581982,-72.095117],[-97.47354037108411,-72.00034051957381],[-97.584766,-71.882617],[-98.168214,-72.123246],[-98.189376,-71.82006],[-98.61537,-71.76394],[-99.783749,-72.044388],[-100.218652,-71.83291],[-102.313623,-72.081055]],[[-72.137891,-69.114551],[-71.74292,-69.422754],[-71.853613,-69.969336],[-71.120508,-70.196484],[-70.327637,-70.159668],[-69.618359,-70.398047],[-70.328076,-70.36123],[-71.190039,-70.65957],[-69.875781,-70.875977],[-69.869775,-71.125684],[-70.380664,-70.946387],[-71.718506,-71.145117],[-72.710449,-71.072949],[-73.0604,-71.126953],[-72.21167,-71.335059],[-73.604492,-71.350781],[-73.380176,-71.52793],[-73.479004,-71.578711],[-74.30791,-71.399902],[-74.391797,-71.638184],[-75.292578,-71.614941],[-75.353076,-71.878418],[-73.995605,-72.169824],[-73.537109,-72.022363],[-73.775977,-71.848926],[-72.927637,-71.92168],[-72.336621,-71.632227],[-70.820996,-71.906543],[-71.897559,-72.120801],[-71.661475,-72.249805],[-70.206006,-72.227734],[-70.872607,-72.366406],[-72.7375,-72.280566],[-73.086377,-72.407812],[-72.36748,-72.669727],[-69.209326,-72.53418],[-68.460742,-72.085352],[-68.227832,-71.725195],[-68.314014,-70.911719],[-69.416943,-69.583203],[-69.707568,-69.320898],[-70.079346,-69.310938],[-70.105469,-68.959375],[-70.417117,-68.788979],[-71.868994,-68.941016],[-72.137891,-69.114551]],[[-68.818311,-67.753418],[-67.988477,-67.474414],[-68.235107,-67.371973],[-67.68792715546454,-67.1474011529224],[-67.968408,-67.032227],[-67.711083245071,-66.63313408587062],[-68.335938,-66.802051],[-69.138037,-67.515234],[-68.818311,-67.753418]],[[-67.556738,-67.604492],[-67.743262,-67.66123],[-67.544531,-67.785254],[-67.149414,-67.650195],[-67.556738,-67.604492]],[[-71.340283,-70.31748],[-71.795264,-70.288379],[-71.684668,-70.442285],[-71.340283,-70.31748]],[[-72.202051,-69.740137],[-71.985352,-69.698438],[-72.464307,-69.451855],[-72.936768,-69.468848],[-72.776758,-69.64502],[-72.202051,-69.740137]],[[-74.146631,-73.31543],[-73.878418,-73.356836],[-73.542432,-73.123828],[-74.084473,-73.249316],[-74.146631,-73.31543]],[[-74.114551,-70.655371],[-74.456152,-70.586719],[-74.589697,-70.791992],[-74.953613,-70.590234],[-75.126953,-70.751758],[-76.511523,-70.99082],[-76.271289,-71.132812],[-74.805811,-71.012305],[-73.550342,-70.723438],[-74.03833,-70.55293],[-74.114551,-70.655371]],[[-76.096387,-73.150488],[-75.90083,-73.332617],[-74.574658,-73.611328],[-74.366113,-73.464258],[-74.667676,-73.275293],[-74.223877,-72.99707],[-75.376855,-72.82041],[-75.731055,-72.879297],[-75.276221,-73.050391],[-76.096387,-73.150488]],[[-75.726758,-70.096094],[-74.848828,-70.179297],[-74.437988,-69.949609],[-74.987109,-69.727832],[-75.812939,-69.983984],[-75.726758,-70.096094]],[[-91.160693,-73.182227],[-90.775586,-72.992969],[-90.895361,-72.823633],[-90.807129,-72.610645],[-91.67002,-72.62373],[-91.356885,-72.909473],[-91.51084,-73.195508],[-91.160693,-73.182227]],[[-94.113184,-72.860059],[-93.755811,-72.907617],[-94.004248,-72.819727],[-94.113184,-72.860059]],[[-94.566113,-72.468066],[-95.272949,-72.646875],[-94.426025,-72.612598],[-94.566113,-72.468066]],[[-104.537939,-73.166309],[-104.972412,-72.941016],[-105.131787,-72.991504],[-105.05293,-73.125977],[-104.537939,-73.166309]],[[-116.15498,-73.910449],[-116.381299,-73.865527],[-117.398291,-74.122461],[-116.738623,-74.165039],[-116.15498,-73.910449]],[[-119.802588,-73.814648],[-119.661572,-73.989355],[-119.905127,-74.081543],[-118.877344,-73.878027],[-119.802588,-73.814648]],[[-122.880762,-74.099023],[-122.764746,-74.218652],[-122.938428,-74.302051],[-122.286621,-74.403125],[-121.002441,-74.326367],[-120.989502,-74.157031],[-120.272461,-73.98916],[-120.55625,-73.756055],[-123.0125,-73.672949],[-123.346191,-73.843066],[-122.624707,-73.965527],[-122.880762,-74.099023]],[[-126.582666,-73.669922],[-126.244092,-73.890918],[-124.872998,-74.208301],[-123.937402,-74.256152],[-123.800439,-74.07627],[-124.53999,-73.739746],[-125.798584,-73.801953],[-125.263965,-73.666406],[-126.329883,-73.28623],[-127.267627,-73.304004],[-127.429053,-73.446875],[-127.231641,-73.713477],[-126.582666,-73.669922]],[[-127.145166,-74.480176],[-128.133447,-74.327441],[-127.915234,-74.542578],[-127.36582,-74.622656],[-127.145166,-74.480176]],[[-130.967285,-74.515039],[-131.762695,-74.323828],[-132.162646,-74.425781],[-131.178906,-74.604785],[-130.967285,-74.515039]],[[-132.546289,-74.498438],[-132.362305,-74.409961],[-132.857178,-74.461719],[-132.546289,-74.498438]],[[-145.541162,-75.692676],[-145.238086,-75.71123],[-145.760791,-75.513867],[-146.15083,-75.573535],[-145.541162,-75.692676]],[[-147.08667,-76.837305],[-147.078906,-76.992773],[-146.163965,-76.948535],[-146.866504,-76.837109],[-147.08667,-76.837305]],[[-146.894482,-76.260938],[-146.690137,-76.246387],[-147.420898,-76.090234],[-146.894482,-76.260938]],[[-146.907813,-76.714062],[-146.790039,-76.633105],[-147.355322,-76.618848],[-146.907813,-76.714062]],[[-148.001074,-76.577148],[-147.578857,-76.662793],[-147.899707,-76.558008],[-148.001074,-76.577148]],[[-149.468945,-76.757129],[-148.983887,-76.845312],[-148.320801,-76.77168],[-148.92793,-76.730078],[-149.468945,-76.757129]],[[-149.238086,-76.900195],[-149.014648,-77.019141],[-148.439746,-76.977148],[-148.704102,-76.935645],[-149.238086,-76.900195]],[[-149.375439,-77.27998],[-149.662354,-77.300977],[-148.928857,-77.386816],[-149.218115,-77.336328],[-149.375439,-77.27998]],[[-149.230664,-77.120508],[-149.870605,-76.875],[-150.788525,-76.981641],[-149.856348,-77.099414],[-149.230664,-77.120508]],[[-150.837646,-76.71416],[-150.873535,-76.736719],[-150.084766,-76.735156],[-150.177393,-76.691309],[-150.837646,-76.71416]],[[-150.35625,-77.349023],[-151.021533,-77.22002],[-151.511621,-77.27334],[-150.474854,-77.37373],[-150.35625,-77.349023]],[[-161.642969,-78.900977],[-163.256104,-78.72207],[-164.125537,-78.995313],[-164.281641,-79.245508],[-163.712402,-79.441992],[-160.806689,-79.812012],[-159.00957,-79.780469],[-159.366406,-79.545215],[-161.642969,-78.900977]],[[-67.25701728650408,-66.84093594550696],[-67.331689,-66.753516],[-67.59324939801795,-66.87557632530715],[-67.40926785688754,-66.90195136767082],[-67.25701728650408,-66.84093594550696]],[[-66.59548442888183,-66.20077047770879],[-66.5754591345123,-66.08234850255988],[-66.779004,-66.11084],[-66.85,-66.305469],[-66.59548442888183,-66.20077047770879]],[[-65.845264,-65.84248],[-65.63693285859691,-65.54780162046217],[-65.96834479585745,-65.5710625411111],[-66.17531357780936,-65.86636974584937],[-65.845264,-65.84248]],[[-61.80712329678975,-69.5144785521073],[-61.81604,-69.376334],[-62.238965,-69.175781],[-62.567467,-69.180532],[-62.085354241939456,-69.7292798143191],[-61.80712329678975,-69.5144785521073]],[[-63.739502,-64.834277],[-62.836523,-64.571875],[-63.276953,-64.57334],[-63.229639,-64.323633],[-63.485596,-64.260547],[-64.271911,-64.697446],[-63.739502,-64.834277]],[[-60.613135,-70.920117],[-60.94643122330359,-70.96743564914658],[-60.53375531478126,-71.03631565344574],[-60.613135,-70.920117]],[[-60.487703436616115,-70.64668213031813],[-60.45249,-70.544238],[-60.941827447530386,-70.53258010183673],[-60.88193857303234,-70.69396535375937],[-60.487703436616115,-70.64668213031813]],[[-57.703372,-64.293181],[-57.29491614853376,-64.3667264459383],[-57.413965,-64.295898],[-57.249463,-64.09707],[-57.479736,-63.961621],[-57.846257,-64.053971],[-57.831348,-63.803809],[-58.424951,-64.067773],[-58.019812,-64.241815],[-58.304212768486074,-64.31449227587805],[-57.909766,-64.410059],[-57.703372,-64.293181]],[[-62.559088183017785,-63.04245065324277],[-62.615087,-63.069225],[-62.615088,-63.069336],[-62.559088183017785,-63.04245065324277]],[[-62.344174,-62.917865],[-62.346629801894316,-62.91983720131586],[-62.34415349237681,-62.91786117007213],[-62.344174,-62.917865]],[[-60.378027,-62.616504],[-60.220947,-62.74541],[-59.849561,-62.614941],[-60.799268,-62.475195],[-61.152381952837004,-62.58925558688277],[-60.378027,-62.616504]],[[-59.36639312485414,-62.42438051061968],[-59.43138620476591,-62.446553363633384],[-59.389014,-62.444336],[-59.36639312485414,-62.42438051061968]],[[-59.35903887897391,-62.4068040316969],[-59.35341808250487,-62.412934299182645],[-59.353369,-62.412891],[-59.35903887897391,-62.4068040316969]],[[-58.83801603830094,-62.30247341632942],[-58.90619188863691,-62.316472468901814],[-58.837939,-62.302539],[-58.83801603830094,-62.30247341632942]],[[-58.93870043397151,-62.26499020273201],[-58.855924713798515,-62.287227536552635],[-58.878662,-62.267871],[-58.93870043397151,-62.26499020273201]],[[-58.962261,-62.263796],[-58.96224571061468,-62.26379677496549],[-58.96260915790254,-62.26361008062293],[-58.962261,-62.263796]],[[-58.561963,-62.243945],[-57.636523,-61.998242],[-58.399221,-61.93839],[-59.00336395988452,-62.20969369151925],[-58.561963,-62.243945]],[[-55.16543,-61.22041],[-55.057617,-61.168652],[-54.67112991658861,-61.117070201926275],[-55.38702669111071,-61.07266524605322],[-55.074912,-61.176804],[-55.297021,-61.248535],[-55.16543,-61.22041]],[[-54.183871,-61.26949],[-54.18398239254511,-61.26946255390387],[-54.183926407016365,-61.26961775633084],[-54.183871,-61.26949]],[[-55.589648,-63.12832],[-56.505322,-63.334277],[-56.378516,-63.437305],[-55.106445,-63.249316],[-55.589648,-63.12832]],[[-56.488574,-62.982227],[-56.61416,-63.045117],[-56.258984,-63.173145],[-56.059961,-63.078516],[-56.488574,-62.982227]],[[-60.62168,-63.017969],[-60.504883,-62.967383],[-60.637402,-62.895215],[-60.62168,-63.017969]],[[-60.653125,-63.866602],[-60.562354,-63.695898],[-60.714844,-63.668848],[-60.972168,-63.849023],[-60.653125,-63.866602]],[[-61.911133,-64.054492],[-61.798242,-63.966602],[-62.043896,-64.080371],[-61.911133,-64.054492]],[[-62.185693,-64.368848],[-62.058496,-64.138086],[-62.544971,-64.045703],[-62.479736,-64.210645],[-62.746826,-64.47168],[-62.185693,-64.368848]],[[-63.55835,-64.905957],[-63.177246,-64.73877],[-63.459277,-64.796289],[-63.55835,-64.905957]],[[-12.963281,-72.064453],[-12.888428,-72.137109],[-12.508887,-72.17334],[-12.875488,-72.000684],[-12.963281,-72.064453]],[[-16.516553,-72.530859],[-16.453027,-72.652344],[-16.104492,-72.679102],[-16.355859,-72.458594],[-16.516553,-72.530859]],[[-20.41665,-74.443359],[-20.654248,-74.10498],[-20.580225,-73.619238],[-21.126367,-73.939844],[-22.035352,-74.106543],[-21.166553,-74.132617],[-20.737012,-74.480957],[-20.41665,-74.443359]],[[-31.956738,-79.603809],[-32.376611,-79.534668],[-32.514893,-79.682813],[-31.956738,-79.603809]],[[-36.600781,-79.282715],[-33.93418,-79.32041],[-35.534668,-79.090039],[-36.600781,-79.282715]],[[-67.038135,-78.315723],[-70.543994,-78.883691],[-71.454004,-79.128906],[-71.777734,-79.500586],[-70.98374,-79.674414],[-69.731738,-79.618359],[-69.686475,-79.443359],[-69.250879,-79.210352],[-66.787012,-78.42168],[-67.038135,-78.315723]],[[-68.548926,-79.437402],[-67.434326,-79.501172],[-67.068652,-79.268457],[-68.233008,-79.284961],[-68.548926,-79.437402]],[[-2.955156419069796,-71.21368122510788],[-3.398702,-71.062277],[-3.3093152860108535,-71.20089526571213],[-2.955156419069796,-71.21368122510788]],[[-2.0923098983139674,-70.82093007712001],[-3.5745981299766227,-70.70309343196682],[-3.006982,-70.851465],[-2.783386053896378,-71.16746359933404],[-2.0923098983139674,-70.82093007712001]],[[-5.89426,-70.552127],[-5.971631,-70.421484],[-6.4379807209017565,-70.45264113169027],[-6.180859,-70.585547],[-5.89426,-70.552127]],[[-2.7381386040769833,-70.50703601435275],[-2.684375,-70.376172],[-3.173242,-70.307324],[-3.4965705481904545,-70.48820290021548],[-2.7381386040769833,-70.50703601435275]],[[-56.89500205148537,-64.33304960457102],[-57.44778,-64.488415],[-57.24037852258016,-64.56675719456813],[-56.89500205148537,-64.33304960457102]],[[-56.20988349065701,-63.436939820718216],[-55.956579,-63.57984],[-55.71921272792642,-63.49205102401276],[-55.85815636925259,-63.407344713180976],[-56.20988349065701,-63.436939820718216]],[[3.170897,-70.553729],[3.259779963479142,-70.44897935964357],[3.071937,-70.38175],[2.584700903378965,-70.53462078918096],[3.170897,-70.553729]],[[4.256206,-70.240984],[4.069964,-70.290231],[4.365243,-70.502415],[4.589941,-70.43252],[4.494899,-70.251577],[4.256206,-70.240984]],[[26.874805,-70.32998],[26.604785,-70.078223],[25.95416637810005,-70.26163585003961],[26.005524,-70.372758],[26.874805,-70.32998]],[[0.952635,-70.16905],[1.156343,-70.378081],[1.460938,-70.135645],[1.026739,-70.049987],[0.952635,-70.16905]],[[15.570996,-69.884766],[16.159277,-70.071973],[16.625265048020285,-69.7503606935358],[15.90957,-69.728418],[15.570996,-69.884766]],[[164.639233,-67.499911],[164.833594,-67.54043],[164.906968,-67.418417],[164.67520931521997,-67.28881896444788],[164.639233,-67.499911]],[[162.511456,-66.519919],[162.61132759377645,-66.4774305478903],[162.310547,-66.25127],[162.32623227813883,-66.34740409986807],[162.511456,-66.519919]],[[48.637793,-66.700977],[48.293983,-66.750086],[48.78537580806641,-66.76774764425744],[48.637793,-66.700977]],[[71.796582,-70.264258],[71.659375,-70.497461],[71.841211,-70.621973],[72.073438,-70.524512],[71.796582,-70.264258]],[[69.796094,-71.893945],[69.692578,-71.968262],[69.791992,-72.04668],[69.895215,-71.907812],[69.796094,-71.893945]],[[68.669531,-72.275977],[68.84043,-72.16543],[68.66709,-72.103125],[68.408887,-72.300195],[68.669531,-72.275977]],[[103.136816,-65.190625],[102.75957,-65.167871],[103.397266,-65.445312],[103.136816,-65.190625]],[[100.981445,-65.677539],[101.258984,-65.527637],[100.606934,-65.396387],[100.270313,-65.60332],[100.981445,-65.677539]],[[100.290527,-66.112402],[100.07627,-66.188086],[100.281543,-66.17998],[100.290527,-66.112402]],[[98.748633,-66.369238],[98.596484,-66.382617],[98.949805,-66.420508],[98.748633,-66.369238]],[[96.307031,-66.18584],[96.394531,-66.225],[97.018848,-66.139453],[96.398828,-66.080176],[96.307031,-66.18584]],[[92.470508,-65.82168],[92.669629,-65.774805],[92.248145,-65.739941],[92.333008,-65.807227],[92.470508,-65.82168]],[[86.42666,-66.791992],[86.651953,-66.718164],[86.232227,-66.73291],[86.42666,-66.791992]],[[85.314453,-66.775977],[85.650098,-66.979688],[85.937695,-66.894141],[85.552832,-66.728516],[85.314453,-66.775977]],[[85.164746,-66.521582],[85.136133,-66.637109],[85.328516,-66.611914],[85.164746,-66.521582]],[[169.479492,-73.539453],[169.70918,-73.625293],[169.960352,-73.514355],[169.671875,-73.346094],[169.479492,-73.539453]],[[167.460938,-77.394336],[166.716406,-77.161719],[166.413086,-77.251953],[166.626367,-77.376758],[166.216797,-77.524609],[166.729004,-77.850977],[167.392285,-77.648633],[168.518848,-77.68125],[169.352734,-77.524707],[167.460938,-77.394336]],[[167.376953,-78.249023],[167.642773,-78.141406],[167.497852,-77.992383],[166.863672,-78.196387],[166.012891,-78.101953],[166.121875,-78.274609],[167.376953,-78.249023]],[[163.975977,-74.832715],[164.208496,-74.607715],[163.741699,-74.711523],[163.975977,-74.832715]],[[162.72002,-75.59668],[162.591211,-75.668555],[162.916992,-75.557324],[162.72002,-75.59668]]]}},{"type":"Feature","properties":{"_manaName":"Océano Atlántico Norte","name":"Atlantic Ocean","_manaColor":"#1d6ea6","_manaFillOpacity":0.9,"_manaWeight":0.6,"_manaBorderColor":"#FFFFFF","_manaGroupName":"Océanos y mares","_manaGroupId":"oceanos-y-mares","_manaLabelStyle":{"enabled":true,"fontSize":11,"fontFamily":"DM Sans, sans-serif","fontWeight":"600","color":"#0e2a3a","haloWidth":3,"haloColor":"#FFFFFF","placement":"point","field":"_manaName"},"Tipo":"Océano","Dato":"Océano de la Tierra","Description":"Océano Atlántico Norte — océano"},"geometry":{"type":"Polygon","coordinates":[[[-61.735937,9.631201],[-62.0771,9.975049],[-62.32041,9.783057],[-62.550342,10.200439],[-62.740576,10.056152],[-62.68584,10.289795],[-62.913574,10.531494],[-61.879492,10.741016],[-64.298193,10.635156],[-63.731885,10.503418],[-65.129102,10.070068],[-65.851758,10.257764],[-66.247217,10.632227],[-68.139941,10.492725],[-68.398633,11.160986],[-68.827979,11.431738],[-69.631592,11.479932],[-70.003955,12.177881],[-70.286523,11.886035],[-70.192578,11.624609],[-69.817334,11.67207],[-69.804785,11.474219],[-70.097119,11.519775],[-71.469531,10.96416],[-71.494238,10.533203],[-71.052686,9.705811],[-71.241406,9.160449],[-71.619531,9.047949],[-72.112842,9.815576],[-71.594336,10.657373],[-71.956934,11.569922],[-71.414551,11.755176],[-71.137305,12.046338],[-71.262109,12.335303],[-71.597461,12.434375],[-73.313379,11.295752],[-74.14292,11.32085],[-74.400879,10.765234],[-74.51626,10.8625],[-74.330225,10.99668],[-74.84458,11.109717],[-75.247949,10.783252],[-75.70835,10.143408],[-75.538574,10.205176],[-75.639355,9.450439],[-76.027246,9.365771],[-76.276855,8.989111],[-76.920459,8.57373],[-76.786572,7.931592],[-77.830811,9.068115],[-79.112256,9.536768],[-79.577295,9.597852],[-81.063086,8.812646],[-81.545605,8.827002],[-81.894482,9.14043],[-81.780225,8.957227],[-82.077881,8.934863],[-82.370801,9.428564],[-83.346826,10.315381],[-83.867871,11.300049],[-83.651758,11.642041],[-83.828906,11.861035],[-83.593359,12.713086],[-83.510938,12.411816],[-83.49375,13.738818],[-83.187744,14.340088],[-83.413721,14.825342],[-83.15752,14.993066],[-83.369189,15.23999],[-83.646387,15.368408],[-83.497949,15.222119],[-83.760449,15.220361],[-84.095068,15.400928],[-83.972803,15.519629],[-83.765283,15.405469],[-84.261426,15.822607],[-84.97373,15.989893],[-85.483691,15.899512],[-85.985645,16.02417],[-86.356641,15.783203],[-86.907227,15.762354],[-87.701855,15.910645],[-88.131104,15.701025],[-88.593945,15.950293],[-88.603369,15.76416],[-88.894043,15.890625],[-88.313428,16.632764],[-88.085254,18.226123],[-88.349268,18.358838],[-88.031738,18.838916],[-88.039062,18.483887],[-87.881982,18.273877],[-87.804102,18.35708],[-87.501074,19.287793],[-87.658691,19.352344],[-87.424756,19.58335],[-87.687695,19.637109],[-87.441748,19.861523],[-87.421387,20.231396],[-86.864697,20.885059],[-86.824072,21.42168],[-87.128467,21.621484],[-87.38667,21.551465],[-87.188281,21.546436],[-87.250879,21.446973],[-88.131641,21.615869],[-90.18291,21.120898],[-90.458447,20.713721],[-90.491699,19.946777],[-90.693164,19.729883],[-90.739258,19.352246],[-91.43667,18.889795],[-91.275244,18.624463],[-91.533984,18.456543],[-91.913574,18.528516],[-91.973779,18.715869],[-92.441016,18.675293],[-94.459766,18.16665],[-95.181836,18.700732],[-95.821094,18.754639],[-96.289551,19.34375],[-96.456055,19.869775],[-97.186328,20.717041],[-97.753809,22.02666],[-97.383447,21.566699],[-97.40918,21.272559],[-97.314502,21.564209],[-97.763281,22.105859],[-97.857813,22.624512],[-97.667676,24.38999],[-97.140186,26.029736],[-97.435059,26.48584],[-97.485107,27.237402],[-97.768457,27.45752],[-97.439111,27.328271],[-97.288721,27.670605],[-97.431494,27.837207],[-97.073096,27.986084],[-97.156494,28.144336],[-96.839502,28.194385],[-96.773535,28.421631],[-96.421094,28.457324],[-96.640039,28.708789],[-96.011035,28.631934],[-96.234521,28.488965],[-95.273486,28.963867],[-94.888281,29.370557],[-95.022852,29.702344],[-94.832324,29.752588],[-94.778271,29.547852],[-94.52627,29.547949],[-94.759619,29.384277],[-93.890479,29.689355],[-93.841455,29.979736],[-93.826465,29.725146],[-93.175684,29.778955],[-92.26084,29.556836],[-91.893164,29.836035],[-91.514209,29.555371],[-91.248828,29.564209],[-91.150781,29.31792],[-91.290137,29.288965],[-90.751025,29.130859],[-90.379199,29.295117],[-90.212793,29.104932],[-90.052783,29.336816],[-90.159082,29.537158],[-89.443164,29.194141],[-89.376123,28.981348],[-89.015723,29.202881],[-89.720898,29.619287],[-89.354443,29.820215],[-89.400732,30.046045],[-89.631689,29.903809],[-89.815186,30.007275],[-89.737451,30.171973],[-90.284961,30.065088],[-90.413037,30.140332],[-90.225293,30.379297],[-89.588477,30.165967],[-88.905225,30.415137],[-88.135449,30.366602],[-88.011328,30.694189],[-87.790283,30.291797],[-88.005957,30.230908],[-87.281055,30.339258],[-86.997559,30.570312],[-86.985791,30.430859],[-87.201172,30.339258],[-86.257373,30.493018],[-86.123828,30.405811],[-86.454443,30.399121],[-85.755811,30.166992],[-85.603516,30.286768],[-85.675781,30.121924],[-85.318945,29.680225],[-84.382812,29.907373],[-84.309668,30.064746],[-83.694385,29.925977],[-82.651465,28.8875],[-82.843506,27.845996],[-82.742871,27.709375],[-82.610986,27.777246],[-82.675195,27.96377],[-82.405762,27.862891],[-82.7146,27.499609],[-82.290039,26.870801],[-82.013281,26.961572],[-82.0396,26.552051],[-81.828662,26.687061],[-81.958936,26.489941],[-81.715479,25.983154],[-81.364941,25.831055],[-80.94043,25.264209],[-81.136035,25.309668],[-81.110498,25.138037],[-80.484668,25.229834],[-80.126367,25.833496],[-80.05007,26.80764],[-80.74858,28.380852],[-80.838184,28.757666],[-80.693506,28.344971],[-80.606754,28.522652],[-80.609932,28.17766],[-80.456996,27.900881],[-80.524201,28.486143],[-81.249686,29.793711],[-81.516388,30.801789],[-81.441793,31.199724],[-81.288477,31.263916],[-81.380957,31.353271],[-81.17569383732742,31.53139479036335],[-81.113281,31.878613],[-80.694238,32.215723],[-80.802539,32.448047],[-80.579346,32.287305],[-80.474462,32.422621],[-80.63418,32.511719],[-79.940723,32.667139],[-79.933105,32.810059],[-79.276025,33.1354],[-79.226683,33.404757],[-79.19380435825641,33.244149175247344],[-78.841455,33.724072],[-78.01333,33.911816],[-77.953271,34.168994],[-77.92764515923248,33.940264336995426],[-77.750732,34.284961],[-77.379897,34.526601],[-77.412194,34.730852],[-77.29624,34.60293],[-76.439795,34.84292],[-76.456738,34.989355],[-76.744971,34.940967],[-76.974951,35.025195],[-77.070264,35.154639],[-76.77915,34.990332],[-76.512939,35.27041],[-77.03999,35.527393],[-76.173828,35.35415],[-75.773926,35.646973],[-75.758838,35.843262],[-75.853906,35.960156],[-76.083594,35.690527],[-76.069775,35.970313],[-76.726221,35.957617],[-76.733643,36.22915],[-76.559375,36.015332],[-76.15,36.145752],[-76.147852,36.279297],[-75.820068,36.112842],[-75.946484,36.659082],[-75.53437557760658,35.81957277732883],[-75.99938725854823,36.912605],[-76.487842,36.897021],[-76.671875,37.172949],[-77.250879,37.329199],[-76.630908,37.221729],[-76.400879,36.991309],[-76.283301,37.052686],[-76.757715,37.50542],[-76.453906,37.273535],[-76.263477,37.357031],[-76.305566,37.571484],[-76.549463,37.669141],[-77.111084,38.165674],[-76.49248,37.682227],[-76.344141,37.675684],[-76.264258,37.893555],[-77.313672,38.396631],[-77.030371,38.889258],[-77.23252,38.407715],[-77.001172,38.445264],[-76.341162,38.087012],[-76.668555,38.5375],[-76.394092,38.368994],[-76.558545,39.065234],[-76.427588,39.126025],[-76.57041,39.269336],[-76.420898,39.225],[-76.062988,39.561133],[-75.872949,39.510889],[-76.235693,39.191602],[-76.135205,39.082129],[-76.330664,38.908594],[-76.168164,38.852734],[-76.341162,38.709668],[-76.016943,38.625098],[-76.26416,38.599951],[-76.264648,38.436426],[-76.051221,38.279541],[-75.858691,38.362061],[-75.85083,37.971582],[-75.659277,37.953955],[-75.975049,37.398438],[-75.93435155478308,37.15194621865983],[-75.038877,38.426544],[-75.187109,38.591113],[-75.088672,38.777539],[-75.392187,39.092773],[-75.587598,39.640771],[-75.400635,39.831592],[-75.07417,39.983496],[-75.421875,39.789697],[-75.524219,39.490186],[-74.897021,39.145459],[-74.954297,38.949951],[-74.794482,39.001904],[-74.0646,39.993115],[-74.07995540330906,39.78837161484746],[-73.972266,40.400342],[-74.264209,40.528613],[-73.927197,40.914258],[-73.969922,41.249707],[-73.871973,41.055176],[-73.98667065161699,40.75164814864454],[-72.924707,41.285156],[-71.52290917144191,41.37894385338418],[-71.390137,41.795313],[-71.14873,41.745703],[-71.168555,41.489404],[-70.701123,41.714844],[-70.65719868058217,41.53438236481432],[-69.948826,41.677224],[-69.977881,41.961279],[-70.108936,42.07832],[-70.241064,42.091211],[-70.001416,41.826172],[-70.42666,41.757275],[-70.738281,42.228857],[-71.046191,42.331104],[-70.612939,42.623242],[-70.829053,42.825342],[-70.269238,43.671924],[-70.062354,43.834619],[-69.80835,43.772314],[-69.652881,43.993896],[-69.623926,43.880615],[-69.137256,44.037842],[-68.762695,44.570752],[-68.811914,44.339355],[-68.53252,44.258643],[-68.450586,44.507617],[-68.056641,44.384326],[-67.839063,44.57627],[-67.19126,44.675586],[-66.987012,44.827686],[-67.124854,45.169434],[-66.439844,45.095898],[-66.026563,45.417578],[-66.109766,45.316602],[-65.884473,45.2229],[-64.778516,45.638428],[-64.632715,45.946631],[-64.314648,45.835693],[-64.873145,45.35459],[-63.368018,45.364795],[-64.093164,45.21709],[-64.135498,45.023047],[-64.448145,45.337451],[-66.090625,44.504932],[-65.868018,44.568799],[-66.193066,44.143848],[-66.125732,43.813818],[-65.481579,43.518171],[-64.2757005728785,44.33411855350192],[-64.2862,44.550588],[-64.100991,44.487621],[-63.999707,44.644922],[-63.609936,44.480205],[-63.604097,44.683423],[-63.306182,44.64265],[-61.067817,45.252794],[-61.460972,45.366559],[-61.277051,45.476025],[-61.448285,45.714755],[-61.283721,45.574014],[-60.386084,45.654639],[-59.842259,45.94177],[-59.877709,46.163487],[-56.371463,46.778385],[-56.36459,47.099063],[-56.264028,46.845048],[-55.315765,46.905923],[-54.856641,47.38501],[-54.473853,47.547253],[-54.56247223238846,47.375384969955306],[-54.45587,47.427674],[-54.191829,47.859999],[-53.849447,47.44036],[-54.173729272365605,46.880432023497434],[-54.009799,46.839777],[-53.597576,47.146166],[-53.58971385012961,46.63882795431719],[-53.06978882188313,46.6812421982985],[-52.668506,47.469824],[-52.742951,47.767395],[-43.943979,59.818649],[-43.6581136440025,59.85877022498111],[-43.955089,60.025535],[-43.320089,59.928177],[-43.1229,60.06123],[-43.295654,60.444971],[-43.939741,60.567414],[-43.044092,60.523682],[-42.717041,60.76748],[-42.32369027129652,61.68174582279467],[-42.585303,61.71748],[-42.110454969650924,61.85707318575479],[-42.321546,62.152796],[-42.152979,62.568457],[-42.94165,62.720215],[-41.908984,62.737109],[-41.634688,62.972461],[-42.174449,63.20901],[-41.388114,63.061913],[-41.04891,63.513798],[-40.55045387767484,63.7254583084601],[-40.617773,64.131738],[-41.581255,64.298556],[-40.781665,64.221817],[-40.18226053323249,64.48000037085872],[-40.655469,64.915332],[-40.966016,64.868848],[-41.084424,65.10083],[-40.253041,65.048924],[-39.57808857573146,65.34082815896353],[-40.173666,65.556386],[-38.20358,65.711958],[-38.520537,66.009899],[-38.14004563106363,65.90354815268448],[-37.75256454324692,66.26157993226097],[-38.156641,66.385596],[-37.278598,66.304635],[-38.00127,65.709619],[-37.754199,65.593066],[-37.062793,65.871436],[-36.665302,65.790274],[-36.527171,66.007754],[-36.379014,65.831021],[-35.630249,66.140046],[-35.867236,66.441406],[-35.188574,66.250293],[-34.632764,66.434808],[-34.10166,66.725928],[-33.108232,67.658248],[-32.164724,67.991096],[-32.366882,68.212788],[-32.180127,68.257275],[-32.327441,68.437305],[-30.978564,68.061328],[-30.610742,68.11792],[-30.72002,68.251172],[-30.195508,68.198975],[-26.48291,68.675928],[-25.092432,69.165186],[-25.188574,69.260547],[-24.295557,69.439307],[-24.29668,69.585547],[-23.739404,69.588623],[-23.865723,69.736719],[-22.287061,70.033398],[-22.206592,70.10791],[-25.529883,70.353174],[-27.027734,70.201221],[-27.38418,69.991602],[-27.628857,70.028223],[-26.508398,70.396631],[-29.07207,70.444971],[-28.145654,70.655664],[-27.979297,70.839502],[-28.398438,70.99292],[-26.71792,70.950488],[-25.667578,71.265332],[-25.842725,71.480176],[-27.162305,71.602197],[-27.010645,71.630566],[-25.885156,71.571924],[-24.562207,71.223535],[-23.971387,70.649463],[-23.327832,70.450977],[-22.690674,70.437305],[-22.437012,70.86001],[-22.384131,70.462402],[-21.522656,70.526221],[-21.752246,71.47832],[-22.299023,71.432324],[-22.417578,71.248682],[-22.479639,71.383447],[-22.503223,71.500439],[-21.959668,71.744678],[-24.572363,72.420215],[-25.203711,72.392969],[-24.700684,72.506348],[-24.81333,72.901514],[-26.657617,72.71582],[-24.62998,73.037646],[-24.069043,72.49873],[-22.293213,72.119531],[-22.280225,72.344775],[-22.074805,72.399219],[-22.036328,72.918457],[-24.132666,73.409375],[-27.348047,73.067822],[-27.561621,73.138477],[-26.541846,73.248975],[-27.27041,73.436279],[-26.062305,73.253027],[-24.77832,73.539893],[-25.521289,73.851611],[-24.677246,73.602197],[-24.157715,73.764453],[-23.233203,73.397705],[-22.346875,73.269238],[-20.509668,73.492871],[-20.367285,73.848242],[-22.134814,73.990479],[-22.335254,74.063428],[-22.195654,74.205713],[-22.334326,74.286377],[-21.972705,74.390039],[-21.982617,74.56748],[-21.761963,74.482764],[-21.954932,74.244287],[-21.129443,74.110889],[-19.369141,74.284033],[-19.225098,74.479492],[-19.984912,74.975195],[-20.41709,74.975195],[-20.861572,74.635938],[-21.038477,74.65415],[-20.795313,74.805957],[-20.985791,75.074365],[-21.695117,74.964453],[-22.232861,75.119727],[-21.649316,75.023438],[-20.484961,75.314258],[-19.526367,75.180225],[-19.366455,75.386426],[-19.508984,75.75752],[-20.103613,76.219092],[-21.488232,76.271875],[-21.877344,76.573486],[-22.609326,76.704297],[-21.614697,76.687891],[-20.064355,76.927588],[-18.605762,76.763281],[-18.337256,76.921191],[-18.292383,77.132861],[-18.442627,77.259375],[-20.231934,77.368408],[-20.680811,77.618994],[-19.296094,77.585254],[-19.49043,77.718896],[-20.862598,77.911865],[-21.72959,77.708545],[-20.955664,78.555029],[-21.13374,78.658643],[-18.991992,79.178369],[-19.414014,79.348828],[-19.353027,79.73418],[-20.068848,79.773779],[-20.150146,80.01123],[-19.429199,80.257715],[-16.48877,80.251953],[-15.937256,80.427637],[-16.760596,80.573389],[-14.503564,80.763281],[-14.228564,80.870459],[-14.452344,80.993115],[-13.126221,81.087793],[-11.425537,81.480615],[-14.241992,81.813867],[-16.120703,81.776611],[-17.456055,81.397705],[-19.629932,81.639893],[-23.117725,80.778174],[-23.072461,80.926709],[-21.503906,81.4375],[-21.146582,81.695166],[-21.130322,81.934229],[-21.337988,82.068701],[-22.940088,82.030518],[-23.496143,81.773047],[-24.293066,81.700977],[-25.148828,82.001123],[-29.543848,81.939941],[-29.887402,82.054834],[-23.118066,82.324707],[-21.520654,82.59541],[-24.470312,82.877393],[-25.123389,83.159619],[-32.032715,82.983447],[-31.992676,83.085352],[-25.888635614900885,83.27858981096918],[17.95789304368642,80.14977417064664],[18.855957,80.036621],[18.255371,79.929199],[18.725,79.760742],[20.784082,79.748584],[19.674609,79.591162],[20.128223,79.4896],[22.865527,79.411865],[22.695703,79.329053],[23.947754,79.194287],[25.641211,79.403027],[27.198633,79.906592],[27.03617400573892,80.1158961237476],[45.82873072151614,80.70078317401519],[44.90498,80.611279],[46.141406,80.446729],[47.705273,80.765186],[48.62528,80.508523],[49.087733,80.515913],[49.192676,80.656006],[49.087793,80.515771],[48.625098,80.508301],[48.402637,80.568799],[47.895801,80.529053],[46.644434,80.300342],[48.38623,80.095801],[48.977539,80.162598],[48.677051,80.300049],[48.896094,80.369189],[51.703613,80.687646],[50.801074,80.91416],[49.82672972184958,80.89561734774419],[50.383158,81.427692],[55.818226,81.862135],[57.98781,81.862135],[57.964844,81.695654],[59.356445,81.758984],[59.26194089917246,81.85417451063402],[59.363643,81.862135],[62.379893,81.809219],[63.771156970038255,81.66055767671392],[62.106445,81.679346],[63.808643,81.597552],[65.13573274896716,81.15043458442602],[64.310156,81.175195],[64.095703,80.99834],[62.520313,80.821875],[63.187598,80.697607],[64.997461,80.818896],[65.437402,80.930713],[65.36082836673341,81.06838543839226],[89.90131957766754,81.17052543324452],[91.222852,81.063818],[91.567188,81.141211],[91.3914970871317,81.18749029784601],[95.8385395158626,81.27304024424318],[93.065137,80.988477],[92.592578,80.780859],[93.2625,80.79126],[91.523828,80.358545],[93.654688,80.009619],[97.175195,80.241016],[97.416992,80.323145],[97.025391,80.535547],[97.113086,80.614063],[97.856445,80.698096],[96.75498,80.957861],[96.196795,81.26734],[138.844476,76.252969],[156.042393,77.470052],[179.54754143247058,71.44761086743685],[178.683887,71.105664],[178.792578,70.82207],[180.0,70.993018],[180.0,68.983447],[178.84834,69.387207],[175.921484,69.895313],[173.438672,69.946826],[173.277441,69.823828],[170.486816,70.107568],[170.503125,69.856543],[170.160938,69.626562],[170.582227,69.58335],[170.99668,69.134717],[170.537598,68.825391],[169.609863,68.786035],[169.310645,69.079541],[168.303027,69.271484],[168.15,69.577393],[167.856836,69.728223],[166.820313,69.499561],[163.201367,69.714746],[162.166016,69.611572],[161.536914,69.379541],[161.565625,68.905176],[160.856055,68.53833],[161.340625,68.905176],[161.035547,69.098193],[160.910742,69.606348],[159.83252,69.784961],[159.729395,69.870215],[159.983398,70.221387],[159.958594,70.423633],[159.350684,70.790723],[156.68457,71.09375],[152.508789,70.834473],[151.762012,70.982471],[152.092773,71.023291],[151.145313,71.37373],[150.097656,71.226562],[150.667773,71.455225],[148.968164,71.690479],[150.016895,71.895654],[149.501562,72.164307],[148.402051,72.311963],[147.261816,72.327881],[146.073242,71.80835],[145.075586,71.707373],[145.063965,71.926074],[145.756738,71.941309],[145.758594,72.225879],[146.230273,72.1375],[146.005859,71.945459],[146.113281,71.944971],[146.831836,72.29541],[144.294922,72.192627],[144.169238,72.258789],[146.25293,72.442236],[144.303906,72.643018],[140.708105,72.890039],[141.079297,72.586914],[139.601172,72.496094],[139.14082,72.329736],[139.176367,72.163477],[140.187695,72.191309],[139.359277,71.951367],[139.722949,71.884961],[139.695117,71.700439],[139.98418,71.491504],[138.23418,71.596338],[137.918359,71.384082],[138.314063,71.325537],[137.844043,71.226807],[137.939648,71.133398],[136.090332,71.61958],[134.702734,71.386816],[133.688867,71.434229],[132.653906,71.925977],[132.227637,71.642773],[132.035352,71.244043],[131.157422,70.742188],[130.757129,70.962354],[130.537109,70.892529],[129.761914,71.119531],[128.843262,71.663477],[129.46084,71.739307],[129.210254,71.916943],[128.911426,71.755322],[127.726074,72.413184],[129.283496,72.092041],[129.411719,72.315479],[129.281348,72.437695],[128.418262,72.535156],[129.250391,72.705176],[128.599023,72.895166],[129.100586,73.112354],[127.740332,73.481543],[127.031348,73.547461],[126.552539,73.334912],[126.29248,73.394189],[126.254492,73.548193],[125.598535,73.447412],[124.541211,73.75127],[123.416211,73.636865],[123.322656,73.430811],[123.622266,73.193262],[123.160352,72.954883],[122.526758,73.016699],[122.751953,72.906494],[122.5375,72.877783],[119.750391,72.979102],[118.430273,73.246533],[118.457031,73.464404],[118.936426,73.481201],[118.450195,73.589795],[115.337695,73.702588],[114.060547,73.584668],[113.510352,73.50498],[113.88623,73.345801],[113.558887,73.232617],[113.542773,73.054346],[113.215527,72.805859],[113.664551,72.634521],[113.127832,72.830664],[113.474609,73.047852],[113.490918,73.346094],[113.156934,73.45957],[113.416211,73.647607],[113.032812,73.913867],[112.835938,73.962061],[112.939648,73.835645],[112.79541,73.746094],[112.147266,73.708936],[111.228125,73.968555],[111.550586,74.028516],[110.261426,74.017432],[109.665625,73.800244],[110.868164,73.730713],[107.750391,73.173145],[106.47793,73.139404],[105.143945,72.777051],[106.188672,73.308008],[106.679395,73.330664],[107.271094,73.621045],[108.199512,73.694092],[109.810254,74.169189],[109.840332,74.321973],[112.924902,75.015039],[113.726172,75.450635],[112.955664,75.571924],[112.466113,75.843652],[113.567578,75.568408],[113.857227,75.921289],[113.563867,75.89165],[113.272656,76.25166],[112.65625,76.053564],[112.798437,76.129639],[112.619531,76.383545],[111.942676,76.380469],[112.093945,76.480322],[111.114844,76.723047],[108.181641,76.737842],[107.722168,76.522314],[106.413574,76.512256],[107.429785,76.926563],[104.202441,77.101807],[106.05957,77.390527],[104.014551,77.73042],[102.610156,77.508545],[100.905859,76.900684],[101.099316,76.704004],[100.928027,76.556738],[101.597754,76.439209],[98.805664,76.480664],[99.825391,76.135938],[99.851367,75.930273],[99.540723,75.798584],[99.77041,76.02876],[98.662012,76.242676],[96.49707,75.891211],[96.600586,75.989893],[95.65332,75.892187],[96.075488,76.081982],[95.578711,76.137305],[93.259277,76.098779],[92.858594,75.979492],[94.156348,75.959229],[90.184961,75.591064],[87.671387,75.12959],[87.005957,75.169824],[86.939063,75.068115],[87.467578,75.013232],[86.862891,74.717871],[86.20127,74.816211],[85.791016,74.645117],[87.229688,74.363867],[86.395801,74.450098],[86.001367,74.316016],[86.571094,74.24375],[87.571191,73.810742],[85.910059,73.39043],[86.677051,73.106787],[85.818164,73.326953],[85.792578,73.43833],[87.029492,73.82417],[86.892969,73.887109],[80.583203,73.568457],[80.424512,73.231152],[80.841602,72.94917],[80.65625,72.712012],[80.827051,72.488281],[82.093652,72.26543],[82.64541,71.925244],[83.534375,71.683936],[83.15127,71.103613],[83.735938,70.546484],[83.073828,70.276709],[83.080762,70.093018],[82.682324,70.217725],[83.030176,70.580518],[83.010156,70.89541],[82.59248,70.889941],[82.221191,70.395703],[82.163184,70.598145],[82.335938,70.807373],[82.322852,71.26001],[82.977051,71.451367],[83.233594,71.668164],[83.106641,71.720508],[81.661621,71.715967],[80.7625,72.08916],[79.42207,72.380762],[78.482617,72.394971],[77.41084,72.107764],[78.016406,72.092041],[78.186914,71.90708],[77.550781,71.84209],[76.871387,72.033008],[76.032422,71.9104],[76.433398,71.55249],[78.212598,71.266309],[78.491406,71.025391],[79.01543,70.950195],[75.733594,71.265918],[75.280273,71.430078],[75.503223,71.654639],[75.247461,71.813379],[75.273828,71.958936],[75.741406,72.29624],[75.603516,72.581055],[75.369336,72.796631],[74.786816,72.811865],[75.060352,72.548779],[74.992188,72.144824],[73.671777,71.845068],[73.08623,71.444922],[74.343359,70.578711],[73.578125,69.802979],[73.890918,69.417969],[73.775684,69.198242],[74.814844,69.090576],[76.000977,69.235059],[77.650684,68.903027],[77.995117,68.259473],[77.664844,68.190381],[77.588281,67.751904],[78.922461,67.589111],[77.771582,67.570264],[77.174414,67.778516],[77.238477,68.46958],[76.45918,68.978271],[75.124609,68.861719],[74.57959,68.751221],[74.391406,68.420605],[74.742676,68.073535],[74.769531,67.766357],[74.074512,67.414111],[73.79209,66.995313],[72.417383,66.560791],[72.321582,66.332129],[72.067578,66.25332],[69.982422,66.401416],[69.194336,66.578662],[69.013477,66.78833],[70.690723,66.745313],[70.382813,66.60249],[70.724902,66.519434],[71.539551,66.683105],[71.365234,66.961523],[71.847461,67.007617],[73.066797,67.766943],[73.139453,68.181348],[73.591699,68.481885],[72.576758,68.968701],[72.469434,70.274951],[72.7,70.457324],[72.704492,70.963232],[71.867285,71.457373],[72.574121,72.012549],[72.812109,72.691406],[71.500195,72.913672],[69.391406,72.955518],[68.269238,71.682813],[66.639648,71.081396],[66.84707,71.063721],[66.702246,70.818506],[67.284766,70.738721],[67.146484,70.219922],[67.239258,70.108057],[66.926367,70.014258],[66.80293,69.740137],[66.89668,69.553809],[67.064453,69.693701],[67.624121,69.584424],[68.005859,69.480029],[68.542773,68.96709],[69.140527,68.950635],[68.504199,68.348437],[67.002441,68.873584],[64.896289,69.247803],[64.19043,69.534668],[60.909082,69.847119],[60.170605,69.590918],[60.933594,68.986768],[60.48916,68.728955],[59.895996,68.706348],[59.922852,68.471338],[59.725684,68.351611],[59.099023,68.444336],[59.112305,68.616309],[59.370508,68.738379],[59.057324,69.006055],[57.126855,68.554004],[55.418066,68.567822],[54.923047,68.373828],[54.861328,68.201855],[53.260547,68.26748],[53.930859,68.435547],[53.758887,68.633984],[53.970605,68.844287],[53.797656,68.907471],[54.491211,68.992334],[53.801953,68.995898],[52.344043,68.608154],[52.722656,68.484033],[52.39668,68.351709],[51.994727,68.53877],[49.155273,67.87041],[48.754297,67.895947],[48.833203,67.681494],[47.874707,67.58418],[47.655859,66.975928],[46.492383,66.800195],[45.885352,66.891064],[45.562207,67.185596],[44.902148,67.413135],[45.528711,67.757568],[46.69043,67.848828],[45.891992,68.479688],[43.333203,68.673389],[44.204688,68.25376],[44.225391,67.995605],[43.782422,67.254492],[44.429297,66.937744],[44.488672,66.671777],[44.097168,66.235059],[44.104395,66.008594],[43.541895,66.123389],[43.653125,66.250977],[43.233203,66.415527],[42.210547,66.519678],[41.475781,66.123438],[39.816504,65.597949],[39.798047,65.349854],[40.444922,64.778711],[40.057813,64.770752],[39.758008,64.577051],[36.882813,65.172363],[36.53457,64.938623],[36.578711,64.790967],[37.183691,64.408496],[37.953711,64.320117],[38.062207,64.091016],[37.442188,63.813379],[35.035352,64.440234],[34.869531,64.56001],[34.952246,64.755957],[34.803516,64.985986],[34.406445,65.395752],[34.776953,65.768262],[34.691797,65.951855],[34.112695,66.225244],[33.360547,66.329541],[33.655957,66.442627],[31.895313,67.161426],[32.930469,67.086816],[32.847559,67.021533],[33.150195,66.843945],[34.482617,66.550342],[38.653906,66.069043],[40.10332,66.299951],[41.188965,66.826172],[41.358789,67.209668],[41.133887,67.266943],[40.966406,67.713477],[35.85791,69.191748],[33.684375,69.310254],[33.141211,69.068701],[33.454297,69.428174],[32.377734,69.479102],[32.091504,69.632568],[32.915039,69.601709],[33.007813,69.722119],[31.98457,69.953662],[31.997949,69.809912],[31.546973,69.696924],[30.42832,69.722266],[30.237598,69.862207],[30.088281,69.717578],[29.694629,69.74458],[29.601367,69.976758],[28.781152,70.14541],[30.262988,70.124707],[30.960645,70.343848],[30.065137,70.702979],[28.831543,70.863965],[28.192969,70.248584],[28.271777,70.667969],[27.898047,70.67793],[28.382715,70.869434],[28.141699,71.043018],[27.331641,70.996729],[27.235254,70.947217],[27.546484,70.804004],[26.585059,70.41001],[26.558203,70.669141],[26.733984,70.853564],[26.506934,70.912793],[25.043848,70.109033],[25.209277,70.489404],[25.768164,70.853174],[24.658008,71.001025],[24.263477,70.826318],[24.42002,70.702002],[23.379395,70.247461],[23.353906,69.983398],[22.68457,70.374756],[21.355762,70.233398],[21.802734,70.066064],[21.974707,69.83457],[21.43291,70.013184],[20.62207,69.913916],[20.532715,69.692334],[20.739453,69.520508],[20.054492,69.332666],[20.338184,69.61665],[20.324219,69.945313],[19.960547,69.824609],[19.641504,69.424023],[19.722461,69.781641],[19.197266,69.747852],[18.614453,69.490576],[18.915918,69.335596],[18.259766,69.470605],[18.101465,69.156299],[16.514355,68.532568],[17.552832,68.42627],[16.203809,68.316748],[16.391992,68.091602],[16.312305,67.881445],[16.00791,68.228711],[15.292871,68.036475],[15.621387,67.948291],[15.134277,67.972705],[14.798926,67.809326],[14.781348,67.674902],[15.303906,67.765283],[15.24873,67.602148],[15.691504,67.521387],[15.594434,67.348535],[14.961914,67.574268],[14.441699,67.271387],[15.415723,67.202441],[14.108789,67.119238],[13.651563,66.90708],[13.959473,66.794336],[13.211426,66.64082],[13.118848,66.230664],[14.03418,66.297559],[12.783789,66.100439],[13.033105,65.95625],[12.688867,65.902197],[12.133887,65.27915],[12.417578,65.184082],[12.915527,65.339258],[12.508398,65.099414],[12.159668,65.178955],[11.489355,64.97583],[11.296777,64.754785],[11.63291,64.813916],[10.565625,64.418311],[9.567285,63.706152],[10.055078,63.512695],[10.934863,63.770215],[11.075195,63.988135],[11.457617,64.002979],[11.175586,63.898877],[11.370703,63.804834],[10.725293,63.625],[10.760156,63.461279],[10.020996,63.39082],[9.696875,63.624561],[9.156055,63.459326],[9.13584,63.593652],[8.576172,63.601172],[8.360742,63.498877],[8.635547,63.342334],[8.158008,63.161523],[8.623145,62.84624],[8.100586,63.090967],[7.571875,63.099512],[6.94043,62.930469],[6.734961,62.720703],[8.095508,62.731836],[7.538379,62.67207],[7.690723,62.585596],[7.570117,62.548193],[6.35293,62.611133],[6.136133,62.407471],[6.692383,62.468066],[6.208984,62.352783],[5.718164,62.378906],[5.143164,62.159912],[5.096484,62.02666],[5.266895,61.935596],[6.730762,61.869775],[4.930078,61.87832],[4.927832,61.710693],[5.338672,61.485498],[5.002734,61.433594],[5.106738,61.187549],[6.383496,61.133887],[6.599902,61.289648],[7.173535,61.165967],[7.442578,61.434619],[7.346582,61.300586],[7.604492,61.210547],[7.040137,61.091162],[7.038672,60.95293],[6.777832,61.142432],[5.008594,61.038184],[5.11582,60.635986],[5.64834,60.687988],[5.137109,60.445605],[5.28584,60.205713],[5.688574,60.123193],[5.205664,60.087939],[5.145801,59.638818],[6.15332,60.34624],[6.995703,60.511963],[6.526855,60.15293],[6.573633,60.360596],[6.34873,60.352979],[5.730469,59.863086],[6.216602,59.818359],[5.242187,59.564307],[5.173242,59.162549],[6.415332,59.547119],[5.951855,59.299072],[5.88916,59.097949],[6.099414,58.951953],[6.363281,59.000928],[6.099023,58.870264],[5.612207,59.012891],[5.585938,58.62041],[6.659863,58.262744],[6.555078,58.123438],[6.731445,58.068311],[8.166113,58.145313],[9.656934,58.971191],[9.557227,59.112695],[9.842578,58.958496],[10.179395,59.009277],[10.595313,59.764551],[10.834473,59.183936],[11.386426,59.065723],[11.147168,58.988623],[11.248242,58.369141],[11.431543,58.33999],[11.449316,58.118359],[11.703223,57.973193],[11.734961,57.717676],[12.421484,56.906396],[12.883691,56.617725],[12.857422,56.452393],[12.656445,56.440576],[12.80166,56.263916],[12.471191,56.290527],[12.973926,55.748145],[12.88584,55.411377],[14.17373,55.396631],[14.341699,55.527734],[14.215039,55.832617],[14.401953,55.976758],[14.754785,56.033154],[14.782031,56.161914],[15.82666,56.124951],[16.34873,56.709277],[16.652246,57.500684],[16.555371,57.812256],[16.769922,58.214258],[16.651953,58.434326],[16.923828,58.492578],[16.214258,58.63667],[16.978125,58.65415],[18.285352,59.109375],[18.617578,59.327051],[17.964258,59.359375],[18.970508,59.757227],[18.852734,60.025879],[17.955762,60.589795],[17.250977,60.700781],[17.130762,61.575732],[17.196387,61.724561],[17.46543,61.684473],[17.374512,61.866309],[17.633691,62.233008],[17.410254,62.508398],[18.037305,62.600537],[17.87959,62.873193],[18.463086,62.89585],[18.312891,62.996387],[18.606445,63.178271],[20.762695,63.867822],[21.519629,64.463086],[21.138184,64.808691],[21.573926,65.125781],[21.410352,65.317432],[21.60918,65.261377],[21.565527,65.408105],[22.254004,65.597559],[22.400977,65.862109],[23.102344,65.735352],[24.628027,65.85918],[24.674902,65.670703],[25.347852,65.479248],[25.255859,65.143262],[25.372656,65.009473],[25.288184,64.860352],[24.55791,64.801025],[23.598926,64.040918],[22.532324,63.647852],[22.243262,63.437939],[22.319727,63.310449],[21.545117,63.204297],[21.650977,63.039307],[21.473535,63.033252],[21.103613,62.622949],[21.343359,62.277393],[21.255957,61.989648],[21.605957,61.591553],[21.360547,60.96748],[21.436035,60.596387],[22.584961,60.380566],[22.462695,60.029199],[22.911719,60.209717],[23.198438,60.021826],[23.021289,59.816016],[25.758008,60.267529],[26.03584,60.341504],[25.955957,60.474219],[26.377734,60.424072],[26.569336,60.624561],[26.534668,60.412891],[28.512793,60.677295],[28.650586,60.610986],[28.491602,60.540137],[28.643164,60.375293],[29.069141,60.191455],[29.721191,60.195313],[30.156836,59.904297],[29.147266,59.999756],[28.33457,59.692529],[28.058008,59.781543],[27.892578,59.414209],[25.509277,59.639014],[25.44375,59.521143],[24.380371,59.472656],[23.494434,59.195654],[23.432031,58.920654],[23.680762,58.787158],[23.509277,58.658545],[23.767578,58.36084],[24.529102,58.354248],[24.301563,57.784131],[24.382617,57.250049],[23.647754,56.971045],[23.287305,57.089746],[22.55459,57.724268],[21.728711,57.570996],[21.031445,56.636572],[21.188867,54.935205],[20.594824,54.982373],[21.031738,55.350488],[21.114844,55.616504],[20.678906,55.102637],[19.974512,54.921191],[19.858887,54.633838],[19.407129,54.386084],[18.836426,54.36958],[18.43623,54.744727],[18.759277,54.68457],[18.085645,54.83584],[14.38418,53.924707],[13.827734,54.127246],[13.925781,53.879053],[14.558398,53.823193],[14.583496,53.639355],[13.950391,53.801367],[13.724219,54.153223],[13.448047,54.140869],[13.028613,54.411035],[12.575391,54.467383],[11.399609,53.944629],[10.85459,54.009814],[11.013379,54.37915],[9.868652,54.472461],[10.022168,54.673926],[9.453711,55.039551],[9.670996,55.266406],[9.591113,55.493213],[10.023633,55.761426],[9.903711,55.842822],[10.183008,55.865186],[10.31875,56.212891],[10.753418,56.241992],[10.926172,56.443262],[10.282715,56.620508],[10.296094,56.999121],[10.524121,57.243213],[10.444629,57.562207],[10.609961,57.736914],[9.962305,57.580957],[9.433594,57.174316],[8.618555,57.111279],[8.268262,56.754004],[8.771973,56.725293],[9.110449,57.043652],[9.254883,57.011719],[9.196387,56.70166],[8.888086,56.735059],[8.67168,56.495654],[8.163965,56.606885],[8.132129,55.599805],[8.615918,55.418213],[8.682324,54.791846],[8.957227,54.53833],[8.644922,54.294971],[8.906641,54.260791],[8.978125,53.926221],[9.312012,53.859131],[9.783984,53.554639],[9.205566,53.855957],[8.618945,53.875],[8.495215,53.394238],[8.333887,53.606201],[8.200781,53.432422],[8.009277,53.690723],[7.629199,53.697266],[7.206445,53.654541],[7.05332,53.37583],[7.197266,53.282275],[6.816211,53.441162],[5.532031,53.268701],[4.76875,52.941309],[4.482813,52.30918],[4.026074,51.927734],[3.946875,51.810547],[4.182617,51.610303],[4.004785,51.59585],[4.274121,51.471631],[3.448926,51.540771],[4.226172,51.386475],[3.425781,51.393506],[1.767676,50.935693],[1.579492,50.739258],[1.592773,50.252197],[1.407227,50.088525],[0.186719,49.703027],[0.129395,49.508447],[0.416895,49.448389],[-0.163477,49.296777],[-1.138525,49.387891],[-1.258643,49.680176],[-1.856445,49.683789],[-1.583105,49.202393],[-1.565479,48.805518],[-1.376465,48.652588],[-2.692334,48.536816],[-3.231445,48.84082],[-4.720752,48.539893],[-4.719385,48.363135],[-4.241406,48.303662],[-4.577148,48.290039],[-4.329443,48.169971],[-4.678809,48.039502],[-4.312109,47.8229],[-2.787207,47.625537],[-2.427686,47.470898],[-2.503125,47.312061],[-1.742529,47.215967],[-2.148584,47.223926],[-2.09248,46.865039],[-1.786523,46.514844],[-1.146289,46.311377],[-1.031738,45.741064],[-1.195996,45.714453],[-0.790771,45.468018],[-0.548486,45.000586],[-1.081006,45.532422],[-1.245215,44.666699],[-1.076953,44.689844],[-1.245508,44.559863],[-1.484863,43.56377],[-1.991309,43.345068],[-3.604639,43.519482],[-4.523047,43.415723],[-5.84668,43.645068],[-7.060986,43.553955],[-7.698145,43.764551],[-9.178076,43.174023],[-9.235205,42.976904],[-8.927197,42.798584],[-9.033105,42.593848],[-8.811523,42.640332],[-8.815783234083955,42.285254746175646],[-8.690885,42.274112],[-8.887202101266949,42.10527749644659],[-8.777148,41.941064],[-8.887598,41.7646],[-8.75542,41.698389],[-8.684555,40.752758],[-8.837842,40.115674],[-9.37459,39.338297],[-9.479736,38.798779],[-9.135923,38.742984],[-8.791448,39.077951],[-9.021614,38.746705],[-9.250231,38.656736],[-9.213179,38.448248],[-8.798877,38.518164],[-8.668148,38.424425],[-8.880874,38.446646],[-8.81416,37.430811],[-8.997772659708744,37.03226710096242],[-7.834167,37.005726],[-6.86377,37.278906],[-6.396289293552516,36.831766621204814],[-6.216514,36.913664],[-6.384131,36.637012],[-6.04084,36.188696],[-5.625488,36.025928],[-5.171484,36.423779],[-4.366846,36.718115],[-2.111523,36.77666],[-1.640967,37.386963],[-0.721582,37.631055],[-0.814648,37.769922],[-0.520801,38.317285],[0.201563,38.75918],[-0.204932,39.062598],[-0.327002,39.519873],[0.596094,40.614502],[0.891113,40.722363],[0.714648,40.822852],[1.03291,41.062061],[2.082617,41.287402],[3.248047,41.944238],[3.150391,42.162451],[3.306738,42.288965],[3.043066,42.837891],[3.258887,43.193213],[4.052637,43.593066],[4.712109,43.373291],[5.059766,43.444531],[6.115918,43.072363],[6.570215,43.199072],[7.261523,43.696094],[8.00498,43.876758],[8.76582,44.422314],[10.188086,43.94751],[10.514844,42.967529],[11.167773,42.535156],[11.141211,42.389893],[11.637305,42.287549],[13.088672,41.243848],[13.733398,41.235645],[14.044336,40.812256],[14.460547,40.728711],[14.339941,40.598828],[14.765723,40.668408],[14.950879,40.239014],[15.692773,39.990186],[16.209961,38.941113],[16.196777,38.759229],[15.878906,38.613916],[15.645801,38.034229],[16.056836,37.941846],[16.545605,38.409082],[16.616699,38.800146],[17.174609,38.998096],[17.114551,39.380615],[16.521875,39.747559],[16.928223,40.458057],[17.865039,40.280176],[18.07793,39.936963],[18.34375,39.821387],[18.460645,40.221045],[17.95498,40.655176],[15.900488,41.512061],[16.164648,41.896191],[15.16875,41.934033],[14.540723,42.244287],[14.010449,42.689551],[13.56416,43.571289],[12.396289,44.223877],[12.24834,44.72251],[12.523438,44.967969],[12.225684,45.241504],[12.274316,45.446045],[13.206348,45.771387],[13.62832,45.770947],[13.783301,45.627246],[13.517188,45.481787],[13.860742,44.837402],[14.312695,45.337793],[14.550488,45.297705],[14.85459,45.081006],[14.981348,44.60293],[15.470996,44.271973],[15.122949,44.256787],[15.18584,44.172119],[15.985547,43.519775],[16.903125,43.392432],[17.723633,42.850684],[17.04541,43.014893],[18.645898,42.442725],[19.577539,41.7875],[19.3375,40.663818],[19.45918,40.405371],[19.322266,40.40708],[19.851855,40.043555],[20.300781,39.3271],[20.779688,39.008545],[21.118359,39.02998],[21.111621,38.896289],[20.768555,38.874414],[21.113184,38.384668],[22.42168,38.438525],[23.183496,38.133691],[22.846387,37.967578],[21.824707,38.328125],[21.403711,38.19668],[21.124707,37.891602],[21.678906,37.387207],[21.58291,37.080957],[21.738086,36.863232],[21.892383,36.737305],[22.080469,37.028955],[22.489453,36.446924],[22.717188,36.793945],[23.160156,36.448096],[22.725391,37.542139],[23.161523,37.333838],[23.490625,37.463867],[23.047461,37.902637],[23.537207,38.032764],[23.971582,37.676758],[24.062305,37.774512],[23.966992,38.275],[22.569141,38.86748],[23.066699,39.037939],[22.921387,39.306348],[23.161719,39.257764],[23.154688,39.101465],[23.327734,39.174902],[22.592188,40.036914],[22.629492,40.495557],[22.922266,40.590869],[22.896484,40.399902],[23.627344,39.924072],[23.42627,40.263965],[23.94707,39.965576],[23.72793,40.329736],[24.343359,40.147705],[23.866797,40.418555],[23.762793,40.747803],[24.082324,40.724072],[24.477051,40.947754],[24.792969,40.85752],[25.104492,40.994727],[25.855664,40.844092],[26.105469,40.611328],[26.79209,40.626611],[26.253809,40.314697],[26.202734,40.075391],[27.499414,40.973145],[28.95625,41.008203],[29.057227,41.229736],[28.197852,41.554492],[27.982715,42.047412],[27.484766,42.468066],[27.888867,42.749707],[27.928906,43.186133],[28.133691,43.395605],[28.561816,43.501318],[28.64541,44.295654],[28.888184,44.574756],[28.930566,44.96582],[29.095313,44.975049],[29.048242,44.757568],[29.55752,44.843408],[29.726953,45.343311],[29.628418,45.722461],[30.219043,45.866748],[30.796289,46.552002],[31.563379,46.777295],[31.532129,46.664746],[31.872852,46.649756],[31.75918,47.212842],[32.044336,46.64248],[32.578027,46.615625],[32.361328,46.474951],[31.554883,46.554297],[32.008496,46.42998],[31.83125,46.281689],[32.476758,46.083691],[33.594141,46.09624],[33.664844,45.94707],[32.508008,45.403809],[33.555176,45.097656],[33.450684,44.553662],[33.909961,44.387598],[34.469922,44.72168],[35.087695,44.802637],[35.472559,45.098486],[36.393359,45.065381],[36.575,45.393555],[35.45752,45.316309],[35.022852,45.700977],[34.849609,46.189893],[35.230371,46.440625],[35.280176,46.279492],[35.014551,46.106006],[35.827148,46.624316],[36.794824,46.714404],[37.543359,47.074561],[39.195703,47.268848],[39.270703,47.044141],[38.438672,46.813086],[38.500977,46.663672],[37.766504,46.636133],[38.492285,46.090527],[37.933105,46.001709],[37.612402,45.564697],[37.647168,45.377197],[37.213574,45.272314],[36.865918,45.427051],[36.72041,45.371875],[36.941211,45.289697],[36.627637,45.151318],[38.717285,44.288086],[39.873633,43.472803],[41.419434,42.737646],[41.758789,41.817139],[41.414355,41.423633],[40.265234,40.961328],[39.426367,41.106445],[38.381055,40.924512],[36.777734,41.363477],[36.405371,41.274609],[36.051758,41.682568],[35.297754,41.728516],[35.006445,42.063281],[33.381348,42.017578],[32.306445,41.72959],[31.254883,41.107617],[29.148145,41.221045],[29.113867,40.937842],[29.849219,40.760107],[28.787891,40.534033],[29.007129,40.389746],[27.962598,40.369873],[27.874902,40.512939],[27.728027,40.328809],[26.738086,40.400244],[26.181348,39.990088],[26.113086,39.467383],[26.899219,39.549658],[26.681836,39.292236],[26.814941,38.960986],[27.013672,38.886865],[26.763672,38.709619],[26.906836,38.481738],[27.144238,38.451953],[26.674219,38.335742],[26.441309,38.641211],[26.290723,38.277197],[27.232422,37.978662],[27.224414,37.725439],[27.067969,37.65791],[27.535059,37.163867],[27.300195,37.126855],[27.262988,36.976563],[28.242383,37.029053],[27.54043,36.684229],[28.083984,36.751465],[28.111523,36.646387],[28.303711,36.811963],[28.969629,36.715332],[29.223633,36.324463],[29.689063,36.156689],[30.446094,36.269873],[30.644043,36.865674],[31.240625,36.821729],[32.794824,36.035889],[33.694727,36.181982],[34.703613,36.816797],[35.393164,36.575195],[36.048926,36.910596],[36.180078,36.807227],[35.810938,36.309863],[35.956934,35.998145],[35.764453,35.571582],[35.902441,35.420703],[35.97793,34.547412],[35.647852,34.248242],[34.483984,31.592285],[33.666504,31.13042],[32.60332,31.06875],[32.250586,31.294922],[32.101758,31.092822],[31.771094,31.292578],[31.892188,31.482471],[32.136035,31.341064],[31.888965,31.541406],[31.524414,31.458252],[31.08291,31.60332],[31.001758,31.462793],[30.562988,31.416992],[30.923535,31.566846],[30.395117,31.457617],[30.222656,31.258398],[29.07207,30.830273],[26.768652,31.470361],[25.893262,31.620898],[25.225488,31.533789],[24.878516,31.984277],[23.286328,32.213818],[23.10625,32.331445],[23.090625,32.61875],[21.721387,32.94248],[20.621094,32.580176],[20.121484,32.21875],[19.926367,31.817529],[20.141113,31.195508],[20.013184,30.800684],[19.589844,30.41377],[18.936426,30.29043],[17.830469,30.927588],[15.705957,31.426416],[15.176563,32.391162],[13.283496,32.914648],[12.279883,32.858545],[11.202637,33.249219],[10.958008,33.626318],[10.722754,33.514404],[10.713184,33.689014],[10.305273,33.728271],[10.064844,34.211621],[10.690918,34.678467],[11.120117,35.240283],[11.004297,35.633838],[10.59082,35.887256],[10.487988,36.254883],[11.12666,36.874072],[10.951367,37.059277],[10.412305,36.731836],[10.196387,37.205859],[9.875586,37.25415],[9.830273,37.135352],[9.838477,37.308984],[9.687988,37.340381],[8.823535,36.997607],[7.910449,36.856348],[7.432422,37.059277],[6.927539,36.919434],[6.486523,37.085742],[5.29541,36.648242],[4.758105,36.896338],[3.779004,36.896191],[2.593359,36.600684],[1.257227,36.51958],[0.312207,36.162354],[-0.048242,35.832813],[-0.91748,35.668408],[-1.913281,35.094238],[-2.839941,35.127832],[-2.972217,35.407275],[-3.394727,35.211816],[-4.62832,35.206396],[-5.105371,35.467773],[-5.397363,35.929883],[-5.924805,35.785791],[-6.353125,34.776074],[-6.900736,33.968857],[-8.512842,33.252441],[-9.24585,32.572461],[-9.347461,32.086377],[-9.808491,31.42462],[-9.875488,30.71792],[-9.623828,30.352637],[-9.743457,29.958203],[-10.486357,29.065048],[-11.430176,28.382031],[-12.948926,27.91416],[-13.575626,26.735138],[-14.413843,26.253592],[-14.794828,25.404289],[-14.904382,24.719551],[-15.899205,23.844307],[-15.980629597271266,23.67038307938631],[-15.789134,23.792967],[-16.358531,22.594409],[-16.930859,21.9],[-17.098778907936108,20.85688490793429],[-16.876044,21.086284],[-16.210349,20.227965],[-16.44474462914777,19.473394636887576],[-16.305072,19.512556],[-16.51441559023125,19.36188784624602],[-16.21301,19.003492],[-16.030322,17.887939],[-16.463623,16.601514],[-16.570714,15.734285],[-17.146984,14.922035],[-17.53529968002415,14.75523035142515],[-17.168066,14.640625],[-16.791748,14.00415],[-16.618115,14.040527],[-16.766943,13.904932],[-16.440527,13.353174],[-15.42749,13.468359],[-16.413379,13.269727],[-16.750391,13.425391],[-16.767969,12.628418],[-16.44266,12.609567],[-16.784863,12.47251],[-16.436846,12.204217],[-16.24458,12.237109],[-16.327835,12.051823],[-15.920215,11.937793],[-15.941528,11.786723],[-15.078271,11.968994],[-15.500211,11.778248],[-15.412904,11.61526],[-15.07264,11.597794],[-15.429102,11.498877],[-15.393115,11.217236],[-15.221882,11.031058],[-15.054657,11.142188],[-15.012308,10.804586],[-14.886915,10.968091],[-14.677367,10.689219],[-14.593506,10.766699],[-14.426904218410519,10.248340360514979],[-13.689795,9.927783],[-13.691357,9.535791],[-13.436279,9.420313],[-13.271355,8.98741],[-13.059473,8.881152],[-13.206811,8.842949],[-13.181836,8.576904],[-12.894065,8.629706],[-13.272754,8.429736],[-12.850837630946959,7.8186844463784855],[-12.480266,7.753403],[-12.485530362614135,7.3862423180816466],[-11.733594,7.088767],[-10.276367,6.077637],[-9.132178,5.054639],[-7.517753,4.308006],[6.468164,0.227067],[6.557047,0.032867],[-49.382742,0.022273],[-49.834619,0.292952],[-50.243103,0.876891],[-49.898877,1.162988],[-49.957129,1.659863],[-50.459085,1.829372],[-50.714677,2.134185],[-51.220021,4.093678],[-51.547055,4.310642],[-51.652539,4.061279],[-51.827503,4.635557],[-52.00293,4.352295],[-52.058105,4.717383],[-52.22014,4.862572],[-52.324609,4.770898],[-52.290524,4.941947],[-52.899316,5.425049],[-53.847247968005696,5.78221245486682],[-54.155957,5.358984],[-54.05424,5.807656],[-54.356392,5.909795],[-55.828008,5.961652],[-55.897849,5.699187],[-56.969852903894896,5.992852955582442],[-57.182137,5.528784],[-57.2275703508155,6.17844329951653],[-57.982568,6.785889],[-58.41499,6.851172],[-58.672949,6.390771],[-58.477536,7.325832],[-59.200386,8.074598],[-60.167691,8.616994],[-61.304004,8.4104],[-61.618701,8.597461],[-61.247266,8.600342],[-61.023145,9.15459],[-60.79264,9.360488],[-61.588867,9.894531],[-61.765918,9.813818],[-61.735937,9.631201]],[[-24.021371,64.871648],[-23.819238,64.739356],[-22.467041,64.794971],[-22.106006,64.533057],[-21.590382,64.62665],[-21.950231,64.515003],[-21.901009,64.391677],[-22.053369,64.313916],[-21.463387,64.378991],[-22.187598,64.039209],[-22.701115,64.083195],[-22.652197,63.827734],[-21.105957,63.939844],[-20.651111,63.73766],[-20.414071,63.805382],[-20.493963,63.687379],[-20.198145,63.555811],[-18.653507,63.406931],[-14.628146,64.416043],[-14.385266,64.74517],[-14.044486,64.742018],[-13.556104,65.097656],[-13.804785,65.354785],[-13.617871,65.519336],[-14.473389,65.575342],[-14.318164,65.684473],[-14.391846,65.787402],[-14.8271,65.764258],[-14.698193,66.020215],[-15.116406,66.102441],[-14.59585,66.381543],[-15.543115,66.228516],[-16.249316,66.5229],[-16.540674,66.446729],[-16.48501,66.195947],[-17.153027,66.202832],[-17.550439,65.964404],[-18.297168,66.157422],[-18.141943,65.734082],[-18.845898,66.183936],[-19.382959,66.075684],[-19.489697,65.768066],[-20.20752,66.100098],[-20.356592,66.033252],[-20.454834,65.571045],[-20.804346,65.636426],[-21.129687,65.266602],[-21.658447,65.723584],[-21.374902,65.741895],[-21.308789,65.895313],[-21.51665,65.967578],[-21.406885,66.025586],[-22.426123,66.430127],[-22.889209,66.440625],[-23.116943,66.338721],[-22.484424,66.266309],[-22.9479,66.212744],[-22.445312,66.07002],[-22.441699,65.908301],[-23.452539,66.181006],[-23.598535,66.108838],[-23.434473,66.024219],[-23.777344,66.017578],[-23.524951,65.880029],[-23.832617,65.849219],[-23.285352,65.75],[-24.092627,65.776465],[-23.856738,65.538379],[-24.475684,65.525195],[-23.899902,65.407568],[-22.90249,65.580469],[-22.005762,65.493457],[-21.850244,65.421533],[-22.509082,65.196777],[-21.800439,65.105908],[-24.021371,64.871648]],[[-7.400783,62.107811],[-7.421418789265992,62.13849466159196],[-7.401130410016064,62.107959263441714],[-7.400783,62.107811]],[[-7.336756,62.138507],[-7.235182038669483,62.15119124787787],[-7.422607,62.140283],[-7.336756,62.138507]],[[-7.097055,62.100396],[-7.080729332121318,62.08652779370092],[-7.1304807010816935,62.11494915375546],[-7.097055,62.100396]],[[-7.116614,62.046962],[-7.179582,62.040089],[-7.189676603080059,62.04086983661253],[-7.065186,62.073242],[-7.116614,62.046962]],[[-1.374639,60.332984],[-1.663532342377619,60.28256329455642],[-1.291027,60.15359],[-1.299463,59.878662],[-1.052441,60.444482],[-1.414209,60.59873],[-1.571777,60.494434],[-1.374639,60.332984]],[[-2.926147,58.753417],[-2.9287183626942808,58.7440086282539],[-2.926045353086569,58.753515849316784],[-2.926147,58.753417]],[[-2.9368181753554827,58.7392912748815],[-2.929395,58.741602],[-2.929344225683525,58.74178259143882],[-2.9368181753554827,58.7392912748815]],[[-2.940461,58.739671],[-2.940660462851628,58.73947529287531],[-2.9389052468371033,58.73864160027923],[-2.940461,58.739671]],[[-3.0531110963703343,58.63481658655932],[-5.016748,58.566553],[-5.008301,58.262646],[-5.338281,58.238721],[-5.413184,58.069727],[-5.157227,57.881348],[-5.60835,57.881348],[-5.744922,57.668311],[-5.581787,57.546777],[-5.794922,57.378809],[-5.561914,57.232715],[-5.861426,56.902686],[-5.730615,56.853076],[-6.133691,56.706689],[-5.652441,56.531982],[-5.188379,56.758057],[-5.60957,56.055273],[-5.622852,55.813135],[-5.504492,55.802393],[-5.730664,55.334131],[-5.556445,55.3896],[-5.410449,55.995361],[-5.084326,56.197461],[-5.228223,55.886328],[-4.800293,56.15835],[-4.844092,56.051172],[-4.584082,55.938672],[-4.87168,55.873926],[-4.676758,55.501318],[-5.172705,54.985889],[-5.032324,54.761377],[-3.03623,54.953076],[-3.592041,54.564355],[-3.165967,54.12793],[-2.846484,54.135303],[-3.0646,53.512842],[-2.749512,53.310205],[-3.064746,53.426855],[-3.097559,53.260303],[-3.764209,53.307617],[-4.268555,53.144531],[-4.683057,52.806152],[-4.101465,52.915479],[-3.980322,52.541748],[-4.217725,52.277441],[-5.18335,51.949658],[-5.168359,51.740723],[-4.902295,51.62627],[-4.386279,51.741064],[-4.091016,51.659912],[-4.23457,51.569092],[-3.293115,51.39043],[-2.433057,51.740723],[-3.135986,51.205029],[-4.188184,51.188525],[-5.622119,50.050684],[-5.118506,50.03833],[-4.19458,50.393311],[-3.679785,50.239941],[-3.40459,50.632422],[-2.999414,50.716602],[-2.03584,50.603076],[-2.031055,50.725391],[-1.334473,50.820801],[-1.416455,50.896875],[0.205078,50.763037],[1.397559,51.182031],[1.414941,51.363281],[0.424512,51.465625],[0.890918,51.571436],[0.752246,51.72959],[1.188477,51.803369],[1.232422,51.97124],[1.591406,52.119775],[1.746582,52.468994],[1.656738,52.753711],[1.055566,52.958984],[0.558789,52.966943],[0.279785,52.808691],[0.045898,52.905615],[0.355762,53.159961],[0.270996,53.335498],[-0.293701,53.692334],[-0.659912,53.724023],[-0.27002,53.736768],[0.115332,53.609277],[-0.205566,54.021729],[-0.084375,54.118066],[-1.232422,54.703711],[-1.655371,55.570361],[-2.599316,56.027295],[-3.04873,55.951953],[-3.789062,56.095215],[-3.362256,56.027637],[-2.674268,56.253418],[-2.885156,56.39751],[-3.309961,56.363477],[-2.592676,56.561572],[-1.780664,57.474023],[-2.074072,57.702393],[-4.134521,57.577734],[-3.857129,57.818555],[-4.035596,57.852002],[-3.990039,57.959033],[-3.212354,58.32124],[-3.0531110963703343,58.63481658655932]],[[-6.234523,58.500486],[-6.776377,58.301506],[-6.726638,58.189317],[-7.085301833649591,58.18197514484435],[-6.856811,57.9237],[-7.083265824086618,57.813635910794474],[-6.425195,58.021289],[-6.55459,58.092871],[-6.32583,58.188867],[-6.234523,58.500486]],[[-7.166353,57.663354],[-7.470312,57.652539],[-7.514549,57.601962],[-7.182617,57.533301],[-7.166353,57.663354]],[[-7.352621,57.117754],[-7.249854,57.115332],[-7.296387,57.383691],[-7.410547,57.381104],[-7.352621,57.117754]],[[-7.45264,57.01776],[-7.4185417791166275,57.00482514506116],[-7.452565277270872,57.017834704052],[-7.45264,57.01776]],[[-8.274451,55.146092],[-8.377106,54.889441],[-8.763732441582201,54.681158048095824],[-8.133447,54.64082],[-8.623048956748837,54.346954249452196],[-8.545364,54.241211],[-10.089482,54.215812],[-9.856445,54.095361],[-9.914000843511586,53.86397451015007],[-9.578223,53.80542],[-9.901611,53.727197],[-9.720654,53.604492],[-10.116992,53.548535],[-10.091058,53.413071],[-8.93007,53.207244],[-9.299219,53.097559],[-9.464893,52.823193],[-9.916032003200474,52.56976538615661],[-8.783447,52.679639],[-9.632301,52.546819],[-9.90573433844412,52.40389589120017],[-9.771982,52.249963],[-10.356689,52.206934],[-9.90957,52.122969],[-10.340836,51.799112],[-9.598828,51.874414],[-10.120680306564042,51.60069075861343],[-9.579834,51.689258],[-9.835351268499211,51.483349928227916],[-9.296484,51.498242],[-8.407812,51.712061],[-8.40918,51.88877],[-8.05803,51.825571],[-6.965771,52.249512],[-6.325,52.24668],[-6.463184,52.345361],[-6.027393,52.9271],[-6.345166,53.987207],[-5.606787,54.272559],[-5.671094,54.549756],[-5.483887,54.44165],[-5.52793,54.619629],[-5.878613,54.641309],[-5.716846,54.81748],[-6.12915,55.217383],[-7.178613,55.056885],[-6.96167,55.237891],[-7.365967,55.360205],[-7.65874,54.970947],[-7.556641,55.122217],[-7.66709,55.256494],[-8.274451,55.146092]],[[-78.75794231206771,26.507829027447535],[-77.926123,26.663379],[-77.922461,26.691113],[-78.59707355279151,26.797918964595226],[-78.7125,26.599023],[-78.985645,26.689502],[-78.75794231206771,26.507829027447535]],[[-78.211377,25.19126],[-78.242725,24.653809],[-78.435303,24.627588],[-78.044922,24.287451],[-77.745215,24.463477],[-77.743957,24.707381],[-78.211377,25.19126]],[[-81.007666,23.089844],[-82.101367,23.19043],[-83.257812,22.967578],[-84.121777,22.618555],[-84.361279,22.378906],[-84.326367,22.074316],[-84.887207,21.856982],[-84.501367,21.930273],[-84.502588,21.776172],[-84.030957,21.943115],[-83.900732,22.170117],[-83.379639,22.222998],[-82.738037,22.689258],[-81.838818,22.672461],[-81.710352,22.49668],[-82.077734,22.387695],[-81.849414,22.213672],[-81.284375,22.109424],[-81.185498,22.267969],[-81.035645,22.073584],[-80.485449,22.123438],[-80.231348,21.872168],[-79.357422,21.585156],[-78.727686,21.592725],[-78.490771,21.053711],[-78.116357,20.761865],[-77.22959,20.64375],[-77.103809,20.40752],[-77.715088,19.855469],[-76.158447,19.989746],[-75.290479,19.893115],[-75.151611,20.00835],[-75.116406,19.901416],[-74.153711,20.168555],[-74.882568,20.650635],[-75.724561,20.714551],[-75.595801,20.994678],[-75.722949,21.111035],[-76.86768,21.330223],[-77.09847360755086,21.58889248167965],[-77.252881,21.483496],[-77.366151,21.612815],[-77.14415694481998,21.64358425728022],[-77.497383,21.871559],[-77.636816,21.797363],[-78.686475,22.366846],[-79.275905,22.407625],[-79.82044210936455,22.886981178254747],[-81.007666,23.089844]],[[-73.438379,19.722119],[-72.703223,19.441064],[-72.811084,19.071582],[-72.346729,18.62373],[-72.789355,18.434814],[-74.3875,18.624707],[-74.459961,18.393066],[-73.884961,18.041895],[-73.514844,18.245361],[-72.059863,18.228564],[-71.438965,17.635596],[-71.027832,18.273193],[-70.644678,18.33623],[-70.479932,18.217285],[-69.274512,18.439844],[-68.687402,18.214941],[-68.3391674359118,18.611495855244073],[-68.684639,18.904531],[-69.62391,19.117774],[-69.232471,19.271826],[-69.739404,19.299219],[-69.95679499727427,19.67182368551831],[-70.95415,19.913965],[-71.557487,19.895143],[-71.834757,19.696705],[-72.876683,19.927931],[-73.438379,19.722119]],[[-67.264063,18.3646],[-67.196875,17.994189],[-66.9,17.9479],[-65.970801,17.974365],[-65.62085,18.242334],[-65.62879741082469,18.381193510504158],[-66.07041,18.468994],[-67.05957,18.521945],[-67.264063,18.3646]],[[-59.521875,13.062207],[-59.427637,13.152783],[-59.64668,13.303125],[-59.642773,13.150293],[-59.521875,13.062207]],[[-60.546484,11.263721],[-60.708936,11.277246],[-60.810645,11.168604],[-60.756299,11.178516],[-60.546484,11.263721]],[[-61.063721,14.46709],[-60.82627,14.494482],[-60.927148,14.755176],[-61.180811,14.871924],[-61.063721,14.46709]],[[-60.951416,13.717578],[-60.895215,13.821973],[-60.908105,14.093359],[-61.073145,13.865576],[-60.951416,13.717578]],[[-61.632715,10.243408],[-61.906104,10.069141],[-61.012109,10.134326],[-60.917627,10.840234],[-61.651172,10.718066],[-61.464746,10.538965],[-61.499316,10.268555],[-61.632715,10.243408]],[[-61.203906,13.142285],[-61.134521,13.202881],[-61.138965,13.35874],[-61.268457,13.287695],[-61.203906,13.142285]],[[-61.355469,16.363184],[-61.510645,16.477686],[-61.522168,16.228027],[-61.172607,16.256104],[-61.355469,16.363184]],[[-61.275293,15.99624],[-61.310742,15.894678],[-61.230469,15.889941],[-61.212354,15.959912],[-61.275293,15.99624]],[[-61.415723,15.399854],[-61.281689,15.249023],[-61.277246,15.526709],[-61.458105,15.633105],[-61.415723,15.399854]],[[-61.759424,16.062061],[-61.589551,16.006934],[-61.552344,16.270898],[-61.767139,16.340479],[-61.759424,16.062061]],[[-61.71543,12.012646],[-61.6271,12.054199],[-61.606787,12.223389],[-61.715039,12.185059],[-61.71543,12.012646]],[[-61.708203,17.105078],[-61.817285,17.168945],[-61.887109,17.098145],[-61.748145,16.997168],[-61.708203,17.105078]],[[-61.86875,17.685449],[-61.843799,17.596143],[-61.762012,17.548682],[-61.749609,17.661328],[-61.86875,17.685449]],[[-62.221631,16.699512],[-62.154248,16.681201],[-62.175781,16.80957],[-62.223047,16.751562],[-62.221631,16.699512]],[[-62.574707,17.201025],[-62.624902,17.12959],[-62.582422,17.100586],[-62.532227,17.121875],[-62.574707,17.201025]],[[-62.838916,17.339258],[-62.656494,17.224414],[-62.630664,17.23999],[-62.794629,17.402588],[-62.838916,17.339258]],[[-63.15332,18.200293],[-63.001221,18.221777],[-62.97959,18.264795],[-63.026025,18.269727],[-63.15332,18.200293]],[[-63.124707,18.064307],[-63.023047,18.019189],[-63.009424,18.104297],[-63.063086,18.115332],[-63.124707,18.064307]],[[-64.3625,10.961523],[-63.993555,10.881201],[-63.817285,11.000342],[-63.893115,11.167236],[-64.3625,10.961523]],[[-64.324658,18.51748],[-64.426074,18.513086],[-64.438037,18.458984],[-64.395215,18.4646],[-64.324658,18.51748]],[[-64.569141,18.446289],[-64.650977,18.442529],[-64.695117,18.41167],[-64.593652,18.402832],[-64.569141,18.446289]],[[-64.681836,17.750195],[-64.884717,17.772266],[-64.889111,17.701709],[-64.580469,17.750195],[-64.681836,17.750195]],[[-64.770605,18.331592],[-64.725977,18.327881],[-64.659814,18.354346],[-64.752441,18.371973],[-64.770605,18.331592]],[[-65.023633,18.367578],[-64.919971,18.321289],[-64.84502,18.330078],[-64.889111,18.374219],[-65.023633,18.367578]],[[-65.414648,10.937891],[-65.266406,10.883984],[-65.2125,10.906445],[-65.302344,10.973828],[-65.414648,10.937891]],[[-65.425586,18.105615],[-65.294873,18.13335],[-65.572217,18.137305],[-65.555078,18.107666],[-65.425586,18.105615]],[[-68.254346,12.03208],[-68.219482,12.23125],[-68.369238,12.301953],[-68.287256,12.171729],[-68.254346,12.03208]],[[-68.995117,12.141846],[-68.751074,12.059766],[-69.158887,12.380273],[-69.153809,12.298438],[-68.995117,12.141846]],[[-69.895703,12.422998],[-69.973145,12.567627],[-70.035107,12.614111],[-70.066113,12.546973],[-69.895703,12.422998]],[[-73.276416,18.954053],[-73.285254,18.896729],[-72.822217,18.707129],[-72.919238,18.861475],[-73.276416,18.954053]],[[-76.669385,17.927637],[-76.210791,17.913525],[-76.349854,18.151855],[-76.959375,18.401855],[-77.873437,18.522217],[-78.325977,18.349756],[-77.768164,17.877393],[-77.20498,17.714941],[-77.071289,17.90127],[-76.669385,17.927637]],[[-80.381836,25.142285],[-80.25708,25.347607],[-80.580566,24.954248],[-80.381836,25.142285]],[[-80.665137,24.898438],[-80.638281,24.903174],[-80.6146,24.937939],[-80.625684,24.941113],[-80.665137,24.898438]],[[-80.829395,24.803662],[-80.786768,24.821045],[-80.785205,24.835254],[-80.84834,24.803662],[-80.829395,24.803662]],[[-80.930469,24.759473],[-81.085254,24.73418],[-81.137354,24.710498],[-81.08999,24.693115],[-80.930469,24.759473]],[[-81.224609,19.304102],[-81.107129,19.305176],[-81.419092,19.374756],[-81.404785,19.278418],[-81.224609,19.304102]],[[-81.334814,24.650488],[-81.322314,24.685059],[-81.420068,24.75],[-81.379053,24.636279],[-81.334814,24.650488]],[[-81.631494,24.590039],[-81.532227,24.61416],[-81.562305,24.68916],[-81.579248,24.629395],[-81.631494,24.590039]],[[-81.783838,24.54458],[-81.739746,24.554492],[-81.738672,24.575439],[-81.811426,24.557813],[-81.783838,24.54458]],[[-82.144971,26.44668],[-82.037207,26.453613],[-82.201367,26.548047],[-82.184375,26.480957],[-82.144971,26.44668]],[[-82.135596,26.591992],[-82.085205,26.493604],[-82.169141,26.700732],[-82.135596,26.591992]],[[-82.321729,9.418115],[-82.244434,9.334082],[-82.259424,9.430273],[-82.321729,9.418115]],[[-82.973584,21.592285],[-83.183789,21.593457],[-82.959619,21.441309],[-82.561768,21.57168],[-82.714551,21.890283],[-82.991211,21.942725],[-82.973584,21.592285]],[[-84.812207,29.717627],[-85.000537,29.627197],[-85.116748,29.632812],[-85.008252,29.606641],[-84.737158,29.732422],[-84.812207,29.717627]],[[-85.844434,16.487744],[-85.924219,16.483301],[-85.947217,16.403613],[-85.870947,16.461523],[-85.844434,16.487744]],[[-86.337842,16.439209],[-86.556934,16.362109],[-86.63042,16.301758],[-86.255518,16.428223],[-86.337842,16.439209]],[[-86.736377,21.233301],[-86.713623,21.196777],[-86.696289,21.191016],[-86.752881,21.278809],[-86.736377,21.233301]],[[-86.763281,20.579053],[-86.977979,20.489795],[-86.991406,20.272168],[-86.808789,20.468457],[-86.763281,20.579053]],[[-87.92998,17.283008],[-87.798145,17.47959],[-87.826416,17.546289],[-87.902832,17.426465],[-87.92998,17.283008]],[[-87.959033,17.964014],[-87.998096,17.906348],[-87.858936,18.154053],[-87.959033,17.964014]],[[-88.263916,30.254736],[-88.31626,30.24043],[-88.071338,30.252344],[-88.109375,30.27373],[-88.263916,30.254736]],[[-88.570654,30.204785],[-88.573975,30.22915],[-88.722852,30.264258],[-88.713086,30.244922],[-88.570654,30.204785]],[[-88.827979,29.928369],[-88.855664,29.775879],[-88.866895,30.056738],[-88.827979,29.928369]],[[-88.943604,29.660254],[-88.889307,29.712598],[-88.872656,29.752979],[-88.901172,29.732617],[-88.943604,29.660254]],[[-89.223975,30.084082],[-89.184668,30.168652],[-89.341992,30.062842],[-89.220459,30.037598],[-89.223975,30.084082]],[[-91.683691,18.677344],[-91.654248,18.711475],[-91.536719,18.76001],[-91.816113,18.675879],[-91.683691,18.677344]],[[-91.793701,29.500732],[-91.875244,29.640967],[-92.006641,29.610303],[-91.830859,29.486475],[-91.793701,29.500732]],[[-95.089648,29.136328],[-94.864941,29.252881],[-94.767627,29.339063],[-94.825977,29.341309],[-95.089648,29.136328]],[[-96.41333,28.337793],[-96.403564,28.381592],[-96.801123,28.148438],[-96.764404,28.152588],[-96.41333,28.337793]],[[-96.899316,28.11748],[-96.978662,28.013867],[-97.036035,27.89917],[-96.839746,28.088818],[-96.899316,28.11748]],[[-97.29502,27.523096],[-97.384814,27.242529],[-97.060547,27.822021],[-97.130029,27.77915],[-97.29502,27.523096]],[[-97.385986,27.196484],[-97.4021,26.820508],[-97.184521,26.112939],[-97.351221,26.801465],[-97.385986,27.196484]],[[-77.65871031722484,23.744914998072225],[-77.51875,23.869434],[-77.561523,24.136816],[-77.755273,24.163477],[-77.701465,24.287549],[-77.94981,24.252809],[-77.65871031722484,23.744914998072225]],[[-77.23556996577055,26.554367728129726],[-77.246546,26.156233],[-77.40294242833232,26.02461061833653],[-77.246436,25.895459],[-77.066357,26.530176],[-77.533887,26.903418],[-77.94368453396584,26.903562983587026],[-77.510596,26.845996],[-77.23556996577055,26.554367728129726]],[[-74.27687381016077,22.18379150875087],[-73.974609,22.361182],[-73.85003146610276,22.730908049068365],[-73.975247,22.682259],[-73.935986,22.477734],[-74.27687381016077,22.18379150875087]],[[-74.840479,22.894336],[-75.064276,23.150034],[-75.315967,23.668359],[-75.130422,23.268037],[-75.22334,23.165332],[-74.840479,22.894336]],[[-75.30435200530394,24.169027423132373],[-75.653749,24.680923],[-75.72666,24.689355],[-75.408751,24.265522],[-75.503223,24.139063],[-75.30435200530394,24.169027423132373]],[[-76.16970346465797,24.649572051073566],[-76.12682801379859,25.1406939334359],[-76.71084,25.564893],[-76.78052327312673,25.42709315555769],[-76.160178,25.119604],[-76.3197770767192,24.817461381583033],[-76.16970346465797,24.649572051073566]],[[-75.481253,35.572222],[-75.48223156288941,35.579073075157055],[-75.48125697629935,35.572168424963515],[-75.481253,35.572222]],[[-75.690088,35.221582],[-75.536288,35.278545],[-75.52259718242502,35.33570321108453],[-75.536377,35.278613],[-75.690088,35.221582]],[[-75.685504,35.218212],[-75.68577665456316,35.218393275356014],[-75.68552470503664,35.21820693035628],[-75.685504,35.218212]],[[-75.98383933617995,35.12302543534681],[-75.91321921861669,35.15346168463408],[-75.98418,35.123096],[-75.98383933617995,35.12302543534681]],[[-76.2564617314876,34.91446865896803],[-76.25597178070966,34.91481069423267],[-76.256201,34.914697],[-76.2564617314876,34.91446865896803]],[[-76.51739167785921,34.6467302494382],[-76.436931,34.756251],[-76.2593455966152,34.91194305400434],[-76.437012,34.756348],[-76.51739167785921,34.6467302494382]],[[-76.622266,34.694531],[-76.67341231239878,34.700090166552826],[-76.54624,34.654883],[-76.622266,34.694531]],[[-76.663945,34.687986],[-76.67301212153835,34.69896360337463],[-76.66468449917606,34.68818913719361],[-76.663945,34.687986]],[[-75.648877,35.9104],[-75.717187,35.946143],[-75.650781,35.835596],[-75.648877,35.9104]],[[-73.929203,40.598788],[-73.194183,40.654341],[-71.903223,41.060693],[-72.580859,40.921338],[-72.27467878442201,41.152610306592926],[-73.573828,40.919629],[-73.9646205807512,40.7252663785684],[-73.929203,40.598788]],[[-60.941406,9.105566],[-60.821191,9.138379],[-60.73584,9.20332],[-60.907275,9.178711],[-60.941406,9.105566]],[[-61.069189,8.947314],[-61.059961,8.847021],[-60.84917,8.995703],[-60.91582,9.070312],[-61.069189,8.947314]],[[-73.660925,20.937585],[-73.164573,20.979392],[-73.01167,21.299512],[-73.68033508464347,21.103249796810747],[-73.660925,20.937585]],[[-64.730273,32.293457],[-64.668311,32.381934],[-64.862842,32.273877],[-64.820117,32.259619],[-64.730273,32.293457]],[[-66.311914,44.291602],[-66.324121,44.257324],[-66.210352,44.392041],[-66.250488,44.379004],[-66.311914,44.291602]],[[-66.89707,44.628906],[-66.7625,44.681787],[-66.74541,44.791406],[-66.844727,44.763916],[-66.89707,44.628906]],[[-68.411719,44.294336],[-68.315088,44.249707],[-68.190918,44.364355],[-68.299414,44.456494],[-68.411719,44.294336]],[[-68.701709,44.182666],[-68.661182,44.17627],[-68.623193,44.196045],[-68.676758,44.256201],[-68.701709,44.182666]],[[-50.298975,1.938525],[-50.342141,2.141601],[-50.49084,2.128372],[-50.45595252109723,1.9104514213934738],[-50.298975,1.938525]],[[-24.32063214906199,14.995829871739767],[-24.496875,14.980273],[-24.492218833590872,14.874289615634126],[-24.308236791802624,14.856388460990448],[-24.32063214906199,14.995829871739767]],[[-23.535254,15.139258],[-23.70721881901396,15.316838825219655],[-23.748185121235167,15.328375945572006],[-23.705371,14.961328],[-23.504916,14.916196],[-23.535254,15.139258]],[[-25.034745,17.176265],[-25.336898,17.091076],[-25.30832,16.936021],[-25.017279,17.04927],[-25.034745,17.176265]],[[-22.691265176424327,16.161973738575053],[-22.917536,16.236994],[-22.959260934497166,16.045105806385738],[-22.820695,15.986182],[-22.691265176424327,16.161973738575053]],[[-2.762642,58.955575],[-3.156494,59.136328],[-3.3536966561135633,59.01868081628874],[-2.762642,58.955575]],[[-12.540573,7.410504],[-12.615193,7.636976],[-12.951611,7.57085],[-12.540573,7.410504]],[[-13.534905,29.144423],[-13.788184,29.056104],[-13.859794,28.869272],[-13.477903331594007,29.006751740110786],[-13.422949,29.19751],[-13.534905,29.144423]],[[-13.862973,28.409429],[-13.827148,28.691211],[-13.953975,28.741218],[-14.231787,28.215746],[-14.491616,28.100921],[-13.928027,28.253467],[-13.862973,28.409429]],[[-15.655783,27.758539],[-15.38916,27.874707],[-15.415565,28.159134],[-15.809236,27.994545],[-15.655783,27.758539]],[[-16.905138,28.339562],[-16.542681470771704,28.032138682719726],[-16.123633,28.575977],[-16.905138,28.339562]],[[-17.22590572346979,32.7667481777576],[-16.837402,32.648291],[-16.693536545857167,32.75806081520355],[-17.190869,32.868604],[-17.22590572346979,32.7667481777576]],[[-17.751805,28.688818],[-17.797332,28.846508],[-18.000781,28.758252],[-17.85926852692671,28.48572490204443],[-17.751805,28.688818]],[[-25.181934,37.837891],[-25.783681732672065,37.911102641669345],[-25.847852,37.872412],[-25.43901,37.715347],[-25.181934,37.837891]],[[-27.259668,38.802686],[-27.36195138016701,38.69795775928033],[-27.041992,38.678906],[-27.127002,38.789844],[-27.259668,38.802686]],[[-28.230968972004508,38.38475411678037],[-28.064886156667924,38.41278814860534],[-28.548828,38.518555],[-28.454492,38.408643],[-28.230968972004508,38.38475411678037]],[[-37.224492747086,65.58866393035453],[-37.031481,65.532047],[-36.953165,65.663279],[-37.2229,65.695459],[-37.224492747086,65.58866393035453]],[[32.555957,35.155762],[32.300977,35.082959],[32.449023,34.729443],[33.00791,34.56958],[33.699414,34.969873],[34.050195,34.988379],[33.941992,35.292041],[34.556055,35.662061],[33.607617,35.35415],[32.941602,35.39043],[32.879883,35.180566],[32.555957,35.155762]],[[31.508789,46.373145],[31.563867,46.257764],[32.150098,46.154688],[31.638477,46.272559],[31.508789,46.373145]],[[28.087793,36.065332],[28.067676,36.129687],[28.231836,36.433643],[27.815234,36.276953],[27.715527,35.957324],[28.087793,36.065332]],[[27.869043,36.582666],[27.8625,36.641162],[27.785742,36.60752],[27.838281,36.537988],[27.869043,36.582666]],[[26.955566,36.774219],[26.918359,36.725928],[27.352148,36.868896],[27.214941,36.898633],[26.955566,36.774219]],[[27.207031,35.714453],[27.223145,35.820459],[27.070703,35.597754],[27.137891,35.409082],[27.207031,35.714453]],[[26.581055,37.72373],[26.844922,37.644727],[27.055078,37.709277],[26.824414,37.811426],[26.581055,37.72373]],[[27.03457,36.975977],[27.040137,37.001562],[26.888672,37.087256],[26.919922,36.945215],[27.03457,36.975977]],[[26.392773,39.270117],[26.16543,39.373535],[25.844141,39.200049],[26.072363,39.095605],[26.273145,39.197559],[26.16084,39.025879],[26.547168,38.994141],[26.392773,39.270117]],[[26.460645,36.5854],[26.37002,36.638574],[26.27002,36.546924],[26.331445,36.511377],[26.460645,36.5854]],[[26.325586,37.673047],[26.086328,37.634912],[25.982422,37.525586],[26.204883,37.568506],[26.325586,37.673047]],[[26.028027,35.215283],[25.791309,35.122852],[25.730176,35.348584],[24.312891,35.363818],[24.108984,35.495801],[24.166016,35.595215],[23.852246,35.535449],[23.736914,35.655518],[23.547559,35.415576],[23.638086,35.235156],[24.463672,35.160352],[24.799805,34.934473],[26.165625,35.018604],[26.320215,35.315137],[26.028027,35.215283]],[[25.846094,38.574023],[25.991406,38.353516],[25.874316,38.269629],[25.998535,38.161523],[26.160352,38.540723],[25.846094,38.574023]],[[25.771094,36.782227],[25.859375,36.79043],[26.064453,36.902734],[26.000684,36.937402],[25.771094,36.782227]],[[25.668945,40.135889],[25.97002,40.136328],[25.977051,40.177832],[25.874805,40.233691],[25.668945,40.135889]],[[25.664258,40.463867],[25.568555,40.515869],[25.448047,40.482813],[25.572656,40.400439],[25.664258,40.463867]],[[25.456738,36.929688],[25.584277,37.039307],[25.564355,37.185107],[25.361914,37.07041],[25.456738,36.929688]],[[25.370508,36.358936],[25.435938,36.340088],[25.467383,36.435059],[25.396875,36.465332],[25.370508,36.358936]],[[25.348145,37.50918],[25.307129,37.412988],[25.457422,37.44707],[25.462988,37.471094],[25.348145,37.50918]],[[25.185156,39.829932],[25.357031,39.808105],[25.449121,40.034814],[25.058008,39.999658],[25.185156,39.829932]],[[25.259961,36.758447],[25.364355,36.65835],[25.406934,36.717334],[25.295898,36.78916],[25.259961,36.758447]],[[25.271484,37.08418],[25.235059,37.148535],[25.105469,37.034961],[25.199414,36.991309],[25.271484,37.08418]],[[24.996484,37.676904],[25.156348,37.545068],[25.255859,37.599609],[25.225391,37.630664],[24.996484,37.676904]],[[24.962207,37.692383],[24.956348,37.904785],[24.700195,37.96167],[24.714355,37.898877],[24.962207,37.692383]],[[24.896191,37.406592],[24.937891,37.389697],[24.906543,37.508887],[24.895313,37.446338],[24.896191,37.406592]],[[24.774219,40.615186],[24.719141,40.786279],[24.516699,40.687207],[24.645898,40.579443],[24.774219,40.615186]],[[24.670996,36.998584],[24.702637,36.91709],[24.763184,36.949219],[24.716113,37.023828],[24.670996,36.998584]],[[24.485645,38.980273],[24.541016,38.788672],[24.674707,38.809229],[24.564062,38.942236],[24.485645,38.980273]],[[24.154688,38.588281],[23.312695,39.034912],[22.870313,38.870508],[24.040137,38.38999],[24.212012,38.117529],[24.536523,37.979736],[24.588379,38.123975],[24.275781,38.22002],[24.154688,38.588281]],[[24.5375,36.705029],[24.357422,36.744287],[24.325977,36.655615],[24.530664,36.683984],[24.5375,36.705029]],[[24.441211,37.186865],[24.424805,37.131982],[24.523535,37.125098],[24.529102,37.192334],[24.441211,37.186865]],[[24.43125,37.475195],[24.369727,37.419629],[24.378906,37.314111],[24.481445,37.408008],[24.43125,37.475195]],[[24.277441,37.601123],[24.288965,37.528271],[24.400781,37.649023],[24.32041,37.677734],[24.277441,37.601123]],[[23.841211,39.146582],[23.939746,39.200537],[23.970898,39.267725],[23.888086,39.226367],[23.841211,39.146582]],[[23.666113,39.095361],[23.779785,39.114404],[23.593945,39.208594],[23.666113,39.095361]],[[23.483691,37.991113],[23.419336,37.93125],[23.511426,37.901172],[23.550977,37.925879],[23.483691,37.991113]],[[22.932617,36.36875],[22.91084,36.220996],[23.042188,36.146387],[23.09707,36.246582],[22.932617,36.36875]],[[20.818555,37.664746],[20.993945,37.708008],[20.691504,37.929541],[20.619531,37.855029],[20.818555,37.664746]],[[20.352246,38.221729],[20.523535,38.106641],[20.780762,38.088818],[20.563184,38.474951],[20.352246,38.221729]],[[20.709277,38.318604],[20.70127,38.451416],[20.623633,38.480322],[20.646387,38.414307],[20.709277,38.318604]],[[20.554688,38.582568],[20.714844,38.63833],[20.694141,38.844238],[20.59248,38.760156],[20.554688,38.582568]],[[19.955273,39.47041],[19.926074,39.77373],[19.646484,39.76709],[19.883984,39.461523],[20.099609,39.376611],[19.955273,39.47041]],[[17.431934,42.800391],[17.344141,42.790381],[17.744238,42.700342],[17.607813,42.769043],[17.431934,42.800391]],[[16.521387,43.229248],[16.376465,43.21377],[17.194043,43.125781],[16.521387,43.229248]],[[16.738867,42.912744],[16.850684,42.895508],[17.188281,42.917041],[16.650684,42.996582],[16.738867,42.912744]],[[16.448926,43.387061],[16.490332,43.286182],[16.891309,43.314648],[16.834375,43.35083],[16.448926,43.387061]],[[14.775977,36.7104],[15.112598,36.687842],[15.294531,37.013281],[15.099512,37.458594],[15.634668,38.267578],[13.788867,37.981201],[13.291113,38.191455],[12.547656,38.05293],[12.435547,37.819775],[12.640234,37.594336],[14.142969,37.103662],[14.775977,36.7104]],[[15.437207,43.899512],[15.371387,43.973828],[15.27002,44.010742],[15.374219,43.914795],[15.437207,43.899512]],[[15.24668,44.027051],[15.231055,44.062305],[15.06582,44.157666],[15.121875,44.093311],[15.24668,44.027051]],[[15.239941,44.350195],[14.898047,44.61084],[14.741895,44.697363],[15.038574,44.393018],[15.239941,44.350195]],[[14.952539,44.117188],[14.865039,44.167969],[15.20166,43.897754],[15.18877,43.922363],[14.952539,44.117188]],[[14.831445,44.758936],[14.754199,44.844824],[14.660352,44.799805],[14.856641,44.714844],[14.831445,44.758936]],[[14.612988,45.025439],[14.810254,44.977051],[14.571094,45.224756],[14.437891,45.098633],[14.612988,45.025439]],[[14.532715,35.820215],[14.537012,35.886279],[14.35127,35.978418],[14.352344,35.872266],[14.532715,35.820215]],[[14.302539,44.94043],[14.419531,44.670313],[14.480371,44.62124],[14.358203,45.167432],[14.302539,44.94043]],[[14.253613,36.012158],[14.320898,36.03623],[14.180371,36.0604],[14.194238,36.042236],[14.253613,36.012158]],[[13.962109,40.739404],[13.871191,40.761816],[13.853516,40.724072],[13.893652,40.696973],[13.962109,40.739404]],[[12.00332,36.745996],[12.024219,36.820947],[11.948047,36.843066],[11.940625,36.780371],[12.00332,36.745996]],[[11.254883,34.820313],[11.153027,34.74458],[11.123633,34.681689],[11.278027,34.753809],[11.254883,34.820313]],[[10.921973,33.893115],[10.745215,33.888672],[10.72207,33.738916],[10.993066,33.745947],[10.921973,33.893115]],[[10.432227,42.796582],[10.395117,42.858154],[10.109766,42.785059],[10.419336,42.713184],[10.432227,42.796582]],[[9.101758,39.211279],[9.5625,39.166016],[9.642969,40.268408],[9.805273,40.499561],[9.615332,41.017285],[9.228418,41.25708],[8.571875,40.850195],[8.224219,40.91333],[8.180859,40.771045],[8.471289,40.292676],[8.407813,39.917236],[8.547754,39.839209],[8.418164,39.205713],[8.801172,38.909668],[9.101758,39.211279]],[[9.330957,42.943799],[9.313379,42.713184],[8.814844,42.60791],[8.565625,42.357715],[8.621875,41.930713],[8.886816,41.700684],[8.80752,41.588379],[9.186133,41.384912],[9.556445,42.160938],[9.463281,42.981006],[9.330957,42.943799]],[[8.478906,39.067529],[8.366797,39.115918],[8.358594,39.098779],[8.421484,38.968652],[8.478906,39.067529]],[[8.224023,41.031299],[8.252734,40.994141],[8.34375,41.101611],[8.267383,41.099121],[8.224023,41.031299]],[[3.967676,39.94585],[4.275293,39.830273],[4.32207,39.89751],[3.853418,40.063037],[3.967676,39.94585]],[[3.197559,39.961084],[2.784961,39.854834],[2.37002,39.57207],[3.15459,39.333252],[3.461816,39.697754],[3.145313,39.790088],[3.197559,39.961084]],[[1.256934,38.879004],[1.408984,38.857275],[1.613184,39.087402],[1.348633,39.080811],[1.256934,38.879004]],[[1.417188,38.739648],[1.405762,38.670996],[1.593945,38.67207],[1.436328,38.768213],[1.417188,38.739648]],[[169.420703,69.856055],[168.35791,70.015674],[167.788867,69.836865],[168.915723,69.571436],[169.245801,69.601123],[169.420703,69.856055]],[[161.540332,69.436523],[161.617773,69.592432],[161.505176,69.639453],[161.082813,69.405664],[161.136523,69.110254],[161.461133,68.995605],[161.422461,68.899658],[161.516992,68.96958],[161.350879,69.369336],[161.540332,69.436523]],[[160.644922,70.883545],[160.448535,70.934033],[160.436914,70.851025],[160.718945,70.822705],[160.644922,70.883545]],[[152.835059,76.185156],[152.642773,76.174805],[152.558594,76.143604],[152.786328,76.085791],[152.835059,76.185156]],[[150.33125,74.866797],[150.822363,75.156543],[148.590137,75.236377],[148.432422,75.413525],[146.795215,75.370752],[146.5375,75.581787],[146.148535,75.198291],[148.296875,74.800439],[150.33125,74.866797]],[[149.150195,76.659912],[149.406445,76.78208],[148.398633,76.648242],[149.150195,76.659912]],[[136.962305,75.270361],[138.092285,74.797461],[139.215332,74.659668],[139.68125,74.964063],[140.267871,74.846924],[141.987305,74.99126],[142.472754,74.82041],[143.12793,74.970313],[142.264746,75.346143],[142.08623,75.660645],[142.941797,75.713281],[142.699609,75.448877],[142.820117,75.267822],[144.019727,75.044678],[145.359961,75.530469],[141.485449,76.137158],[140.985352,75.964502],[140.944141,75.700488],[140.656738,75.634131],[138.813965,76.199707],[137.625391,75.988184],[137.501172,75.909668],[137.706543,75.75957],[137.268848,75.749414],[137.289746,75.348633],[136.962305,75.270361]],[[139.685547,73.425732],[140.662793,73.452002],[143.491309,73.246436],[143.34375,73.56875],[141.931836,73.914941],[141.084766,73.865869],[140.380664,73.483008],[139.685547,73.425732]],[[140.944336,74.264648],[140.300293,74.257227],[140.101562,74.184277],[140.183203,74.00459],[140.507227,73.918652],[141.010254,73.999463],[141.097461,74.167822],[140.944336,74.264648]],[[137.816797,71.587891],[137.281836,71.579932],[137.064063,71.529883],[137.959863,71.507666],[137.816797,71.587891]],[[135.62832,74.219922],[135.387012,74.253369],[136.12168,73.88501],[136.25918,73.984961],[135.62832,74.219922]],[[135.948633,75.40957],[136.168945,75.605566],[135.698633,75.845264],[135.451953,75.389551],[135.948633,75.40957]],[[124.636914,73.900391],[124.547656,73.933838],[124.336523,73.928369],[124.481738,73.8479],[124.636914,73.900391]],[[120.236816,73.107275],[119.964453,73.167676],[119.64043,73.124316],[119.79209,73.04541],[120.236816,73.107275]],[[112.977637,74.196826],[113.387207,74.400439],[112.084473,74.548975],[111.879785,74.363818],[111.503418,74.353076],[112.195801,74.14624],[112.977637,74.196826]],[[112.61416,76.499268],[112.394141,76.643799],[111.968945,76.626172],[112.531641,76.450049],[112.61416,76.499268]],[[106.415527,78.139844],[107.481641,78.057764],[107.695508,78.130908],[107.508301,78.189404],[106.415527,78.139844]],[[107.414746,77.242676],[107.679492,77.268262],[107.269531,77.289014],[107.414746,77.242676]],[[106.691211,78.31665],[106.456836,78.340039],[106.023633,78.220117],[106.718945,78.26499],[106.691211,78.31665]],[[101.543066,79.254443],[101.052246,79.123242],[100.85625,78.897754],[100.955762,78.788477],[100.416406,78.753174],[100.018945,78.338916],[99.287109,78.038086],[99.84502,77.956836],[101.204102,78.191943],[104.741797,78.339746],[105.342676,78.593945],[105.145996,78.818848],[104.633203,78.835156],[103.800781,79.149268],[102.412305,78.835449],[103.097949,79.299121],[102.789844,79.392139],[101.543066,79.254443]],[[100.141504,79.683691],[99.955762,79.690332],[99.91543,79.601611],[100.300293,79.670264],[100.141504,79.683691]],[[94.815039,80.034814],[93.070801,79.495313],[94.21875,79.402344],[95.02041,79.052686],[98.411133,78.787793],[99.929297,78.961426],[99.041797,79.293018],[99.680664,79.32334],[99.781641,79.628271],[100.06123,79.7771],[98.596484,80.052197],[97.65166,79.760645],[98.017773,80.022852],[97.586816,80.168262],[94.815039,80.034814]],[[97.341699,76.628857],[97.430371,76.590723],[97.588379,76.599365],[97.381641,76.706689],[97.341699,76.628857]],[[96.835254,76.344824],[96.754492,76.195752],[97.053027,76.302588],[96.990234,76.343408],[96.835254,76.344824]],[[95.311133,76.214746],[96.300586,76.121729],[96.613965,76.263818],[95.379883,76.289062],[95.311133,76.214746]],[[96.285449,77.02666],[96.561914,77.154053],[95.270313,77.018848],[95.854688,76.974951],[96.285449,77.02666]],[[93.803125,79.904541],[92.173438,80.045459],[91.070313,79.981494],[92.440625,79.675488],[93.803125,79.904541]],[[89.179297,77.209912],[89.514258,77.188818],[89.67959,77.280322],[89.281543,77.301465],[89.179297,77.209912]],[[86.258594,74.893506],[86.927148,74.830762],[87.124316,74.939893],[86.605469,74.992822],[86.258594,74.893506]],[[84.758984,74.459424],[84.872852,74.515527],[84.389453,74.454443],[84.710449,74.399805],[84.758984,74.459424]],[[83.410645,74.039551],[83.618359,74.089453],[82.817773,74.091602],[83.158984,74.075342],[83.410645,74.039551]],[[82.709961,74.090869],[82.525586,74.161426],[82.329395,74.131104],[82.612793,74.056445],[82.709961,74.090869]],[[81.978516,75.247119],[82.221582,75.350537],[82.165625,75.515625],[81.500586,75.36792],[81.978516,75.247119]],[[79.006836,80.834814],[80.344824,80.86792],[80.42793,80.927686],[79.217383,80.960352],[79.006836,80.834814]],[[78.656836,72.892285],[78.880566,72.751611],[79.537891,72.769336],[79.541309,72.918652],[79.164258,73.094336],[78.656836,72.892285]],[[77.377832,72.565283],[76.871094,72.317041],[77.63252,72.29126],[78.365137,72.482422],[77.377832,72.565283]],[[76.153711,79.57876],[76.649512,79.493408],[77.588965,79.501904],[76.051563,79.644727],[76.153711,79.57876]],[[76.083105,73.523486],[76.234473,73.476221],[76.756055,73.445801],[76.250684,73.555273],[76.083105,73.523486]],[[75.344336,73.432275],[75.827148,73.459131],[76.051563,73.549268],[75.569727,73.540625],[75.344336,73.432275]],[[74.961523,73.0625],[74.408789,73.130469],[74.100195,73.021533],[74.638379,72.86377],[74.961523,73.0625]],[[70.29834,73.044482],[71.626172,73.173975],[71.630469,73.224805],[70.940234,73.514404],[69.995898,73.359375],[69.920117,73.084521],[70.29834,73.044482]],[[70.110059,66.569092],[70.07666,66.695898],[69.469336,66.715967],[69.844727,66.489746],[70.110059,66.569092]],[[65.528418,76.567822],[62.971484,76.23667],[61.20166,76.282031],[60.942188,76.071289],[60.279297,76.09624],[58.058301,75.663086],[57.606836,75.34126],[56.844434,75.351416],[56.87627,75.244385],[56.570312,75.097754],[55.920703,75.168359],[55.821191,75.090625],[55.998047,75.003369],[56.49873,74.95708],[55.582227,74.627686],[56.137109,74.496094],[55.340918,74.419629],[54.642676,73.95957],[53.762891,73.766162],[54.299902,73.350977],[55.006836,73.453857],[56.963867,73.366553],[57.542578,73.658203],[57.313086,73.838037],[57.755957,73.769189],[57.872266,73.850439],[57.767383,74.013818],[58.617871,74.227393],[58.534668,74.498926],[59.04043,74.485547],[59.240137,74.692969],[59.674023,74.610156],[59.747266,74.745898],[60.501367,74.904639],[60.276855,75.007568],[61.355957,75.314844],[68.16543,76.284863],[68.941699,76.707666],[68.485742,76.933691],[67.534961,77.007764],[65.528418,76.567822]],[[67.216113,69.575391],[67.025879,69.483203],[67.263965,69.442529],[67.344922,69.529834],[67.216113,69.575391]],[[66.448633,70.561035],[66.568555,70.501465],[66.440234,70.772656],[66.394824,70.727295],[66.448633,70.561035]],[[59.495117,80.766504],[59.304395,80.521533],[61.05127,80.418604],[62.075781,80.616943],[62.227734,80.794385],[61.597461,80.89292],[59.495117,80.766504]],[[60.826758,80.929688],[61.567383,81.050293],[60.058203,80.984619],[60.826758,80.929688]],[[59.578223,69.738623],[60.215918,69.687695],[60.440234,69.725928],[60.480664,69.885498],[59.048047,70.460498],[58.473047,70.266846],[58.952734,69.892773],[59.502637,69.866211],[59.578223,69.738623]],[[59.544531,80.118848],[58.946094,80.042334],[58.919238,79.984619],[59.911035,79.994287],[59.544531,80.118848]],[[59.313086,81.305225],[59.075,81.397705],[58.610156,81.337256],[59.096973,81.292285],[59.313086,81.305225]],[[57.392285,80.13916],[57.800098,80.104053],[58.397949,80.31875],[59.255469,80.343213],[57.011133,80.468311],[57.392285,80.13916]],[[57.210938,81.01709],[57.937891,80.793359],[58.930566,80.831689],[58.102344,81.114258],[57.210938,81.01709]],[[56.191992,81.223975],[57.450977,81.135547],[58.015332,81.254834],[57.858691,81.368066],[58.563867,81.418408],[57.716602,81.564648],[55.466016,81.311182],[56.191992,81.223975]],[[55.7125,80.637305],[56.814746,80.663623],[57.694141,80.792285],[54.718945,81.115967],[54.04541,80.871973],[55.7125,80.637305]],[[54.676074,73.37002],[53.251172,73.182959],[53.369824,72.916748],[52.550586,72.768555],[52.916602,72.668896],[52.62207,72.300977],[51.58252,72.071191],[51.438672,71.776807],[51.937891,71.474707],[53.411621,71.530127],[53.409961,71.340137],[54.155664,71.125488],[53.670508,71.086914],[53.613574,70.914648],[53.383594,70.873535],[53.722363,70.814453],[56.43457,70.562988],[56.561328,70.593555],[56.260059,70.714746],[57.145898,70.589111],[57.625391,70.728809],[56.454395,71.107373],[55.297852,71.935352],[55.518066,72.220654],[55.40332,72.549072],[56.12168,72.806592],[56.42959,73.201172],[54.676074,73.37002]],[[57.072754,80.139404],[57.078711,80.350928],[56.707227,80.363281],[56.024414,80.341309],[56.012207,80.203906],[55.724023,80.104736],[57.072754,80.139404]],[[54.979688,80.256445],[55.195117,80.226807],[55.479688,80.273828],[55.240039,80.325391],[54.979688,80.256445]],[[54.275879,80.421338],[54.437305,80.498682],[53.877246,80.605273],[53.811914,80.476221],[54.275879,80.421338]],[[52.716016,80.347559],[52.213379,80.263721],[53.85166,80.268359],[53.185645,80.412646],[52.716016,80.347559]],[[52.239844,71.325049],[53.022656,70.968701],[53.205176,71.159717],[52.776758,71.399805],[52.239844,71.325049]],[[50.454102,79.924414],[51.43125,79.920508],[51.435156,79.931934],[50.936328,80.094238],[50.091406,79.980566],[50.454102,79.924414]],[[50.616016,81.04126],[50.753711,81.047412],[50.946191,81.108154],[50.368457,81.12251],[50.616016,81.04126]],[[50.319141,80.172363],[49.883691,80.230225],[49.556055,80.158936],[49.970898,80.060742],[50.319141,80.172363]],[[48.910352,68.743066],[49.62627,68.859717],[50.093945,69.125537],[50.220605,69.048779],[50.265234,69.185596],[49.225195,69.51123],[48.319922,69.269238],[48.439063,68.804883],[48.910352,68.743066]],[[42.690723,66.735303],[42.547461,66.795508],[42.460059,66.770361],[42.675586,66.688086],[42.690723,66.735303]],[[35.848438,65.142676],[35.729102,65.197559],[35.528906,65.151074],[35.778711,64.97666],[35.848438,65.142676]],[[33.629297,80.217432],[33.098633,80.228711],[31.481934,80.10791],[32.525977,80.119141],[33.629297,80.217432]],[[30.055176,69.838379],[29.83584,69.905566],[29.744238,69.791602],[29.766211,69.767529],[30.055176,69.838379]],[[28.414746,78.961426],[27.889063,78.852148],[29.69668,78.904736],[28.845215,78.97085],[28.414746,78.961426]],[[27.007617,78.69751],[26.585938,78.811475],[26.407715,78.784326],[26.729492,78.646484],[27.007617,78.69751]],[[25.999707,70.975098],[26.146875,71.039502],[25.315234,71.052979],[25.999707,70.975098]],[[24.651172,65.073975],[24.578613,64.978564],[24.997559,65.038721],[24.786035,65.086426],[24.651172,65.073975]],[[20.362695,78.514795],[20.22793,78.477832],[21.653125,77.923535],[20.873145,77.565332],[20.928125,77.459668],[22.685352,77.553516],[22.426953,77.315918],[22.801758,77.275781],[24.901855,77.756592],[23.116699,77.991504],[23.451953,78.149463],[22.299512,78.228174],[22.043164,78.576953],[20.362695,78.514795]],[[23.663281,70.675244],[23.827148,70.52749],[24.07832,70.650586],[23.778418,70.747363],[23.663281,70.675244]],[[23.100293,70.296094],[23.547754,70.408154],[23.615332,70.549316],[22.917773,70.416748],[23.100293,70.296094]],[[22.055762,70.61333],[22.829102,70.541553],[23.440527,70.815771],[21.994531,70.657129],[22.055762,70.61333]],[[23.356445,58.575537],[23.16543,58.678125],[23.063477,58.611084],[23.260352,58.53999],[23.356445,58.575537]],[[22.979883,58.363867],[23.323242,58.45083],[22.546973,58.627393],[21.862305,58.497168],[21.984082,58.38667],[21.854492,58.30166],[22.187695,58.154346],[21.996875,57.931348],[22.37168,58.217139],[22.979883,58.363867]],[[22.649414,59.087109],[22.462598,58.974316],[22.05625,58.943604],[22.542188,58.68999],[23.008691,58.833936],[22.649414,59.087109]],[[22.415527,60.303369],[22.175098,60.370752],[22.077148,60.286328],[22.360547,60.165576],[22.415527,60.303369]],[[21.818652,60.381836],[21.921484,60.332275],[21.994238,60.33667],[21.827246,60.469922],[21.818652,60.381836]],[[21.733105,60.106152],[21.833203,60.140527],[21.864355,60.201807],[21.704785,60.172314],[21.733105,60.106152]],[[21.540625,60.0979],[21.62832,60.107813],[21.634082,60.168994],[21.486035,60.126807],[21.540625,60.0979]],[[21.436914,60.483057],[21.268066,60.638281],[21.214551,60.603857],[21.3,60.479785],[21.436914,60.483057]],[[21.083887,63.277539],[21.253418,63.152002],[21.415625,63.197363],[21.366016,63.261768],[21.083887,63.277539]],[[17.348633,77.156885],[17.62334,77.399365],[18.29873,77.578564],[18.439258,78.025049],[18.995117,78.081494],[19.055664,78.318945],[19.676758,78.60957],[21.38877,78.74043],[20.500684,78.981396],[20.767188,79.059131],[20.611035,79.106641],[19.893555,79.056201],[18.677832,79.261719],[18.815234,79.42666],[18.397363,79.605176],[17.66875,79.385938],[17.956152,79.704248],[17.83457,79.800049],[16.386621,80.052588],[16.093848,80.007324],[15.816113,79.681836],[16.34375,78.976123],[14.831836,79.766406],[14.039844,79.585645],[13.957227,79.339648],[13.333789,79.574805],[12.555371,79.569482],[13.921094,79.761719],[13.692871,79.860986],[10.682129,79.758252],[10.737598,79.520166],[11.208105,79.129639],[11.97832,79.292676],[12.083984,79.267529],[11.892773,79.152344],[11.981836,79.025293],[12.40332,78.953223],[11.36543,78.950391],[13.150195,78.2375],[14.638281,78.4146],[14.431836,78.49248],[14.467188,78.675391],[14.689258,78.720947],[15.016309,78.630127],[15.38418,78.771191],[15.254199,78.589063],[15.417383,78.473242],[16.782617,78.663623],[16.448633,78.503564],[17.171973,78.417139],[13.680566,78.028125],[14.089941,77.771387],[16.914062,77.897998],[17.033301,77.797705],[13.995703,77.508203],[14.36582,77.234473],[16.461914,76.609326],[17.062695,76.658984],[16.97666,76.811621],[17.348633,77.156885]],[[20.786035,70.219531],[20.492773,70.20332],[20.405078,70.119141],[20.725293,70.066504],[20.786035,70.219531]],[[20.569141,60.069629],[20.490137,60.074902],[20.397949,60.040674],[20.603418,60.016943],[20.569141,60.069629]],[[20.087402,60.353418],[19.823047,60.390186],[19.847656,60.220557],[19.672266,60.233008],[20.033984,60.093555],[20.258887,60.261279],[20.087402,60.353418]],[[19.868652,70.212256],[19.683789,70.273584],[19.599023,70.266162],[19.780859,70.077441],[20.088477,70.102051],[19.868652,70.212256]],[[19.66748,60.164746],[19.628809,60.246094],[19.519043,60.18457],[19.579883,60.135059],[19.66748,60.164746]],[[18.686523,69.890918],[18.061523,69.6021],[18.784766,69.579004],[19.607813,70.019141],[19.34375,70.011963],[19.132715,70.244141],[19.050977,70.037842],[18.686523,69.890918]],[[19.281152,57.977539],[19.134863,57.981348],[19.039258,57.911035],[19.138379,57.860254],[19.281152,57.977539]],[[18.797461,74.485693],[19.098535,74.352148],[19.274707,74.456738],[19.18291,74.51792],[18.797461,74.485693]],[[18.90791,57.39834],[18.813867,57.706201],[19.076465,57.835938],[18.405176,57.756836],[18.136523,57.556641],[18.105078,57.271875],[18.285352,57.083203],[18.146387,56.920508],[18.90791,57.39834]],[[18.697949,59.524609],[18.620898,59.547803],[18.545117,59.477832],[18.570313,59.437256],[18.697949,59.524609]],[[18.377246,59.069043],[18.349902,59.022607],[18.485547,59.10459],[18.397559,59.089111],[18.377246,59.069043]],[[17.373438,69.438867],[17.001758,69.361914],[16.810449,69.070703],[17.950684,69.198145],[18.076758,69.395752],[17.503027,69.59624],[17.229883,69.477686],[17.373438,69.438867]],[[16.864648,57.090674],[16.412305,56.568994],[16.431641,56.24375],[17.117676,57.319824],[16.864648,57.090674]],[[15.489258,68.805322],[15.095313,68.441406],[14.58584,68.400342],[14.25752,68.190771],[15.975293,68.40249],[16.547363,68.716553],[16.275586,68.868311],[15.760352,68.56123],[15.92793,68.733203],[15.811719,69.024219],[16.114844,69.216406],[16.048047,69.302051],[15.483008,69.043457],[15.489258,68.805322]],[[14.49668,68.771875],[14.404688,68.663232],[15.027051,68.606348],[15.396582,68.783594],[15.101855,69.008008],[14.49668,68.771875]],[[15.087695,55.021875],[15.132617,55.144531],[14.713672,55.238037],[14.68418,55.102246],[15.087695,55.021875]],[[13.199512,68.087256],[13.352051,68.009668],[14.118848,68.246826],[13.537988,68.249023],[13.199512,68.087256]],[[13.594922,54.338184],[13.73418,54.31543],[13.580469,54.463965],[13.670703,54.535449],[13.422754,54.699316],[13.17666,54.544238],[13.190039,54.325635],[13.594922,54.338184]],[[12.957715,68.015479],[12.87793,67.917773],[12.824023,67.82124],[13.122852,68.049414],[12.957715,68.015479]],[[12.50957,65.901953],[12.718652,65.963867],[12.778809,65.991699],[12.430176,65.939941],[12.50957,65.901953]],[[12.648437,55.646777],[12.520313,55.6146],[12.550879,55.55625],[12.665723,55.596533],[12.648437,55.646777]],[[12.327344,66.036621],[12.576367,66.071924],[12.620801,66.17793],[12.461328,66.18501],[12.327344,66.036621]],[[11.695898,55.90791],[10.978906,55.721533],[11.286328,55.204443],[11.653809,55.186914],[11.862305,54.772607],[12.050391,54.815332],[12.089941,55.188135],[12.413086,55.286182],[12.215039,55.466504],[12.571191,55.684961],[12.608398,56.033008],[12.039648,56.052148],[11.866406,55.968164],[11.819727,55.697656],[11.695898,55.90791]],[[12.513281,54.997314],[12.274023,55.064111],[12.118848,54.914404],[12.549219,54.965771],[12.513281,54.997314]],[[11.15498,78.640576],[10.96084,78.846387],[10.558203,78.90293],[11.121289,78.463281],[12.116406,78.232568],[11.15498,78.640576]],[[11.901855,65.595703],[12.003223,65.679443],[11.765137,65.630957],[11.77832,65.604541],[11.901855,65.595703]],[[11.765918,54.679443],[11.739551,54.807422],[11.258496,54.951807],[11.041699,54.893359],[11.035547,54.773096],[11.457422,54.628857],[11.765918,54.679443]],[[11.011719,54.466162],[11.129297,54.416016],[11.282812,54.417969],[11.084961,54.533398],[11.011719,54.466162]],[[11.0625,64.8604],[11.246191,64.90791],[10.739844,64.870313],[11.0625,64.8604]],[[11.174512,57.3229],[10.93457,57.308594],[10.873828,57.262256],[11.011426,57.229102],[11.174512,57.3229]],[[10.765234,54.799658],[10.920801,55.062109],[10.951074,55.156201],[10.62168,54.851416],[10.765234,54.799658]],[[10.505078,55.558057],[9.860645,55.515479],[9.858984,55.357227],[9.98877,55.163184],[10.623828,55.052441],[10.819238,55.321875],[10.645117,55.609814],[10.505078,55.558057]],[[10.547168,55.991943],[10.526953,55.783789],[10.590332,55.765088],[10.661719,55.877588],[10.547168,55.991943]],[[10.215625,54.940967],[10.417285,54.837158],[10.504883,54.860547],[10.199902,54.962744],[10.215625,54.940967]],[[9.830371,55.058252],[9.80625,54.906006],[10.06123,54.886377],[9.998828,54.986475],[9.830371,55.058252]],[[8.356152,63.664795],[8.786523,63.703467],[8.80918,63.771436],[8.287109,63.687158],[8.356152,63.664795]],[[8.405176,55.05874],[8.295703,54.908301],[8.284668,54.76709],[8.62959,54.891748],[8.379883,54.899854],[8.405176,55.05874]],[[8.573438,54.74873],[8.468164,54.757422],[8.400391,54.714111],[8.548926,54.688184],[8.573438,54.74873]],[[7.888281,63.352344],[8.102734,63.337598],[8.136133,63.431348],[7.804004,63.413916],[7.888281,63.352344]],[[6.668555,53.605664],[6.64209,53.579199],[6.800879,53.625488],[6.75459,53.625488],[6.668555,53.605664]],[[6.193262,53.476807],[6.333398,53.510742],[6.159277,53.483936],[6.193262,53.476807]],[[5.87627,53.475098],[5.708105,53.473389],[5.654297,53.466504],[5.929297,53.458838],[5.87627,53.475098]],[[5.325781,53.385742],[5.582617,53.438086],[5.190234,53.391797],[5.325781,53.385742]],[[5.027051,53.310205],[4.90791,53.24624],[5.108594,53.308008],[5.027051,53.310205]],[[4.930078,60.412061],[4.955566,60.243311],[5.089063,60.18877],[5.050195,60.388965],[4.930078,60.412061]],[[4.91543,61.199365],[4.824414,61.178223],[4.799023,61.082715],[4.958691,61.08457],[4.91543,61.199365]],[[4.70918,53.036035],[4.886133,53.070703],[4.886426,53.183301],[4.739844,53.091309],[4.70918,53.036035]],[[3.731836,51.678223],[3.950977,51.627051],[4.075098,51.648779],[3.949121,51.739453],[3.731836,51.678223]],[[-0.774268,60.811963],[-0.91582,60.810449],[-0.922266,60.697266],[-0.825488,60.683936],[-0.774268,60.811963]],[[-1.005615,60.716504],[-1.165527,60.603906],[-1.067871,60.502295],[-1.034229,60.530176],[-1.005615,60.716504]],[[-1.065576,50.690234],[-1.312793,50.773486],[-1.563428,50.666113],[-1.251465,50.588818],[-1.065576,50.690234]],[[-1.388672,46.050391],[-1.368701,45.967676],[-1.213574,45.816602],[-1.17832,45.904053],[-1.388672,46.050391]],[[-2.091016,49.187402],[-2.018652,49.23125],[-2.220508,49.266357],[-2.23584,49.176367],[-2.091016,49.187402]],[[-2.646143,49.468213],[-2.547363,49.428711],[-2.512305,49.494531],[-2.542187,49.506592],[-2.646143,49.468213]],[[-4.461719,53.419287],[-4.553223,53.260449],[-4.373047,53.13418],[-4.049365,53.305762],[-4.461719,53.419287]],[[-4.614844,54.266943],[-4.785352,54.073047],[-4.337988,54.269092],[-4.424707,54.407178],[-4.614844,54.266943]],[[-5.10498,55.573975],[-5.251611,55.716943],[-5.392676,55.618359],[-5.231494,55.448096],[-5.10498,55.573975]],[[-6.093408,57.301709],[-6.305957,57.671973],[-6.761133,57.442383],[-6.034375,57.201221],[-5.987305,57.044434],[-5.668652,57.226904],[-6.093408,57.301709]],[[-6.041309,55.925635],[-5.970068,55.814551],[-5.725146,56.118555],[-5.939062,56.045264],[-6.041309,55.925635]],[[-6.184863,56.356885],[-6.32583,56.320947],[-5.777881,56.344336],[-5.76084,56.490674],[-6.286328,56.611865],[-6.184863,56.356885]],[[-6.495654,55.711572],[-6.286426,55.77251],[-6.305078,55.606934],[-6.055322,55.695313],[-6.128906,55.930566],[-6.495654,55.711572]],[[-6.279053,56.964697],[-6.322363,57.050537],[-6.432617,57.01792],[-6.34624,56.954297],[-6.279053,56.964697]],[[-6.544141,62.205615],[-6.406055,62.258643],[-6.55459,62.355664],[-6.559473,62.224512],[-6.544141,62.205615]],[[-6.668555,56.593604],[-6.607617,56.58501],[-6.483691,56.665771],[-6.569922,56.66123],[-6.668555,56.593604]],[[-6.764258,61.815332],[-6.623193,61.805957],[-6.884766,61.899121],[-6.83916,61.840771],[-6.764258,61.815332]],[[-6.823437,62.139111],[-6.655811,62.093604],[-6.631055,62.227881],[-7.172168,62.285596],[-6.725195,61.951465],[-6.823437,62.139111]],[[-7.978809,71.116895],[-8.343701,71.140137],[-9.098877,70.854883],[-8.0021,71.04126],[-7.978809,71.116895]],[[-18.882471,75.195654],[-18.670801,75.00166],[-17.391992,75.036914],[-17.885889,75.204443],[-18.000537,75.407324],[-18.635547,75.389648],[-18.882471,75.195654]],[[-17.6125,79.825879],[-17.40083,79.940479],[-17.471387,80.028711],[-19.138281,79.852344],[-18.662012,79.72002],[-17.6125,79.825879]],[[-17.681445,77.858594],[-17.903711,77.862598],[-18.22002,77.668359],[-17.729492,77.706396],[-17.681445,77.858594]],[[-18.882471,76.703809],[-19.058887,76.694971],[-19.085352,76.430371],[-18.582617,76.042334],[-18.732617,76.642041],[-18.882471,76.703809]],[[-19.594482,81.99126],[-19.031445,81.827197],[-18.664746,81.846484],[-19.314551,82.123193],[-19.594482,81.99126]],[[-18.997168,77.973779],[-18.9354,78.423584],[-19.314697,78.344189],[-19.129492,77.938525],[-18.997168,77.973779]],[[-27.805273,70.642041],[-28.035254,70.486816],[-26.217871,70.454053],[-25.346338,70.693311],[-25.458252,70.942529],[-25.818896,71.043652],[-26.621777,70.875635],[-27.708936,70.897119],[-27.805273,70.642041]]]}},{"type":"Feature","properties":{"_manaName":"Océano Pacífico Norte","name":"Pacific Ocean","_manaColor":"#08306b","_manaFillOpacity":0.9,"_manaWeight":0.6,"_manaBorderColor":"#FFFFFF","_manaGroupName":"Océanos y mares","_manaGroupId":"oceanos-y-mares","_manaLabelStyle":{"enabled":true,"fontSize":11,"fontFamily":"DM Sans, sans-serif","fontWeight":"600","color":"#0e2a3a","haloWidth":3,"haloColor":"#FFFFFF","placement":"point","field":"_manaName"},"Tipo":"Océano","Dato":"Océano de la Tierra","Description":"Océano Pacífico Norte — océano"},"geometry":{"type":"MultiPolygon","coordinates":[[[[-124.680007,48.285994],[-124.663057,47.974281],[-124.376025,47.658643],[-124.1392375929002,46.9547284801719],[-123.842871,46.963184],[-124.11251433727857,46.86259498707794],[-123.888892,46.65984],[-123.946047,46.432308],[-124.04436395157634,46.60453151066356],[-124.07268922603372,46.27966203899002],[-123.220605,46.153613],[-123.989307,46.219385],[-123.929097,45.577167],[-124.148721,43.691752],[-124.539648,42.812891],[-124.071924,41.459521],[-124.356543,40.371094],[-123.832798,39.775402],[-123.70106688470929,38.907227958019604],[-122.908154,38.196582],[-122.998779,37.988623],[-122.521338,37.826416],[-122.393359,38.144824],[-121.525342,38.055908],[-122.314258,38.007324],[-122.070508,37.478271],[-122.445605,37.797998],[-122.49922009759737,37.54272610404637],[-122.394922,37.20752],[-121.807422,36.851221],[-121.877393,36.331055],[-120.658857,35.12243],[-120.644568,34.580034],[-119.60582,34.418106],[-119.143859,34.112233],[-118.506198,34.017536],[-118.410415,33.743961],[-118.080518,33.722168],[-117.46745,33.295746],[-117.063159,32.343788],[-116.620783,31.851131],[-116.662073,31.564844],[-116.06198,30.803908],[-115.6736266264172,29.756254323309246],[-114.937305,29.351611],[-114.048511,28.426353],[-114.26582992956996,27.934394856187215],[-114.069156,27.675469],[-114.30051582792719,27.872788384984858],[-115.0364588476627,27.84163388209628],[-114.993506,27.736035],[-113.59869969115476,26.721401323743926],[-113.155801,26.946288],[-113.020752,26.583252],[-112.377246,26.213916],[-112.069873,25.572852],[-112.072611,24.84019],[-110.36287,23.605123],[-110.00625,22.894043],[-109.495559,23.160085],[-109.42085,23.480127],[-110.262891,24.344531],[-110.367432,24.100488],[-110.659326,24.341455],[-110.686768,24.867676],[-111.291602,25.789795],[-111.569678,26.707617],[-111.795264,26.879688],[-111.699414,26.580957],[-111.862646,26.678516],[-112.329199,27.523438],[-112.734033,27.825977],[-112.87085,28.424219],[-114.550488,30.022266],[-114.933594,31.900732],[-113.046729,31.179248],[-113.057666,30.651025],[-112.223486,29.269482],[-112.161768,29.018896],[-111.121387,27.966992],[-110.529883,27.864209],[-110.615479,27.653906],[-110.477783,27.322656],[-109.943994,27.079346],[-109.754785,26.70293],[-109.27627,26.533887],[-109.116699,26.252734],[-109.425635,26.032568],[-109.384961,25.727148],[-109.196484,25.592529],[-108.886572,25.733447],[-109.028809,25.480469],[-108.787256,25.538037],[-108.051465,25.067041],[-108.280762,25.081543],[-107.951172,24.614893],[-107.511914,24.48916],[-107.527246,24.360059],[-107.764941,24.471924],[-106.935498,23.88125],[-105.791909,22.627741],[-105.64904998894174,21.987987006452993],[-105.208691,21.49082],[-105.236827,21.119099],[-105.51080116277329,20.808764987050047],[-105.260107,20.578822],[-105.669152,20.385681],[-105.481825,19.976094],[-104.93837,19.309338],[-103.912451,18.828467],[-103.441355,18.325626],[-101.918941,17.959963],[-100.847922,17.200604],[-99.690674,16.719629],[-98.761951,16.534934],[-97.754785,15.966846],[-96.51084,15.651904],[-94.799414,16.209668],[-95.02085,16.277637],[-94.900439,16.41748],[-94.79082,16.287158],[-94.616846,16.347559],[-94.661523,16.201904],[-94.00127,16.018945],[-94.37417,16.284766],[-93.916064,16.053564],[-92.264311,14.568],[-91.377344,13.990186],[-90.479102,13.900928],[-88.512012,13.183936],[-88.685645,13.281494],[-88.023562,13.168886],[-87.814209,13.39917],[-87.489099,13.353035],[-87.338574,12.949951],[-87.585059,13.043311],[-87.667434,12.903786],[-85.744967,11.088729],[-85.9079062903809,10.897676129441003],[-85.66333,10.635449],[-85.849658,10.292041],[-85.624854,9.902441],[-85.0771203352164,9.601915665510289],[-84.886674,9.820848],[-85.235386,10.242062],[-84.714694,9.899164],[-84.581343,9.568434],[-83.73677,9.150398],[-83.613495,8.804321],[-83.73406880454253,8.614439316392424],[-83.604478,8.480465],[-83.29175205343313,8.406031842594752],[-83.469727,8.706836],[-83.285944,8.664639],[-82.87951322536168,8.070927499147187],[-82.679541,8.321973],[-81.727538,8.137566],[-81.50415,7.721191],[-81.268408,7.625488],[-81.063961,7.899983],[-80.84549107784726,7.220070069903554],[-80.01123,7.500049],[-80.458984,8.213867],[-79.750439,8.595508],[-79.687451,8.850977],[-79.441504,9.006006],[-78.955176,8.93252],[-78.514063,8.628174],[-78.409863,8.355322],[-78.399219,8.505664],[-78.223047,8.396631],[-78.099463,8.496973],[-77.760547,8.133252],[-78.141895,8.386084],[-78.421582,8.060986],[-77.368799,6.575586],[-77.469323,6.177013],[-77.249207,5.780138],[-77.5343199186867,5.537177717527369],[-77.286233,4.721805],[-77.52065481863546,4.212808044869158],[-77.40874,4.247754],[-77.358203,3.944727],[-77.277784,4.058771],[-77.26348773227721,3.893194348413777],[-77.076685,3.91325],[-77.813574,2.716357],[-78.591683,2.35642],[-78.576878,1.77382],[-78.792969,1.84873],[-79.025439,1.623682],[-78.859445,1.45526],[-78.899675,1.206025],[-80.088181,0.78481],[-80.10141,0.052969],[-89.702607,0.052969],[-91.133476,2.069616],[-92.46802,2.33208],[-92.43151,0.259881],[-180.0,0.259881],[-180.0,65.067236],[-179.3521,65.516748],[-179.789697,65.900879],[-179.683301,66.184131],[-179.327197,66.162598],[-179.143408,66.375049],[-178.868115,66.187061],[-178.526562,66.401563],[-178.746729,66.013672],[-178.939063,66.032764],[-178.502344,65.74043],[-178.4125,65.495557],[-177.05625,65.613623],[-176.093262,65.471045],[-175.856152,65.232813],[-175.853857,65.01084],[-175.442139,64.816699],[-174.570557,64.717773],[-173.729736,64.364502],[-173.32749,64.539551],[-173.375684,64.354883],[-173.157422,64.279736],[-172.915869,64.369434],[-172.903174,64.526074],[-172.37876,64.431543],[-172.900879,64.628857],[-172.801074,64.790527],[-173.066211,64.847168],[-172.213184,65.048145],[-172.286035,65.205713],[-172.661914,65.248535],[-172.309277,65.275635],[-172.232812,65.455713],[-172.783301,65.681055],[-171.169971,65.5021],[-171.054248,65.549951],[-171.451172,65.794238],[-170.666309,65.621533],[-170.540674,65.86543],[-169.72915,66.058105],[-170.301221,66.294043],[-170.604443,66.248926],[-170.473096,66.320264],[-171.795557,66.931738],[-173.00752,67.064893],[-172.520117,66.95249],[-173.193018,66.993604],[-173.258936,66.840088],[-173.323535,66.954834],[-173.157813,67.069092],[-174.550098,67.090625],[-174.086426,66.942871],[-174.005518,66.778613],[-174.231592,66.631885],[-173.773975,66.434668],[-174.065039,66.22959],[-174.084766,66.473096],[-174.394092,66.344238],[-174.50376,66.537939],[-174.924902,66.623145],[-174.771191,66.784326],[-174.938135,67.093018],[-174.849854,67.348877],[-175.374707,67.357373],[-175.23252,67.44668],[-175.345215,67.678076],[-177.589209,68.224219],[-177.527246,68.294385],[-178.373047,68.565674],[-177.796777,68.337988],[-178.055811,68.264893],[-178.097461,68.424805],[-178.692627,68.545996],[-178.751465,68.660449],[-178.538525,68.585645],[-178.873877,68.754102],[-180.0,68.983447],[-180.0,70.993018],[-178.062695,71.041943],[-177.52519712318247,71.25398073371285],[-177.503527,71.208419],[-156.470211,71.408458],[-156.411481,71.399441],[-122.512,76.375183],[-122.902783,76.134717],[-122.592725,76.162061],[-122.640479,76.009082],[-122.400488,75.944238],[-121.213477,75.983691],[-120.848389,76.182666],[-120.408887,75.825635],[-119.912891,75.858838],[-119.526123,75.997217],[-119.739648,76.117725],[-119.580371,76.326514],[-118.993945,76.144873],[-118.624512,76.365869],[-118.791406,76.512988],[-118.202783,76.760498],[-117.780469,76.784277],[-118.020215,76.446533],[-117.492383,76.272705],[-117.107764,76.321924],[-116.999219,76.531592],[-115.984814,76.686914],[-116.252734,76.901416],[-115.810059,76.939111],[-116.329199,77.137061],[-115.475586,77.324316],[-116.749535728056,77.53382076679975],[-116.326563,77.536715],[-115.029588,77.967463],[-114.105908,77.720703],[-113.61792,77.832422],[-114.15269019672466,77.99211767671329],[-113.783385,77.905038],[-113.29230364961902,78.33423107958828],[-109.484473,78.316406],[-109.336035,78.408447],[-109.467285,78.567187],[-110.393024,78.792969],[-105.630524,79.004635],[-105.52480161136653,79.22827803868961],[-105.535645,79.03252],[-104.746777,79.0271],[-104.895508,78.808154],[-104.151953,78.989893],[-103.875635,78.902686],[-104.18501,78.781299],[-103.371582,78.736328],[-104.02085,78.634912],[-103.482568,78.593945],[-103.570508,78.539844],[-104.995557,78.518506],[-104.512646,78.294629],[-102.731348,78.371045],[-102.606982,78.248926],[-101.074121,78.193848],[-100.274658,77.832715],[-99.166406,77.856934],[-99.053125,78.072363],[-99.751367,78.302979],[-99.847803,78.438232],[-99.582129,78.563281],[-100.014746,78.728613],[-101.128125,78.80166],[-101.037158,78.939014],[-101.703662,79.078906],[-102.576172,78.879395],[-102.914355,79.231104],[-103.90863918077648,79.34899155140853],[-100.12377491919803,80.01285012983362],[-98.885205,79.725684],[-98.823193,80.037354],[-99.49651360251458,80.13055070715903],[-98.963024,80.168802],[-96.773338,80.135987],[-94.82419328424017,80.04981247728557],[-96.773242,80.135791],[-96.462744,79.84751],[-95.85752,79.673779],[-94.401855,79.736328],[-95.733008,79.418213],[-95.103174,79.289893],[-92.821924,79.449902],[-91.299902,79.372705],[-94.169678,78.972803],[-93.159863,78.775635],[-93.634424,78.750928],[-93.266602,78.608301],[-91.866895,78.542676],[-92.848242,78.460107],[-91.409619,78.187988],[-90.326758,78.184766],[-90.652393,78.307715],[-90.459033,78.330908],[-89.489844,78.171924],[-90.037109,78.606836],[-88.822412,78.185889],[-88.606445,78.391992],[-88.741602,78.584033],[-87.982861,78.537061],[-88.25376,78.671973],[-88.040186,78.995313],[-87.816748,79.036328],[-87.922314,78.751367],[-87.617383,78.676318],[-86.957178,78.974902],[-85.042139,79.28457],[-85.76683467695368,79.58807444409166],[-85.67407347740732,79.70196777199114],[-83.575879,79.053662],[-84.567773,79.071289],[-84.316113,78.975293],[-81.750098,78.975781],[-83.271436,78.770313],[-85.00376,78.912256],[-86.80791,78.774365],[-87.491309,78.417188],[-87.551758,78.176611],[-86.913232,78.126807],[-85.920068,78.342871],[-86.217773,78.081201],[-85.585937,78.10957],[-84.783203,78.527588],[-84.910352,78.239697],[-84.222705,78.176025],[-85.547559,77.927686],[-85.292041,77.763867],[-85.289355,77.559033],[-84.860547,77.499512],[-83.779395,77.532617],[-82.595312,77.992139],[-83.608057,77.442236],[-84.487012,77.367969],[-85.588477,77.461133],[-86.755078,77.863721],[-88.016992,77.784717],[-88.094678,77.719189],[-87.681445,77.436377],[-86.812256,77.184912],[-88.556201,77.072217],[-89.499756,76.826807],[-89.570068,76.491943],[-88.545801,76.420898],[-88.49585,76.772852],[-88.395996,76.405273],[-87.497559,76.386279],[-87.489795,76.58584],[-86.680225,76.376611],[-86.453711,76.584863],[-85.343604,76.313379],[-84.275342,76.356543],[-84.223779,76.675342],[-83.885693,76.453125],[-82.233154,76.46582],[-82.529834,76.723291],[-80.974512,76.470068],[-80.834814,76.369141],[-80.99668,76.21499],[-80.690283,76.176465],[-78.284326,76.57124],[-77.99873,76.851953],[-78.288867,76.977979],[-79.220752,76.936035],[-79.497266,77.196094],[-82.056787,77.296533],[-81.277734,77.365186],[-81.659082,77.525439],[-80.573047,77.314795],[-78.493213,77.369385],[-78.076172,77.519043],[-78.012598,77.946045],[-75.969629,77.993115],[-75.193457,78.327734],[-76.416113,78.511523],[-74.878613,78.544824],[-74.433105,78.724121],[-76.255859,79.006836],[-77.882764,78.942383],[-78.581641,79.075],[-74.532324,79.052734],[-74.481201,79.229492],[-75.602734,79.239551],[-76.898828,79.512305],[-75.503418,79.41416],[-73.201123,79.596582],[-73.472461,79.756445],[-74.660205,79.835156],[-74.394482,79.874072],[-72.436523,79.694385],[-71.387842,79.761768],[-71.110156,79.847803],[-71.355811,79.911279],[-70.559082,80.070996],[-72.055957,80.123242],[-70.264893,80.233594],[-70.712598,80.5396],[-69.550684,80.383252],[-64.780078,81.492871],[-68.688525,81.293311],[-62.176709,82.043408],[-61.207227,82.341064],[-61.697168,82.488623],[-63.246777,82.450195],[-63.085352,82.565234],[-63.642529,82.712988],[-63.49873,82.792578],[-64.904883,82.90083],[-68.469336,82.653369],[-66.422559,82.926855],[-69.858857,83.132135],[-38.761324,83.485085],[-38.64292,83.286279],[-37.934766,83.160742],[-38.278369,82.998877],[-40.356836,83.332178],[-41.300146,83.100781],[-43.009277,83.2646],[-46.478174,82.951904],[-41.369629,82.75],[-45.556543,82.747021],[-44.326563,82.471729],[-44.238867,82.368164],[-44.637109,82.104443],[-44.532422,81.848926],[-44.729492,81.779834],[-50.037109,82.472412],[-50.989941,82.460156],[-50.713135,82.237354],[-49.541064,81.918066],[-50.894434,81.895215],[-53.022559,82.321729],[-53.101953,82.118945],[-52.925537,82.038379],[-53.041211,81.870996],[-53.555664,81.653271],[-53.671338,82.164062],[-54.548877,82.350635],[-59.268018,81.98208],[-56.615137,81.362891],[-59.281934,81.884033],[-60.432373,81.920166],[-61.20293,81.746875],[-61.1,81.396094],[-61.435986,81.133594],[-62.993262,81.206982],[-63.235205,81.08335],[-63.058594,80.885596],[-63.721973,81.057324],[-64.515527,81.0],[-67.193164,80.280078],[-66.843652,80.076221],[-64.17915,80.099268],[-64.792285,80.000635],[-65.287793,79.437305],[-65.967871,79.132373],[-68.377051,79.037842],[-72.714795,78.362305],[-72.570947,78.29873],[-72.791504,78.154883],[-72.064941,77.936816],[-70.114453,77.841357],[-70.561914,77.717188],[-69.976758,77.547656],[-67.688086,77.523779],[-66.823535,77.686621],[-66.266455,77.515381],[-66.453076,77.393066],[-66.389453,77.280273],[-68.135547,77.37959],[-71.154883,77.073877],[-70.613135,76.821826],[-69.694238,76.989453],[-69.888086,76.827051],[-68.114258,76.650635],[-69.484082,76.39917],[-68.317285,76.090771],[-66.826172,75.968799],[-66.674805,75.977393],[-67.078711,76.194824],[-65.369922,76.130566],[-63.291309,76.352051],[-58.516211,75.689062],[-58.249658,75.506689],[-58.565527,75.352734],[-56.255469,74.526807],[-56.717676,74.429248],[-56.706348,74.219189],[-57.230566,74.125293],[-56.225391,74.129102],[-55.838281,73.759717],[-56.104053,73.558154],[-55.288281,73.3271],[-55.668555,73.00791],[-54.737939,72.87251],[-54.924951,72.571973],[-55.601709,72.453467],[-55.295703,72.354395],[-55.63584,72.300439],[-55.581445,72.178857],[-54.840137,72.356104],[-55.315576,72.110693],[-55.669336,71.691504],[-55.594043,71.553516],[-54.689062,71.367236],[-53.962988,71.458984],[-54.019922,71.657861],[-53.4625,71.893555],[-53.927734,72.318799],[-53.652148,72.362646],[-53.809863,72.292578],[-53.333691,71.789746],[-53.144531,71.807422],[-53.440088,71.579004],[-51.778613,71.68291],[-53.117041,71.312891],[-53.007568,71.17998],[-51.018945,71.001318],[-51.774316,71.010449],[-51.256592,70.852686],[-51.322852,70.58877],[-50.682129,70.396875],[-52.801953,70.750586],[-54.16582,70.820117],[-54.530762,70.699268],[-54.014453,70.42168],[-52.254639,70.058936],[-50.322949,70.027148],[-50.5,69.935791],[-50.349463,69.79624],[-50.804102,69.663037],[-51.076953,69.209473],[-50.297363,69.170605],[-51.084863,69.128271],[-51.249414,68.739941],[-50.800635,68.79126],[-51.133301,68.598437],[-51.623145,68.534814],[-52.60459,68.70874],[-53.039453,68.610889],[-53.383154,68.297363],[-52.198535,68.220801],[-51.169141,68.385205],[-51.596875,68.054785],[-53.151562,68.207764],[-53.735205,67.549023],[-52.344824,67.836914],[-50.968848,67.806641],[-51.171045,67.693604],[-50.613477,67.52793],[-52.512012,67.761279],[-53.798584,67.418164],[-53.884424,67.135547],[-53.687158,66.986475],[-52.386865,66.881152],[-53.41875,66.648535],[-53.634717,66.413672],[-53.614697,66.154492],[-53.035791,66.201416],[-51.225,66.881543],[-53.392041,66.04834],[-53.106348,65.977148],[-53.198975,65.594043],[-52.55127,65.461377],[-51.723437,65.723486],[-51.091895,65.775781],[-52.537695,65.328809],[-52.259033,65.154932],[-51.922607,64.21875],[-51.255371,64.758105],[-51.138965,64.785742],[-51.220605,64.628467],[-50.721582,64.797607],[-50.960645,65.201123],[-50.516992,64.766504],[-50.121631,64.70376],[-50.008984,64.447266],[-50.355127,64.682568],[-50.684326,64.678174],[-51.231543,64.560596],[-51.707861,64.205078],[-51.542285,64.097021],[-50.437061,64.312842],[-50.486621,64.208887],[-50.260693,64.214258],[-51.54751,64.006104],[-51.468848,63.642285],[-50.390088,62.822021],[-49.793115,63.044629],[-50.29873,62.721973],[-50.319238,62.473193],[-49.553467,62.232715],[-49.623779,61.998584],[-48.828711,62.079688],[-49.380273,61.890186],[-49.193115,61.685645],[-49.289062,61.589941],[-49.049219,61.523877],[-48.92207,61.277441],[-48.428174,61.187402],[-48.386426,61.004736],[-47.770312,60.997754],[-48.180811,60.769238],[-46.874463,60.816406],[-45.870215,61.218311],[-46.141943,60.776514],[-46.046631,60.615723],[-45.380518,60.444922],[-44.756738,60.6646],[-45.367773,60.372949],[-45.379248,60.20293],[-44.613281,60.01665],[-44.224365,60.273535],[-44.412939,59.922607],[-43.94399806874853,59.81840761052444],[-52.94502,47.552832],[-53.122461,47.455127],[-53.175537,47.652979],[-52.920996,48.14707],[-53.60376,47.662305],[-53.863672,47.787012],[-53.638232,48.014648],[-53.86958,48.019678],[-53.135742,48.401855],[-53.042676,48.656641],[-54.114453,48.393604],[-53.706348,48.655518],[-53.966016,48.706689],[-53.852881,48.811328],[-54.161279,48.787695],[-53.573437,49.141211],[-53.619434,49.321631],[-53.957715,49.441846],[-54.448242,49.329443],[-54.502197,49.527344],[-55.353174,49.079443],[-55.229541,49.508154],[-55.343848,49.3729],[-55.375928,49.489746],[-56.087305,49.451953],[-55.869824,49.670166],[-56.140186,49.619141],[-55.50293,49.983154],[-56.161279,49.940137],[-56.179395,50.11499],[-56.822168,49.613477],[-56.732324,50.007715],[-55.8,51.033301],[-56.031104,51.328369],[-55.583398,51.388574],[-55.453223,51.562305],[-56.025586,51.568359],[-56.682422,51.332764],[-57.035937,51.01084],[-57.297998,50.69873],[-57.17959,50.614844],[-57.432617,50.505811],[-57.926172,49.70083],[-57.791309,49.48999],[-58.01582,49.54248],[-58.213379,49.38667],[-57.980078,49.229639],[-58.098926,49.077441],[-57.990527,48.987939],[-58.403662,49.084326],[-58.716455,48.598047],[-58.906445,48.650195],[-58.841797,48.746436],[-59.167676,48.558496],[-58.335547,48.513672],[-59.362402,47.865674],[-59.116943,47.570703],[-58.336865,47.730859],[-56.774121,47.56499],[-55.85791,47.819189],[-55.86709,47.592334],[-56.127246,47.502832],[-54.795361,47.640332],[-55.95461035583703,46.943970411044596],[-56.26354523954238,46.84534293349458],[-56.36459,47.099063],[-56.371463,46.778385],[-59.87737497492833,46.16354557870456],[-60.297949,46.31123],[-60.733301,45.956592],[-60.472363,45.946533],[-61.059033,45.703369],[-60.865234,45.983496],[-61.105176,45.944727],[-60.494531,46.270264],[-60.33291,46.737012],[-60.408203,47.003516],[-60.870166,46.796777],[-61.408643,46.170361],[-61.45705127223798,45.66590871493823],[-61.776514,45.655615],[-61.955518,45.868164],[-62.750098,45.648242],[-62.700684,45.740576],[-63.292773,45.751953],[-64.056396,46.021338],[-63.831934,46.107178],[-63.915918,46.16582],[-64.541504,46.240332],[-64.905762,46.887939],[-64.831396,47.060791],[-65.318896,47.101221],[-64.912207,47.368652],[-64.703223,47.724854],[-65.00166,47.846826],[-65.607227,47.67002],[-65.849414,47.911035],[-66.704395,48.022461],[-65.926709,48.188867],[-65.259424,48.02124],[-64.25376,48.550391],[-64.513721,48.841113],[-64.216211,48.873633],[-64.567725,49.104785],[-65.523389,49.266162],[-66.598096,49.126367],[-68.815674,48.366016],[-70.519482,47.03252],[-71.261182,46.75625],[-72.109277,46.551221],[-73.15957,46.010059],[-73.558105,45.425098],[-74.708887,45.003857],[-73.973828,45.345117],[-74.315088,45.531055],[-73.476611,45.738232],[-72.981006,46.209717],[-71.87959,46.686816],[-71.267773,46.795947],[-70.705859,47.139795],[-69.775,48.098096],[-71.018262,48.455615],[-69.673877,48.19917],[-68.281934,49.197168],[-67.372021,49.348438],[-66.941162,49.993701],[-66.495508,50.211865],[-62.71543,50.30166],[-61.724854,50.104053],[-60.080176,50.25459],[-58.510352,51.295068],[-56.975977,51.457666],[-55.695215,52.137793],[-56.011719,52.394482],[-55.746484,52.474561],[-56.324902,52.544531],[-55.802832,52.643164],[-55.797949,53.211963],[-55.966113,53.471143],[-56.524316,53.766455],[-57.331738,53.469092],[-57.524072,53.611426],[-57.134961,53.791846],[-57.416064,54.162744],[-58.309961,54.20166],[-57.928271,54.103564],[-58.652051,53.977881],[-60.329492,53.266113],[-60.100293,53.486963],[-60.39541,53.65332],[-60.144922,53.596143],[-59.823047,53.834424],[-58.633203,54.049561],[-58.435205,54.228125],[-57.404492,54.590869],[-57.962451,54.875732],[-58.780176,54.838379],[-58.997119,55.149463],[-59.25957,55.199951],[-59.837793,54.813965],[-59.437891,55.175928],[-59.758789,55.30957],[-60.617139,55.060205],[-60.192383,55.480908],[-60.408301,55.649561],[-60.341016,55.784668],[-61.449512,55.995703],[-61.301123,56.047168],[-61.364697,56.216016],[-61.713086,56.230957],[-61.425293,56.360645],[-61.94043,56.423584],[-61.737744,56.526025],[-62.497266,56.801709],[-61.371631,56.680811],[-61.33374,57.010596],[-61.977441,57.247949],[-61.921143,57.420801],[-62.495557,57.489209],[-61.967969,57.611914],[-61.958643,57.911768],[-62.48623,58.154053],[-63.261523,58.014697],[-62.812061,58.200391],[-62.593848,58.474023],[-63.537061,58.329932],[-62.873877,58.672461],[-63.050293,58.878174],[-63.282129,58.867383],[-63.248437,59.068311],[-63.971143,59.053809],[-63.415137,59.194385],[-63.945459,59.380176],[-63.750195,59.512598],[-64.056055,59.822559],[-64.226318,59.741211],[-64.283496,60.064062],[-64.768457,60.012109],[-64.41958,60.171387],[-64.499414,60.268262],[-64.817334,60.331055],[-65.171729,59.908008],[-65.028174,59.770703],[-65.433398,59.776514],[-65.407422,59.539355],[-65.038232,59.387891],[-65.475098,59.470312],[-65.411719,59.31499],[-65.7,59.21333],[-65.383545,59.060205],[-66.043066,58.820654],[-66.002393,58.431201],[-66.362402,58.791162],[-66.722168,58.491016],[-67.569629,58.213477],[-67.678271,57.991113],[-67.755957,58.40459],[-68.063867,58.138965],[-67.888281,58.295752],[-68.021045,58.485303],[-68.413574,58.051758],[-69.04082,57.90249],[-68.356543,58.163232],[-68.229395,58.48457],[-68.381152,58.743506],[-68.698193,58.904541],[-69.789893,58.689307],[-70.154346,58.760596],[-69.78418,58.955713],[-69.531641,58.869238],[-69.344043,59.303076],[-69.681885,59.341748],[-69.579395,59.675098],[-69.733936,59.918018],[-70.654834,60.026221],[-69.67373,60.075879],[-69.75127,60.487451],[-69.404736,60.846777],[-69.50332,61.04043],[-69.992432,60.856494],[-70.279297,61.068652],[-71.422705,61.158936],[-71.854395,61.439795],[-71.638281,61.617188],[-72.215869,61.587256],[-72.040039,61.680273],[-72.226123,61.831592],[-72.771631,61.84043],[-72.686963,62.124561],[-73.705078,62.473145],[-74.632568,62.115674],[-75.341211,62.312109],[-75.789844,62.17959],[-75.675537,62.249512],[-77.372412,62.57251],[-78.068115,62.35542],[-78.021387,61.83208],[-77.514355,61.556299],[-78.181348,60.819141],[-77.603027,60.825195],[-77.79082,60.639844],[-77.503564,60.542725],[-77.681445,60.4271],[-77.452881,60.145801],[-77.585889,60.088184],[-77.289209,60.022021],[-77.485303,59.68457],[-77.349072,59.578955],[-77.726172,59.675879],[-77.859033,59.475781],[-77.760693,59.380029],[-78.430518,58.901758],[-78.515088,58.682373],[-76.890918,57.758105],[-76.572852,57.181201],[-76.529834,56.499951],[-76.761816,55.996436],[-77.775293,55.29126],[-79.712354,54.671826],[-78.996045,54.00249],[-79.100342,53.656641],[-78.744141,52.655371],[-78.448096,52.261377],[-78.981641,51.774561],[-78.731348,51.497461],[-78.903174,51.200293],[-79.296973,51.622803],[-79.688818,51.346582],[-79.714453,51.117578],[-79.3479,50.762646],[-80.103564,51.282861],[-80.47832,51.307324],[-80.851221,51.125],[-80.443311,51.388574],[-80.657959,51.75835],[-81.466211,52.204492],[-81.827881,52.224219],[-81.599414,52.432617],[-82.291553,53.030713],[-82.141455,53.817627],[-82.42417,54.24458],[-82.219385,54.813477],[-82.393262,55.067822],[-83.910596,55.314648],[-85.060938,55.285645],[-85.365283,55.079297],[-85.218018,55.348975],[-85.67666,55.601074],[-87.482422,56.021289],[-88.826465,56.814258],[-90.592187,57.224463],[-92.798145,56.921973],[-92.432812,57.320312],[-93.17876,58.725635],[-94.123193,58.736719],[-94.332227,58.297363],[-94.287061,58.716016],[-94.957324,59.068848],[-94.788281,59.267871],[-94.646777,60.416406],[-94.761719,60.498242],[-94.509375,60.604541],[-93.912744,61.481445],[-93.312012,61.767285],[-93.581787,61.942041],[-93.333057,61.93291],[-92.905518,62.215137],[-93.205371,62.364941],[-92.527979,62.168408],[-92.767969,62.37998],[-92.551416,62.546729],[-91.93584,62.592383],[-92.361279,62.819385],[-91.448975,62.804053],[-90.777881,62.971631],[-90.711279,63.304053],[-91.841846,63.697559],[-92.465088,63.555078],[-92.156885,63.691699],[-93.378516,63.948486],[-93.270215,63.840869],[-93.559814,63.865283],[-93.696338,64.147168],[-90.811914,63.580908],[-90.154736,63.689648],[-90.013428,63.804297],[-90.168164,63.97876],[-89.855713,63.956982],[-90.04165,64.140869],[-89.131543,63.968506],[-89.200635,64.11377],[-88.817725,63.992236],[-88.105615,64.183301],[-87.027539,65.198096],[-88.974023,65.348291],[-89.924072,65.780273],[-91.427246,65.9479],[-89.749414,65.936035],[-87.969971,65.348926],[-87.452881,65.338965],[-85.95874,66.119043],[-86.685107,66.3604],[-86.708154,66.523047],[-85.603857,66.568262],[-84.628076,66.207715],[-83.869043,66.213574],[-84.223047,66.682471],[-84.737744,66.933594],[-85.113721,66.906934],[-84.538477,66.972803],[-83.406445,66.37124],[-81.467578,67.069873],[-81.294336,67.497412],[-82.062549,67.928174],[-82.0125,68.193896],[-82.222412,68.145264],[-82.552686,68.446484],[-81.914844,68.458789],[-81.25249,68.743164],[-81.95791,68.883643],[-81.377832,69.185645],[-82.227539,69.248877],[-82.309863,69.41001],[-82.754834,69.494385],[-82.37417,69.641797],[-85.507373,69.845264],[-85.386768,69.231885],[-84.862207,69.073975],[-85.106641,68.844043],[-84.867578,68.77334],[-85.689795,68.670947],[-85.952588,68.072461],[-86.398047,67.800098],[-86.560791,67.482129],[-87.359375,67.177246],[-88.313818,67.950342],[-88.346973,68.288281],[-87.813574,68.345703],[-88.223535,68.915039],[-89.279541,69.255469],[-89.666602,69.0146],[-89.897705,68.490771],[-90.204785,68.257471],[-90.573633,68.474707],[-90.479004,68.881152],[-91.237207,69.285547],[-90.450537,69.475439],[-91.439941,69.525684],[-91.201807,69.644775],[-91.911963,69.53125],[-92.887793,69.668213],[-91.976709,70.038672],[-92.511865,70.103857],[-92.320508,70.235352],[-91.564062,70.178271],[-92.981445,70.852246],[-92.882715,71.069336],[-93.031299,71.335693],[-93.810205,71.76626],[-94.30835,71.764893],[-94.55708,71.978955],[-95.201221,71.903711],[-95.872314,71.573145],[-95.40625,71.49165],[-95.564258,71.336768],[-96.062012,71.413867],[-96.446582,71.239893],[-96.548926,70.80874],[-96.258008,70.642285],[-95.886328,70.694287],[-95.988184,70.616846],[-95.878613,70.548975],[-96.297705,70.511377],[-96.551367,70.210303],[-95.964941,69.802783],[-94.633838,69.649658],[-94.270801,69.455127],[-93.532275,69.480908],[-93.430957,69.375049],[-93.748535,69.226123],[-93.619482,69.416992],[-94.254736,69.31377],[-94.255371,69.151465],[-94.083643,69.123096],[-94.600439,68.803223],[-94.064893,68.784766],[-93.852441,69.000342],[-93.643945,68.633105],[-93.448926,68.618896],[-94.744434,68.070898],[-95.460693,68.021387],[-95.650488,67.737451],[-95.25874,67.262549],[-95.399658,66.949463],[-96.036865,66.9375],[-95.787549,66.616797],[-96.422559,67.051758],[-95.418896,67.013232],[-95.415918,67.155566],[-95.777686,67.184619],[-95.719922,67.316797],[-96.141455,67.271826],[-96.369141,67.509766],[-95.970312,68.249121],[-96.72207,68.03877],[-96.430664,68.310596],[-96.976709,68.25542],[-97.335791,68.47915],[-97.828564,68.532764],[-97.938867,68.510449],[-97.794238,68.387598],[-98.650488,68.363525],[-98.192529,67.922998],[-97.546631,67.960742],[-97.15542,67.726416],[-97.607422,67.631055],[-98.631543,68.072559],[-98.703564,67.965723],[-98.412109,67.807178],[-102.320361,67.735645],[-103.474121,68.115039],[-104.486816,68.063184],[-105.377441,68.413818],[-105.685596,68.828174],[-106.164453,68.919873],[-108.345752,68.597803],[-108.718115,68.297461],[-107.73418,68.17373],[-107.619336,68.331055],[-106.608496,68.357373],[-106.458057,68.516455],[-105.750195,68.592285],[-106.424268,68.200586],[-107.798291,68.036914],[-107.763086,67.906836],[-107.958398,67.818604],[-107.156494,66.881738],[-107.745996,66.961475],[-107.710352,66.740039],[-107.259473,66.398535],[-108.496045,67.092285],[-107.991309,67.095166],[-107.988721,67.256396],[-108.61333,67.598047],[-108.852002,67.421973],[-109.038037,67.691162],[-109.630371,67.732715],[-110.073926,67.99292],[-112.503027,67.681934],[-115.133203,67.819189],[-115.434473,67.902344],[-114.765283,68.270215],[-114.095947,68.266797],[-113.964404,68.399072],[-114.620166,68.746094],[-115.442285,68.940918],[-117.226953,68.913428],[-120.13999,69.380566],[-121.741846,69.79751],[-123.025781,69.81001],[-123.528418,69.389355],[-124.338086,69.364844],[-124.481348,69.425146],[-124.124609,69.68999],[-124.406934,69.767432],[-124.555029,70.151221],[-124.990381,70.026611],[-124.76792,69.990039],[-125.345508,69.662451],[-125.171875,69.427979],[-125.727783,69.37998],[-126.612158,69.730322],[-127.225977,70.296143],[-127.991016,70.573828],[-128.170117,70.418457],[-127.683789,70.260352],[-128.853027,69.751025],[-129.15791,69.800098],[-128.898926,69.966162],[-130.117627,69.720068],[-130.970654,69.209082],[-131.063428,69.450684],[-131.788379,69.431982],[-132.718945,69.079199],[-132.739111,68.922461],[-132.532666,68.875635],[-132.706006,68.814893],[-133.418311,68.844287],[-131.937793,69.534717],[-130.83208,69.651465],[-129.538428,70.105176],[-130.665479,70.127051],[-134.174316,69.252832],[-133.879785,69.507715],[-134.408936,69.681787],[-134.456836,69.477637],[-135.14082,69.467822],[-135.910205,69.111475],[-135.575537,69.026953],[-135.894727,68.926709],[-135.258838,68.684326],[-137.869434,69.092822],[-139.181543,69.515527],[-141.40791,69.653369],[-143.218311,70.11626],[-144.619189,69.982129],[-147.705371,70.217236],[-149.269434,70.500781],[-151.944678,70.4521],[-151.769043,70.560156],[-152.470605,70.653613],[-152.300391,70.846777],[-153.23291,70.932568],[-154.195215,70.801123],[-155.166846,71.099219],[-155.973535,70.841992],[-156.146582,70.927832],[-155.579443,71.121094],[-156.567236,71.341553],[-156.470215,71.407666],[-157.909375,70.860107],[-159.680908,70.786768],[-160.081592,70.634863],[-159.386768,70.524512],[-159.81499,70.49707],[-159.865674,70.278857],[-160.095068,70.333301],[-159.963135,70.568164],[-160.117139,70.591211],[-162.073877,70.161963],[-161.761084,70.257666],[-161.880957,70.331738],[-162.9521,69.758105],[-163.161475,69.387939],[-163.535693,69.170117],[-164.302344,68.936475],[-166.209082,68.885352],[-166.380518,68.425146],[-166.786279,68.359619],[-164.125195,67.606738],[-163.531836,67.102588],[-161.719922,67.020557],[-161.622217,66.979346],[-161.856689,66.700342],[-161.398047,66.551855],[-160.360889,66.6125],[-160.231689,66.420264],[-161.591016,66.459521],[-162.361621,66.947314],[-162.607422,66.894385],[-161.828174,66.37085],[-161.120313,66.334326],[-161.034277,66.188818],[-161.45542,66.281396],[-161.933691,66.042871],[-163.695361,66.083838],[-164.03374,66.215527],[-163.775488,66.531104],[-163.893945,66.575879],[-163.638232,66.574658],[-164.460498,66.588428],[-165.811865,66.288477],[-165.629932,66.131201],[-166.39873,66.144434],[-168.088379,65.657764],[-167.404004,65.422119],[-166.157031,65.28584],[-166.928418,65.15708],[-166.415234,64.926514],[-166.481396,64.728076],[-166.142773,64.582764],[-164.97876,64.453662],[-163.713086,64.588232],[-163.144336,64.423828],[-163.051758,64.519727],[-163.302832,64.605908],[-163.203906,64.652002],[-162.711084,64.377539],[-161.759375,64.81626],[-161.130176,64.925439],[-160.886963,64.795557],[-160.931934,64.579102],[-161.490723,64.433789],[-160.987549,64.25127],[-160.778564,63.818945],[-160.926709,63.660547],[-161.50542,63.468164],[-162.282812,63.529199],[-163.287842,63.046436],[-163.737842,63.016406],[-163.616309,63.125146],[-163.942871,63.247217],[-164.409033,63.215039],[-164.525195,63.127637],[-164.384229,63.030469],[-164.799658,62.918066],[-164.792676,62.623193],[-164.589453,62.709375],[-164.844385,62.581055],[-164.757861,62.496729],[-165.194531,62.473535],[-165.707275,62.100439],[-165.612793,61.869287],[-166.078809,61.803125],[-165.808936,61.696094],[-166.168115,61.65083],[-166.093994,61.506738],[-165.845313,61.53623],[-165.863965,61.335693],[-165.565869,61.102344],[-165.273633,61.274854],[-165.344873,61.197705],[-164.868994,61.111768],[-165.114844,60.932813],[-163.586914,60.902979],[-163.906543,60.853809],[-163.420947,60.757422],[-163.72998,60.58999],[-163.999561,60.766064],[-164.372363,60.591846],[-164.318506,60.771289],[-164.805176,60.892041],[-165.353809,60.541211],[-165.026514,60.500635],[-163.906885,59.806787],[-162.570752,59.989746],[-162.526953,60.199121],[-162.684961,60.268945],[-161.946582,60.684814],[-162.421338,60.283984],[-161.828711,59.588623],[-161.981055,59.146143],[-161.644385,59.109668],[-161.788672,59.016406],[-161.724365,58.794287],[-162.144922,58.644238],[-161.361328,58.669531],[-160.363135,59.051172],[-159.920215,58.819873],[-159.670264,58.911133],[-158.950684,58.404541],[-158.788623,58.440967],[-158.809473,58.973877],[-158.422803,59.089844],[-158.080518,58.977441],[-158.425635,58.999316],[-158.503174,58.850342],[-158.190918,58.614258],[-157.142041,58.877637],[-156.808887,59.134277],[-156.974658,58.736328],[-157.523633,58.421338],[-157.488379,58.253711],[-157.193701,58.194189],[-157.610889,58.05083],[-157.697217,57.679443],[-157.461914,57.506201],[-157.845752,57.528076],[-158.320947,57.2979],[-158.660791,57.039404],[-158.675146,56.794873],[-158.918018,56.882178],[-160.302051,56.314111],[-160.539062,56.006299],[-160.291699,55.805078],[-160.706348,55.870459],[-160.802832,55.754443],[-161.005371,55.887158],[-160.898633,55.993652],[-161.215625,56.021436],[-161.697314,55.907227],[-163.278809,55.121826],[-163.335303,54.83916],[-163.119629,55.064697],[-162.674365,54.996582],[-162.630371,55.24668],[-162.386377,55.052344],[-162.073975,55.139307],[-161.516943,55.618408],[-161.2021,55.543555],[-161.41333,55.536133],[-161.463867,55.38252],[-161.178027,55.388867],[-159.771387,55.841113],[-159.659668,55.625928],[-158.591162,56.184521],[-158.476123,56.075488],[-158.275635,56.19624],[-158.552148,56.312695],[-158.414404,56.43584],[-156.629004,57.009961],[-156.400488,57.204834],[-156.435889,57.359961],[-155.006885,58.016064],[-154.247021,58.159424],[-154.289014,58.304346],[-153.437598,58.754834],[-153.418262,58.959961],[-154.17832,59.155566],[-153.652539,59.647021],[-153.093604,59.709131],[-153.024609,59.793994],[-153.21123,59.842725],[-152.660107,59.997217],[-153.025,60.295654],[-152.540918,60.26543],[-151.593506,60.979639],[-150.612256,61.301123],[-149.975684,61.279346],[-149.625439,61.486035],[-149.329053,61.497363],[-150.053271,61.171094],[-149.075098,60.876416],[-150.44126,61.023584],[-151.321777,60.74292],[-151.395996,60.274463],[-151.853223,59.78208],[-151.450098,59.650391],[-151.046484,59.771826],[-151.949512,59.265088],[-150.934521,59.249121],[-150.607373,59.563379],[-150.198047,59.566553],[-149.713867,59.91958],[-149.598047,59.770459],[-149.395264,60.105762],[-148.430713,59.989111],[-147.964111,60.484863],[-148.640137,60.489453],[-148.256738,60.675293],[-148.556152,60.827002],[-148.344434,60.853564],[-148.208691,61.029932],[-148.341895,61.0604],[-147.751855,61.218945],[-147.990771,60.948291],[-146.284912,61.112646],[-146.599121,61.053516],[-146.638428,60.897314],[-146.391992,60.81084],[-146.570459,60.72915],[-145.674902,60.651123],[-145.898877,60.478174],[-145.248291,60.380127],[-144.691113,60.669092],[-144.901318,60.335156],[-144.185498,60.150732],[-144.147217,60.016406],[-142.945654,60.096973],[-141.670166,59.969873],[-141.40874,60.117676],[-141.289941,60.00415],[-141.408301,59.902783],[-140.419824,59.710742],[-139.431445,60.012256],[-138.988086,59.83501],[-139.220801,59.819873],[-139.286719,59.610938],[-139.330957,59.877002],[-139.512305,59.953564],[-139.513037,59.698096],[-139.799121,59.54624],[-138.514893,59.165918],[-137.543994,58.581201],[-136.607422,58.243994],[-136.061475,58.452734],[-136.613916,58.809277],[-137.059033,58.87373],[-136.989014,59.034473],[-136.22583,58.765479],[-136.150049,59.048096],[-136.016602,58.873975],[-135.826367,58.897949],[-136.043115,58.821631],[-135.897559,58.400195],[-135.090234,58.24585],[-135.502344,59.202295],[-135.363672,59.419434],[-135.131836,58.842871],[-134.776123,58.453857],[-134.208838,58.232959],[-133.876758,58.518164],[-134.031104,58.072168],[-133.722314,57.844238],[-133.194336,57.877686],[-133.535205,57.832959],[-133.117041,57.566211],[-133.64873,57.642285],[-133.465869,57.172168],[-132.824609,57.055811],[-132.182031,56.420654],[-131.551367,56.206787],[-131.843848,56.160107],[-132.20752,55.753418],[-132.118994,55.569775],[-131.94502,55.55415],[-131.78418,55.876563],[-131.032764,56.088086],[-131.127686,55.960156],[-130.748193,55.318018],[-131.047852,55.157666],[-130.849609,54.807617],[-130.535498,54.74873],[-130.203906,54.947021],[-130.036572,55.2979],[-130.146533,55.654492],[-130.025098,55.888232],[-130.094678,55.694775],[-129.985156,55.358838],[-130.048486,55.057275],[-129.795166,55.55957],[-129.560645,55.462549],[-130.430273,54.420996],[-130.084229,54.181396],[-129.626025,54.230273],[-130.043311,54.133545],[-130.335254,53.723926],[-129.563721,53.251465],[-128.959375,53.841455],[-128.532129,53.858105],[-128.763672,53.746875],[-128.675537,53.55459],[-128.207227,53.483203],[-127.927832,53.274707],[-128.905615,53.559326],[-128.85459,53.704541],[-129.171582,53.533594],[-128.524707,53.140674],[-128.365039,52.825781],[-128.053271,52.910693],[-128.271533,52.362988],[-127.940234,52.545166],[-128.0375,52.318164],[-128.357617,52.158887],[-128.102246,51.788428],[-127.834326,52.250977],[-127.066211,52.652686],[-127.008252,52.842578],[-126.951318,52.72124],[-127.193994,52.457666],[-126.713965,52.060693],[-127.242236,52.395117],[-127.437939,52.356152],[-127.795361,52.191016],[-127.850537,51.673193],[-127.668701,51.477588],[-127.338721,51.707373],[-126.691455,51.703418],[-127.419678,51.608057],[-127.708105,51.151172],[-127.057568,50.867529],[-126.517334,51.056836],[-126.521777,50.866064],[-126.374609,50.837354],[-126.514355,50.679395],[-125.904102,50.704932],[-126.447461,50.587744],[-126.094336,50.497607],[-125.641309,50.466211],[-125.539355,50.649023],[-125.476318,50.497168],[-125.058789,50.513867],[-124.859863,50.872412],[-125.056689,50.418652],[-124.702295,49.957666],[-124.141602,49.792676],[-123.880127,50.173633],[-123.874414,49.736816],[-123.582471,49.68125],[-123.817187,49.586572],[-123.992627,49.736182],[-123.948389,49.534717],[-123.530566,49.397314],[-123.1875,49.680322],[-123.276758,49.343945],[-122.879102,49.398926],[-123.229443,49.260498],[-123.077295,48.980225],[-122.92417,49.074658],[-122.545117,48.762305],[-122.496777,48.505566],[-122.6625,48.446387],[-122.241992,48.010742],[-122.401807,47.784277],[-122.353809,47.371582],[-122.701953,47.110889],[-123.027588,47.138916],[-122.828467,47.336572],[-122.767773,47.218359],[-122.577881,47.293164],[-122.585742,47.927881],[-123.060156,47.453662],[-122.922168,47.407666],[-123.136328,47.355811],[-123.050635,47.551953],[-122.656641,47.881152],[-122.778613,48.137598],[-124.680007,48.285994]],[[-134.750038,56.240934],[-134.620703,56.718311],[-134.969775,57.351416],[-135.448682,57.534375],[-135.787109,57.317285],[-135.81187490051408,57.00959024075677],[-135.454879,57.249529],[-135.199609,57.027344],[-135.33052,56.821958],[-134.874914,56.670624],[-134.980566,56.518945],[-134.750038,56.240934]],[[-134.122454,56.07743],[-133.949707,56.127734],[-133.738379,56.650439],[-134.143262,56.932324],[-134.390625,56.749463],[-134.084375,56.456348],[-134.245068,56.203271],[-134.122454,56.07743]],[[-133.75398,55.996237],[-133.289016,56.0187],[-133.322119,55.844629],[-133.68003946793974,55.78531747175499],[-133.033398,55.589697],[-132.958887,55.395557],[-133.118555,55.327637],[-132.02168,54.726318],[-131.976416,55.208594],[-132.631299,55.473193],[-132.511279,55.593945],[-132.172705,55.480615],[-132.597607,55.89502],[-133.096631,56.090039],[-133.202979,56.319824],[-133.566113,56.339209],[-133.530859,56.145654],[-133.75398,55.996237]],[[-133.312344,55.546299],[-133.737109,55.496924],[-133.65017211286641,55.26950410447035],[-133.281689,55.497852],[-133.312344,55.546299]],[[-133.444781,55.276082],[-132.8896,54.762646],[-132.646973,54.756152],[-132.617236,54.892432],[-132.862256,54.894434],[-133.097412,55.213721],[-133.444781,55.276082]],[[-133.050349,54.156565],[-133.0794839108302,53.836994516811934],[-132.897955,53.562829],[-132.424883,53.336874],[-132.74751,53.310498],[-132.347266,53.189209],[-131.957422,53.308691],[-131.667627,54.141357],[-132.134424,54.034277],[-132.114014,53.860156],[-132.186963,53.684814],[-132.534668,53.651709],[-132.155127,53.875195],[-132.261621,54.076318],[-133.050349,54.156565]],[[-132.523843,53.144793],[-132.14375,52.999316],[-132.25811900387507,52.93368399662781],[-132.165054,52.783368],[-131.421875,52.237988],[-131.116162,52.219092],[-131.590576,52.578223],[-131.455225,52.701709],[-131.971777,52.879834],[-131.634668,52.922168],[-131.753711,53.195557],[-132.523843,53.144793]],[[-131.11367092186316,52.1137845726144],[-131.117334,52.101025],[-131.1172985820812,52.10080317225009],[-131.11367092186316,52.1137845726144]],[[-131.06079765905497,52.12701895860004],[-131.098096,52.150635],[-131.09820728823485,52.150461741232526],[-131.06079765905497,52.12701895860004]],[[-131.02946106757693,51.96160361535609],[-131.029297,51.961621],[-131.02087770717534,52.021945874060044],[-131.02946106757693,51.96160361535609]],[[-128.34924,50.70321],[-128.05835,50.498486],[-127.465918,50.583105],[-127.486523,50.404639],[-127.905805,50.444983],[-127.863916,50.127734],[-127.249617,50.138077],[-127.114174,49.879824],[-126.90354,49.944394],[-126.134156,49.672395],[-126.54199945721273,49.590399423132624],[-126.548472,49.418922],[-125.935176,49.401455],[-125.95162098699831,49.24804871628622],[-125.644134,49.185577],[-125.828283,49.091913],[-125.543115,48.952832],[-124.927344,49.014209],[-124.812646,49.212646],[-124.849658,49.028271],[-125.13563558499328,48.822450272289636],[-125.017066,48.71142],[-123.573145,48.322803],[-123.283789,48.455176],[-123.995801,49.224023],[-124.830615,49.530078],[-125.534326,50.34248],[-127.918066,50.860547],[-128.34924,50.70321]],[[-136.508458,58.096713],[-136.568588800254,57.9721953969954],[-135.910791,57.446582],[-135.691943,57.419922],[-135.564209,57.666406],[-134.931494,57.481152],[-134.873096,57.589209],[-135.338477,57.768652],[-134.970654,57.817236],[-135.0021,58.051074],[-135.374707,58.122119],[-135.613232,57.991846],[-135.5875,58.146777],[-135.787061,58.268506],[-136.508458,58.096713]],[[-157.1758785309183,1.7399118444855532],[-157.441895,2.025049],[-157.43584,1.847266],[-157.57875874670094,1.9019095263271366],[-157.1758785309183,1.7399118444855532]],[[-155.581348,19.012012],[-154.804396,19.524183],[-155.198779,19.994385],[-155.831516,20.27561],[-155.820313,20.01416],[-156.048454,19.750138],[-155.881255,19.070697],[-155.581348,19.012012]],[[-156.10721,20.644968],[-155.989844,20.757129],[-156.14834,20.885498],[-156.65695559638965,21.024381686274804],[-156.43823201357543,20.617871112708578],[-156.10721,20.644968]],[[-156.748024,21.103751],[-157.2496739345032,21.2296751439271],[-157.29029432311552,21.112736146259323],[-156.859863,21.056348],[-156.748024,21.103751]],[[-157.65415,21.333936],[-157.962471,21.701182],[-158.27305032928888,21.585263457670226],[-158.110111,21.318596],[-157.65415,21.333936]],[[-159.46052,21.876339],[-159.352051,22.21958],[-159.726611,22.140186],[-159.747998,21.989844],[-159.46052,21.876339]],[[-81.856652,7.507862],[-81.769861,7.370274],[-81.603271,7.332813],[-81.72871457180003,7.621113532572199],[-81.856652,7.507862]],[[-112.131858,25.224378],[-112.296777,24.789648],[-112.077344,24.53457],[-112.198547,24.885691],[-112.131858,25.224378]],[[-115.18419556894243,28.037447361794076],[-115.148651,28.172363],[-115.2333384381012,28.368130376666855],[-115.35283631980731,28.104073051419302],[-115.18419556894243,28.037447361794076]],[[-126.826074,49.872363],[-126.95115798435509,49.735840562235445],[-126.641211,49.605811],[-126.650093,49.745956],[-126.826074,49.872363]],[[-109.87793,24.200635],[-109.795605,24.163574],[-109.890332,24.344824],[-109.900488,24.330908],[-109.87793,24.200635]],[[-110.699268,25.081445],[-110.657422,24.968848],[-110.538867,24.891553],[-110.595215,25.042139],[-110.699268,25.081445]],[[-111.135254,25.99917],[-111.090869,26.075684],[-111.224658,25.835889],[-111.135254,25.99917]],[[-112.263428,29.206787],[-112.469824,29.167725],[-112.531006,28.893994],[-112.355273,28.773145],[-112.203076,29.005322],[-112.263428,29.206787]],[[-113.264746,29.096729],[-113.162793,29.034766],[-113.202148,29.301855],[-113.587207,29.573047],[-113.264746,29.096729]],[[-114.789209,31.747412],[-114.727246,31.701367],[-114.687939,31.724219],[-114.771094,31.794092],[-114.789209,31.747412]],[[-46.39917,82.692139],[-47.351221,82.599219],[-46.751904,82.348193],[-45.067432,82.066016],[-44.776367,82.242383],[-44.749902,82.401123],[-44.91748,82.480518],[-46.39917,82.692139]],[[-46.553125,60.740771],[-46.381543,60.660303],[-46.205225,60.943506],[-46.78999,60.779834],[-46.553125,60.740771]],[[-50.940234,69.908691],[-51.350293,69.854785],[-51.202051,69.525],[-50.679004,69.848535],[-50.940234,69.908691]],[[-52.119385,70.870654],[-51.808691,70.852539],[-51.606934,70.868848],[-51.969824,70.976465],[-52.119385,70.870654]],[[-54.363086,69.923828],[-54.787891,69.949854],[-54.919141,69.713623],[-53.825,69.540332],[-53.658301,69.465137],[-54.182715,69.403516],[-53.754346,69.260156],[-51.900195,69.604785],[-52.045313,69.807227],[-53.375146,70.221289],[-54.371631,70.317285],[-54.815576,70.189404],[-54.363086,69.923828]],[[-53.512354,71.249609],[-53.700977,71.283008],[-53.957812,71.127734],[-53.535205,71.04082],[-53.512354,71.249609]],[[-54.093701,49.744434],[-54.277637,49.711475],[-54.286133,49.595361],[-53.980664,49.661963],[-54.093701,49.744434]],[[-54.818506,49.514453],[-54.743848,49.507764],[-54.537695,49.619971],[-54.85542,49.596582],[-54.818506,49.514453]],[[-55.935693,72.668359],[-55.523633,72.568408],[-55.016895,72.791113],[-56.214795,72.719189],[-55.935693,72.668359]],[[-55.399805,51.938477],[-55.36123,51.889648],[-55.274072,51.995166],[-55.346484,51.982861],[-55.399805,51.938477]],[[-55.600781,50.709033],[-55.536133,50.719678],[-55.469287,50.796387],[-55.604492,50.780713],[-55.600781,50.709033]],[[-60.955371,56.08042],[-61.086914,56.14082],[-61.19585,56.063916],[-60.982715,56.015137],[-60.955371,56.08042]],[[-89.657275,72.175049],[-90.025195,71.948779],[-89.805371,71.462305],[-87.140088,71.011621],[-89.455908,71.061719],[-88.848437,70.5229],[-87.900684,70.251904],[-86.396875,70.465332],[-86.499805,70.350391],[-86.322021,70.14541],[-85.780029,70.03667],[-83.149951,70.009082],[-82.293848,69.836914],[-81.564697,69.942725],[-80.921729,69.730908],[-81.02373,69.9],[-81.651953,70.094629],[-79.092871,69.925342],[-78.818799,70.010449],[-78.809814,70.178564],[-79.405225,70.400732],[-79.066406,70.603564],[-78.282812,70.22915],[-77.774023,70.238525],[-77.59165,69.845605],[-76.858594,69.775391],[-77.089941,69.635107],[-76.234082,69.662109],[-76.520361,69.516602],[-75.647754,69.212549],[-75.953711,69.030811],[-76.557227,69.009473],[-76.585059,68.69873],[-74.854883,69.06582],[-74.716699,69.045508],[-74.954004,68.961084],[-74.743262,68.913379],[-74.9104,68.823145],[-74.422412,68.579932],[-73.989258,68.548633],[-74.117969,68.700928],[-73.851562,68.701367],[-73.820508,68.362939],[-73.284473,68.356982],[-72.22002,67.254297],[-72.788818,67.030615],[-73.033252,66.728174],[-74.416406,66.16709],[-73.746094,65.766699],[-73.550781,65.485254],[-75.798682,65.29751],[-75.357129,65.00874],[-75.4521,64.841602],[-75.589111,64.905029],[-75.519922,65.056006],[-75.82832,65.227051],[-77.326709,65.453125],[-77.4604,65.355908],[-77.360889,65.196533],[-78.055273,64.98291],[-78.174561,64.617725],[-77.791162,64.36709],[-76.856152,64.237646],[-75.766699,64.391943],[-75.715039,64.524365],[-74.694727,64.496582],[-74.919434,64.765527],[-74.681396,64.830664],[-74.130469,64.607813],[-74.064795,64.424658],[-73.910352,64.578125],[-73.271289,64.58252],[-73.454541,64.399268],[-72.498437,63.823486],[-72.174268,63.893408],[-72.290137,63.727979],[-71.380859,63.580322],[-71.992236,63.416162],[-71.50127,63.126416],[-70.946045,63.120703],[-71.105762,63.002246],[-70.236133,62.763379],[-69.604736,62.767725],[-69.125586,62.423975],[-68.535889,62.255615],[-66.256689,61.868262],[-66.058887,61.913867],[-66.133154,62.102393],[-65.980176,62.208887],[-67.736963,63.00957],[-67.675977,63.093555],[-68.14126,63.172314],[-68.858936,63.751855],[-67.722559,63.422754],[-67.893262,63.73374],[-66.697461,63.069531],[-66.65498,63.264746],[-66.414453,63.027197],[-66.228662,62.990967],[-66.224023,63.107178],[-65.108496,62.626465],[-65.162793,62.932617],[-64.672363,62.921973],[-65.068945,63.263477],[-65.191846,63.764258],[-64.664648,63.245361],[-64.514355,63.263965],[-64.561572,63.679688],[-64.410937,63.706348],[-64.798145,63.915967],[-64.678467,64.027979],[-65.169873,64.028174],[-65.580322,64.293848],[-65.074609,64.43667],[-65.529346,64.504785],[-65.274805,64.631543],[-65.431934,64.726416],[-65.938525,64.885742],[-66.214648,64.722412],[-66.22373,64.854102],[-66.635498,65.000342],[-66.697412,64.815186],[-66.830908,65.07417],[-67.336523,65.346582],[-67.117969,65.440381],[-67.569629,65.643555],[-67.936768,65.564893],[-67.866455,65.773682],[-68.186719,65.870996],[-68.217187,66.078857],[-68.748926,66.200049],[-68.459912,66.249268],[-67.350439,65.929736],[-67.183203,66.034424],[-67.883398,66.467432],[-67.225391,66.310254],[-67.307324,66.569727],[-66.986328,66.62749],[-66.063721,66.132715],[-65.656348,66.204736],[-65.825732,65.996924],[-65.004492,66.077734],[-64.445361,66.317139],[-65.401611,65.764014],[-64.555078,65.116602],[-64.269678,65.400781],[-64.345703,65.172412],[-63.606592,64.928076],[-63.363379,65.229736],[-63.337451,65.616748],[-63.651074,65.660986],[-63.420898,65.708594],[-63.45874,65.853027],[-63.168945,65.657324],[-62.658887,65.639941],[-62.381982,65.833301],[-62.624121,66.01626],[-61.991602,66.035303],[-62.533594,66.227002],[-62.405664,66.315918],[-62.553125,66.406836],[-61.862695,66.312842],[-61.576416,66.4125],[-62.12334,66.643066],[-61.307227,66.608838],[-62.123584,67.046729],[-62.379736,66.905371],[-63.701562,66.822363],[-63.040137,67.23501],[-63.591602,67.377539],[-63.83623,67.264111],[-64.589258,67.315527],[-64.699951,67.350537],[-64.007959,67.347314],[-64.07749,67.495605],[-63.850195,67.566064],[-64.637793,67.840234],[-65.021094,67.787549],[-64.835449,67.98999],[-64.976904,68.043408],[-65.415332,67.879248],[-65.40127,67.674854],[-65.509082,67.968262],[-65.864355,67.922852],[-65.942383,68.070947],[-66.526465,67.851172],[-66.212402,68.28042],[-66.630957,68.210645],[-66.662695,68.034424],[-66.923096,68.065723],[-66.830957,68.215625],[-67.032959,68.326074],[-66.713916,68.445703],[-67.938477,68.52417],[-68.2104,68.702979],[-69.319092,68.856982],[-67.883203,68.783984],[-67.751709,69.038672],[-68.415527,69.17207],[-69.040625,69.097998],[-67.938477,69.248145],[-66.802881,69.152734],[-66.67627,69.258447],[-67.360937,69.47251],[-69.250781,69.511914],[-68.02041,69.770068],[-67.192773,69.756836],[-67.363672,70.034424],[-67.855322,70.281787],[-68.120654,70.3146],[-68.327197,70.180176],[-68.230664,70.112207],[-68.744043,69.941406],[-69.008301,69.978955],[-68.778223,70.203564],[-70.057715,70.042627],[-68.482568,70.414844],[-68.358252,70.5229],[-68.495752,70.610254],[-70.084717,70.829541],[-70.979785,70.581055],[-71.429443,70.127783],[-71.275879,70.500293],[-71.890186,70.431543],[-70.761719,70.792236],[-70.672656,71.052197],[-71.742529,71.046875],[-72.632715,70.830762],[-71.186523,71.278711],[-71.640674,71.51626],[-72.901953,71.677783],[-73.278223,71.537988],[-73.180615,71.282861],[-73.712842,71.587598],[-74.197266,71.40415],[-73.713574,71.719873],[-73.866602,71.771045],[-74.488086,71.648389],[-75.035352,71.230518],[-74.700781,71.675586],[-75.204785,71.709131],[-74.315723,71.842676],[-74.209326,71.978662],[-74.903174,72.100488],[-75.922803,71.717236],[-75.039844,72.26958],[-75.704297,72.571533],[-77.753223,72.724756],[-78.484277,72.470605],[-77.516504,72.177783],[-78.699268,72.351416],[-78.862744,72.10083],[-78.585107,71.880615],[-79.007812,72.04292],[-79.000244,72.272021],[-79.831299,72.446289],[-80.108936,72.332178],[-79.884375,72.177197],[-80.181934,72.208789],[-80.925146,71.907666],[-80.921094,72.072314],[-80.691406,72.103467],[-80.941211,72.210156],[-80.611475,72.45083],[-81.229346,72.311719],[-80.274707,72.745557],[-80.591895,72.927686],[-80.603467,73.121191],[-81.151758,73.314014],[-81.605371,73.695996],[-82.843311,73.71543],[-83.904053,73.52832],[-83.781885,73.416895],[-85.018408,73.335498],[-85.454736,73.105469],[-84.274268,72.836426],[-85.387598,72.94502],[-85.649902,72.722168],[-85.341113,72.421533],[-84.623047,72.376562],[-84.841992,72.308154],[-84.28374,72.044482],[-85.321875,72.233154],[-85.911621,71.986523],[-85.339063,71.697266],[-84.699414,71.631445],[-84.870313,71.001807],[-85.001562,71.137451],[-85.643848,71.152441],[-86.549658,70.98877],[-85.023389,71.353223],[-86.218457,71.899121],[-86.322559,72.46084],[-86.667773,72.762549],[-86.000537,73.312549],[-84.946777,73.721631],[-86.406396,73.854785],[-87.719775,73.7229],[-88.705176,73.403271],[-89.225342,73.108057],[-89.357715,72.80415],[-89.861523,72.411914],[-89.858691,72.24834],[-89.657275,72.175049]],[[-61.395508,47.637646],[-61.924707,47.425146],[-62.008301,47.234277],[-61.772559,47.259814],[-61.914111,47.284521],[-61.395508,47.637646]],[[-61.795264,57.422461],[-61.6375,57.416064],[-61.659521,57.524951],[-62.007227,57.557617],[-61.795264,57.422461]],[[-63.291992,49.816846],[-64.485205,49.886963],[-63.041504,49.224951],[-61.696143,49.139014],[-63.291992,49.816846]],[[-63.456494,46.503906],[-63.905566,46.508789],[-64.087891,46.775439],[-63.993555,47.061572],[-64.403125,46.691602],[-63.568896,46.209229],[-63.213477,46.159863],[-62.978467,46.316357],[-63.056348,46.223926],[-62.894531,46.123584],[-63.02207,46.066602],[-62.804883,45.973193],[-62.478076,45.999707],[-62.526074,46.202881],[-62.02373,46.421582],[-63.456494,46.503906]],[[-62.825098,67.072119],[-62.681543,67.056299],[-62.396338,67.17832],[-62.625293,67.176953],[-62.825098,67.072119]],[[-64.808984,60.4104],[-64.441943,60.297852],[-64.407031,60.36709],[-64.646289,60.5146],[-64.808984,60.4104]],[[-64.849854,62.525439],[-64.956494,62.45835],[-64.418066,62.487402],[-64.849854,62.525439]],[[-64.591309,47.907227],[-64.476074,47.958887],[-64.48125,48.006934],[-64.51958,48.005078],[-64.591309,47.907227]],[[-64.508594,47.886719],[-64.663281,47.863037],[-64.68457,47.753613],[-64.533887,47.81377],[-64.508594,47.886719]],[[-64.954443,61.685107],[-65.129785,61.685693],[-65.432129,61.649512],[-64.856836,61.354443],[-64.66958,61.593018],[-64.954443,61.685107]],[[-64.960547,61.87168],[-65.125635,61.942236],[-65.235352,61.897705],[-64.84707,61.761523],[-64.960547,61.87168]],[[-67.829102,69.675],[-67.989111,69.67876],[-68.221387,69.616748],[-67.940283,69.534863],[-67.829102,69.675]],[[-68.087598,60.587842],[-68.338281,60.360596],[-68.365234,60.254053],[-67.844238,60.39165],[-68.087598,60.587842]],[[-69.303223,59.144873],[-69.352832,58.960742],[-69.22085,58.967578],[-69.155176,59.063574],[-69.303223,59.144873]],[[-70.766064,62.596875],[-70.268848,62.578076],[-71.220117,62.873926],[-70.766064,62.596875]],[[-70.913477,46.919531],[-70.825781,46.995361],[-71.11665,46.864844],[-71.025732,46.872949],[-70.913477,46.919531]],[[-72.436426,77.447559],[-72.023535,77.316455],[-71.433447,77.394385],[-72.436426,77.447559]],[[-73.880713,68.021924],[-74.379395,68.093457],[-74.749268,68.018457],[-74.480713,67.804883],[-73.407178,67.793066],[-73.459229,67.989893],[-73.880713,68.021924]],[[-73.476074,45.704736],[-73.687451,45.561426],[-73.960547,45.441406],[-73.566504,45.469092],[-73.476074,45.704736]],[[-73.695312,45.585498],[-73.572363,45.694482],[-73.857715,45.573584],[-73.695312,45.585498]],[[-74.626465,62.712744],[-74.253516,62.621973],[-73.988184,62.636084],[-74.108936,62.680322],[-74.626465,62.712744]],[[-74.884766,68.544629],[-75.199756,68.696094],[-75.403418,68.550146],[-74.959326,68.342236],[-74.818555,68.394092],[-74.884766,68.544629]],[[-75.866504,68.336816],[-76.740234,68.23125],[-77.228564,67.850098],[-77.224219,67.508203],[-77.004883,67.266943],[-76.693945,67.23584],[-75.201953,67.45918],[-75.078125,68.173145],[-75.866504,68.336816]],[[-80.776416,73.33418],[-80.183301,73.224658],[-79.936865,72.863623],[-79.500537,72.755957],[-76.08999,72.881201],[-77.206543,73.499561],[-78.062939,73.647656],[-80.762744,73.757764],[-80.776416,73.33418]],[[-76.921875,63.406348],[-76.652441,63.503564],[-77.133691,63.682031],[-77.364746,63.58833],[-76.921875,63.406348]],[[-76.745703,69.404004],[-77.318701,69.416309],[-77.379395,69.274023],[-76.995361,69.14375],[-76.745703,69.404004]],[[-78.46875,63.35791],[-77.942432,63.114404],[-77.527295,63.268945],[-77.933936,63.478955],[-78.507324,63.451123],[-78.46875,63.35791]],[[-77.928809,63.962012],[-77.714063,63.945703],[-77.563623,64.02207],[-77.931348,64.014795],[-77.928809,63.962012]],[[-78.200732,69.739502],[-78.578564,69.638818],[-78.848193,69.482813],[-77.969141,69.638965],[-78.200732,69.739502]],[[-78.300488,69.378711],[-78.650195,69.351221],[-79.405762,68.923047],[-78.852686,68.915674],[-78.228955,69.304004],[-78.300488,69.378711]],[[-78.531641,60.728564],[-78.278857,60.783887],[-78.241699,60.818652],[-78.668896,60.716895],[-78.531641,60.728564]],[[-78.799414,56.383301],[-78.828418,56.289844],[-78.913818,56.132813],[-78.672803,56.260498],[-78.66875,56.438623],[-78.799414,56.383301]],[[-79.153467,68.335254],[-79.064062,68.181787],[-78.828516,68.268164],[-78.952588,68.353027],[-79.153467,68.335254]],[[-78.925879,76.134668],[-79.17832,76.092383],[-79.69873,75.883252],[-79.051758,75.866992],[-78.925879,76.134668]],[[-79.435303,56.513037],[-79.515283,56.326514],[-80.008252,55.911035],[-79.544727,56.128369],[-79.764746,55.806787],[-79.495117,55.874756],[-79.182129,56.212158],[-79.175488,55.885059],[-78.906641,56.32041],[-79.272412,56.600439],[-79.536328,56.180078],[-79.435303,56.513037]],[[-79.596875,51.978027],[-79.384277,51.951953],[-79.271289,52.086816],[-79.64375,52.010059],[-79.596875,51.978027]],[[-80.279834,61.989502],[-80.265186,61.818213],[-79.76333,61.595947],[-79.272021,62.185986],[-79.466211,62.384521],[-79.868066,62.404346],[-80.279834,61.989502]],[[-79.86958,69.755518],[-80.424219,69.797607],[-80.794775,69.689258],[-79.977832,69.509668],[-80.04751,69.634326],[-79.36499,69.712354],[-79.86958,69.755518]],[[-90.542627,76.495752],[-91.548437,76.685107],[-92.995361,76.62041],[-93.53457,76.447705],[-93.211865,76.754687],[-95.638232,77.06377],[-96.758301,76.971777],[-96.401563,76.797217],[-96.897559,76.773486],[-95.650977,76.584668],[-96.039697,76.486719],[-95.273877,76.264404],[-93.091748,76.354004],[-92.185107,75.846533],[-92.068848,75.65791],[-92.411084,75.40625],[-92.389258,75.26333],[-92.076318,75.123535],[-92.17417,75.051074],[-91.961572,74.793213],[-91.50835,74.650684],[-90.880225,74.817773],[-90.966797,74.715088],[-90.553271,74.612744],[-89.558691,74.554736],[-88.534961,74.831738],[-88.339551,74.784863],[-88.557861,74.569727],[-88.423047,74.494141],[-85.061426,74.606934],[-84.425537,74.508105],[-83.531885,74.585693],[-83.341309,74.7646],[-83.52207,74.901465],[-83.102637,74.816553],[-82.931055,74.565576],[-81.940186,74.472705],[-80.277734,74.581592],[-80.148926,74.795703],[-80.347754,74.902979],[-79.401416,74.917627],[-80.381982,75.03418],[-79.509082,75.259814],[-79.660205,75.449512],[-81.268555,75.756006],[-83.931982,75.818945],[-86.06875,75.502246],[-85.951465,75.39502],[-88.714893,75.658643],[-88.916699,75.453955],[-89.646045,75.565039],[-89.277588,75.795068],[-91.407324,76.220068],[-89.219092,76.258203],[-91.443262,76.498535],[-90.542627,76.495752]],[[-79.552881,56.79873],[-79.583545,56.780957],[-79.577393,56.644922],[-79.48457,56.686523],[-79.552881,56.79873]],[[-80.088867,56.213867],[-79.687939,56.326807],[-79.579736,56.466357],[-80.005078,56.31792],[-80.088867,56.213867]],[[-79.81084,57.559277],[-79.838232,57.483008],[-79.808447,57.442432],[-79.713477,57.555029],[-79.81084,57.559277]],[[-79.866992,56.774561],[-79.82666,56.843115],[-79.898145,56.865283],[-79.943652,56.776758],[-79.866992,56.774561]],[[-80.064209,59.770801],[-79.949609,59.809912],[-79.898633,59.853125],[-80.16709,59.763867],[-80.064209,59.770801]],[[-79.938232,53.30415],[-79.974561,53.352246],[-80.074023,53.344287],[-80.004102,53.280078],[-79.938232,53.30415]],[[-80.317236,59.621045],[-80.240527,59.644922],[-80.167236,59.708887],[-80.298975,59.67417],[-80.317236,59.621045]],[[-83.583594,64.058105],[-83.065137,64.159033],[-83.033887,64.023242],[-82.46709,63.926953],[-82.378125,63.706787],[-81.046387,63.461572],[-80.261328,63.801953],[-80.828955,64.089941],[-81.887109,64.016406],[-81.676123,64.212646],[-82.05,64.644287],[-84.501123,65.458447],[-84.919629,65.261084],[-85.239941,65.510303],[-85.105371,65.622705],[-85.176221,65.746875],[-85.554688,65.918652],[-86.074609,65.533838],[-86.374268,64.56582],[-86.2521,64.136865],[-86.932031,63.90166],[-87.193848,63.632812],[-85.768945,63.700342],[-85.392627,63.119678],[-84.63291,63.309229],[-83.728271,63.813379],[-83.583594,64.058105]],[[-81.901367,53.165576],[-82.005029,53.010498],[-80.709521,52.787402],[-81.135596,53.205811],[-81.901367,53.165576]],[[-82.234766,62.977441],[-83.376416,62.904932],[-83.912402,62.425537],[-83.698877,62.160254],[-83.01582,62.209912],[-82.02583,62.730078],[-81.960547,62.926221],[-82.234766,62.977441]],[[-83.01084,66.208447],[-82.931348,66.257324],[-83.237842,66.331543],[-83.1479,66.234229],[-83.01084,66.208447]],[[-83.630664,65.662354],[-83.23374,65.715039],[-84.467383,66.088281],[-84.118262,65.771777],[-83.630664,65.662354]],[[-84.919824,65.997021],[-85.149609,66.015381],[-85.096338,65.756201],[-84.62627,65.604053],[-84.919824,65.997021]],[[-86.908301,67.867041],[-86.489648,67.783594],[-86.421143,68.183447],[-86.833984,68.229687],[-86.908301,67.867041]],[[-87.323242,70.080127],[-87.043799,69.999854],[-86.515234,70.017041],[-86.691211,70.115039],[-87.323242,70.080127]],[[-89.694189,77.378125],[-90.422754,77.628369],[-91.182666,77.557178],[-90.993213,77.329492],[-90.228271,77.212451],[-89.694189,77.378125]],[[-89.772949,76.533936],[-89.69541,76.741162],[-89.948779,76.83623],[-90.5625,76.754297],[-90.164551,76.523584],[-89.772949,76.533936]],[[-90.267285,69.2729],[-90.228564,69.436035],[-90.492041,69.369873],[-90.364062,69.262598],[-90.267285,69.2729]],[[-95.149023,73.906396],[-94.691016,73.671436],[-95.385986,73.755127],[-95.647998,73.638525],[-95.602148,72.884473],[-95.251025,72.501953],[-95.192969,72.027441],[-94.14375,72.00083],[-93.533936,72.499463],[-94.211328,72.756934],[-92.11792,72.753809],[-91.425928,73.194873],[-91.553711,73.236084],[-90.35459,73.868652],[-93.410303,74.17876],[-94.728955,74.085986],[-95.149023,73.906396]],[[-90.485352,69.246631],[-90.599707,69.367822],[-90.765674,69.335986],[-90.574414,69.209424],[-90.485352,69.246631]],[[-93.176562,61.892725],[-93.084814,61.841699],[-92.993018,61.889697],[-93.075781,61.93501],[-93.176562,61.892725]],[[-93.51958,77.474414],[-93.128711,77.660156],[-95.484375,77.791992],[-96.276611,77.630566],[-95.987061,77.484131],[-93.51958,77.474414]],[[-93.490869,74.771973],[-93.497559,75.136865],[-93.75083,75.349023],[-94.648633,75.623047],[-95.954639,75.443799],[-96.599609,75.031787],[-94.697266,74.642188],[-93.490869,74.771973]],[[-94.498682,75.992188],[-94.839795,75.954443],[-94.901221,75.930762],[-94.751465,75.769678],[-94.304004,75.776318],[-94.498682,75.992188]],[[-95.329248,78.225049],[-94.887744,78.360498],[-97.382324,78.78291],[-98.34082,78.751221],[-98.060352,78.55835],[-98.317334,78.476855],[-98.049512,78.325928],[-96.944678,78.151855],[-97.658154,78.090625],[-96.989648,77.806006],[-94.934277,78.075635],[-95.329248,78.225049]],[[-98.534375,69.527441],[-98.503516,69.308301],[-99.564062,69.034131],[-99.254004,68.863184],[-98.904492,68.932422],[-96.598828,68.46084],[-95.267773,68.826074],[-95.751367,68.897656],[-96.299951,69.344385],[-97.408643,69.630762],[-97.691211,69.84126],[-98.268213,69.754443],[-98.041357,69.456641],[-98.534375,69.527441]],[[-95.850732,74.582471],[-95.441504,74.506104],[-95.274463,74.519189],[-95.510205,74.636768],[-95.850732,74.582471]],[[-95.66582,69.438965],[-95.730127,69.347559],[-95.49624,69.350098],[-95.380908,69.506592],[-95.797754,69.625732],[-95.994775,69.469678],[-95.893457,69.351758],[-95.763623,69.559619],[-95.66582,69.438965]],[[-96.156396,75.477246],[-95.959863,75.554346],[-96.367822,75.654639],[-97.020654,75.468066],[-96.857129,75.369141],[-96.156396,75.477246]],[[-96.801465,72.322412],[-96.472852,72.434375],[-96.54209,72.69873],[-97.128125,72.627588],[-97.083008,72.762842],[-97.636328,73.027637],[-98.430908,72.958057],[-97.230371,73.421289],[-97.596973,73.536621],[-96.996582,73.674902],[-97.581836,73.887549],[-99.157959,73.731592],[-100.001904,73.945898],[-100.227051,73.889111],[-99.991113,73.795166],[-100.915137,73.805371],[-100.952588,73.691406],[-100.52168,73.449316],[-100.975781,73.599756],[-101.523193,73.486377],[-100.889355,73.275342],[-100.366113,73.359033],[-99.825146,73.213867],[-100.489307,73.233936],[-100.531396,73.138281],[-100.092383,72.944971],[-100.395703,72.977002],[-100.484766,72.772949],[-101.273193,72.72168],[-102.204004,73.077295],[-102.713672,72.78291],[-101.723926,72.314893],[-100.594482,72.152344],[-99.223633,71.387109],[-98.662891,71.3021],[-98.198633,71.440869],[-98.458838,71.773193],[-98.322705,71.852344],[-98.181348,71.662451],[-97.582275,71.629688],[-96.613428,71.833838],[-96.766309,72.045947],[-96.592871,72.204492],[-96.801465,72.322412]],[[-96.744434,73.12627],[-97.01499,73.157275],[-97.092773,72.996924],[-96.670605,72.960938],[-96.598486,73.073828],[-96.744434,73.12627]],[[-97.355518,74.526318],[-97.416504,74.626563],[-97.75,74.510547],[-97.355518,74.526318]],[[-98.120947,75.032715],[-97.95332,75.060156],[-98.06875,75.19917],[-97.674316,75.127295],[-97.878223,75.416113],[-97.336035,75.419824],[-97.40752,75.67251],[-97.890527,75.760352],[-97.60166,75.851074],[-97.530664,76.181543],[-97.725879,76.496094],[-98.71084,76.693848],[-99.023633,76.614551],[-98.890332,76.465576],[-100.068701,76.634766],[-100.890771,76.475488],[-99.977734,76.312451],[-100.414209,76.242529],[-99.541064,76.146289],[-100.112842,76.117236],[-99.774854,75.927393],[-101.858496,76.439014],[-102.137744,76.284863],[-101.557031,76.23584],[-101.872119,76.083105],[-101.431348,75.991992],[-101.505908,75.918066],[-101.288037,75.789111],[-100.972803,75.798438],[-101.261426,75.758203],[-102.144727,75.875049],[-102.79751,75.599658],[-99.19458,75.698389],[-100.731152,75.346533],[-100.145703,75.246143],[-100.483496,75.188428],[-100.234375,75.007715],[-98.120947,75.032715]],[[-97.67334,74.053027],[-98.061035,74.104688],[-99.416992,73.89541],[-98.816602,73.817139],[-97.67334,74.053027]],[[-100.241992,69.040381],[-100.018018,68.954004],[-99.994678,69.013525],[-100.153125,69.129492],[-100.241992,69.040381]],[[-100.217236,68.806689],[-100.329932,68.997559],[-100.611572,68.990186],[-100.596533,68.766406],[-100.217236,68.806689]],[[-101.165039,76.66543],[-101.613086,76.60459],[-100.269141,76.734131],[-100.886475,76.742676],[-101.165039,76.66543]],[[-100.321094,70.578369],[-100.433936,70.649414],[-100.67832,70.646191],[-100.537256,70.525],[-100.321094,70.578369]],[[-105.234082,72.415088],[-105.415137,72.78833],[-105.812695,73.010645],[-108.029053,73.34873],[-107.936182,73.217139],[-108.238232,73.105811],[-107.69585,72.149316],[-107.306006,71.894678],[-107.812842,71.626172],[-108.188232,71.723779],[-108.75498,72.551074],[-110.008447,72.983643],[-110.66084,73.008203],[-110.205127,72.661279],[-111.675098,72.300146],[-111.895166,72.356104],[-111.269727,72.713721],[-113.073535,72.995264],[-113.449854,72.863232],[-113.578076,72.6521],[-114.521533,72.59292],[-114.10918,72.860986],[-114.051709,73.070996],[-114.206396,73.297803],[-114.638232,73.372656],[-118.133105,72.632813],[-118.481299,72.427686],[-118.213477,72.262891],[-118.944629,71.985547],[-118.99375,71.803027],[-118.583008,71.649023],[-117.742334,71.659326],[-118.226465,71.46709],[-117.935645,71.39209],[-115.303418,71.493701],[-118.376514,70.967725],[-117.587061,70.629541],[-113.757275,70.690723],[-111.632568,70.308838],[-114.592334,70.312451],[-117.19541,70.054053],[-117.104004,69.804248],[-116.513477,69.424609],[-113.694141,69.19502],[-113.554834,68.767578],[-113.019531,68.481348],[-109.472119,68.676709],[-107.439893,69.002148],[-106.659082,69.4396],[-106.140869,69.162012],[-105.01958,69.08125],[-105.105859,68.92041],[-102.895068,68.823633],[-101.857129,69.023975],[-101.789258,69.181641],[-102.046094,69.257666],[-101.978223,69.425098],[-102.151416,69.487695],[-103.120215,69.20459],[-103.048926,69.471777],[-103.434766,69.667676],[-102.621094,69.551514],[-102.595898,69.71792],[-102.182129,69.845947],[-100.935107,69.715332],[-101.090771,70.135693],[-101.562402,70.13501],[-103.049561,70.655078],[-103.077197,70.508838],[-103.58457,70.630859],[-104.514795,71.064258],[-104.385938,71.576953],[-105.234082,72.415088]],[[-101.261523,69.417822],[-101.171729,69.39707],[-101.000635,69.461914],[-101.351318,69.559229],[-101.261523,69.417822]],[[-101.322021,77.85415],[-101.917871,77.899609],[-102.475049,77.83667],[-102.079834,77.692188],[-101.002051,77.735107],[-101.322021,77.85415]],[[-102.266357,68.663672],[-101.845898,68.586328],[-101.721631,68.724121],[-102.013379,68.825391],[-102.266357,68.663672]],[[-102.728027,76.307031],[-104.012061,76.222998],[-104.406055,76.108496],[-103.800781,76.037012],[-103.985254,75.933105],[-103.769775,75.892383],[-103.041504,75.918848],[-103.314746,75.764209],[-102.008008,75.939404],[-102.728027,76.307031]],[[-103.003369,78.146436],[-102.788281,78.218164],[-103.273584,78.165771],[-103.118213,78.126367],[-103.003369,78.146436]],[[-103.99248,76.656982],[-104.603027,76.582715],[-104.35752,76.334619],[-103.033545,76.431494],[-103.99248,76.656982]],[[-104.634326,75.061279],[-104.119922,75.036328],[-103.643506,75.186572],[-103.851172,75.370801],[-104.346191,75.429932],[-104.887402,75.147754],[-104.634326,75.061279]],[[-104.457129,68.431152],[-104.602002,68.561523],[-105.051367,68.559033],[-104.699463,68.418262],[-104.457129,68.431152]],[[-105.007227,77.506738],[-105.587891,77.735986],[-106.066113,77.725391],[-105.215088,77.18208],[-104.456982,77.220801],[-105.007227,77.506738]],[[-105.074609,72.997021],[-104.582861,73.353906],[-104.5875,73.578076],[-105.512305,73.765771],[-106.613965,73.695605],[-106.949658,73.510352],[-105.434082,72.937988],[-105.074609,72.997021]],[[-110.175781,74.83999],[-108.831299,75.064893],[-107.153418,74.927148],[-106.092627,75.089453],[-105.480908,75.745654],[-105.632666,75.945361],[-106.396582,76.060107],[-106.845654,75.951562],[-106.688086,75.819043],[-106.913525,75.679639],[-107.216211,75.891553],[-108.020703,75.804785],[-107.723486,75.99541],[-108.406152,76.085059],[-108.123193,76.233447],[-108.627637,76.586719],[-108.466992,76.737598],[-109.098242,76.811865],[-110.314453,76.369385],[-109.430371,76.109131],[-109.870508,75.929053],[-108.944775,75.698975],[-109.005029,75.51499],[-111.052686,75.548535],[-111.549121,75.822119],[-112.056689,75.834229],[-111.865234,75.939307],[-112.697607,76.201709],[-113.823486,76.206836],[-114.193945,76.451465],[-114.766846,76.505713],[-115.831738,76.295801],[-114.778613,76.172607],[-116.209863,76.194434],[-116.664551,75.957568],[-114.991504,75.896338],[-117.163623,75.644873],[-115.141846,75.678516],[-117.257617,75.459521],[-117.600098,75.27168],[-115.728857,74.968115],[-115.413184,75.11499],[-115.020117,74.976172],[-114.451758,75.087891],[-114.357764,75.171289],[-114.513818,75.275488],[-114.168457,75.239502],[-114.016504,75.434277],[-113.46709,75.416113],[-113.85332,75.259375],[-113.711768,75.068604],[-111.033496,75.226758],[-114.376953,74.67085],[-113.514062,74.430078],[-111.728711,74.501953],[-110.175781,74.83999]],[[-107.895166,66.871875],[-107.805518,66.998584],[-108.092725,67.005176],[-107.943945,66.857813],[-107.895166,66.871875]],[[-107.905176,67.467041],[-108.048975,67.664893],[-108.127539,67.628564],[-108.152246,67.429443],[-107.950244,67.318213],[-107.905176,67.467041]],[[-109.09624,67.924023],[-108.920166,67.878809],[-108.886035,67.898535],[-109.183594,67.975],[-109.09624,67.924023]],[[-109.341699,68.04585],[-109.469141,68.097998],[-109.497949,68.047021],[-109.36084,67.987598],[-109.341699,68.04585]],[[-110.116895,77.624707],[-110.189209,77.777002],[-110.865625,77.834131],[-109.622266,78.074756],[-111.206592,78.088135],[-113.282959,77.835645],[-113.164355,77.530273],[-112.176514,77.34375],[-110.682861,77.445898],[-110.116895,77.624707]],[[-113.516504,76.825049],[-113.89165,76.894873],[-114.835254,76.794678],[-113.712451,76.710547],[-113.516504,76.825049]],[[-121.546826,71.406787],[-120.619336,71.505762],[-120.179883,72.212646],[-119.512842,72.302686],[-118.961572,72.684131],[-115.392822,73.501953],[-117.707471,74.252344],[-118.625293,74.23252],[-119.117969,74.015527],[-119.205957,74.197998],[-119.728564,74.108447],[-119.562646,74.232813],[-121.50415,74.545117],[-124.69624,74.348193],[-124.191504,73.902002],[-123.797266,73.768164],[-124.804053,73.125684],[-124.564941,72.944141],[-124.969678,72.843311],[-124.987109,72.587988],[-125.845312,71.978662],[-124.007764,71.677441],[-123.095654,71.093799],[-121.546826,71.406787]],[[-118.13667,75.994482],[-118.626074,75.90625],[-119.39458,75.617334],[-118.328125,75.579688],[-117.499121,76.077197],[-118.13667,75.994482]],[[-121.221094,75.77749],[-121.006641,75.765723],[-120.878711,75.906689],[-120.993018,75.927441],[-121.221094,75.77749]],[[-122.55752,47.99248],[-122.366602,47.938818],[-122.697021,48.228662],[-122.542432,48.293994],[-122.628613,48.384229],[-122.74873,48.239014],[-122.55752,47.99248]],[[-122.486475,47.48877],[-122.509912,47.358008],[-122.39873,47.37251],[-122.394141,47.395264],[-122.486475,47.48877]],[[-122.557813,47.598291],[-122.497266,47.59458],[-122.549756,47.703955],[-122.57373,47.666846],[-122.557813,47.598291]],[[-122.768848,48.650977],[-122.897705,48.710352],[-123.002832,48.652197],[-122.892529,48.594482],[-122.768848,48.650977]],[[-122.932275,48.484766],[-122.890039,48.434668],[-122.820898,48.431348],[-122.868896,48.548633],[-122.932275,48.484766]],[[-122.907959,47.226123],[-122.876758,47.186133],[-122.862598,47.185059],[-122.885107,47.274707],[-122.907959,47.226123]],[[-123.11416,48.613281],[-123.139941,48.507959],[-122.986768,48.468018],[-123.02417,48.538477],[-123.11416,48.613281]],[[-123.37793,48.908252],[-123.482324,48.954687],[-123.689258,49.095117],[-123.541016,48.945947],[-123.37793,48.908252]],[[-123.554687,48.92207],[-123.517529,48.750146],[-123.406787,48.756055],[-123.467871,48.867383],[-123.554687,48.92207]],[[-124.493945,49.66748],[-124.362305,49.588184],[-124.139795,49.510352],[-124.649854,49.75835],[-124.493945,49.66748]],[[-125.025977,50.134082],[-125.001562,50.020752],[-124.908447,50.071289],[-124.99082,50.217139],[-125.025977,50.134082]],[[-125.301172,50.414063],[-125.358447,50.311523],[-125.195117,50.044336],[-125.074023,50.220654],[-125.301172,50.414063]],[[-128.091797,51.511133],[-127.924658,51.473877],[-127.998682,51.703809],[-128.142383,51.646582],[-128.091797,51.511133]],[[-128.435938,52.560352],[-128.44541,52.3875],[-128.247266,52.784375],[-128.439795,52.696387],[-128.435938,52.560352]],[[-128.769629,52.751221],[-128.678955,52.289648],[-128.509912,52.518604],[-128.552441,52.939746],[-129.033252,53.279932],[-129.175928,52.964941],[-128.899805,52.673828],[-128.769629,52.751221]],[[-128.936865,52.51001],[-128.993994,52.661719],[-129.263525,52.800781],[-129.151025,52.605322],[-128.936865,52.51001]],[[-129.251172,53.316699],[-129.323877,53.142139],[-129.173242,53.110742],[-129.177002,53.259131],[-129.251172,53.316699]],[[-129.313721,52.992188],[-129.450732,53.174707],[-129.514746,53.179395],[-129.409717,53.02373],[-129.313721,52.992188]],[[-130.452002,53.631152],[-130.517578,53.544238],[-129.934375,53.17666],[-129.768945,53.217285],[-130.452002,53.631152]],[[-130.384229,53.843945],[-130.236279,53.958545],[-130.397314,54.085693],[-130.707275,53.921484],[-130.384229,53.843945]],[[-130.953467,54.541846],[-130.927148,54.479053],[-130.758008,54.61377],[-130.906836,54.631787],[-130.953467,54.541846]],[[-131.422363,55.368408],[-131.187891,55.206299],[-131.013916,55.379297],[-130.965967,55.669531],[-131.236182,55.948975],[-131.624951,55.831689],[-131.846094,55.41626],[-131.7625,55.16582],[-131.422363,55.368408]],[[-131.456104,54.930566],[-131.232031,54.90376],[-131.56543,55.264111],[-131.592236,55.025684],[-131.456104,54.930566]],[[-132.406055,56.028857],[-132.132959,55.943262],[-132.066895,56.244238],[-132.379834,56.498779],[-132.699023,56.198193],[-132.406055,56.028857]],[[-132.598682,56.635742],[-132.842529,56.794775],[-132.948047,56.567236],[-132.757617,56.511035],[-132.598682,56.635742]],[[-132.646582,56.313184],[-132.706055,56.448486],[-133.037646,56.364844],[-132.830957,56.244141],[-132.646582,56.313184]],[[-133.602783,56.464111],[-133.180811,56.473975],[-133.328955,56.830078],[-133.004102,56.62373],[-132.95415,56.880273],[-133.962354,57.043457],[-133.680957,56.79751],[-133.602783,56.464111]],[[-134.613086,57.137939],[-134.435303,57.056982],[-133.911133,57.352539],[-134.292334,58.044727],[-133.822754,57.628662],[-134.240088,58.143994],[-134.680273,58.16167],[-134.923486,58.354639],[-134.486768,57.482031],[-134.613086,57.137939]],[[-134.312744,58.228906],[-134.519971,58.33252],[-134.661572,58.290918],[-134.45625,58.206543],[-134.312744,58.228906]],[[-139.256982,69.578564],[-139.125732,69.539307],[-138.878857,69.589697],[-139.1396,69.649609],[-139.256982,69.578564]],[[-144.565625,59.818408],[-144.248975,59.982129],[-144.235742,60.015186],[-144.444922,59.950684],[-144.565625,59.818408]],[[-145.128125,60.401123],[-145.284277,60.336816],[-145.150488,60.312646],[-145.128125,60.401123]],[[-146.179541,60.42876],[-146.560303,60.480566],[-146.702881,60.395605],[-146.595313,60.268457],[-146.179541,60.42876]],[[-147.376514,59.991162],[-146.957861,60.288867],[-147.180859,60.358252],[-147.872461,59.828369],[-147.376514,59.991162]],[[-147.794531,60.459863],[-147.891455,60.299414],[-147.787842,60.17793],[-147.658252,60.450488],[-147.794531,60.459863]],[[-148.07417,60.034717],[-147.914209,60.092334],[-148.271875,60.053271],[-148.07417,60.034717]],[[-147.964404,60.900146],[-148.10166,60.916113],[-148.123779,60.844336],[-147.930713,60.826172],[-147.964404,60.900146]],[[-152.069043,60.358057],[-151.986914,60.373975],[-151.899414,60.490381],[-151.959717,60.50376],[-152.069043,60.358057]],[[-152.332666,58.186523],[-151.974365,58.309863],[-152.674658,58.450586],[-152.841113,58.416406],[-152.771875,58.278564],[-153.381348,58.087207],[-152.928418,57.993701],[-152.332666,58.186523]],[[-153.443701,57.167188],[-152.679053,57.345117],[-152.912158,57.508154],[-152.412207,57.454785],[-152.215283,57.597705],[-152.482617,57.70332],[-152.42876,57.825684],[-152.89082,57.768994],[-152.850391,57.896777],[-153.160449,57.971973],[-153.21748,57.795752],[-153.487939,57.730957],[-153.904443,57.819873],[-153.693164,57.663428],[-153.838135,57.63584],[-153.687695,57.305127],[-154.116162,57.651221],[-154.712207,57.36626],[-154.338965,56.920898],[-154.184326,57.005322],[-154.381104,57.096533],[-154.24375,57.143018],[-153.793213,56.989502],[-154.027344,56.777979],[-153.443701,57.167188]],[[-152.356836,58.594971],[-152.463184,58.618506],[-152.636621,58.541699],[-152.515527,58.478613],[-152.356836,58.594971]],[[-153.285205,57.185059],[-153.29541,57.000439],[-152.907764,57.139746],[-153.285205,57.185059]],[[-153.294971,57.829492],[-153.346973,57.932813],[-153.520068,57.955762],[-153.465039,57.909375],[-153.294971,57.829492]],[[-154.332129,56.539014],[-154.208643,56.514893],[-154.102246,56.581641],[-154.216748,56.60874],[-154.332129,56.539014]],[[-154.751221,56.412158],[-154.511182,56.521436],[-154.444873,56.573193],[-154.62373,56.561328],[-154.751221,56.412158]],[[-155.563916,55.88667],[-155.593945,55.924316],[-155.737354,55.829785],[-155.604883,55.789551],[-155.563916,55.88667]],[[-159.394482,54.967334],[-159.39043,55.040869],[-159.461914,55.058789],[-159.421338,54.978125],[-159.394482,54.967334]],[[-159.597949,55.125684],[-159.52041,55.072168],[-159.545068,55.225977],[-159.595264,55.182031],[-159.597949,55.125684]],[[-159.898242,55.221289],[-160.17207,55.123047],[-160.227051,54.922705],[-159.854102,55.144678],[-159.898242,55.221289]],[[-160.480762,55.308984],[-160.343311,55.258789],[-160.329297,55.337695],[-160.49292,55.352344],[-160.480762,55.308984]],[[-160.573975,55.378271],[-160.789209,55.383105],[-160.825488,55.173975],[-160.487549,55.184863],[-160.573975,55.378271]],[[-160.768604,58.789209],[-160.98623,58.736426],[-161.131494,58.668213],[-160.918994,58.5771],[-160.768604,58.789209]],[[-162.272559,54.867188],[-162.2646,54.983496],[-162.433887,54.931543],[-162.321924,54.842383],[-162.272559,54.867188]],[[-162.733105,54.402295],[-162.641113,54.379541],[-162.554395,54.401367],[-162.820557,54.494531],[-162.733105,54.402295]],[[-163.187109,54.747754],[-163.378955,54.815527],[-163.553027,55.037842],[-163.807129,55.049072],[-164.478613,54.906836],[-164.903955,54.544775],[-164.59082,54.404346],[-164.073291,54.620996],[-163.083252,54.668994],[-163.187109,54.747754]],[[-165.65415,54.25332],[-165.604834,54.12915],[-165.407861,54.196826],[-165.550635,54.284521],[-165.65415,54.25332]],[[-165.714404,60.172852],[-165.729687,60.314209],[-166.184961,60.396777],[-167.436426,60.206641],[-166.14873,59.764111],[-165.591797,59.913135],[-165.714404,60.172852]],[[-165.966406,54.211035],[-166.056641,54.054346],[-165.692871,54.099902],[-165.966406,54.211035]],[[-166.146484,66.237158],[-166.109863,66.227441],[-165.822217,66.328076],[-166.03252,66.277734],[-166.146484,66.237158]],[[-166.138623,53.787402],[-166.113721,53.843066],[-166.249414,53.745166],[-166.209766,53.723291],[-166.138623,53.787402]],[[-167.153662,53.407861],[-166.309473,53.69751],[-166.549219,53.700977],[-166.230859,53.932617],[-167.038086,53.942187],[-167.071484,53.783398],[-166.74126,53.712939],[-167.808789,53.323779],[-167.153662,53.407861]],[[-168.270703,53.238037],[-167.804687,53.484961],[-168.287695,53.500146],[-168.38042,53.283447],[-168.689844,53.227246],[-169.088916,52.832031],[-168.270703,53.238037]],[[-169.295068,63.35752],[-170.43042,63.698828],[-171.034863,63.585498],[-171.646484,63.727002],[-171.81792,63.529834],[-171.519141,63.331982],[-170.5271,63.379297],[-169.676367,62.956104],[-168.716016,63.310596],[-169.295068,63.35752]],[[-169.623926,56.615137],[-169.766162,56.607959],[-169.474316,56.594043],[-169.550488,56.628125],[-169.623926,56.615137]],[[-169.708105,52.807129],[-169.754883,52.883643],[-169.991846,52.829834],[-169.980566,52.806006],[-169.708105,52.807129]],[[-170.358008,57.154199],[-170.264014,57.136768],[-170.116162,57.241797],[-170.386621,57.203027],[-170.358008,57.154199]],[[-170.586621,52.642432],[-170.68208,52.697559],[-170.827051,52.600732],[-170.797363,52.549756],[-170.586621,52.642432]],[[-172.397168,60.331104],[-172.23208,60.299121],[-172.923877,60.606836],[-173.074023,60.493213],[-172.397168,60.331104]],[[-172.543652,52.353809],[-172.619824,52.272852],[-172.313623,52.32959],[-172.47041,52.388037],[-172.543652,52.353809]],[[-173.794092,52.104297],[-173.99248,52.12334],[-173.0229,52.07915],[-173.794092,52.104297]],[[-174.045605,52.367236],[-174.168896,52.420166],[-174.435547,52.317236],[-174.306152,52.216162],[-175.295557,52.022168],[-174.120654,52.135205],[-174.045605,52.367236]],[[-176.142871,52.004297],[-176.045068,51.972998],[-175.975293,52.028955],[-176.155664,52.099414],[-176.142871,52.004297]],[[-176.193652,51.886279],[-176.204443,51.834814],[-176.008984,51.812354],[-176.071631,51.843311],[-176.193652,51.886279]],[[-176.349658,51.733301],[-176.280225,51.802832],[-176.378564,51.861133],[-176.396094,51.759863],[-176.349658,51.733301]],[[-176.587939,51.833203],[-176.69834,51.986035],[-176.961621,51.603662],[-176.437354,51.754297],[-176.587939,51.833203]],[[-177.079541,51.866553],[-177.131494,51.929785],[-177.670215,51.701074],[-177.177002,51.703711],[-177.079541,51.866553]],[[-178.194531,51.882227],[-177.925342,51.617383],[-177.644482,51.82627],[-177.953809,51.918457],[-178.194531,51.882227]],[[-78.957422,8.350586],[-78.918115,8.231934],[-78.856152,8.448242],[-78.960596,8.43584],[-78.957422,8.350586]],[[-79.127539,8.251855],[-79.110352,8.209814],[-79.06543,8.254199],[-79.096289,8.29541],[-79.127539,8.251855]]],[[[130.9316205171977,-0.033119574783006867],[129.91267,-0.057619],[128.574406,2.621546],[144.718226,12.911719],[145.247393,13.440885],[145.882393,14.605052],[146.199893,15.663385],[146.305726,16.615885],[146.199893,18.838385],[145.353226,20.637552],[144.66531,20.902135],[142.389893,21.272552],[141.80781,21.748802],[141.543226,22.542552],[141.543226,23.865469],[142.44281,25.982135],[142.548643,26.722969],[142.44281,27.622552],[140.908226,30.003802],[140.484893,31.115052],[140.484893,31.908802],[140.114476,33.125885],[139.796976,33.919635],[139.03816,34.769997],[139.24931,35.278002],[139.67510865256753,35.14940856423837],[139.649802,35.409234],[139.834545,35.657953],[140.09701,35.584934],[139.826587,35.296528],[139.799219,34.956934],[139.920276,34.899653],[140.392806,35.22139],[140.596875,35.632031],[140.87380634548805,35.72515700177712],[140.573535,36.231348],[141.00166,37.114648],[140.928845,38.052949],[141.108266,38.338177],[141.46755436574753,38.40431868525684],[141.976953,39.428809],[141.97767,39.844183],[141.691899,40.418851],[143.278883,42.037589],[143.580957,42.59873],[144.197018,42.973682],[144.921418,43.0012],[145.816764,43.379549],[146.167595,43.360506],[147.04656,43.815052],[149.42781,45.349635],[151.80906,46.566719],[153.55531,47.836719],[157.136176,51.174164],[158.103508,51.809706],[158.492941,52.383315],[158.60876960196654,52.87365235894462],[158.471805,53.032603],[158.74541,52.908936],[159.585691,53.237914],[160.025098,53.12959],[159.84375,53.783643],[160.074414,54.18916],[160.772656,54.541357],[161.624585,54.516388],[162.10552491219215,54.7523656550799],[161.784961,55.205322],[161.775586,55.654834],[162.084961,56.089648],[162.528223,56.260693],[162.488672,56.399121],[162.671484,56.490088],[163.038379,56.521875],[162.628125,56.232275],[162.840332,56.065625],[163.296214,56.201247],[164.773643,55.192135],[167.04906,54.133802],[173.187393,51.911302],[178.214476,51.064635],[179.999897,50.986836],[179.999897,-0.052865],[174.457393,-0.052865],[173.822393,1.217135],[173.610726,2.910469],[172.975726,3.651302],[172.234893,3.651302],[171.81156,2.698802],[172.023226,1.428802],[172.552393,-0.057619],[130.9316205171977,-0.033119574783006867]]]]}},{"type":"Feature","properties":{"_manaName":"Océano Pacífico Sur","name":"Pacific Ocean","_manaColor":"#08306b","_manaFillOpacity":0.9,"_manaWeight":0.6,"_manaBorderColor":"#FFFFFF","_manaGroupName":"Océanos y mares","_manaGroupId":"oceanos-y-mares","_manaLabelStyle":{"enabled":true,"fontSize":11,"fontFamily":"DM Sans, sans-serif","fontWeight":"600","color":"#0e2a3a","haloWidth":3,"haloColor":"#FFFFFF","placement":"point","field":"_manaName"},"Tipo":"Océano","Dato":"Océano de la Tierra","Description":"Océano Pacífico Sur — océano"},"geometry":{"type":"MultiPolygon","coordinates":[[[[-179.999951,-16.785547],[-180.0,0.259881],[-92.43151,0.259881],[-92.46802,2.33208],[-91.133476,2.069616],[-89.702607,0.052969],[-80.10141,0.052969],[-80.482275,-0.368262],[-80.282381,-0.620685],[-80.455469,-0.585449],[-80.553837,-0.848217],[-80.902393,-1.078906],[-80.760596,-1.93457],[-80.962793,-2.189258],[-80.284717,-2.706738],[-80.006641,-2.353809],[-79.925586,-2.548535],[-79.842139,-2.067383],[-79.729883,-2.579102],[-79.96333,-3.157715],[-80.798584,-3.731055],[-81.283043,-4.322165],[-81.336477,-4.669327],[-80.881931,-5.635056],[-80.93061,-5.840883],[-81.164307,-5.875293],[-81.142041,-6.056738],[-79.994971,-6.768945],[-78.762086,-8.61689],[-77.6332082076801,-11.287701627563271],[-77.220087,-11.663319],[-77.1527369571891,-12.060269083033424],[-76.223633,-13.371191],[-76.376465,-13.863086],[-75.93368,-14.633525],[-75.104248,-15.411914],[-71.532088,-17.29419],[-71.336829,-17.68259],[-70.361565,-18.397998],[-70.087448,-21.493106],[-70.331689,-22.848633],[-70.59332736043872,-23.255362985331953],[-70.392261,-23.565848],[-70.574121,-24.644336],[-70.452051,-25.251792],[-70.713456,-25.784111],[-70.646582,-26.329395],[-71.186426,-28.377832],[-71.519238,-28.926465],[-71.315641,-29.649663],[-71.400313,-30.142863],[-71.669482,-30.330371],[-71.708822,-30.628104],[-71.452171,-32.659608],[-71.742969,-33.095117],[-71.66438,-33.652829],[-72.002832,-34.165332],[-72.2237,-35.09641],[-72.623753,-35.58589],[-73.215887,-37.167033],[-73.601652,-37.188737],[-73.662402,-37.341016],[-73.464606,-38.040158],[-73.520158,-38.509535],[-73.226465,-39.224414],[-73.4104,-39.78916],[-73.67097559326554,-39.963172228850624],[-73.965712,-41.118317],[-73.810683,-41.51731],[-73.623873,-41.581338],[-73.735003,-41.742206],[-73.54822739005704,-41.79092446835744],[-73.241797,-41.780859],[-72.952832,-41.514746],[-72.542383,-41.690625],[-72.318262,-41.499023],[-72.3604,-41.649121],[-72.824072,-41.908789],[-72.499414,-41.980859],[-72.412354,-42.388184],[-72.631055,-42.199805],[-72.773242,-42.257715],[-72.631836,-42.509668],[-72.848047,-42.669141],[-72.758008,-43.039453],[-73.075977,-43.323633],[-72.996582,-43.631543],[-73.265088,-44.168652],[-72.663867,-44.436426],[-72.680078,-44.593945],[-73.404883,-45.102344],[-73.444971,-45.238184],[-72.933838,-45.452344],[-73.266211,-45.346191],[-73.730765,-45.480221],[-73.591601,-45.899317],[-73.845361,-46.566016],[-73.948788,-46.533283],[-73.735254,-45.811719],[-73.967831,-46.154392],[-74.392969,-46.217383],[-74.019922,-46.055859],[-73.8250009271027,-45.446877691363504],[-73.957263,-45.404567],[-74.122705,-45.496191],[-74.157861,-45.767187],[-75.06670138667053,-45.874941586411566],[-74.924463,-46.159668],[-75.708105,-46.775],[-75.430371,-46.93457],[-75.540332,-46.69873],[-75.01875,-46.510547],[-75.005957,-46.741113],[-74.512256,-46.885156],[-74.313574,-46.788184],[-74.158398,-47.18252],[-74.482666,-47.430469],[-74.134082,-47.59082],[-74.533789,-47.567676],[-74.654932,-47.702246],[-74.227117,-47.968906],[-73.940856,-47.929219],[-73.715869,-47.655469],[-73.384473,-48.177344],[-74.58467079636597,-47.99909822755569],[-74.4743195259151,-48.46398556515646],[-74.009082,-48.475],[-74.340909,-48.595948],[-74.366308,-49.400292],[-74.221304,-49.500337],[-73.934961,-49.020898],[-74.09428120984681,-49.4297749300532],[-73.836377,-49.609375],[-74.290628,-49.604052],[-74.323926,-49.783398],[-73.958594,-49.994727],[-74.33366180804886,-49.97462097734529],[-74.62959,-50.194043],[-73.950364,-50.510508],[-74.18562146204862,-50.48562459575903],[-74.19696366249147,-50.609981221332305],[-73.977882,-50.826923],[-73.679932,-50.490234],[-73.618059,-50.651275],[-73.847709,-50.940198],[-74.644482,-50.360937],[-74.77578320669413,-50.46981343342854],[-74.685742,-50.662012],[-75.094429,-50.681402],[-75.055322,-50.785547],[-74.814498,-51.062929],[-73.939254,-51.266121],[-73.929745,-51.618038],[-74.196448,-51.680463],[-73.752469,-51.795288],[-73.518039,-52.040854],[-72.60002305502522,-51.79902523844271],[-73.126978,-51.439702],[-72.489648,-51.763672],[-72.631494,-52.371582],[-72.587988,-52.145117],[-72.79502,-51.949512],[-73.260329,-52.157798],[-73.684205,-52.077906],[-73.834473,-52.233984],[-74.26477602641754,-52.10491912412297],[-74.01651,-52.632963],[-74.71133004970099,-52.768304291872525],[-74.270215,-53.081543],[-73.083079,-53.403458],[-73.099365,-53.511914],[-73.447139,-53.410331],[-73.84544702485975,-53.545792037933296],[-73.314355,-53.729199],[-73.210645,-53.98584],[-73.039671,-53.832579],[-72.76377,-53.864844],[-72.907275,-54.114648],[-72.562891,-54.07373],[-72.211013,-53.802452],[-72.015211,-53.893971],[-72.21037206368882,-54.04779994074105],[-71.948535,-54.300879],[-71.473332,-54.231056],[-71.143146,-54.373942],[-70.862698,-54.098248],[-70.297538,-54.485615],[-70.701286,-54.485615],[-70.797068,-54.327381],[-71.080178,-54.444325],[-71.800146,-54.433984],[-71.901445,-54.601473],[-70.497035,-54.809419],[-69.723387,-54.712061],[-69.092082,-54.994111],[-69.884256,-54.881921],[-69.98792739813923,-55.13073316167151],[-69.85365763969615,-55.21985401427224],[-69.240781,-55.476717],[-69.296876,-55.165573],[-68.88995,-55.241227],[-68.867041,-55.450195],[-68.082454,-55.650815],[-68.077674,-60.533462],[-180.0,-60.533462],[-180.0,-16.962675],[-179.8223739641319,-16.765444070494514],[-179.999951,-16.785547]],[[-74.04860220312791,-41.80783798848648],[-74.387354,-43.231641],[-73.848584,-43.366797],[-73.436328,-42.936523],[-73.789258,-42.585742],[-73.470801,-42.466309],[-73.4229,-42.192871],[-73.527832,-41.896289],[-74.04860220312791,-41.80783798848648]],[[-73.841406,-43.788965],[-73.84366345161297,-43.78821251612901],[-73.84138069783705,-43.7889964876662],[-73.841406,-43.788965]],[[-73.789648,-43.876465],[-73.78968847735052,-43.87637011717314],[-73.82015792107516,-43.881137709357986],[-73.789648,-43.876465]],[[-73.92384962336475,-43.897824132967614],[-73.90415,-43.875391],[-73.83358680618548,-43.8831943937056],[-73.904346,-43.875254],[-73.92384962336475,-43.897824132967614]],[[-73.95562651028168,-43.92195636114728],[-73.9480985637215,-43.91861527458502],[-73.955661,-43.921815],[-73.95562651028168,-43.92195636114728]],[[-74.082656,-44.186398],[-74.097217,-44.389355],[-74.50176311156409,-44.473763904715206],[-74.61763998944183,-44.64788758091751],[-74.09905704709624,-45.32519340348646],[-73.84889054237215,-45.34054310487087],[-73.727148,-45.119043],[-73.996045,-44.537988],[-73.703223,-44.274121],[-74.082656,-44.186398]],[[-75.18584,-47.850684],[-74.91611034075066,-47.75667158363446],[-74.926465,-47.723145],[-75.203125,-47.728027],[-75.18584,-47.850684]],[[-176.41412116857668,-44.06761802555477],[-176.516636,-43.784769],[-176.177637,-43.740332],[-176.847656,-43.823926],[-176.555127,-43.851953],[-176.59808152182504,-44.10703758119723],[-176.41412116857668,-44.06761802555477]],[[-70.94431082415741,-55.05788048930615],[-70.475586,-55.177051],[-70.28325,-55.066096],[-70.41766,-54.908948],[-71.437207,-54.889258],[-70.94431082415741,-55.05788048930615]],[[-74.45554848721015,-51.7250534902478],[-74.338672,-51.897949],[-74.118896,-51.911133],[-74.133454,-51.870994],[-74.45554848721015,-51.7250534902478]],[[-74.30073138570286,-45.37262222882001],[-74.31073,-45.172798],[-74.421875,-45.203223],[-74.67775865282101,-45.73841933255745],[-74.24402573751048,-45.65368424985883],[-74.30073138570286,-45.37262222882001]],[[-75.08824413018456,-49.245759819351264],[-75.46744352341973,-49.35893375949473],[-75.305859,-49.494043],[-75.549805,-49.791309],[-75.065852,-49.852202],[-74.960107,-49.533008],[-74.724012,-49.423598],[-74.88042,-49.725879],[-74.762988,-50.011426],[-74.57001381534042,-49.990844329983894],[-74.45892929950313,-49.6909415436071],[-74.546219,-48.766894],[-74.969531,-48.791309],[-74.949219,-48.960156],[-75.21012312799712,-49.14796528213053],[-75.08824413018456,-49.245759819351264]],[[-74.536816,-51.965137],[-74.822973,-51.630233],[-75.1053696858297,-51.78886976447487],[-74.85155,-52.270504],[-74.694482,-52.279199],[-74.536816,-51.965137]],[[-75.146289,-51.524316],[-74.59278,-51.387302],[-74.570559,-51.245502],[-75.1536796500284,-51.278841730296854],[-75.28911114142488,-51.62539010855008],[-75.146289,-51.524316]],[[-75.00873979821093,-48.539886596613506],[-74.567381,-48.591711],[-74.827727,-47.850361],[-75.247266,-48.026758],[-75.00873979821093,-48.539886596613506]],[[-75.054785,-50.296094],[-74.875977,-50.109961],[-75.32674,-50.012037],[-75.448981,-50.343283],[-75.054785,-50.296094]],[[-75.540137,-48.988477],[-75.580213,-49.229915],[-75.262695,-49.068945],[-75.1187258314984,-48.7729548689007],[-75.583105,-48.858887],[-75.540137,-48.988477]],[[-75.427637,-50.480566],[-75.477393,-50.654199],[-75.330469,-50.772363],[-75.115332,-50.510449],[-75.427637,-50.480566]],[[-75.433984,-48.721191],[-75.15849265292712,-48.62243406703908],[-75.3913954730938,-48.01973777882776],[-75.560628,-48.071019],[-75.650928,-48.586328],[-75.622852,-48.764648],[-75.433984,-48.721191]],[[-89.267621,-0.704815],[-89.423145,-0.722266],[-89.602587,-0.913277],[-89.418896,-0.911035],[-89.267621,-0.704815]],[[-90.531689,-0.581445],[-90.334971,-0.771477],[-90.18530863006036,-0.5449104497210197],[-90.26937130874678,-0.48467779533108835],[-90.531689,-0.581445]],[[-90.70285110877383,-0.3490255920955055],[-90.553511,-0.278277],[-90.780371,-0.160449],[-90.867773,-0.271387],[-90.70285110877383,-0.3490255920955055]],[[-91.120763,-0.559294],[-91.458301,-0.799512],[-91.419043,-0.99668],[-90.905518,-0.940527],[-90.799658,-0.752051],[-91.30590764105995,0.09149614740353808],[-91.491016,0.105176],[-91.590088,-0.014795],[-91.428755,-0.023254],[-91.120763,-0.559294]],[[-91.399365,-0.322461],[-91.64672273208477,-0.2846243928545002],[-91.646582,-0.39082],[-91.426094,-0.46085],[-91.399365,-0.322461]],[[-149.23329711661813,-17.853517709216494],[-149.37930085795466,-17.522342474483494],[-149.611147,-17.531746],[-149.57888669957129,-17.7349645284623],[-149.23329711661813,-17.853517709216494]],[[-171.984846,-13.824427],[-171.91184722413382,-14.001660542318122],[-171.454102,-14.046484],[-171.603861,-13.879463],[-171.984846,-13.824427]],[[-172.176927,-13.684746],[-172.333496,-13.465234],[-172.77839382133112,-13.517016746981902],[-172.535716,-13.791613],[-172.2250649049821,-13.804265175695694],[-172.176927,-13.684746]],[[-80.093408,-2.845898],[-79.909033,-2.725586],[-80.223682,-2.753125],[-80.272949,-2.995898],[-80.093408,-2.845898]],[[-72.764063,-44.549023],[-73.207715,-44.334961],[-73.445068,-44.641016],[-73.228467,-44.859961],[-72.764063,-44.549023]],[[-73.632178,-44.821484],[-73.641211,-44.61084],[-73.779492,-44.55918],[-73.818457,-44.652148],[-73.632178,-44.821484]]],[[[166.22034699970266,-50.69412968424475],[166.26746569055072,-50.5586269302712],[166.101367,-50.538965],[165.89851292287992,-50.79194278782515],[146.18670169173257,-43.5127971445557],[146.873926,-43.6125],[147.077344,-43.275879],[146.996973,-43.156348],[147.24502,-43.215918],[147.297949,-42.790918],[147.452344,-43.033398],[147.573828,-42.845703],[147.8,-42.928125],[147.647949,-43.020605],[147.78584,-43.22002],[147.980859,-43.157031],[148.022754,-42.259473],[148.213672,-41.97002],[148.342578,-42.215332],[148.292871,-40.94707],[148.032813,-40.780957],[147.454785,-41.00166],[146.989844,-40.992383],[146.848145,-41.168066],[146.31748,-41.163477],[144.718555,-40.672266],[144.77793,-41.418848],[145.234863,-42.196973],[145.527246,-42.388184],[145.468262,-42.492871],[145.198828,-42.230859],[145.268164,-42.544336],[145.802734,-43.244043],[146.208008,-43.316211],[145.994434,-43.376074],[146.03077191090617,-43.50500243160394],[118.036031,-35.007475],[117.863018,-35.055121],[117.7789036300923,-35.06391514037828],[118.895313,-34.479883],[119.450586,-34.368262],[119.854102,-33.974707],[121.405078,-33.826758],[122.150977,-33.991797],[123.506836,-33.916211],[124.24375,-33.015234],[125.917188,-32.296973],[127.319824,-32.264062],[128.946191,-31.702637],[131.143652,-31.495703],[132.214648,-32.007129],[132.757422,-31.95625],[133.665332,-32.207227],[134.23418,-32.548535],[134.100391,-32.748633],[134.30127,-33.165039],[134.719043,-33.255176],[135.218945,-33.959766],[135.45,-34.581055],[135.123047,-34.585742],[135.647559,-34.939648],[135.969727,-34.981836],[135.891016,-34.660937],[136.430664,-34.02998],[137.237305,-33.629492],[137.790918,-32.823242],[137.783203,-32.578125],[137.992578,-33.094238],[137.852344,-33.200781],[137.931836,-33.579102],[137.493848,-34.161133],[137.391016,-34.913281],[137.014258,-34.91582],[136.883594,-35.239746],[137.691699,-35.142969],[138.089258,-34.169824],[138.511133,-35.024414],[138.184375,-35.612695],[138.521875,-35.642383],[139.28252,-35.375391],[139.289453,-35.611328],[138.968945,-35.580762],[139.729004,-36.371387],[139.857324,-36.662109],[139.784277,-37.245801],[140.39043,-37.89668],[141.424219,-38.363477],[142.455859,-38.386328],[143.538965,-38.820898],[144.665234,-38.209961],[144.395508,-38.136914],[144.891309,-37.899805],[145.119922,-38.091309],[144.911426,-38.344043],[144.717773,-38.340332],[144.95957,-38.500781],[145.292773,-38.237598],[145.475781,-38.24375],[145.542188,-38.393848],[145.397266,-38.535352],[145.79082,-38.666992],[145.935352,-38.901758],[146.158398,-38.865723],[146.4,-39.145508],[146.466602,-38.840332],[146.336621,-38.894238],[146.21748,-38.727441],[146.856836,-38.663477],[147.876758,-37.93418],[149.480859,-37.771191],[149.932715,-37.528516],[150.195313,-35.833594],[150.80459,-35.012891],[150.871289,-34.499121],[151.280273,-33.92666],[151.29209,-33.580957],[151.812891,-32.901074],[152.47041,-32.439062],[152.943945,-31.434863],[153.030566,-30.563379],[153.616895,-28.673047],[153.116797,-27.194434],[153.164941,-25.96416],[152.920508,-25.688574],[152.913477,-25.432129],[151.831641,-24.122949],[151.153809,-23.784082],[150.843164,-23.458008],[150.622852,-22.367285],[150.541309,-22.559082],[150.020605,-22.168359],[149.974414,-22.550684],[149.703906,-22.440527],[149.454102,-21.578711],[148.683691,-20.580176],[148.884766,-20.480859],[148.759375,-20.289551],[147.742383,-19.770117],[147.418555,-19.378125],[147.13877,-19.393164],[146.383398,-18.977051],[146.333203,-18.553711],[146.032227,-18.272852],[146.125879,-17.635254],[145.912109,-16.9125],[145.426074,-16.406152],[145.287695,-14.943164],[144.473047,-14.231836],[143.961816,-14.462891],[143.756348,-14.348828],[143.401563,-12.639941],[143.110254,-12.303516],[143.178906,-11.954492],[142.872559,-11.821387],[142.836816,-11.306934],[142.544824,-10.707324],[142.168359,-10.946582],[141.961133,-12.054297],[141.870508,-11.975586],[141.688574,-12.351074],[141.929785,-12.739844],[141.613574,-12.943457],[141.472559,-13.797559],[141.625488,-15.056641],[141.411914,-16.069531],[140.830469,-17.414453],[140.511133,-17.624512],[140.03584,-17.702637],[139.248438,-17.328613],[139.009863,-16.899316],[138.24502,-16.718359],[137.703711,-16.233008],[136.784668,-15.894238],[136.704883,-15.685254],[136.291406,-15.570117],[135.45332,-14.923145],[135.405176,-14.758203],[135.954492,-13.934863],[135.927344,-13.304297],[136.294141,-13.137988],[136.461035,-13.225195],[136.537012,-12.784277],[136.947461,-12.349902],[136.443359,-11.951465],[136.249902,-12.173047],[136.260645,-12.433789],[136.081836,-12.422461],[136.008496,-12.191406],[135.704395,-12.209863],[135.922461,-11.825781],[135.029688,-12.19375],[134.730273,-11.984375],[134.417383,-12.052734],[133.185254,-11.705664],[132.961035,-11.407324],[132.682813,-11.505566],[132.333984,-11.223535],[132.155469,-11.311133],[131.961523,-11.180859],[131.822461,-11.302441],[132.674219,-11.649023],[132.712793,-12.123438],[132.411035,-12.295117],[132.253223,-12.186035],[131.438281,-12.276953],[131.291602,-12.067871],[130.873828,-12.367188],[130.867383,-12.557812],[130.622656,-12.431055],[130.61748,-12.646875],[130.168164,-12.957422],[130.259766,-13.302246],[129.838867,-13.572949],[129.378711,-14.39248],[129.84873,-14.828906],[129.637109,-14.850977],[129.634766,-15.139746],[129.267578,-14.871484],[129.21582,-15.160254],[129.058203,-14.884375],[128.575781,-14.774512],[128.175,-15.043164],[128.254688,-15.298535],[128.069434,-15.329297],[128.199414,-14.751758],[127.672852,-14.195117],[126.79717232811484,-13.780978771090675],[126.898539,-13.745569],[122.9036417923164,-10.909467251380233],[123.418164,-10.65127],[123.371094,-10.474902],[122.845703,-10.761816],[122.87136552637102,-10.909602852828488],[121.32906,-10.794948],[120.65351846686538,-10.223093920872364],[120.784473,-9.957031],[119.94209,-9.301465],[118.94781,-9.524948],[118.42707629331903,-8.85547132935113],[119.104199,-8.709961],[118.926172,-8.297656],[118.713867,-8.414941],[118.552148,-8.27041],[118.292383,-8.357227],[118.11748,-8.122266],[117.755273,-8.149512],[117.814844,-8.34209],[118.234863,-8.591895],[117.969531,-8.728027],[117.56709,-8.426367],[117.164844,-8.367188],[116.80127,-8.597949],[116.767969,-8.955469],[116.957078,-9.079394],[116.60201,-8.978315],[115.155276,-8.854498],[114.62611,-8.748665],[114.386914,-8.405176],[114.409277,-7.79248],[114.070703,-7.633008],[113.013574,-7.657715],[112.794531,-7.552441],[112.539258,-6.926465],[111.540332,-6.648242],[111.181543,-6.686719],[110.834766,-6.424219],[110.42627,-6.947266],[108.677832,-6.790527],[108.29502,-6.265039],[107.666797,-6.21582],[107.046289,-5.904199],[106.825195,-6.098242],[106.028809,-5.934277],[105.483691,-6.781543],[105.27661916239421,-6.726568379681099],[105.260547,-6.523926],[105.130203,-6.606056],[104.607393,-5.909148],[104.62168,-5.571777],[105.081348,-5.745508],[105.349414,-5.549512],[105.74834,-5.818262],[105.887207,-5.00957],[105.84375,-3.613672],[106.044336,-3.10625],[105.396973,-2.380176],[104.970801,-2.370898],[104.650781,-2.595215],[104.845215,-2.092969],[104.515918,-1.819434],[104.360547,-1.038379],[103.721094,-0.886719],[103.438574,-0.575586],[103.428516,-0.191797],[103.786719,0.046973],[103.578711,0.387061],[103.338965,0.513721],[102.55,0.216455],[103.00752,0.415332],[103.031836,0.578906],[102.389941,0.841992],[102.019922,1.442139],[101.47666,1.693066],[101.046191,2.257471],[100.828223,2.242578],[100.887891,1.948242],[100.523828,2.18916],[99.732324,3.183057],[98.307324,4.092871],[98.248438,4.414551],[97.547168,5.205859],[96.250879,5.266992],[95.516992,5.624609],[95.23044533693164,5.49884210828784],[81.87461422530703,7.241677190600551],[81.372852,8.431445],[80.711133,9.366357],[80.180957,9.81001],[79.954004,9.742334],[80.42832,9.480957],[80.086328,9.577832],[80.099609,9.209961],[79.808887,8.05],[79.749805,8.294238],[79.707812,8.065674],[79.859375,6.829297],[80.21537419675548,6.053111606181736],[73.12301,-0.680475],[51.369141,10.475244],[51.031836,10.444775],[51.254883,11.830713],[50.792285,11.983691],[50.110059,11.529297],[49.062109,11.27085],[47.40498,11.174023],[46.565039,10.745996],[45.816699,10.835889],[44.942969,10.436719],[44.279297,10.471875],[43.161719,11.566016],[42.539746,11.504297],[43.336719,12.027002],[43.353516,12.367041],[43.08291,12.824609],[42.796191,12.864258],[42.399316,13.212598],[42.245117,13.587646],[41.658203,13.983057],[41.176465,14.620313],[40.204102,15.014111],[39.86377,15.470313],[39.785547,15.124854],[39.506543,15.532129],[38.574023,18.072949],[37.471289,18.820117],[37.193164,20.120703],[37.141113,20.981787],[37.258594,21.108545],[36.926953,21.586523],[36.87041,22.015771],[35.697852,22.946191],[35.504395,23.779297],[35.54082,23.920654],[35.783887,23.937793],[35.194141,24.475146],[33.959082,26.649023],[33.54707,27.898145],[32.658887,28.927734],[32.359766,29.630664],[32.473047,29.925439],[32.565723,29.973975],[33.247754,28.567725],[34.220117,27.764307],[34.736426,29.270605],[34.973438,29.555029],[34.625,28.064502],[35.180469,28.034863],[37.148828,25.291113],[37.180859,24.82002],[37.543066,24.29165],[37.919727,24.1854],[38.46416,23.711865],[39.062012,22.592188],[38.987891,21.881738],[39.276074,20.973975],[39.72832,20.390332],[40.75918,19.755469],[41.658008,18.007666],[42.293945,17.434961],[42.789844,16.451563],[42.799023,15.32627],[42.657812,15.232813],[42.936426,14.938574],[43.089063,14.010986],[43.282422,13.692529],[43.231934,13.26709],[43.487598,12.698828],[43.929785,12.616504],[45.038672,12.815869],[45.657324,13.338721],[46.788867,13.465576],[47.989941,14.048096],[48.668359,14.050146],[49.349902,14.637793],[51.322461,15.22627],[52.21748,15.655518],[52.237305,16.171387],[52.581445,16.470361],[54.068164,17.005518],[55.06416,17.038916],[55.479102,17.843262],[56.383496,17.987988],[56.825977,18.753516],[57.811621,19.01709],[57.71416,19.678418],[57.861816,20.244141],[58.169434,20.589502],[58.208984,20.423975],[58.474219,20.406885],[59.824414,22.305176],[59.823242,22.508984],[59.429395,22.66084],[58.773047,23.517187],[57.219824,23.922754],[56.640625,24.470313],[56.372852,25.018311],[56.413086,26.351172],[54.746777,24.810449],[54.39707,24.278174],[54.147949,24.171191],[53.801758,24.069482],[52.648242,24.154639],[52.118555,23.971094],[51.843164,24.010889],[51.605469,24.338428],[51.309863,24.340381],[51.418359,24.530957],[51.267969,24.607227],[51.608887,25.052881],[51.543066,25.902393],[51.262305,26.153271],[51.003125,25.981445],[50.75459,25.399268],[50.804395,24.789258],[50.081055,25.961377],[50.213867,26.308496],[50.008105,26.678516],[50.149805,26.662646],[48.797168,27.724316],[48.051465,29.355371],[47.722656,29.393018],[47.969629,29.616699],[48.143457,29.572461],[47.98252,30.011328],[48.832422,30.035498],[49.001953,30.506543],[49.224512,30.472314],[49.001953,30.373926],[49.554883,30.028955],[50.071582,30.198535],[50.649609,29.420068],[50.675195,29.146582],[50.875781,29.062695],[51.278906,28.131348],[51.589063,27.864209],[52.475879,27.616504],[52.691602,27.323389],[53.705762,26.725586],[54.644922,26.508936],[56.118066,27.143115],[56.728125,27.127686],[57.036035,26.800684],[57.33457,25.791553],[57.796094,25.653027],[59.046094,25.417285],[60.400195,25.311572],[60.510547,25.437061],[61.412207,25.1021],[63.491406,25.21084],[63.556641,25.353174],[64.059375,25.40293],[64.658984,25.184082],[64.77666,25.307324],[66.467676,25.445313],[66.131152,25.493262],[66.428613,25.575342],[66.698633,25.226318],[66.703027,24.860938],[67.171484,24.756104],[67.309375,24.174805],[67.563086,23.881836],[68.115527,23.753369],[68.165039,23.857324],[68.234961,23.596973],[68.776758,23.8521],[68.41748,23.571484],[68.81709,23.053711],[69.664648,22.759082],[70.489258,23.089502],[70.177246,22.572754],[69.276563,22.285498],[69.05166,22.437305],[68.969922,22.290283],[70.485059,20.840186],[71.024609,20.738867],[72.015234,21.155713],[72.254004,21.531006],[72.037207,21.823047],[72.274414,22.089746],[72.182813,22.269727],[72.80918,22.233301],[72.553027,22.159961],[72.522266,21.976221],[72.700195,21.971924],[72.543066,21.696582],[73.1125,21.750439],[72.613281,21.461816],[72.734766,21.470801],[72.623828,21.371973],[72.89375,20.672754],[72.667773,19.830957],[72.787891,19.362988],[72.987207,19.277441],[72.811621,19.298926],[72.803027,19.079297],[72.834668,18.975586],[72.97207,19.15332],[73.005566,19.021094],[72.875488,18.642822],[73.337598,16.459863],[73.679883,15.708887],[73.832813,15.659375],[73.949219,15.074756],[74.382227,14.494727],[74.945508,12.564551],[75.723828,11.361768],[76.346484,9.922119],[76.458789,9.53623],[76.242383,9.9271],[76.324609,9.4521],[76.553418,8.902783],[77.065918,8.315918],[77.517578,8.07832],[78.060156,8.38457],[78.19248,8.890869],[78.421484,9.105029],[78.97959,9.268555],[79.411426,9.192383],[79.019922,9.33335],[78.939941,9.565771],[79.314551,10.256689],[79.838184,10.322559],[79.848633,11.196875],[79.693164,11.312549],[80.342383,13.361328],[80.062109,13.60625],[80.15625,13.71377],[80.306543,13.485059],[80.053418,15.074023],[80.293457,15.710742],[80.646582,15.89502],[80.978711,15.75835],[81.286133,16.337061],[81.761914,16.329492],[82.258789,16.559863],[82.35957,17.096191],[84.104102,18.292676],[84.770996,19.125391],[85.441602,19.626562],[85.180762,19.594873],[85.248633,19.757666],[85.504102,19.887695],[85.575,19.69292],[86.216211,19.895801],[86.245215,20.053027],[86.376563,20.006738],[86.750391,20.313232],[86.975488,20.700146],[86.85957,21.236719],[87.100684,21.500781],[87.948437,21.825439],[88.159277,22.121729],[87.941406,22.374316],[88.196289,22.139551],[88.12207,21.635791],[88.2875,21.758203],[88.584668,21.659717],[88.641602,22.121973],[88.74502,21.584375],[88.85752,21.744678],[89.05166,21.654102],[88.949316,21.937939],[89.051465,22.093164],[89.093945,21.872754],[89.353711,21.721094],[89.483203,22.275537],[89.568555,21.767432],[89.985156,22.466406],[89.918066,22.116162],[90.20957,22.156592],[90.071191,21.887256],[90.230566,21.829785],[90.616113,22.362158],[90.435059,22.751904],[90.590918,23.266406],[90.269141,23.455859],[90.555664,23.421533],[90.604004,23.591357],[90.65625,23.025488],[90.945605,22.597021],[91.480078,22.884814],[91.863379,22.350488],[92.056055,21.174805],[92.307813,20.79043],[92.722852,20.295605],[92.735645,20.562695],[92.82832,20.177588],[93.066797,20.377637],[93.001953,20.074854],[93.129492,19.858008],[93.25,20.070117],[93.707031,19.912158],[93.611719,19.776074],[93.998145,19.440869],[93.962012,19.329346],[93.824902,19.238477],[93.493066,19.369482],[93.929199,18.899658],[94.044922,19.287402],[94.588965,17.569336],[94.223828,16.016455],[94.441602,16.094385],[94.70332,16.511914],[94.661523,15.904395],[94.893164,16.182813],[94.942578,15.818262],[95.176953,15.825684],[95.346777,16.097607],[95.389551,15.722754],[95.763281,16.169043],[96.324316,16.444434],[96.189063,16.768311],[96.431152,16.504932],[96.76543,16.710352],[96.908594,17.030957],[96.851465,17.401025],[97.200195,17.09541],[97.375879,16.522949],[97.725977,16.568555],[97.584277,16.01958],[97.812305,14.858936],[98.01875,14.652588],[97.909766,14.652686],[98.110645,13.712891],[98.200391,13.980176],[98.575977,13.161914],[98.636328,11.738379],[98.875977,11.719727],[98.464941,10.67583],[98.562598,10.034961],[98.702539,10.190381],[98.241797,8.767871],[98.305469,8.226221],[98.703516,8.256738],[99.358594,7.372217],[99.596973,7.355615],[99.695996,6.87666],[100.119141,6.441992],[100.343262,5.98418],[100.71543,3.966211],[101.299902,3.253271],[101.354297,3.011133],[101.295508,2.885205],[103.356836,1.546143],[103.480273,1.329492],[103.694531,1.449658],[103.991504,1.454785],[103.981445,1.623633],[104.176367,1.364893],[104.288477,1.480664],[103.967773,2.26123],[103.439453,2.933105],[103.453906,4.669482],[103.196973,5.262158],[101.497949,6.865283],[101.017871,6.860938],[100.423535,7.187842],[100.160742,7.599268],[100.256641,7.774902],[100.545215,7.226904],[100.279395,8.268506],[99.989551,8.589209],[99.835547,9.288379],[99.253906,9.265234],[99.165039,10.319824],[99.989062,12.170801],[100.01748,13.353174],[100.60293,13.568164],[100.962695,13.431982],[100.897754,12.653809],[101.723633,12.689355],[102.540234,12.109229],[102.594141,12.203027],[103.125488,11.460645],[103.152832,10.913721],[103.532422,11.14668],[103.721875,10.890137],[103.587109,10.552197],[103.870508,10.655127],[104.262402,10.54126],[104.663477,10.169922],[105.027832,10.067432],[105.092578,9.900977],[104.845215,9.606152],[104.896289,8.746631],[104.77041,8.597656],[105.114355,8.629199],[105.500977,9.093213],[106.168359,9.396729],[105.830957,10.000732],[106.378027,9.556104],[106.572461,9.641113],[106.136426,10.22168],[106.595605,9.859863],[106.785254,10.116455],[106.464063,10.298291],[106.757422,10.295801],[106.605859,10.464941],[106.947461,10.400342],[107.006641,10.660547],[107.261523,10.398389],[108.986719,11.336377],[109.25918,11.954541],[109.218945,12.645801],[109.335547,12.751904],[109.444922,12.599609],[109.30332,13.856445],[108.821289,15.37793],[108.029395,16.331104],[107.833789,16.322461],[106.370508,17.746875],[106.478906,17.71958],[106.499023,17.946436],[105.888281,18.50249],[105.621777,18.966309],[105.984082,19.939063],[106.517969,20.288867],[106.753418,20.735059],[106.683398,21.000293],[107.164746,20.94873],[107.409961,21.284814],[107.809082,21.497119],[108.502148,21.633447],[108.479883,21.904639],[108.59375,21.901025],[108.77168,21.630469],[109.101758,21.590479],[109.081543,21.440283],[109.544043,21.537939],[109.521484,21.693408],[109.930762,21.480566],[109.662598,20.916895],[109.938477,20.295117],[110.344727,20.294824],[110.511523,20.518262],[110.154004,20.944629],[110.410938,21.338135],[110.567187,21.214063],[111.016895,21.511719],[111.602734,21.559082],[111.943945,21.849658],[112.30498,21.741699],[112.359668,21.978027],[112.586328,21.776855],[112.953906,21.907324],[113.08877,22.207959],[113.149023,22.075],[113.548145,22.222607],[113.553027,22.594043],[113.331055,22.912012],[113.519727,23.1021],[114.01543,22.511914],[113.902539,22.396094],[114.267969,22.295557],[114.266016,22.540967],[114.554199,22.528906],[114.65166,22.755273],[114.853809,22.616797],[115.195801,22.817285],[115.49834,22.718848],[116.470703,22.945898],[116.910645,23.64668],[117.29082,23.714355],[117.367676,23.588623],[117.466406,23.840576],[118.056055,24.246094],[117.842676,24.474316],[118.087109,24.627002],[118.657031,24.621436],[118.636914,24.835547],[118.909082,24.928906],[118.977539,25.209277],[119.285547,25.232227],[119.180078,25.449805],[119.622461,25.391162],[119.61875,26.003564],[119.332031,25.94873],[119.139453,26.121777],[119.463086,26.054688],[119.881055,26.33418],[119.588184,26.784961],[119.824219,26.846387],[119.882227,26.610449],[120.086719,26.671582],[120.60752,27.412402],[120.833008,27.891455],[120.747656,28.009961],[120.958594,28.037012],[121.145703,28.32666],[121.609961,28.292139],[121.475195,28.641406],[121.6625,28.851416],[121.540039,28.931885],[121.679688,28.953125],[121.447656,29.131348],[121.71748,29.256348],[121.917773,29.13501],[121.968359,29.490625],[121.887988,29.627783],[121.50625,29.48457],[122.08291,29.870361],[121.258008,30.304102],[120.633398,30.133154],[120.494531,30.303076],[120.194629,30.241309],[120.449805,30.387842],[120.821484,30.354639],[121.418945,30.789795],[121.87793,30.916992],[121.660645,31.319727],[120.715527,31.98374],[120.035937,31.936279],[120.520117,32.105859],[121.680859,31.712158],[121.866309,31.703564],[121.856348,31.816455],[121.341699,32.425049],[120.853223,32.661377],[120.871094,33.016504],[120.266699,34.274023],[119.165332,34.848828],[119.429688,35.301416],[120.284766,35.984424],[120.094141,36.118896],[120.183301,36.202441],[120.327734,36.228174],[120.393066,36.053857],[120.637891,36.129932],[120.711523,36.413281],[120.895801,36.444141],[120.81084,36.632812],[121.932715,36.959473],[122.340918,36.832227],[122.666992,37.402832],[121.640234,37.460352],[120.75,37.833936],[120.257227,37.679004],[119.760547,37.155078],[119.287402,37.138281],[118.952637,37.331152],[119.08916,37.700732],[118.940039,38.042773],[118.014941,38.183398],[117.656055,38.424219],[117.553809,38.691455],[117.784668,39.134473],[118.976953,39.182568],[119.391113,39.75249],[120.479102,40.230957],[121.174512,40.90127],[121.729297,40.846143],[121.834863,40.974268],[122.263867,40.500195],[121.800977,39.950537],[121.517383,39.844824],[121.517578,39.638965],[121.26748,39.544678],[121.275488,39.384766],[121.818457,39.386523],[121.679883,39.108691],[121.106738,38.920801],[121.163574,38.731641],[121.649902,38.865088],[121.677246,39.003418],[122.840039,39.60083],[123.650879,39.881592],[124.105762,39.841016],[124.35,40.011572],[124.638281,39.615088],[124.775293,39.758057],[125.36084,39.526611],[125.409668,39.288379],[125.168848,38.805518],[125.554492,38.68623],[125.067383,38.556738],[124.690918,38.129199],[125.206738,38.081543],[124.98877,37.931445],[125.357813,37.724805],[125.769141,37.985352],[126.116699,37.74292],[126.369922,37.878369],[126.633887,37.781836],[126.746387,37.193555],[126.976855,36.939404],[126.87207,36.824463],[126.487012,37.007471],[126.160547,36.771924],[126.487695,36.693799],[126.54043,36.166162],[126.753027,35.871973],[126.488477,35.64707],[126.614062,35.570996],[126.291113,35.15415],[126.420703,34.823389],[126.593359,34.824365],[126.264453,34.673242],[126.531445,34.314258],[127.24707,34.755127],[127.173438,34.546143],[127.324609,34.463281],[127.479102,34.625244],[127.404297,34.823096],[127.71543,34.721045],[127.714844,34.954688],[128.03623,35.021973],[128.443945,34.870361],[128.510938,35.100977],[129.21416,35.181836],[129.561719,35.947656],[129.403516,36.052148],[129.418262,37.059033],[128.329492,38.680908],[127.394531,39.20791],[127.568164,39.781982],[128.51123,40.130225],[129.708691,40.857324],[129.756348,41.712256],[130.235742,42.183203],[130.729883,42.325781],[130.83418,42.522949],[130.709375,42.656396],[131.158301,42.626025],[131.794727,43.255273],[132.013086,43.280029],[131.947266,43.09541],[132.30957,43.313525],[132.303809,42.883301],[133.159961,42.696973],[134.010449,42.947461],[135.483398,43.83501],[135.874609,44.373535],[137.685449,45.818359],[138.336914,46.543408],[138.586816,47.057227],[140.113281,48.422656],[140.37832,48.964111],[140.462695,49.911475],[140.624512,50.082422],[140.520898,50.800195],[140.932617,51.619922],[141.485254,52.178516],[141.132422,52.435693],[141.255859,52.840137],[140.839648,53.087891],[141.18125,53.015283],[141.37373,53.292773],[139.795508,54.256445],[138.695703,54.32002],[138.660742,53.744775],[138.450684,53.537012],[138.249707,53.524023],[138.569141,53.818799],[138.52793,53.959863],[137.950488,53.603564],[137.253711,53.546143],[137.834766,53.946729],[137.339258,54.100537],[137.666016,54.283301],[137.141602,54.182227],[137.258008,54.025244],[137.155371,53.82168],[136.718848,53.804102],[136.797266,54.620996],[135.851562,54.583936],[135.257715,54.731494],[135.2625,54.943311],[137.691504,56.139355],[138.662109,56.965527],[140.446875,57.813672],[140.790234,58.303467],[142.580273,59.240137],[145.55459,59.413525],[146.049512,59.170557],[146.537207,59.456982],[147.514453,59.268555],[148.257422,59.414209],[148.72666,59.25791],[148.964648,59.369141],[148.744141,59.373535],[148.79707,59.532324],[149.20498,59.488184],[149.065234,59.630518],[149.642578,59.77041],[150.667285,59.556348],[150.483594,59.494385],[151.348242,59.561133],[152.260645,59.223584],[151.121094,59.08252],[151.326758,58.875098],[152.319629,59.030762],[152.817871,58.92627],[153.361133,59.214795],[154.010938,59.075537],[155.160449,59.190137],[155.166699,59.360156],[154.971289,59.449609],[154.149805,59.528516],[154.293066,59.83335],[157.08418,61.675684],[159.189258,61.929395],[159.552344,61.719482],[160.309375,61.894385],[159.79043,60.956641],[160.378906,61.025488],[160.173633,60.638428],[160.766602,60.75332],[162.392578,61.662109],[162.855957,61.705029],[163.085254,61.570557],[163.257813,61.699463],[163.017676,61.891064],[163.331738,62.550928],[164.566992,62.675488],[165.417383,62.44707],[164.59834,62.470557],[164.207227,62.292236],[163.804395,61.461377],[164.005469,61.343799],[163.553516,61.025635],[163.709961,60.916797],[162.068164,60.466406],[158.275195,58.008984],[156.871973,57.803662],[156.976758,57.466309],[156.848828,57.290186],[155.98252,56.695215],[155.554883,55.348486],[155.620313,54.864551],[156.110352,52.866162],[156.364746,52.509375],[156.543457,51.311621],[156.747754,50.969287],[157.20100677341202,51.21202393280559],[153.55531,47.836719],[151.80906,46.566719],[149.42781,45.349635],[147.04656,43.815052],[146.167595,43.360506],[145.34082,43.302539],[145.101074,43.764551],[145.369531,44.327393],[144.715234,43.927979],[143.759082,44.131641],[142.884766,44.670117],[141.980859,45.483496],[141.667969,45.40127],[141.583008,45.155957],[141.760938,44.48252],[141.374121,43.279639],[141.138184,43.179932],[140.392383,43.303125],[140.432227,42.954102],[139.891113,42.649219],[139.820898,42.387598],[140.056836,42.067334],[139.995313,41.576416],[140.148633,41.423242],[140.659863,41.815576],[141.150977,41.805078],[140.32666,42.293359],[140.480469,42.559375],[140.986133,42.342139],[141.851367,42.579053],[143.111719,42.022217],[143.3237331139415,42.13412313852666],[141.691899,40.418851],[141.82718475095766,40.20776507045577],[141.462793,40.611133],[141.455469,41.404736],[140.891504,41.479785],[140.800586,41.138818],[141.244238,41.205615],[141.118555,40.882275],[140.748633,40.830322],[140.627637,41.19541],[140.385938,41.229785],[140.28125,40.846094],[139.922852,40.598438],[140.011133,40.260352],[139.741504,39.92085],[139.994727,39.855078],[140.064746,39.624414],[139.801953,38.881592],[139.363867,38.099023],[138.885059,37.843945],[138.319922,37.218408],[137.246289,36.753174],[137.016699,36.837207],[136.899902,37.117676],[137.322656,37.52207],[136.843457,37.382129],[136.698145,36.742041],[136.06748,36.116846],[136.095313,35.767627],[135.79502,35.549512],[135.326953,35.525537],[135.174316,35.74707],[133.98125,35.507227],[132.922949,35.511279],[131.354395,34.413184],[130.904297,34.299561],[130.918848,33.975732],[131.740527,34.052051],[132.146484,33.83877],[132.312598,34.324951],[133.142383,34.302441],[134.740039,34.765234],[135.415918,34.61748],[135.100098,34.288379],[135.12793,34.006982],[135.452832,33.553369],[135.695312,33.486963],[135.916211,33.561719],[136.329883,34.176855],[136.853711,34.324072],[136.533008,34.678369],[136.743555,35.022998],[136.89707,35.035547],[136.912891,34.709033],[136.963281,34.834912],[137.275195,34.77251],[137.061719,34.582812],[138.189062,34.596338],[138.577148,35.086475],[138.903613,35.025244],[138.761035,34.699219],[138.89668,34.628418],[139.03852995404162,34.76958241351429],[139.796976,33.919635],[140.114476,33.125885],[140.484893,31.908802],[140.484893,31.115052],[140.908226,30.003802],[142.44281,27.622552],[142.548643,26.722969],[142.44281,25.982135],[141.543226,23.865469],[141.543226,22.542552],[141.80781,21.748802],[142.389893,21.272552],[144.66531,20.902135],[145.353226,20.637552],[146.199893,18.838385],[146.305726,16.615885],[145.882393,14.605052],[145.247393,13.440885],[144.718226,12.911719],[128.47207,2.570508],[128.217969,2.297461],[128.259961,2.08252],[128.547559,2.09707],[128.66286627677889,2.375821438094881],[129.91267,-0.057619],[130.58238382599305,-0.04670130092266526],[130.236621,-0.209668],[130.688672,-0.296582],[130.750195,-0.443848],[130.899219,-0.344434],[130.622168,-0.085938],[131.005371,-0.360742],[131.3397259074672,-0.29035042234985425],[131.05751414390681,-0.05382666766044084],[172.552393,-0.057619],[172.023226,1.428802],[171.81156,2.698802],[172.234893,3.651302],[172.975726,3.651302],[173.610726,2.910469],[173.822393,1.217135],[174.457393,-0.052865],[179.999897,-0.052865],[179.999897,50.986836],[178.214476,51.064635],[173.187393,51.911302],[167.04906,54.133802],[164.773643,55.192135],[163.2695550073894,56.18024673782217],[163.256543,56.688037],[162.849902,56.756836],[162.761523,57.243945],[163.225781,57.790381],[162.654297,57.948242],[162.391406,57.717236],[161.960059,58.076904],[162.141602,58.447412],[163.272852,59.302588],[163.409961,59.834961],[163.780078,60.041113],[164.113281,59.897559],[164.525293,60.061279],[164.953711,59.843604],[165.08457,60.098584],[166.352148,60.484814],[166.136035,59.979346],[166.273047,59.85625],[167.226758,60.406299],[169.226758,60.595947],[170.350977,59.965527],[170.608203,60.434912],[172.392773,61.061768],[172.908008,61.311621],[172.856543,61.469189],[173.131836,61.406641],[173.623438,61.716064],[174.514355,61.823633],[177.159473,62.560986],[176.964746,62.658643],[177.023535,62.777246],[177.338965,62.781348],[177.292578,62.599023],[179.120703,62.320361],[179.570508,62.773486],[179.25957,63.008301],[179.405078,63.077734],[179.332324,63.190186],[178.792969,63.540332],[178.744043,63.394775],[178.466113,63.574072],[178.731445,63.66709],[178.69248,63.842334],[178.229492,64.364404],[178.044727,64.21958],[177.6875,64.304736],[177.43291,64.444482],[177.3875,64.774023],[176.140918,64.58584],[176.350977,64.705127],[176.056543,64.904736],[174.548828,64.683887],[176.061133,64.960889],[177.222852,64.86167],[176.341016,65.047314],[176.880859,65.081934],[177.748633,64.717041],[178.519531,64.602979],[180.0,65.067236],[180.0,-16.15293],[178.5834529666057,-16.622249329959764],[178.49756,-16.787761],[178.70660132604894,-16.9761184503702],[179.202426,-16.712623],[179.419364,-16.806261],[179.9278891042902,-16.744350416944428],[179.93036887847737,-16.519451953831055],[179.568089,-16.747556],[179.56416,-16.636914],[179.99938,-16.168625],[180.0,-16.785742],[179.896973,-16.964063],[179.999897,-16.962892],[179.999897,-60.533462],[166.066381,-60.533462],[165.97131809575006,-50.819533],[166.242871,-50.845703],[166.22034699970266,-50.69412968424475]],[[167.52217049594122,-47.25872089143978],[168.183887,-47.101562],[168.260645,-47.027051],[167.955516,-46.694669],[167.783984,-46.699805],[167.800781,-46.906543],[167.52217049594122,-47.25872089143978]],[[168.077214,-46.352829],[168.382053,-46.605269],[169.342285,-46.620508],[169.6865840022128,-46.551667397494455],[170.419141,-45.941016],[170.7763430243588,-45.87076579272435],[170.700586,-45.684277],[171.113049,-45.039421],[170.998741,-44.911367],[171.146289,-44.912305],[171.240587,-44.264223],[172.17976751545532,-43.895970454857654],[172.035422,-43.701725],[172.2967613250238,-43.86784268604876],[172.480408,-43.726581],[172.502629,-43.843525],[173.093755,-43.844042],[173.073085,-43.6763],[172.526451,-43.464633],[172.734766,-43.354785],[172.62381,-43.272552],[173.221191,-42.976562],[174.243359,-41.813086],[174.069336,-41.429492],[174.370117,-41.103711],[174.038574,-41.241895],[174.302539,-41.019531],[173.999414,-40.993262],[173.797852,-41.271973],[173.947168,-40.924121],[173.115332,-41.279297],[172.988672,-40.848242],[172.704395,-40.667773],[172.943652,-40.51875],[172.468164,-40.622168],[172.139453,-40.947266],[171.948047,-41.538672],[171.48623,-41.794727],[171.038379,-42.862109],[170.969922,-42.718359],[170.735254,-43.029785],[170.302832,-43.107617],[170.396094,-43.182227],[169.169531,-43.777051],[169.178906,-43.913086],[168.366602,-44.082031],[167.856543,-44.500684],[167.908984,-44.664746],[167.787012,-44.59502],[167.484961,-44.771387],[167.466211,-44.958301],[167.410742,-44.82793],[167.171875,-44.99707],[167.259473,-45.082227],[167.025879,-45.123633],[167.230078,-45.290332],[167.155664,-45.410938],[166.908594,-45.307422],[166.77832,-45.409668],[166.733984,-45.543555],[166.99082,-45.531738],[166.809961,-45.699023],[167.00332,-45.712109],[166.488281,-45.831836],[166.493164,-45.963867],[166.717969,-45.889355],[166.649902,-46.041699],[166.916699,-45.957227],[166.731543,-46.197852],[167.539453,-46.148535],[168.077214,-46.352829]],[[175.34282034856977,-41.59631490124764],[175.982985,-41.21304],[176.842188,-40.157812],[177.109531,-39.673185],[176.939205,-39.555156],[177.076758,-39.221777],[177.522839,-39.073635],[177.9087045691772,-39.239515344894706],[177.976172,-38.722266],[178.267676,-38.551172],[178.5361827790051,-37.69206466729558],[178.00918,-37.554883],[177.274023,-37.993457],[176.108398,-37.645117],[175.77217914520872,-36.735247084795645],[175.46084,-36.475684],[175.542701,-37.201398],[174.722461,-36.841211],[174.802148,-36.309473],[174.395801,-35.797363],[174.5805646487083,-35.785384106340615],[174.32031890378389,-35.24669013304873],[174.143045,-35.300119],[174.103926,-35.142971],[173.447739,-34.844539],[173.28457,-34.980566],[172.963531,-34.534946],[173.04393577260146,-34.42911420583132],[172.705957,-34.455176],[173.190625,-35.016211],[173.116699,-35.205273],[173.313965,-35.443359],[173.626172,-35.319141],[173.412207,-35.542578],[174.054688,-36.359766],[174.166406,-36.327637],[173.917285,-36.018164],[173.914453,-35.908691],[174.036426,-36.122461],[174.392773,-36.240039],[174.401563,-36.601953],[174.188867,-36.492285],[174.475586,-36.941895],[174.928906,-37.084766],[174.734277,-37.215234],[174.58584,-37.097754],[174.928027,-37.804492],[174.597363,-38.785059],[173.844336,-39.139355],[173.763672,-39.31875],[175.155957,-40.114941],[175.1625,-40.621582],[174.635352,-41.289453],[174.865625,-41.223047],[174.881348,-41.424023],[175.165625,-41.417383],[175.34282034856977,-41.59631490124764]],[[167.42207,-22.618555],[167.4220873553391,-22.618571494776866],[167.42470469631897,-22.609050900018108],[167.42207,-22.618555]],[[167.53642,-22.600636],[167.529492,-22.579199],[167.443457,-22.541406],[167.529547,-22.5795],[167.53642,-22.600636]],[[169.807031,-20.24109],[169.73751633347578,-20.202087507664256],[169.8214624621866,-20.24129545388591],[169.807031,-20.24109]],[[169.49114186531168,-19.54003224497353],[169.336672,-19.329362],[169.247461,-19.344727],[169.347266,-19.623535],[169.49114186531168,-19.54003224497353]],[[169.20510847212492,-18.964882682957175],[169.334375,-18.940234],[169.25548189308722,-18.76324105991216],[169.01582,-18.64375],[168.986914,-18.871289],[169.20510847212492,-18.964882682957175]],[[168.52437,-17.797931],[168.445512,-17.54234],[168.158203,-17.710547],[168.52437,-17.797931]],[[168.32278,-16.787761],[168.476562,-16.793652],[168.135352,-16.636914],[168.181445,-16.804004],[168.32278,-16.787761]],[[168.29753418994096,-16.311083756155348],[168.163867,-16.081641],[167.929004,-16.228711],[168.02168,-16.315625],[168.29753418994096,-16.311083756155348]],[[168.21271,-15.970188],[168.267745,-15.892415],[168.1599349927752,-15.4619695126396],[168.122852,-15.680859],[168.21271,-15.970188]],[[168.130699,-15.318806],[168.116901,-15.158971],[168.11614788646287,-15.15412244841426],[168.130469,-15.318945],[168.14445164501086,-15.343151056957412],[168.130699,-15.318806]],[[167.55591009493156,-14.296211673411321],[167.55918048609828,-14.292227316412607],[167.559158,-14.292202],[167.55591009493156,-14.296211673411321]],[[167.4077324376362,-14.283651297609413],[167.430273,-14.294922],[167.48077955074646,-14.302386522129721],[167.430587,-14.294838],[167.4077324376362,-14.283651297609413]],[[167.43046966454457,-14.177256862201606],[167.410742,-14.197461],[167.40356372675583,-14.281566864269776],[167.411001,-14.197479],[167.43046966454457,-14.177256862201606]],[[167.507843,-14.142961],[167.506445,-14.142187],[167.4618437187961,-14.159575297600679],[167.506241,-14.142444],[167.507843,-14.142961]],[[167.5051656445843,-13.882882865310917],[167.507843,-13.882191405804964],[167.507843,-13.882098],[167.5051656445843,-13.882882865310917]],[[167.474219,-13.91709],[167.47437236941056,-13.916986731123947],[167.46489494995603,-13.913981983318672],[167.474219,-13.91709]],[[167.40590166715282,-13.75055271928933],[167.391797,-13.788379],[167.45107581139183,-13.909375603797272],[167.391984,-13.78846],[167.40590166715282,-13.75055271928933]],[[167.50255543702187,-13.731290369654404],[167.481055,-13.709473],[167.40678070201454,-13.748195299644214],[167.480868,-13.709602],[167.50255543702187,-13.731290369654404]],[[162.156836,-10.506055],[161.841005,-10.446235],[161.304785,-10.204395],[161.786816,-10.716895],[162.37334,-10.823242],[162.156836,-10.506055]],[[161.204352,-9.092106],[160.944336,-8.799023],[160.997491,-8.612136],[160.596289,-8.328223],[160.873438,-9.156836],[161.367383,-9.61123],[161.204352,-9.092106]],[[158.734218,-7.6046],[158.457422,-7.544727],[158.944043,-8.040723],[159.644531,-8.37168],[159.880859,-8.557422],[159.843066,-8.326953],[158.734218,-7.6046]],[[156.6439119767372,-6.671323835643163],[156.452539,-6.638281],[156.904297,-7.180469],[157.518652,-7.365625],[156.6439119767372,-6.671323835643163]],[[155.8302717092606,-6.3919938568357075],[155.093614,-5.620225],[154.729297,-5.444434],[154.759277,-5.931348],[155.202148,-6.307617],[155.344043,-6.72168],[155.914941,-6.79668],[155.8302717092606,-6.3919938568357075]],[[154.68967926711986,-5.143706524064645],[154.63262293647207,-5.013871821956919],[154.540039,-5.11084],[154.627344,-5.440625],[154.68967926711986,-5.143706524064645]],[[153.016635,-4.105744],[152.03291,-3.251367],[150.825391,-2.572949],[150.746094,-2.738867],[152.279395,-3.582422],[152.668164,-4.131836],[152.891699,-4.832422],[153.13252,-4.352441],[153.016635,-4.105744]],[[150.227399,-2.38435],[149.961731,-2.473802],[150.436621,-2.661816],[150.429506,-2.47065],[150.227399,-2.38435]],[[146.7141909427057,-1.97609429283955],[146.546484,-2.208594],[147.206348,-2.181934],[147.444141,-2.011523],[146.7141909427057,-1.97609429283955]],[[141.84023090615295,-2.93361355900861],[141.1855607003659,-2.6278147939505194],[140.747358,-2.607127],[140.622559,-2.445801],[139.789587,-2.348383],[137.806245,-1.483217],[137.123651,-1.840921],[137.072285,-2.104987],[136.3901159127487,-2.2733014374512366],[135.486387,-3.345325],[135.092188,-3.348535],[134.886816,-3.209863],[134.84338837418105,-2.909350270966817],[134.702094,-2.933671],[134.62745650011485,-2.5367666364457335],[134.483301,-2.583008],[134.459783,-2.832592],[134.194683,-2.309213],[134.105799,-1.720773],[134.25957,-1.362988],[133.974489,-0.744502],[133.472656,-0.726172],[132.393914,-0.355534],[131.257227,-0.855469],[131.000977,-1.383984],[131.930371,-1.559668],[132.023438,-1.990332],[132.307617,-2.242285],[133.921582,-2.102051],[133.700098,-2.624609],[133.191016,-2.437793],[132.725,-2.789062],[132.230664,-2.680371],[131.971191,-2.788574],[132.751367,-3.294629],[132.869727,-3.550977],[132.753906,-3.703613],[132.968555,-4.094922],[133.400879,-3.899023],[133.518164,-3.411914],[133.841504,-3.054785],[133.67832,-3.479492],[133.973828,-3.817969],[134.886523,-3.938477],[134.679688,-4.079102],[135.195605,-4.450684],[135.979688,-4.530859],[137.279785,-4.94541],[138.06084,-5.465234],[138.087109,-5.70918],[138.339648,-5.675684],[138.199609,-5.807031],[138.374609,-5.843652],[138.438672,-6.343359],[138.864551,-6.858398],[138.601367,-6.936523],[139.176855,-7.19043],[138.747949,-7.251465],[139.087988,-7.587207],[138.856152,-8.145117],[138.933496,-8.262402],[139.248828,-7.982422],[139.385645,-8.189062],[139.934766,-8.101172],[140.116992,-7.92373],[140.00293,-8.195508],[141.133203,-9.221289],[142.22959,-9.169922],[142.647168,-9.327832],[143.366211,-8.961035],[143.377246,-8.762207],[143.111816,-8.474512],[142.474805,-8.369434],[142.206836,-8.195801],[142.524121,-8.32168],[143.61377,-8.200391],[143.518164,-8.000684],[143.942285,-7.944238],[143.654883,-7.460352],[144.142871,-7.757227],[144.509863,-7.567383],[144.864258,-7.631543],[144.973828,-7.802148],[146.078516,-8.11416],[146.630859,-8.951172],[146.96377,-9.05957],[147.017187,-9.387891],[147.768652,-10.070117],[149.754102,-10.353027],[150.319922,-10.654883],[150.617969,-10.557617],[150.410254,-10.339258],[150.849512,-10.236035],[149.874414,-10.012988],[149.76123,-9.805859],[150.011035,-9.688184],[149.263184,-9.497852],[149.19834,-9.03125],[148.583105,-9.051758],[148.126758,-8.103613],[147.190039,-7.378125],[146.953613,-6.834082],[147.845508,-6.662402],[147.802051,-6.315234],[147.566699,-6.056934],[145.745215,-5.402441],[145.766992,-4.823047],[144.477734,-3.825293],[144.066406,-3.805176],[143.508984,-3.431152],[141.84023090615295,-2.93361355900861]],[[177.42321731032615,-17.73722793067189],[177.255052,-17.914875],[177.457324,-18.148242],[177.955469,-18.264063],[178.66738874066667,-18.080973902916252],[178.591602,-17.651465],[178.24717001700654,-17.329104619700907],[177.617969,-17.461035],[177.42321731032615,-17.73722793067189]],[[178.211324,-19.066329],[178.48753509122182,-19.017125426644263],[178.48789046278804,-18.9742387727536],[177.95901065120404,-19.121426252627874],[178.211324,-19.066329]],[[149.63162260905793,-1.3617780717183166],[149.54590076066282,-1.4715896285582541],[149.76319238761073,-1.5890250625383002],[149.725156,-1.430817],[149.63162260905793,-1.3617780717183166]],[[136.389691,-1.721858],[136.201227,-1.655196],[135.469727,-1.616211],[136.228125,-1.893652],[136.892399,-1.799631],[136.389691,-1.721858]],[[135.4879392864988,-0.7916470779937305],[135.747198,-0.822792],[135.914991,-1.178377],[136.37517001156314,-1.0941821354842707],[135.893339,-0.72595],[135.38319543728855,-0.6514014242356577],[135.4879392864988,-0.7916470779937305]],[[173.914648,-40.863672],[173.958008,-40.786816],[173.964453,-40.712988],[173.780859,-40.921777],[173.914648,-40.863672]],[[167.81543,-21.392676],[167.875879,-21.582129],[168.120703,-21.61582],[168.139063,-21.445215],[167.81543,-21.392676]],[[167.720215,-15.477441],[167.911328,-15.435938],[168.002539,-15.283203],[167.82627,-15.312012],[167.720215,-15.477441]],[[167.400977,-16.400586],[167.526367,-16.574316],[167.836621,-16.449707],[167.199512,-15.885059],[167.151465,-16.080469],[167.349219,-16.154492],[167.400977,-16.400586]],[[167.346191,-21.16875],[167.297949,-20.73252],[167.055762,-20.720215],[167.189453,-20.803516],[167.072656,-20.997266],[167.346191,-21.16875]],[[167.234375,-15.64502],[167.119043,-15.622559],[167.094727,-15.685254],[167.200781,-15.750098],[167.234375,-15.64502]],[[167.054297,-14.974414],[166.810156,-15.157422],[166.567383,-14.641797],[166.758301,-15.631152],[167.199609,-15.485742],[167.054297,-14.974414]],[[167.022656,-45.299805],[166.979492,-45.179688],[166.892676,-45.240527],[166.931152,-45.276855],[167.022656,-45.299805]],[[164.454688,-20.829102],[166.17666,-22.08916],[166.774121,-22.376172],[166.970313,-22.322852],[166.942383,-22.090137],[165.662793,-21.267187],[165.191797,-20.768848],[164.059668,-20.141504],[164.454688,-20.829102]],[[166.875098,-11.629687],[166.855469,-11.578809],[166.747461,-11.59082],[166.805957,-11.677344],[166.875098,-11.629687]],[[166.746289,-45.655859],[166.685645,-45.615039],[166.532031,-45.699805],[166.729199,-45.729687],[166.746289,-45.655859]],[[166.58252,-20.413379],[166.557813,-20.61709],[166.493555,-20.708594],[166.588867,-20.661914],[166.670801,-20.450195],[166.58252,-20.413379]],[[166.133203,-10.757812],[166.023828,-10.661133],[165.791016,-10.784766],[165.904004,-10.851465],[166.133203,-10.757812]],[[161.416992,-9.51377],[161.409766,-9.681641],[161.553809,-9.769727],[161.36416,-9.353418],[161.416992,-9.51377]],[[159.625586,-9.31123],[159.853711,-9.791504],[160.818945,-9.862793],[160.35459,-9.421582],[159.625586,-9.31123]],[[160.077344,-11.492871],[160.003516,-11.57959],[160.57627,-11.797852],[160.44873,-11.695898],[160.077344,-11.492871]],[[160.096289,-9.033984],[160.275977,-9.168652],[160.40752,-9.140332],[160.253516,-9.007324],[160.096289,-9.033984]],[[159.975098,-19.238281],[159.959863,-19.114648],[159.936426,-19.333105],[159.975098,-19.238281]],[[159.687695,-8.50791],[159.641602,-8.414453],[159.553223,-8.399219],[159.569238,-8.484766],[159.687695,-8.50791]],[[159.071094,-9.109668],[159.188574,-9.123535],[159.228418,-9.02998],[159.129785,-8.993066],[159.071094,-9.109668]],[[158.200781,-8.821973],[158.253418,-8.797363],[158.209961,-8.678125],[158.155371,-8.785937],[158.200781,-8.821973]],[[158.103516,-8.646484],[157.998438,-8.508203],[157.879297,-8.66875],[158.009473,-8.763086],[158.103516,-8.646484]],[[157.65127,-8.216797],[157.490625,-7.965723],[157.217578,-8.262793],[157.558008,-8.269922],[157.819336,-8.612012],[157.82627,-8.324023],[157.65127,-8.216797]],[[157.453516,-8.705957],[157.45791,-8.730176],[157.643164,-8.794043],[157.579297,-8.703711],[157.453516,-8.705957]],[[157.389063,-8.728125],[157.332227,-8.650684],[157.379492,-8.420898],[157.212305,-8.565039],[157.389063,-8.728125]],[[156.958301,-8.014355],[157.041211,-8.11748],[157.191504,-8.081836],[157.102734,-7.855469],[156.958301,-8.014355]],[[156.635352,-7.882812],[156.809082,-7.722852],[156.560938,-7.574023],[156.510938,-7.707812],[156.635352,-7.882812]],[[156.55127,-7.970996],[156.539648,-8.072949],[156.591699,-8.196289],[156.612402,-8.096191],[156.55127,-7.970996]],[[156.376465,50.862109],[156.213086,50.784717],[156.167969,50.731885],[156.405078,50.657617],[156.4875,50.842969],[156.376465,50.862109]],[[155.243066,50.212793],[155.397168,50.04126],[155.792383,50.202051],[156.044434,50.451758],[156.096875,50.771875],[155.243066,50.212793]],[[155.739355,-7.121094],[155.864648,-7.043262],[155.738965,-6.972949],[155.677539,-7.088965],[155.739355,-7.121094]],[[155.644824,50.821924],[155.639648,50.910498],[155.467383,50.913574],[155.553516,50.810596],[155.644824,50.821924]],[[154.714844,49.267676],[154.829883,49.3479],[154.899609,49.630371],[154.612988,49.380615],[154.714844,49.267676]],[[154.101758,-11.311426],[154.064063,-11.419336],[154.266016,-11.415918],[154.280762,-11.361426],[154.101758,-11.311426]],[[154.042969,48.73877],[154.08125,48.790283],[154.228418,48.89209],[154.126367,48.904443],[154.042969,48.73877]],[[153.699512,-11.612598],[153.703223,-11.528516],[153.203613,-11.324121],[153.286816,-11.516992],[153.699512,-11.612598]],[[153.521875,-27.422461],[153.400879,-27.505664],[153.426563,-27.706445],[153.452734,-27.711719],[153.521875,-27.422461]],[[153.44248,-27.316016],[153.466797,-27.038086],[153.432324,-27.029883],[153.365039,-27.138867],[153.44248,-27.316016]],[[153.223145,-24.739551],[152.97666,-25.551367],[153.051953,-25.77832],[153.350195,-25.063086],[153.223145,-24.739551]],[[153.049121,47.797021],[152.984277,47.72793],[153.004102,47.713477],[153.101074,47.762939],[153.049121,47.797021]],[[152.849805,-9.024512],[152.810059,-8.967188],[152.515137,-9.009863],[152.966895,-9.208984],[152.849805,-9.024512]],[[151.551953,-4.345508],[151.671191,-4.883301],[151.326563,-4.960352],[150.900293,-5.447168],[150.183105,-5.523633],[150.090039,-5.011816],[149.831445,-5.524121],[148.432031,-5.471777],[148.337207,-5.669434],[149.652539,-6.29043],[150.473535,-6.263379],[151.229297,-5.919922],[151.515137,-5.552344],[151.86543,-5.564844],[152.142969,-5.357031],[151.983691,-5.074414],[152.351172,-4.822168],[152.405664,-4.340723],[151.703711,-4.2],[151.551953,-4.345508]],[[151.723438,46.828809],[151.815625,46.787109],[152.288867,47.142187],[151.864355,46.868994],[151.723438,46.828809]],[[150.789648,-9.774316],[150.95918,-10.092578],[151.230859,-10.194727],[151.296484,-9.956738],[151.080957,-10.020117],[150.789648,-9.774316]],[[151.059961,-23.460547],[151.033301,-23.530176],[151.261523,-23.762305],[151.240137,-23.529688],[151.059961,-23.460547]],[[151.080762,-8.641797],[151.124121,-8.804883],[151.117578,-8.418848],[151.00498,-8.523828],[151.080762,-8.641797]],[[150.802344,-10.620215],[150.884668,-10.643457],[150.89873,-10.565332],[150.799316,-10.554102],[150.802344,-10.620215]],[[150.43623,-9.624609],[150.844043,-9.702832],[150.898633,-9.641406],[150.788672,-9.417969],[150.528418,-9.346582],[150.43623,-9.624609]],[[150.59248,59.097217],[150.470215,59.054053],[150.471777,59.034766],[150.727734,59.095215],[150.59248,59.097217]],[[149.954102,45.822461],[150.19502,45.933203],[150.553125,46.208545],[149.962305,46.021924],[149.44707,45.593359],[149.954102,45.822461]],[[150.484668,-22.267871],[150.488477,-22.324707],[150.548828,-22.306934],[150.488477,-22.210742],[150.484668,-22.267871]],[[150.320117,-9.26416],[150.109766,-9.361914],[150.331348,-9.518555],[150.320117,-9.26416]],[[149.893652,-22.223242],[149.92832,-22.193066],[149.912305,-22.04873],[149.875391,-22.074023],[149.893652,-22.223242]],[[148.987402,-20.301758],[149.045313,-20.277539],[148.981055,-20.153516],[148.938867,-20.283691],[148.987402,-20.301758]],[[148.95625,-20.134668],[148.967871,-20.044336],[148.886914,-20.143555],[148.95625,-20.134668]],[[147.557813,45.062451],[146.897461,44.404297],[147.657813,44.977148],[148.790723,45.323975],[148.826172,45.486084],[148.130078,45.258203],[147.924023,45.383301],[147.557813,45.062451]],[[148.010449,-40.380566],[148.352734,-40.497266],[148.474219,-40.432422],[148.32627,-40.306934],[148.010449,-40.380566]],[[147.933008,-39.725977],[147.767187,-39.870312],[148.046875,-40.212793],[148.313574,-40.173535],[148.297363,-39.985742],[147.933008,-39.725977]],[[148.187793,-40.592578],[148.236914,-40.515137],[148.117285,-40.521484],[148.126953,-40.543945],[148.187793,-40.592578]],[[148.048145,-42.719238],[148.169531,-42.651758],[148.142773,-42.615918],[148.022754,-42.64043],[148.048145,-42.719238]],[[148.076074,-5.650195],[147.846484,-5.49082],[147.794629,-5.492383],[147.985449,-5.833984],[148.076074,-5.650195]],[[147.83584,-2.246777],[147.790234,-2.305566],[147.735547,-2.315527],[147.844531,-2.335742],[147.83584,-2.246777]],[[147.352539,-43.080273],[147.296094,-43.161719],[147.43457,-43.240723],[147.397266,-43.118262],[147.352539,-43.080273]],[[147.283887,-43.278906],[147.104688,-43.412891],[147.153809,-43.500195],[147.308887,-43.500781],[147.283887,-43.278906]],[[147.014746,-5.257422],[147.120215,-5.437402],[147.221875,-5.381543],[147.131055,-5.19082],[147.014746,-5.257422]],[[146.713965,43.743799],[146.899023,43.80415],[146.621973,43.812988],[146.713965,43.743799]],[[145.666309,43.999072],[145.426172,43.810352],[145.555859,43.6646],[145.914063,44.103711],[146.567773,44.44043],[146.112109,44.500146],[145.666309,43.999072]],[[146.358789,43.625391],[146.310156,43.651855],[146.273828,43.629834],[146.332324,43.619922],[146.358789,43.625391]],[[146.341992,-18.400098],[146.27832,-18.23125],[146.098828,-18.251758],[146.235645,-18.450781],[146.341992,-18.400098]],[[146.045605,43.409326],[146.086328,43.429199],[146.100781,43.440186],[146.028027,43.420361],[146.045605,43.409326]],[[145.995801,-4.539258],[145.883594,-4.66748],[145.952344,-4.755762],[146.053418,-4.640137],[145.995801,-4.539258]],[[145.869141,43.457861],[145.893945,43.419824],[145.943555,43.426465],[145.931152,43.457031],[145.869141,43.457861]],[[145.789258,18.15542],[145.729102,18.056934],[145.835449,18.136768],[145.789258,18.15542]],[[145.749219,15.107227],[145.788574,15.222656],[145.821875,15.265381],[145.713184,15.215283],[145.749219,15.107227]],[[145.719531,16.359766],[145.695508,16.379639],[145.631055,16.377979],[145.658301,16.335791],[145.719531,16.359766]],[[145.690137,18.801611],[145.645508,18.806787],[145.678125,18.725244],[145.708398,18.7625],[145.690137,18.801611]],[[145.662305,14.970508],[145.647363,15.059473],[145.624805,15.060156],[145.620996,14.919531],[145.662305,14.970508]],[[145.280273,-38.390625],[145.33584,-38.420996],[145.486523,-38.354883],[145.295313,-38.318945],[145.280273,-38.390625]],[[145.270898,-38.519727],[145.355078,-38.557031],[145.128418,-38.527637],[145.270898,-38.519727]],[[145.26543,14.180225],[145.152148,14.163623],[145.157422,14.136914],[145.215332,14.111328],[145.26543,14.180225]],[[144.875391,13.614648],[144.649316,13.428711],[144.699512,13.25752],[144.94082,13.570312],[144.875391,13.614648]],[[144.710156,-40.485254],[144.748047,-40.589453],[144.79082,-40.440332],[144.710156,-40.485254]],[[142.795508,46.620215],[143.282324,46.558984],[143.431641,46.028662],[143.580664,46.360693],[143.485645,46.752051],[143.217676,46.794873],[142.556934,47.737891],[142.574219,48.072168],[143.10498,49.198828],[144.04873,49.24917],[144.71377,48.640283],[144.685547,48.87124],[144.27207,49.311328],[143.299512,51.632373],[143.155566,52.08374],[143.323633,52.613574],[143.287891,53.134375],[142.917969,53.794238],[142.976172,54.140967],[142.692773,54.416113],[142.334961,54.280713],[142.705957,53.895703],[142.526172,53.447461],[142.141992,53.495605],[141.823535,53.339502],[141.855566,52.793506],[141.66084,52.272949],[141.722363,51.736328],[142.206738,51.222559],[142.066016,50.630469],[142.142285,49.569141],[141.866309,48.750098],[142.181738,48.013379],[141.964063,47.587451],[142.038672,47.140283],[141.830371,46.451074],[141.961621,46.013477],[142.149707,45.999268],[142.478809,46.644238],[142.795508,46.620215]],[[143.838574,-39.904102],[143.89873,-40.120215],[144.111914,-40.02207],[144.091309,-39.638086],[143.948828,-39.583691],[143.838574,-39.904102]],[[143.206836,-8.423437],[143.253809,-8.489551],[143.608203,-8.677148],[143.443359,-8.518945],[143.206836,-8.423437]],[[143.592578,-8.459961],[143.581445,-8.390918],[143.321875,-8.367578],[143.543164,-8.484766],[143.592578,-8.459961]],[[142.338965,-10.192187],[142.29873,-10.14043],[142.195117,-10.199316],[142.279395,-10.254199],[142.338965,-10.192187]],[[142.137207,-10.731934],[142.274805,-10.704785],[142.197949,-10.591992],[142.131055,-10.640625],[142.137207,-10.731934]],[[142.161719,26.709961],[142.107129,26.721533],[142.188184,26.616504],[142.202148,26.648779],[142.161719,26.709961]],[[142.097656,-10.121777],[142.141992,-10.18125],[142.191992,-10.085254],[142.148828,-10.051758],[142.097656,-10.121777]],[[141.135352,45.206201],[141.225977,45.112207],[141.329199,45.150488],[141.251855,45.232471],[141.135352,45.206201]],[[141.033984,45.269336],[141.056738,45.449561],[140.97168,45.465479],[140.982129,45.36377],[141.033984,45.269336]],[[139.873633,33.093506],[139.808887,33.129248],[139.768945,33.107178],[139.823828,33.045459],[139.873633,33.093506]],[[139.604492,-16.403223],[139.292969,-16.467285],[139.15957,-16.741699],[139.697754,-16.514941],[139.604492,-16.403223]],[[139.570898,-17.094434],[139.492773,-16.99043],[139.408203,-17.090625],[139.42168,-17.131641],[139.570898,-17.094434]],[[139.495801,42.227441],[139.411523,42.159668],[139.458398,42.075635],[139.558398,42.235205],[139.495801,42.227441]],[[138.892969,-7.882129],[138.962598,-7.587988],[138.769824,-7.39043],[138.295508,-7.438477],[138.00752,-7.641602],[137.650391,-8.386133],[138.296289,-8.405176],[138.892969,-7.882129]],[[138.594238,-8.371484],[138.845508,-8.401758],[138.897656,-8.3375],[138.762695,-8.173437],[138.594238,-8.371484]],[[138.225195,37.829395],[138.496973,37.903906],[138.503613,38.315918],[138.25,38.078467],[138.225195,37.829395]],[[138.116895,9.550195],[138.061914,9.445752],[138.06709,9.419043],[138.213574,9.547217],[138.116895,9.550195]],[[137.23291,54.790576],[137.462695,54.873389],[137.721484,54.663232],[138.206152,55.033545],[137.577344,55.197021],[137.23291,54.790576]],[[137.598145,-35.722266],[137.334082,-35.59248],[136.540625,-35.890137],[137.448438,-36.074805],[138.123438,-35.852344],[137.598145,-35.722266]],[[137.178613,55.100439],[136.995703,55.092725],[136.714648,54.956152],[137.055273,54.926758],[137.178613,55.100439]],[[137.00957,-15.594824],[136.942676,-15.711719],[137.050879,-15.824414],[137.093652,-15.778125],[137.00957,-15.594824]],[[136.894336,-14.293066],[136.950781,-14.184277],[136.745313,-14.072656],[136.89082,-13.786621],[136.758008,-13.84541],[136.655664,-13.675879],[136.424707,-13.864844],[136.335449,-14.211816],[136.894336,-14.293066]],[[136.876855,-15.502539],[136.845605,-15.544043],[136.846777,-15.627344],[136.890234,-15.588867],[136.876855,-15.502539]],[[136.687988,-11.177637],[136.52168,-11.393848],[136.526563,-11.438867],[136.741406,-11.194629],[136.780273,-11.0125],[136.687988,-11.177637]],[[136.522559,-15.543164],[136.514258,-15.627344],[136.591016,-15.628223],[136.612305,-15.544141],[136.522559,-15.543164]],[[136.379395,-11.583203],[136.479297,-11.465918],[136.180273,-11.676758],[136.338672,-11.602344],[136.379395,-11.583203]],[[136.213672,-13.835938],[136.275391,-13.791113],[136.21543,-13.664746],[136.122266,-13.780566],[136.213672,-13.835938]],[[134.667871,34.294141],[134.824414,34.20293],[135.004688,34.544043],[134.834277,34.472656],[134.667871,34.294141]],[[134.88584,-6.323535],[134.822949,-6.349609],[134.795117,-6.442383],[134.819531,-6.43418],[134.88584,-6.323535]],[[134.154883,-6.062891],[134.441113,-6.334863],[134.71416,-6.295117],[134.616504,-5.438574],[134.205371,-5.707227],[134.343066,-5.833008],[134.154883,-6.062891]],[[133.602637,34.243848],[133.47207,33.972803],[133.133691,33.927295],[132.935156,34.095312],[132.643066,33.689941],[132.032617,33.33999],[132.412793,33.430469],[132.495117,32.916602],[132.869922,32.75459],[133.285938,33.359961],[133.685645,33.516309],[134.181641,33.247217],[134.377051,33.608398],[134.738867,33.820508],[134.6375,34.226611],[134.075879,34.358398],[133.602637,34.243848]],[[134.674414,-6.749805],[134.726074,-6.668652],[134.735742,-6.62334],[134.629102,-6.712793],[134.674414,-6.749805]],[[134.633691,-6.477246],[134.66084,-6.558887],[134.716113,-6.549414],[134.679102,-6.456055],[134.633691,-6.477246]],[[134.515723,7.525781],[134.534668,7.360645],[134.651172,7.712109],[134.608691,7.623584],[134.515723,7.525781]],[[134.107031,-6.471582],[134.05918,-6.769336],[134.2,-6.908789],[134.536816,-6.442285],[134.168066,-6.17627],[134.107031,-6.471582]],[[134.315332,34.468945],[134.372266,34.522363],[134.182129,34.519238],[134.251855,34.423047],[134.315332,34.468945]],[[133.464355,-4.199805],[133.320898,-4.111035],[133.621875,-4.299316],[133.570801,-4.245898],[133.464355,-4.199805]],[[133.189941,36.232617],[133.324707,36.166504],[133.38125,36.246387],[133.295703,36.340137],[133.189941,36.232617]],[[133.114648,-5.310645],[132.937695,-5.682617],[132.84502,-5.987988],[133.119629,-5.575977],[133.114648,-5.310645]],[[132.630176,-5.607031],[132.681445,-5.912598],[132.746289,-5.94707],[132.804297,-5.788867],[132.630176,-5.607031]],[[132.49375,-11.163672],[132.573633,-11.318359],[132.578809,-10.968848],[132.483789,-11.037305],[132.49375,-11.163672]],[[132.543457,34.172656],[132.523535,34.164063],[132.460938,34.087256],[132.549414,34.075098],[132.543457,34.172656]],[[132.444922,33.913184],[132.266016,33.945166],[132.200586,33.927783],[132.359961,33.847021],[132.444922,33.913184]],[[131.564648,32.223047],[132.008594,32.919043],[131.896582,33.25459],[131.537402,33.274072],[131.710645,33.502344],[131.643066,33.637793],[131.174609,33.602588],[130.715625,33.927783],[129.825684,33.437012],[129.844141,33.321777],[129.610156,33.343652],[129.991699,32.851563],[129.679102,33.059961],[129.768555,32.570996],[130.054102,32.770801],[130.34043,32.701855],[130.326465,32.852637],[130.175,32.851318],[130.2375,33.177637],[130.640527,32.619238],[130.194434,32.090771],[130.321973,31.601465],[130.200684,31.291895],[130.58877,31.178516],[130.655078,31.718408],[130.796875,31.671289],[130.685742,31.015137],[131.098438,31.256152],[131.070801,31.436865],[131.337207,31.404688],[131.564648,32.223047]],[[131.777539,-7.143945],[131.884473,-7.16748],[131.969531,-7.251367],[131.922266,-7.104492],[131.777539,-7.143945]],[[131.260059,-7.470508],[131.11377,-7.997363],[131.325586,-7.999512],[131.624414,-7.626172],[131.700781,-7.140234],[131.260059,-7.470508]],[[131.217188,-11.242578],[130.752246,-11.384375],[130.368555,-11.214941],[130.511914,-11.617871],[130.950977,-11.926465],[131.538574,-11.436914],[131.217188,-11.242578]],[[130.833398,-8.270801],[130.775195,-8.349902],[131.176367,-8.130762],[131.020117,-8.091309],[130.833398,-8.270801]],[[130.939941,30.575098],[130.872168,30.386328],[131.060352,30.828467],[130.947363,30.671191],[130.939941,30.575098]],[[131.046191,-1.188184],[131.033008,-0.917578],[130.672949,-0.959766],[130.845117,-1.317285],[131.046191,-1.188184]],[[130.838379,37.537207],[130.816797,37.478467],[130.916016,37.478467],[130.903711,37.553711],[130.838379,37.537207]],[[130.439063,-0.887402],[130.832422,-0.862891],[130.905273,-0.777441],[130.484277,-0.83252],[130.439063,-0.887402]],[[128.198535,-2.865918],[127.87793,-3.22207],[127.92041,-3.506055],[128.132031,-3.157422],[128.516602,-3.449121],[128.8625,-3.234961],[129.467676,-3.453223],[129.511719,-3.328516],[129.844141,-3.327148],[130.805078,-3.857715],[130.845605,-3.533301],[130.379102,-2.989355],[129.48418,-2.785742],[129.174414,-2.933496],[128.198535,-2.865918]],[[130.615918,-0.417285],[130.525879,-0.44873],[130.46543,-0.486523],[130.62666,-0.528711],[130.615918,-0.417285]],[[130.388086,30.388184],[130.508203,30.241406],[130.673242,30.366895],[130.497168,30.465527],[130.388086,30.388184]],[[130.579883,-11.737109],[130.294922,-11.336816],[130.043262,-11.787305],[130.502539,-11.835645],[130.579883,-11.737109]],[[130.418555,32.457715],[130.461426,32.515723],[130.241699,32.462793],[130.292578,32.419336],[130.418555,32.457715]],[[130.28418,-2.009375],[130.418848,-1.971289],[130.35332,-1.690527],[129.737695,-1.866895],[130.28418,-2.009375]],[[130.003516,32.193994],[130.199512,32.340576],[130.167773,32.541211],[130.009766,32.521631],[130.003516,32.193994]],[[129.838867,-7.95459],[129.812988,-7.819727],[129.608984,-7.803418],[129.713477,-8.040723],[129.838867,-7.95459]],[[129.726563,33.707324],[129.795703,33.748828],[129.717285,33.858398],[129.674805,33.739697],[129.726563,33.707324]],[[129.706836,31.718262],[129.686816,31.639648],[129.787305,31.787109],[129.706836,31.718262]],[[129.689551,28.51748],[129.322461,28.359619],[129.164648,28.249756],[129.366406,28.127734],[129.689551,28.51748]],[[129.569922,33.361035],[129.461914,33.33125],[129.37041,33.176025],[129.491797,33.223047],[129.569922,33.361035]],[[129.308789,0.04541],[129.370117,-0.066406],[129.548926,-0.187012],[129.541992,-0.139258],[129.308789,0.04541]],[[129.32207,34.579297],[129.266699,34.370459],[129.365332,34.305518],[129.472461,34.671338],[129.32207,34.579297]],[[129.279492,34.123389],[129.337109,34.284766],[129.214844,34.320654],[129.186426,34.14502],[129.279492,34.123389]],[[129.324023,28.104932],[129.257422,28.176172],[129.19248,28.19248],[129.232422,28.101123],[129.324023,28.104932]],[[129.181934,32.993115],[129.109766,33.132568],[129.051953,32.829492],[129.111621,32.928857],[129.181934,32.993115]],[[128.907617,27.897998],[128.9,27.727783],[128.95625,27.70249],[129.016406,27.770215],[128.907617,27.897998]],[[127.420313,1.251953],[127.608008,0.848242],[127.691602,-0.241895],[128.046387,-0.706055],[128.425488,-0.892676],[127.977832,-0.24834],[127.887402,0.29834],[127.983105,0.471875],[128.899609,0.21626],[128.260645,0.733789],[128.702637,1.106396],[128.688379,1.572559],[128.222461,1.400635],[127.881055,0.832129],[127.677441,0.886572],[128.011719,1.331738],[127.886816,1.832959],[128.036426,2.199023],[127.631738,1.843701],[127.420313,1.251953]],[[128.821289,32.646338],[128.838574,32.762891],[128.665332,32.783887],[128.657324,32.628418],[128.821289,32.646338]],[[128.721875,35.013574],[128.489258,34.865283],[128.64668,34.736865],[128.741016,34.798535],[128.721875,35.013574]],[[128.619531,-3.588574],[128.713281,-3.602539],[128.722461,-3.546875],[128.594922,-3.494824],[128.619531,-3.588574]],[[128.529785,-7.13457],[128.625,-7.208594],[128.670117,-7.183301],[128.627734,-7.06875],[128.529785,-7.13457]],[[128.391602,-3.637891],[128.562598,-3.585449],[128.451563,-3.514746],[128.391602,-3.637891]],[[127.994336,26.679443],[127.728906,26.433936],[127.653125,26.094727],[128.331641,26.812109],[127.994336,26.679443]],[[128.146875,-3.677148],[128.249902,-3.711133],[128.329102,-3.515918],[127.925,-3.699316],[128.146875,-3.677148]],[[128.06123,-1.712402],[128.14873,-1.603711],[127.64668,-1.332422],[127.39502,-1.589844],[127.561621,-1.728516],[128.06123,-1.712402]],[[128.119238,-8.170703],[128.098828,-8.134863],[127.78623,-8.120313],[128.023535,-8.255371],[128.119238,-8.170703]],[[127.983984,34.703223],[128.037988,34.878613],[127.832227,34.874512],[127.873438,34.734961],[127.983984,34.703223]],[[127.937695,-3.02002],[127.987891,-2.936523],[127.834277,-3.004395],[127.849609,-3.016309],[127.937695,-3.02002]],[[127.438281,-0.739062],[127.761133,-0.883691],[127.880176,-0.808691],[127.658594,-0.689453],[127.527344,-0.306641],[127.29707,-0.460254],[127.438281,-0.739062]],[[127.737305,34.630908],[127.787793,34.584082],[127.787109,34.682129],[127.737305,34.630908]],[[127.530469,-3.261523],[127.487695,-3.288184],[127.629297,-3.35918],[127.554492,-3.254297],[127.530469,-3.261523]],[[127.463965,-7.596875],[127.475195,-7.531055],[127.370703,-7.512793],[127.355273,-7.646484],[127.463965,-7.596875]],[[127.449414,0.068994],[127.431348,0.142578],[127.448633,-0.036621],[127.453418,-0.005859],[127.449414,0.068994]],[[127.419727,0.64209],[127.442578,0.733447],[127.382617,0.743555],[127.373633,0.634863],[127.419727,0.64209]],[[127.353809,0.847461],[127.292773,0.84248],[127.306055,0.769434],[127.372656,0.791309],[127.353809,0.847461]],[[127.18457,-0.775293],[127.300391,-0.780957],[127.258203,-0.623437],[127.209082,-0.619336],[127.18457,-0.775293]],[[124.997949,-9.565332],[126.915234,-8.715234],[127.296094,-8.424512],[126.966406,-8.315723],[125.178027,-8.647852],[124.889746,-8.968457],[123.709375,-9.614844],[123.604785,-10.270117],[123.857617,-10.343555],[124.427539,-10.148633],[124.997949,-9.565332]],[[127.104395,-0.413867],[127.249902,-0.495313],[127.290039,-0.284375],[127.126465,-0.278613],[127.104395,-0.413867]],[[127.062891,-3.216992],[126.808301,-3.069141],[126.088281,-3.105469],[126.033984,-3.355859],[126.686328,-3.823633],[127.22959,-3.633008],[127.062891,-3.216992]],[[126.229004,33.225244],[126.70918,33.27168],[126.93125,33.443848],[126.759863,33.553223],[126.337695,33.4604],[126.229004,33.225244]],[[126.8125,4.537207],[126.720508,4.41582],[126.71123,4.020264],[126.921094,4.291016],[126.8125,4.537207]],[[126.799609,3.783887],[126.857813,3.787207],[126.804492,3.85791],[126.778906,3.843164],[126.799609,3.783887]],[[126.812695,-7.737891],[126.60957,-7.571777],[125.975293,-7.663379],[125.798242,-7.98457],[126.47207,-7.950391],[126.812695,-7.737891]],[[126.646094,34.351123],[126.689062,34.30542],[126.769922,34.296436],[126.7,34.395898],[126.646094,34.351123]],[[126.719336,3.874658],[126.739648,3.917725],[126.6375,4.041943],[126.721777,3.83252],[126.719336,3.874658]],[[122.497949,7.672754],[122.713965,7.774121],[122.916895,7.530518],[123.09668,7.700439],[123.390918,7.40752],[123.493066,7.80791],[123.968457,7.664648],[124.212891,7.332129],[123.985254,6.993701],[124.078125,6.404443],[124.927344,5.875342],[125.231543,6.069531],[125.346484,5.598975],[125.667969,5.978662],[125.588477,6.465771],[125.380664,6.689941],[125.689258,7.263037],[125.824414,7.333301],[126.189355,6.309668],[126.19209,6.852539],[126.589258,7.325146],[126.365332,8.483887],[126.139551,8.595654],[126.319531,8.844727],[126.193359,9.276709],[125.520898,9.759131],[125.413965,9.669189],[125.49873,9.014746],[125.209668,9.027148],[125.141016,8.86875],[124.868945,8.972266],[124.731152,8.562988],[124.404883,8.599854],[124.159375,8.201465],[123.753125,8.058252],[123.849219,8.432715],[123.43457,8.70332],[122.911133,8.156445],[122.337109,8.028418],[122.131836,7.810498],[121.964258,6.968213],[122.14248,6.949658],[122.497949,7.672754]],[[126.369336,37.772021],[126.42334,37.623633],[126.516016,37.604688],[126.493555,37.782568],[126.369336,37.772021]],[[126.386621,36.571143],[126.318555,36.612549],[126.403809,36.427881],[126.417578,36.492578],[126.386621,36.571143]],[[126.343848,34.544922],[126.247461,34.56333],[126.108594,34.39873],[126.335449,34.426416],[126.343848,34.544922]],[[126.288086,-1.858887],[126.024219,-1.789746],[125.387207,-1.843066],[125.479199,-1.940039],[126.288086,-1.858887]],[[125.998633,9.927051],[126.046777,9.760791],[126.172559,9.799951],[126.073828,10.059229],[125.998633,9.927051]],[[126.168555,34.829688],[126.078418,34.914844],[126.00752,34.86748],[126.115234,34.714209],[126.168555,34.829688]],[[125.975977,-2.168066],[125.922754,-1.974805],[126.037891,-2.469434],[125.975977,-2.168066]],[[125.967773,9.759082],[125.92207,9.621484],[125.952441,9.567969],[125.992969,9.68457],[125.967773,9.759082]],[[125.768945,6.905762],[125.783398,7.130664],[125.714453,7.185547],[125.683008,7.073193],[125.768945,6.905762]],[[124.749805,11.93335],[124.99502,11.764941],[124.945312,11.47915],[125.233398,11.145068],[125.735645,11.049609],[125.491797,11.594336],[125.535645,12.191406],[125.239551,12.527881],[124.294727,12.569336],[124.445703,12.152783],[124.749805,11.93335]],[[125.70332,10.071777],[125.64668,10.24541],[125.666797,10.440137],[125.494824,10.118701],[125.672559,9.886475],[125.70332,10.071777]],[[125.455273,3.68418],[125.511523,3.461133],[125.633203,3.40542],[125.543457,3.67041],[125.455273,3.68418]],[[125.579492,-8.311816],[125.646094,-8.139941],[125.507129,-8.275098],[125.579492,-8.311816]],[[125.403906,2.707031],[125.446484,2.762988],[125.39082,2.805371],[125.397266,2.629541],[125.403906,2.707031]],[[125.401855,24.776855],[125.33457,24.804688],[125.283594,24.871924],[125.268945,24.73252],[125.401855,24.776855]],[[125.305371,-1.793945],[124.483008,-1.644336],[124.329687,-1.858887],[124.520605,-2.006934],[125.305371,-1.793945]],[[125.175879,10.151074],[125.158984,10.062939],[125.287695,9.932715],[125.230957,10.115674],[125.175879,10.151074]],[[124.510938,11.423877],[124.308203,11.486182],[124.445508,10.923584],[124.738672,10.879736],[124.780762,10.168066],[125.026563,10.033105],[124.9875,10.367578],[125.142578,10.189453],[125.268457,10.307715],[125.013184,10.785693],[125.026563,11.211719],[124.92998,11.372852],[124.510938,11.423877]],[[121.858594,-1.693262],[122.33418,-1.497852],[122.902832,-0.900977],[123.37793,-1.004102],[123.379688,-0.648535],[123.02041,-0.599805],[122.829492,-0.658887],[122.88877,-0.755176],[122.27998,-0.757031],[121.853125,-0.945996],[121.575586,-0.828516],[121.148535,-1.339453],[120.667383,-1.370117],[120.031738,-0.432031],[120.07832,0.039746],[120.307031,0.408252],[120.579004,0.52832],[122.996875,0.493506],[123.525977,0.300342],[124.216797,0.380371],[124.966797,1.082617],[125.233789,1.502295],[125.164844,1.643652],[124.989258,1.701025],[124.273633,1.022266],[123.84668,0.838184],[122.838281,0.845703],[121.591797,1.067969],[121.081738,1.327637],[120.602539,0.854395],[120.269531,0.970801],[119.721875,-0.088477],[119.844336,-0.861914],[119.711328,-0.680762],[119.508203,-0.906738],[119.308984,-1.408203],[119.321875,-1.929688],[119.092188,-2.48291],[118.783301,-2.720801],[118.867676,-3.398047],[118.994629,-3.537598],[119.46748,-3.512988],[119.623633,-4.034375],[119.360352,-5.31416],[119.557422,-5.611035],[120.430371,-5.591016],[120.279297,-5.146094],[120.436621,-3.707324],[120.261035,-2.949316],[120.653613,-2.667578],[121.052148,-2.75166],[120.891797,-3.520605],[121.618066,-4.092676],[121.486523,-4.581055],[121.588672,-4.75957],[122.038086,-4.832422],[122.114258,-4.540234],[122.872266,-4.391992],[122.847949,-4.064551],[122.689648,-4.084473],[122.25293,-3.62041],[122.399023,-3.200879],[122.291699,-2.907617],[121.348828,-1.945996],[121.858594,-1.693262]],[[124.393555,-8.253027],[124.444238,-8.444629],[125.131738,-8.326465],[124.924121,-8.166016],[124.393555,-8.253027]],[[124.905273,39.536279],[124.93457,39.607813],[124.846094,39.558887],[124.905273,39.536279]],[[124.854395,11.594775],[124.788379,11.683105],[124.730859,11.715332],[124.781055,11.580762],[124.854395,11.594775]],[[124.806641,9.142627],[124.736816,9.243164],[124.65332,9.22583],[124.66582,9.132324],[124.806641,9.142627]],[[124.755469,37.969824],[124.635938,37.980615],[124.625391,37.945215],[124.69668,37.920166],[124.755469,37.969824]],[[124.608398,11.492187],[124.510938,11.687109],[124.360352,11.665918],[124.483496,11.48584],[124.608398,11.492187]],[[123.908887,9.919629],[123.817188,9.817383],[123.935645,9.623975],[124.593848,9.787207],[124.577148,10.026709],[124.335742,10.159912],[123.908887,9.919629]],[[124.327051,13.567383],[124.417188,13.871045],[124.224902,14.077588],[124.038867,13.663135],[124.327051,13.567383]],[[124.382324,10.679834],[124.334668,10.706689],[124.288477,10.601465],[124.381348,10.632568],[124.382324,10.679834]],[[124.301953,24.587109],[124.084766,24.43584],[124.135742,24.347607],[124.234277,24.358057],[124.301953,24.587109]],[[124.065723,-8.55166],[124.184375,-8.49873],[124.287109,-8.208691],[123.971484,-8.354102],[124.065723,-8.55166]],[[122.596191,13.562012],[122.486328,13.92998],[123.163281,13.441748],[123.310938,13.044092],[123.948535,12.916406],[123.877832,12.689697],[124.059766,12.56709],[124.142773,13.035791],[123.785156,13.110547],[123.549609,13.645752],[123.815723,13.837109],[123.320312,14.06167],[123.296973,13.836426],[123.101953,13.750244],[122.93418,14.188086],[122.627148,14.317529],[122.199707,14.148047],[122.211719,13.930176],[121.766602,14.168066],[121.69541,14.737305],[121.392285,15.324414],[121.595312,15.933252],[122.135156,16.184814],[122.5,17.058008],[122.152344,17.664404],[122.299805,18.402783],[122.14668,18.486572],[121.845605,18.29541],[120.81377,18.603418],[120.599707,18.507861],[120.358398,17.638184],[120.36875,16.10957],[120.159766,16.047656],[119.772559,16.255127],[120.082129,14.851074],[120.43877,14.453369],[120.588672,14.483105],[120.583691,14.88125],[120.941309,14.645068],[120.616797,14.188037],[120.637109,13.804492],[120.840723,13.884717],[121.344141,13.649121],[121.77793,13.937646],[122.599902,13.194141],[122.596191,13.562012]],[[124.036523,11.106689],[124.038867,11.273535],[123.38623,9.96709],[123.331738,9.422949],[124.00498,10.400098],[124.036523,11.106689]],[[123.725195,11.951563],[124.045508,11.752441],[123.908301,12.169092],[123.236426,12.583496],[123.157812,11.925635],[123.47373,12.21665],[123.725195,11.951563]],[[124.04209,-6.021582],[124.022949,-5.902148],[123.975781,-5.880176],[123.972266,-5.939355],[124.04209,-6.021582]],[[123.934863,24.362012],[123.771484,24.414453],[123.680664,24.288037],[123.888672,24.280127],[123.934863,24.362012]],[[123.52998,-8.265234],[123.391211,-8.280469],[123.230078,-8.530664],[123.553027,-8.566797],[123.924805,-8.272461],[123.52998,-8.265234]],[[123.848242,-1.955469],[123.783496,-1.87832],[123.803516,-1.994336],[123.848242,-1.955469]],[[123.815625,11.150732],[123.757031,11.283301],[123.741406,11.27915],[123.736719,11.151465],[123.815625,11.150732]],[[123.587207,12.633301],[123.741504,12.398535],[123.779102,12.36626],[123.708691,12.610791],[123.587207,12.633301]],[[123.535156,9.213574],[123.540723,9.129736],[123.70625,9.133545],[123.654883,9.27876],[123.535156,9.213574]],[[123.560645,-5.249805],[123.550098,-5.331836],[123.622754,-5.373047],[123.626758,-5.271582],[123.560645,-5.249805]],[[123.486621,-1.534863],[123.48252,-1.681445],[123.597559,-1.704297],[123.548535,-1.508203],[123.486621,-1.534863]],[[122.816992,10.503809],[122.855566,10.086914],[122.471484,9.961523],[122.410938,9.693896],[123.130859,9.064111],[123.320508,9.272949],[123.162012,9.864258],[123.510645,10.923047],[123.024414,10.911816],[122.816992,10.503809]],[[123.18291,-1.492773],[123.172949,-1.616016],[123.274902,-1.437207],[123.44873,-1.498828],[123.526855,-1.286035],[123.237793,-1.389355],[123.212305,-1.171289],[122.908008,-1.182227],[122.89043,-1.587207],[123.150391,-1.304492],[123.18291,-1.492773]],[[123.395313,-10.171387],[123.325586,-10.26416],[123.325977,-10.3375],[123.496777,-10.193945],[123.395313,-10.171387]],[[123.367188,12.70083],[123.043555,13.113379],[122.95752,13.107178],[122.949023,13.058691],[123.367188,12.70083]],[[123.31748,-8.354785],[123.21709,-8.235449],[123.025,-8.395508],[123.297266,-8.398633],[123.31748,-8.354785]],[[122.970898,-4.061328],[123.144531,-4.233301],[123.246973,-4.040918],[123.024902,-3.980957],[122.970898,-4.061328]],[[122.731445,-5.261914],[122.64502,-5.663379],[123.187305,-5.333008],[122.97168,-5.138477],[123.055176,-4.748242],[123.195703,-4.822656],[123.074609,-4.386914],[122.85332,-4.618359],[122.731445,-5.261914]],[[122.673145,10.800928],[123.075488,11.196875],[123.158301,11.535547],[122.894531,11.441309],[122.838086,11.595654],[122.612695,11.56416],[121.963672,11.897363],[121.891211,11.790869],[122.103516,11.64292],[121.954004,10.444385],[122.673145,10.800928]],[[122.977344,-8.545215],[123.030078,-8.494824],[123.153125,-8.475781],[122.887793,-8.587305],[122.977344,-8.545215]],[[123.08584,-1.814844],[123.070898,-1.854883],[123.078809,-1.898926],[123.152539,-1.816504],[123.08584,-1.814844]],[[122.919141,-8.221875],[122.323242,-8.62832],[121.966504,-8.455176],[121.444531,-8.577832],[120.354102,-8.257812],[119.874805,-8.419824],[119.80791,-8.697656],[119.909375,-8.857617],[121.651367,-8.89873],[122.82002,-8.595703],[123.005957,-8.329102],[122.916992,-8.105566],[122.758594,-8.185938],[122.919141,-8.221875]],[[122.937109,7.409131],[122.822168,7.428467],[122.804688,7.315967],[122.943652,7.361035],[122.937109,7.409131]],[[122.739746,-4.675],[122.368945,-4.767187],[122.307031,-5.380957],[122.619336,-5.33584],[122.739746,-4.675]],[[122.625781,10.69502],[122.5375,10.607568],[122.538379,10.424951],[122.737207,10.65459],[122.625781,10.69502]],[[122.60332,12.285596],[122.603613,12.491602],[122.422949,12.455078],[122.438867,12.429492],[122.60332,12.285596]],[[122.394043,29.846094],[122.401563,29.950244],[122.350977,29.955225],[122.331836,29.934961],[122.394043,29.846094]],[[122.200977,6.48291],[122.323535,6.602246],[122.058301,6.740723],[121.808691,6.613721],[121.95918,6.41582],[122.200977,6.48291]],[[122.295898,29.963428],[122.284473,30.068018],[121.969434,30.143115],[122.024023,30.01333],[122.295898,29.963428]],[[122.279785,12.498291],[122.31084,12.528809],[122.278027,12.59292],[122.247852,12.556934],[122.279785,12.498291]],[[121.945996,14.205127],[121.95625,14.156055],[122.172266,14.008008],[122.175391,14.048828],[121.945996,14.205127]],[[122.042676,29.735938],[122.083789,29.725342],[122.169043,29.660254],[122.119629,29.782227],[122.042676,29.735938]],[[121.960156,12.191406],[122.013965,12.105615],[122.14502,12.652637],[122.001562,12.598535],[121.960156,12.191406]],[[121.995703,13.546777],[121.815039,13.424463],[122.004883,13.20498],[122.122363,13.365137],[121.995703,13.546777]],[[121.808496,-5.256152],[121.97959,-5.464746],[122.042969,-5.437988],[121.965723,-5.075586],[121.808496,-5.256152]],[[121.93457,14.736621],[122.051563,14.969873],[121.839844,15.038135],[121.93457,14.736621]],[[121.941309,20.353711],[121.960059,20.365869],[122.031152,20.469385],[121.941211,20.453711],[121.941309,20.353711]],[[121.99834,-10.446973],[121.866992,-10.438867],[121.704688,-10.555664],[121.883008,-10.590332],[121.99834,-10.446973]],[[121.92168,18.894727],[121.987891,18.956641],[121.943359,19.010449],[121.825195,18.842725],[121.92168,18.894727]],[[121.733301,25.154102],[121.51709,25.276904],[121.040625,25.032813],[120.132129,23.65293],[120.072461,23.149756],[120.232813,22.71792],[120.839844,21.925],[120.897363,22.37915],[121.352246,23.067285],[121.828027,24.534375],[121.929004,24.97373],[121.733301,25.154102]],[[121.655273,-0.526172],[121.88125,-0.502637],[121.906836,-0.45127],[121.749316,-0.407031],[121.655273,-0.526172]],[[121.82959,20.700293],[121.878125,20.781885],[121.866992,20.839209],[121.796484,20.746631],[121.82959,20.700293]],[[121.862695,31.492285],[121.46416,31.756445],[121.211133,31.805371],[121.519922,31.549609],[121.862695,31.492285]],[[121.519238,12.584229],[121.538672,13.088867],[121.284375,13.374121],[120.352734,13.472949],[121.116992,12.253418],[121.394336,12.300586],[121.519238,12.584229]],[[121.391602,19.399365],[121.38291,19.328467],[121.53125,19.271338],[121.520898,19.361963],[121.391602,19.399365]],[[121.218164,5.942725],[121.414648,5.964502],[121.037695,6.095996],[120.876367,5.952637],[121.218164,5.942725]],[[121.244727,19.143018],[121.184863,19.101416],[121.24668,19.015186],[121.252246,19.082422],[121.244727,19.143018]],[[121.234375,28.181299],[121.133984,28.135254],[121.131543,28.062598],[121.251367,28.086426],[121.234375,28.181299]],[[120.781738,-7.063086],[120.745508,-7.060156],[120.633398,-7.018262],[120.64082,-7.11582],[120.781738,-7.063086]],[[120.52832,-6.298437],[120.549219,-5.969238],[120.477344,-5.775293],[120.487305,-6.464844],[120.52832,-6.298437]],[[120.077539,12.197754],[119.885742,12.299854],[120.010547,12.008252],[120.314551,12.012402],[120.228223,12.219824],[120.077539,12.197754]],[[120.103418,13.842529],[120.104199,13.782373],[120.272852,13.682959],[120.211426,13.820654],[120.103418,13.842529]],[[120.229395,5.284082],[120.165234,5.332422],[119.821484,5.069531],[120.191602,5.168311],[120.229395,5.284082]],[[120.03877,11.70332],[120.035937,11.917236],[119.860937,11.953955],[119.944922,11.690723],[120.03877,11.70332]],[[119.793164,10.455273],[119.916211,10.485986],[120.008398,10.570117],[119.852051,10.640137],[119.793164,10.455273]],[[119.861426,11.525342],[119.725586,11.474658],[119.72998,11.431934],[119.830664,11.375684],[119.861426,11.525342]],[[119.809082,25.507812],[119.828711,25.607373],[119.722559,25.638818],[119.700293,25.432715],[119.809082,25.507812]],[[118.569629,9.422754],[118.782129,9.916113],[119.191504,10.061084],[119.686914,10.500342],[119.50127,11.346436],[119.223828,10.477295],[117.349902,8.713574],[117.218555,8.367285],[118.569629,9.422754]],[[119.482813,-8.628223],[119.557227,-8.518848],[119.446484,-8.429199],[119.385547,-8.736035],[119.482813,-8.628223]],[[108.922754,0.532812],[109.25752,0.031152],[109.121094,-0.390918],[109.372754,-0.638184],[109.258789,-0.807422],[109.787402,-1.011328],[109.983301,-1.274805],[109.959863,-1.862793],[110.256055,-2.966113],[110.899316,-2.908594],[110.930078,-3.071094],[111.694727,-2.889453],[111.858105,-3.551855],[112.284961,-3.320996],[112.758008,-3.322168],[113.033984,-2.933496],[113.343164,-3.246484],[113.610059,-3.195703],[113.705078,-3.455273],[114.344336,-3.235156],[114.344336,-3.444434],[114.525586,-3.37666],[114.693555,-4.169727],[115.956152,-3.59502],[116.05752,-3.348242],[116.257227,-3.126367],[116.154102,-2.983789],[116.330664,-2.902148],[116.316797,-2.551855],[116.549219,-2.41084],[116.528125,-2.20791],[116.313965,-2.139844],[116.424316,-1.784863],[116.275488,-1.784863],[116.753418,-1.327344],[116.739844,-1.044238],[116.913965,-1.223633],[117.5625,-0.770898],[117.522168,0.235889],[117.964258,0.889551],[117.911621,1.098682],[118.534766,0.813525],[118.984961,0.982129],[117.789258,2.026855],[118.066602,2.317822],[117.569141,2.929297],[117.610645,3.064355],[117.352441,3.19375],[117.346289,3.426611],[117.055957,3.622656],[117.777246,3.689258],[117.497461,4.133398],[117.696484,4.342822],[118.008203,4.250244],[118.54834,4.379248],[118.185352,4.828516],[118.260547,4.988867],[119.132227,5.100488],[119.255566,5.365918],[118.353125,5.806055],[117.973633,5.70625],[118.11582,5.8625],[118.003809,6.05332],[117.501172,5.884668],[117.644531,6.001855],[117.645703,6.473682],[117.128516,6.968896],[116.788086,6.606104],[116.776172,6.990234],[115.877148,5.613525],[115.603906,5.603418],[115.419043,5.413184],[115.582031,5.194141],[115.427637,4.969189],[115.026758,4.899707],[114.99541,5.022363],[114.0125,4.575244],[113.923926,4.243213],[112.987891,3.161914],[111.5125,2.743018],[111.443848,2.381543],[111.208594,2.379639],[111.268164,2.139746],[111.028711,1.557813],[111.223242,1.39585],[109.864844,1.764453],[109.628906,2.027539],[109.075879,1.495898],[108.922754,0.532812]],[[119.097754,-8.13916],[119.036621,-8.157812],[119.02998,-8.240039],[119.134863,-8.19707],[119.097754,-8.13916]],[[118.295117,24.436328],[118.432715,24.414355],[118.451172,24.455566],[118.407422,24.522119],[118.295117,24.436328]],[[118.170703,24.518506],[118.103809,24.552344],[118.090527,24.446143],[118.149512,24.436133],[118.170703,24.518506]],[[117.922852,4.054297],[117.884766,4.186133],[117.662109,4.250195],[117.736816,4.004004],[117.922852,4.054297]],[[117.5375,3.386377],[117.560352,3.328223],[117.645801,3.247754],[117.680859,3.40752],[117.5375,3.386377]],[[117.482129,-8.239258],[117.556348,-8.367285],[117.665039,-8.148242],[117.546094,-8.151953],[117.482129,-8.239258]],[[117.355273,8.214648],[117.353711,8.289258],[117.280859,8.31499],[117.287012,8.191016],[117.355273,8.214648]],[[117.264063,7.35166],[117.064258,7.260693],[117.080664,7.115283],[117.239355,7.184766],[117.264063,7.35166]],[[116.969531,7.894922],[117.02832,7.80752],[117.077051,8.069141],[116.993555,8.050537],[116.969531,7.894922]],[[116.031641,-8.765234],[115.857324,-8.787891],[116.586523,-8.886133],[116.718945,-8.336035],[116.304297,-8.237988],[116.061133,-8.437402],[116.031641,-8.765234]],[[116.326563,-3.539062],[116.387793,-3.636719],[116.426953,-3.399902],[116.395313,-3.42334],[116.326563,-3.539062]],[[116.018359,-3.699902],[116.093359,-4.054102],[116.30332,-3.868164],[116.269727,-3.251074],[116.018359,-3.699902]],[[115.447852,-8.155176],[115.154004,-8.065723],[114.467578,-8.166309],[115.055078,-8.573047],[115.144922,-8.849023],[115.704297,-8.407129],[115.447852,-8.155176]],[[115.613281,-8.713184],[115.561426,-8.669922],[115.480469,-8.71543],[115.581934,-8.804199],[115.613281,-8.713184]],[[115.479199,-6.870215],[115.240527,-6.86123],[115.220313,-6.952539],[115.546094,-6.938672],[115.479199,-6.870215]],[[114.322168,-7.080371],[114.346875,-7.163281],[114.397656,-7.173145],[114.383594,-7.080664],[114.322168,-7.080371]],[[114.13877,22.268359],[114.207227,22.195166],[114.243555,22.233545],[114.187402,22.296631],[114.13877,22.268359]],[[113.166016,-7.207324],[113.470703,-7.218457],[114.083008,-6.989355],[113.974707,-6.873047],[113.067383,-6.87998],[112.725879,-7.072754],[113.166016,-7.207324]],[[113.838867,22.241699],[113.997754,22.210498],[114.043945,22.333398],[113.881543,22.280273],[113.838867,22.241699]],[[113.404395,22.902832],[113.426074,22.858594],[113.563672,22.75791],[113.464941,22.904541],[113.404395,22.902832]],[[112.862598,21.752637],[112.712695,21.697949],[112.771094,21.581836],[112.800684,21.694873],[112.862598,21.752637]],[[112.648535,-5.730859],[112.602148,-5.843652],[112.697949,-5.846484],[112.727344,-5.752734],[112.648535,-5.730859]],[[112.64375,21.639648],[112.647656,21.710254],[112.525,21.623047],[112.545605,21.618506],[112.64375,21.639648]],[[111.358691,2.402197],[111.37832,2.709326],[111.333496,2.768311],[111.311523,2.437598],[111.358691,2.402197]],[[110.399512,18.69834],[110.640918,19.291211],[111.013672,19.655469],[110.938281,19.947559],[110.678516,20.137061],[110.588184,19.976367],[110.171582,20.053711],[109.263477,19.882666],[108.65,19.265039],[108.701563,18.535254],[109.029883,18.367773],[109.681055,18.247119],[110.399512,18.69834]],[[110.538867,21.018457],[110.385156,21.093164],[110.264648,21.025195],[110.503906,20.967725],[110.538867,21.018457]],[[109.743359,-1.039355],[109.475977,-0.985352],[109.428125,-1.241211],[109.710254,-1.180664],[109.743359,-1.039355]],[[108.803711,-1.567773],[108.837891,-1.661621],[108.953125,-1.619629],[108.956836,-1.564062],[108.803711,-1.567773]],[[108.786523,2.885645],[108.8875,2.90542],[108.885742,2.998975],[108.86709,2.991895],[108.786523,2.885645]],[[108.186133,3.767969],[108.17959,3.653076],[108.393555,3.836182],[108.24834,4.217139],[108.003516,4.042578],[108.186133,3.767969]],[[107.604883,-2.863086],[107.614453,-3.209375],[107.858203,-3.086328],[108.055273,-3.226855],[108.290625,-2.82998],[107.837793,-2.530273],[107.666309,-2.566309],[107.604883,-2.863086]],[[107.458691,21.09165],[107.602734,21.216797],[107.47627,21.268945],[107.458691,21.09165]],[[107.551074,20.981201],[107.55127,21.034033],[107.399219,20.903467],[107.521289,20.926611],[107.551074,20.981201]],[[107.47334,-2.899512],[107.499707,-2.84502],[107.419336,-2.838086],[107.409277,-2.900586],[107.47334,-2.899512]],[[107.07793,10.3875],[107.083789,10.336572],[107.194922,10.445703],[107.176563,10.446191],[107.07793,10.3875]],[[106.910645,20.824219],[106.990039,20.743066],[107.063965,20.799756],[106.953418,20.867041],[106.910645,20.824219]],[[106.742871,-2.932813],[106.869727,-3.025293],[106.910645,-2.933984],[106.796875,-2.898926],[106.742871,-2.932813]],[[106.854102,20.796387],[106.855078,20.858252],[106.795313,20.92793],[106.769434,20.864209],[106.854102,20.796387]],[[106.161719,-1.866992],[105.980957,-1.53916],[105.72041,-1.533887],[105.700879,-1.731055],[105.585449,-1.526758],[105.133398,-2.042578],[105.78584,-2.181348],[105.99873,-2.824902],[106.667188,-3.071777],[106.612012,-2.895508],[106.818457,-2.57334],[106.365918,-2.464844],[106.161719,-1.866992]],[[106.61748,8.682813],[106.652539,8.701123],[106.658594,8.766357],[106.567969,8.700928],[106.61748,8.682813]],[[106.283691,3.088232],[106.271191,3.216309],[106.22373,3.22959],[106.214551,3.128564],[106.283691,3.088232]],[[105.692187,3.011328],[105.718555,2.85918],[105.760352,2.863037],[105.836719,2.976514],[105.692187,3.011328]],[[104.80752,-0.19248],[104.542676,0.017725],[104.44707,-0.18916],[105.005371,-0.282812],[104.80752,-0.19248]],[[104.603516,0.095215],[104.698145,0.034668],[104.499219,0.23208],[104.603516,0.095215]],[[104.480664,0.886768],[104.652832,0.961035],[104.585352,1.216113],[104.250195,1.102637],[104.480664,0.886768]],[[104.31875,-0.380176],[104.363184,-0.658594],[104.506543,-0.59668],[104.567773,-0.431836],[104.31875,-0.380176]],[[104.108301,0.933545],[104.176758,0.804883],[104.239355,0.833984],[104.227051,0.879883],[104.108301,0.933545]],[[104.169824,2.856836],[104.129102,2.767236],[104.17334,2.721338],[104.223242,2.774219],[104.169824,2.856836]],[[104.139844,1.165576],[103.955371,1.137451],[103.963574,1.013232],[104.066113,0.989551],[104.139844,1.165576]],[[104.018457,10.029199],[104.083008,10.341113],[104.027734,10.428369],[103.849512,10.371094],[104.018457,10.029199]],[[103.969727,1.331445],[103.817969,1.44707],[103.650195,1.325537],[103.819922,1.265381],[103.969727,1.331445]],[[103.833984,0.772217],[103.806641,0.846338],[103.751953,0.891357],[103.742383,0.82998],[103.833984,0.772217]],[[103.764258,-0.317773],[103.548926,-0.227539],[103.461328,-0.357617],[103.606348,-0.38291],[103.764258,-0.317773]],[[103.450195,0.664453],[103.497461,0.722705],[103.386133,0.86958],[103.344434,0.777881],[103.450195,0.664453]],[[103.31543,1.071289],[103.363281,1.006836],[103.429688,0.993359],[103.37998,1.133643],[103.31543,1.071289]],[[103.222949,10.75957],[103.28125,10.679688],[103.317773,10.718506],[103.223438,10.781982],[103.222949,10.75957]],[[103.15332,0.643115],[103.139551,0.549072],[103.284473,0.541943],[103.238184,0.698633],[103.15332,0.643115]],[[102.963965,0.942676],[103.166406,0.870166],[102.725586,1.158838],[102.701855,1.053711],[102.963965,0.942676]],[[102.99502,11.348096],[102.993359,11.29043],[103.045117,11.285059],[103.036816,11.389941],[102.99502,11.348096]],[[102.971484,0.736523],[103.002441,0.859277],[102.506641,1.08877],[102.49043,0.856641],[102.971484,0.736523]],[[102.606445,11.676514],[102.532813,11.614941],[102.589941,11.572168],[102.606445,11.676514]],[[102.161328,1.46543],[102.274219,1.453125],[102.499414,1.330908],[102.469531,1.510059],[102.042188,1.625391],[102.161328,1.46543]],[[102.448828,1.15625],[102.358594,1.345654],[102.256348,1.39707],[102.380859,0.959766],[102.448828,1.15625]],[[102.378125,12.072852],[102.318848,12.14165],[102.277441,12.151855],[102.42998,11.964746],[102.378125,12.072852]],[[101.773535,1.943457],[101.640723,2.126709],[101.403418,1.901318],[101.602734,1.715723],[101.773535,1.943457]],[[101.31123,3.067383],[101.274219,3.032812],[101.268066,2.97041],[101.318555,2.988477],[101.31123,3.067383]],[[100.338867,5.410059],[100.203906,5.446875],[100.191016,5.282861],[100.26377,5.266992],[100.338867,5.410059]],[[100.042969,9.576855],[99.939551,9.559961],[99.962402,9.421631],[100.053711,9.461426],[100.042969,9.576855]],[[100.025684,9.711719],[100.073047,9.749121],[99.983398,9.793555],[99.998047,9.747607],[100.025684,9.711719]],[[99.883398,6.31084],[99.848047,6.465723],[99.646289,6.418359],[99.74375,6.263281],[99.883398,6.31084]],[[99.606641,6.596826],[99.701367,6.570557],[99.654004,6.714111],[99.606641,6.596826]],[[99.038086,7.625732],[99.037695,7.548486],[99.104395,7.471289],[99.078418,7.591846],[99.038086,7.625732]],[[98.576465,11.925098],[98.60957,11.956641],[98.466211,12.084277],[98.474316,11.899414],[98.576465,11.925098]],[[98.591992,7.933936],[98.604297,8.057324],[98.529395,8.108545],[98.57998,7.917041],[98.591992,7.933936]],[[98.396875,11.683545],[98.434766,11.56709],[98.528418,11.538672],[98.523535,11.804932],[98.396875,11.683545]],[[98.498047,10.964258],[98.541699,10.961523],[98.526563,11.086963],[98.477441,10.979736],[98.498047,10.964258]],[[98.302539,12.611572],[98.313867,12.335986],[98.334473,12.336182],[98.468262,12.571338],[98.302539,12.611572]],[[98.32207,8.166309],[98.262305,7.926074],[98.296289,7.776074],[98.434961,8.085645],[98.32207,8.166309]],[[98.31543,13.099072],[98.265332,13.202246],[98.30918,12.934717],[98.31543,13.099072]],[[98.30752,9.051465],[98.3125,9.080371],[98.301172,9.139111],[98.250781,9.04082],[98.30752,9.051465]],[[98.187305,11.472412],[98.263281,11.523633],[98.299609,11.783008],[98.201074,11.567187],[98.187305,11.472412]],[[98.142578,10.963135],[98.080469,10.886621],[98.271484,10.739893],[98.209766,10.952734],[98.142578,10.963135]],[[98.220703,10.045215],[98.140234,9.974658],[98.118066,9.877881],[98.283398,10.007617],[98.220703,10.045215]],[[98.104883,12.287793],[98.037305,12.232471],[98.125098,12.144873],[98.128418,12.26123],[98.104883,12.287793]],[[98.05957,11.756689],[98.010352,11.860254],[98.083594,11.636816],[98.080762,11.733203],[98.05957,11.756689]],[[98.045117,12.387012],[97.938672,12.346094],[98.002344,12.279004],[98.060352,12.353516],[98.045117,12.387012]],[[97.579004,16.486035],[97.469141,16.461035],[97.537207,16.240137],[97.575,16.253223],[97.579004,16.486035]],[[95.217676,5.889502],[95.283203,5.798535],[95.362109,5.812402],[95.35918,5.876758],[95.217676,5.889502]],[[94.733496,15.823047],[94.784375,15.793848],[94.828027,15.933008],[94.733496,15.823047]],[[94.566113,16.019287],[94.60127,16.205518],[94.411914,15.848389],[94.566113,16.019287]],[[93.644043,19.495068],[93.815234,19.298682],[93.933984,19.36543],[93.714844,19.558252],[93.644043,19.495068]],[[93.828809,6.748682],[93.92959,6.973486],[93.822461,7.236621],[93.656348,7.13623],[93.828809,6.748682]],[[93.4875,18.867529],[93.674023,18.675684],[93.718359,18.715723],[93.744727,18.865527],[93.4875,18.867529]],[[93.654688,7.379932],[93.597266,7.31875],[93.638477,7.261865],[93.733594,7.356494],[93.654688,7.379932]],[[93.494043,8.224658],[93.456445,8.171875],[93.490039,8.019434],[93.536914,8.056641],[93.494043,8.224658]],[[93.491797,19.892578],[93.412891,19.950342],[93.513281,19.754785],[93.491797,19.892578]],[[93.334473,8.006934],[93.365039,7.876563],[93.442578,7.877832],[93.375488,8.01792],[93.334473,8.006934]],[[93.077539,8.327881],[93.064258,8.274951],[93.170605,8.212061],[93.096973,8.349365],[93.077539,8.327881]],[[92.879492,12.22793],[92.990234,12.538525],[92.88623,12.942285],[93.062305,13.545459],[92.857324,13.358105],[92.788281,12.225781],[92.533887,11.873389],[92.700781,11.512549],[92.879492,12.22793]],[[93.062109,11.899414],[93.017383,12.036816],[92.955371,12.002441],[92.981738,11.959473],[93.062109,11.899414]],[[92.912695,19.999805],[92.975195,19.868018],[93.023242,19.828857],[92.914648,20.086475],[92.912695,19.999805]],[[92.7875,9.13667],[92.809277,9.173389],[92.762109,9.243896],[92.716602,9.165088],[92.7875,9.13667]],[[92.685742,12.799951],[92.730859,12.948535],[92.710645,12.961572],[92.679688,12.939258],[92.685742,12.799951]],[[92.633887,11.426758],[92.693164,11.381152],[92.640234,11.509131],[92.633887,11.426758]],[[92.574316,10.704248],[92.447852,10.865527],[92.369531,10.547412],[92.472656,10.520752],[92.574316,10.704248]],[[91.907715,21.722949],[91.857031,21.708789],[91.888867,21.50332],[91.961914,21.609766],[91.907715,21.722949]],[[91.819727,21.809814],[91.837598,21.750244],[91.861328,21.92666],[91.835156,21.885352],[91.819727,21.809814]],[[91.411328,22.475684],[91.466895,22.378418],[91.556738,22.382227],[91.456055,22.616504],[91.411328,22.475684]],[[91.158301,22.36543],[91.079492,22.519727],[91.044727,22.105176],[91.150781,22.175195],[91.158301,22.36543]],[[90.522559,22.74751],[90.680469,22.32749],[90.515039,22.065137],[90.777637,22.089307],[90.868164,22.484863],[90.672266,22.813184],[90.522559,22.74751]],[[90.603906,22.945557],[90.65957,22.92002],[90.536328,23.014893],[90.562305,22.975439],[90.603906,22.945557]],[[79.858594,9.734375],[79.906836,9.619824],[79.969531,9.630664],[79.888477,9.741162],[79.858594,9.734375]],[[79.903711,8.975],[79.859961,9.065723],[79.747656,9.10459],[79.766797,9.069775],[79.903711,8.975]],[[73.522168,4.211035],[73.517773,4.247656],[73.478613,4.158936],[73.512207,4.164551],[73.522168,4.211035]],[[73.401563,3.28877],[73.382031,3.246484],[73.395313,3.229395],[73.442773,3.274316],[73.401563,3.28877]],[[73.067383,8.269092],[73.079785,8.293066],[73.079492,8.316504],[73.023438,8.265918],[73.067383,8.269092]],[[72.781836,11.243311],[72.772461,11.214258],[72.773047,11.196094],[72.792676,11.262744],[72.781836,11.243311]],[[58.884375,20.680566],[58.641211,20.337354],[58.640918,20.210693],[58.950781,20.516162],[58.884375,20.680566]],[[55.757617,26.947656],[55.762598,26.811963],[55.311523,26.592627],[55.954297,26.701123],[56.279395,26.9521],[55.757617,26.947656]],[[53.31582,12.533154],[53.718848,12.318994],[54.511133,12.552783],[53.534961,12.715771],[53.31582,12.533154]],[[54.46543,24.442773],[54.39834,24.506348],[54.334766,24.471045],[54.428418,24.425098],[54.46543,24.442773]],[[53.689648,24.210791],[53.634473,24.169775],[53.928125,24.143359],[53.833789,24.258936],[53.689648,24.210791]],[[53.370898,24.364453],[53.33252,24.341602],[53.190918,24.290918],[53.332227,24.258594],[53.370898,24.364453]],[[52.6,24.281299],[52.657617,24.332617],[52.629395,24.376758],[52.583594,24.352344],[52.6,24.281299]],[[50.564063,26.246436],[50.452441,26.19082],[50.574902,25.806787],[50.61748,26.002344],[50.564063,26.246436]],[[48.218262,29.601953],[48.348242,29.782666],[48.184766,29.978857],[48.081445,29.798926],[48.218262,29.601953]],[[42.774219,13.950244],[42.79834,14.012256],[42.762109,14.06748],[42.694043,14.00791],[42.774219,13.950244]],[[42.794141,13.766113],[42.734961,13.752979],[42.689746,13.673633],[42.755859,13.704297],[42.794141,13.766113]],[[42.602344,15.43252],[42.569727,15.407324],[42.558691,15.281201],[42.624512,15.367969],[42.602344,15.43252]],[[41.917285,16.993652],[41.801563,16.77876],[42.157813,16.570703],[42.059961,16.803516],[41.94668,16.748926],[41.917285,16.993652]],[[40.000488,15.828271],[39.975195,15.612451],[40.399023,15.579883],[40.000488,15.828271]],[[40.012402,16.022656],[40.110059,15.985742],[40.048145,16.104492],[40.012402,16.022656]],[[36.924414,25.425537],[36.533594,25.688721],[36.504297,25.645117],[36.875195,25.383057],[36.924414,25.425537]],[[36.543945,25.734277],[36.595508,25.712793],[36.582715,25.855518],[36.546484,25.811621],[36.543945,25.734277]],[[179.645215,51.880225],[179.77998,51.966846],[179.503906,51.97959],[179.549609,51.894043],[179.645215,51.880225]],[[178.908008,51.615576],[178.647949,51.643896],[179.451563,51.372607],[178.908008,51.615576]],[[178.511816,51.899121],[178.575488,51.91626],[178.607324,51.953027],[178.509375,51.994678],[178.511816,51.899121]],[[177.250293,51.90293],[177.594141,51.947559],[177.669629,52.103027],[177.56377,52.110498],[177.250293,51.90293]],[[173.516504,52.451416],[173.402344,52.404785],[173.722754,52.35957],[173.776074,52.495117],[173.516504,52.451416]],[[172.67793,53.007568],[172.494824,52.937891],[172.935156,52.7521],[173.436035,52.852051],[172.67793,53.007568]],[[167.441504,54.855859],[167.488086,54.794971],[168.081348,54.512744],[167.882617,54.690479],[167.441504,54.855859]],[[165.991895,55.190479],[166.229883,54.936523],[166.645117,54.694092],[166.275781,55.311963],[165.751074,55.294531],[165.991895,55.190479]],[[163.471387,58.509375],[164.615723,58.885596],[164.572656,59.221143],[163.760938,59.015039],[163.471387,58.509375]]]]}},{"type":"Feature","properties":{"_manaName":"Océano Índico","name":"Indian Ocean","_manaColor":"#2f86bd","_manaFillOpacity":0.9,"_manaWeight":0.6,"_manaBorderColor":"#FFFFFF","_manaGroupName":"Océanos y mares","_manaGroupId":"oceanos-y-mares","_manaLabelStyle":{"enabled":true,"fontSize":11,"fontFamily":"DM Sans, sans-serif","fontWeight":"600","color":"#0e2a3a","haloWidth":3,"haloColor":"#FFFFFF","placement":"point","field":"_manaName"},"Tipo":"Océano","Dato":"Océano de la Tierra","Description":"Océano Índico — océano"},"geometry":{"type":"MultiPolygon","coordinates":[[[[20.087766278910898,-34.74078842016409],[20.529683,-34.462961],[21.789089,-34.372475],[22.553745,-34.010017],[23.69781,-33.99255],[24.595508,-34.174512],[25.002743,-33.973482],[25.574219,-34.035352],[25.806001,-33.736959],[26.613497,-33.707348],[27.86076,-33.053796],[29.97107,-31.32186],[31.335156,-29.378125],[32.375109,-28.498209],[32.88916,-26.830469],[32.954883,-26.083594],[32.848828,-26.268066],[32.59043,-26.004102],[32.792188,-25.644336],[33.347461,-25.260938],[34.99209,-24.650586],[35.438086,-24.171191],[35.540234,-22.302637],[35.456348,-22.115918],[35.315723,-22.396875],[35.267676,-21.650977],[34.982324,-20.80625],[34.705078,-20.473047],[34.649414,-19.701367],[34.947852,-19.812695],[35.853711,-18.993359],[36.403711,-18.769727],[36.939355,-17.993457],[37.512305,-17.570703],[39.084375,-16.972852],[39.844629,-16.435645],[39.790918,-16.294531],[40.558984,-15.473437],[40.835156,-14.791504],[40.818164,-14.467578],[40.646094,-14.538672],[40.56875,-12.984668],[40.436816,-12.983105],[40.580859,-12.635547],[40.402832,-11.332031],[40.611719,-10.661523],[40.388781,-10.353631],[39.725203,-10.000681],[39.641074,-9.192617],[39.303989,-8.443877],[39.441016,-8.011523],[39.288477,-7.517871],[39.545835,-7.024119],[38.873783,-6.331448],[38.804484,-6.070017],[39.228125,-4.665527],[39.490799,-4.478279],[40.278516,-2.628613],[40.8131925847052,-2.392313590559667],[40.995508,-1.950586],[41.386807,-1.866862],[41.979883,-0.973047],[43.717578,0.857861],[46.051172,2.475146],[47.975293,4.497021],[49.04913,6.173835],[49.851872,7.962434],[50.824991,9.42821],[50.929791,10.335726],[51.388057,10.408771],[73.12301,-0.680475],[80.215445,6.053197],[80.723993,5.979119],[81.637322,6.42519],[81.874414,7.241703],[95.224193,5.521911],[95.494727,4.761377],[96.444727,3.816309],[96.968945,3.575146],[97.59082,2.846582],[97.700781,2.358545],[98.595512,1.864848],[99.159095,0.351968],[99.669824,0.045068],[100.308431,-0.826513],[100.88952460766569,-2.2484684913684347],[101.578613,-3.166992],[102.537695,-4.152148],[103.831626,-5.079431],[105.130203,-6.606056],[105.260376,-6.524046],[105.255622,-6.83519],[106.198242,-6.927832],[106.519783,-7.053729],[106.455239,-7.368594],[107.91748,-7.724121],[109.281641,-7.704883],[111.509961,-8.305078],[112.678809,-8.40918],[113.253429,-8.286677],[115.155276,-8.854498],[117.06131,-9.098979],[118.189941,-8.840527],[118.378956,-8.674561],[119.085449,-9.706934],[119.601074,-9.773535],[120.255469,-10.242285],[120.653339,-10.222942],[121.32906,-10.794948],[122.810726,-10.847865],[126.898539,-13.745569],[126.569928,-14.160996],[126.40322,-14.019144],[126.258268,-14.163631],[126.053991,-13.977338],[125.890435,-14.618177],[125.819531,-14.469141],[125.661621,-14.529492],[125.70459,-14.291406],[125.59732606914517,-14.277945591262892],[125.57986,-14.48325],[125.17875131010597,-14.71471555471956],[125.355664,-15.119824],[125.03818130755725,-15.00410586193752],[124.83911535402221,-15.160706597925325],[125.062988,-15.442285],[124.69251747022662,-15.273815545926798],[124.439551,-15.493555],[124.381845,-15.758004],[124.50417007424481,-15.972145459113623],[124.648547,-15.870194],[124.404883,-16.298926],[124.771973,-16.402637],[124.04432107735805,-16.264970856438904],[123.858983,-16.382411],[123.60707613502466,-16.224159187583698],[123.49043,-16.490723],[123.874414,-16.918652],[123.831055,-17.120801],[123.593555,-17.030371],[123.563135,-17.521204],[122.91674560469808,-16.432706576591393],[122.160378,-17.313775],[122.345587,-18.111711],[121.833789,-18.477051],[121.337695,-19.319922],[120.997814,-19.604539],[119.585962,-20.038415],[119.104441,-19.995575],[118.751465,-20.261914],[117.40625,-20.721191],[116.70681,-20.653829],[114.709277,-21.823437],[114.141602,-22.483105],[114.12392356138028,-21.828614274681488],[113.958398,-21.93916],[113.682813,-22.637793],[113.757222,-23.418209],[113.490003,-23.869602],[113.417676,-24.435645],[114.214258,-25.851562],[114.215723,-26.289453],[113.991992,-26.321484],[113.853906,-26.014453],[113.72373,-26.129785],[113.713086,-25.830762],[113.451367,-25.599121],[113.836597,-26.500604],[113.581522,-26.558275],[113.3561014419211,-26.080504416374772],[113.323295,-26.243979],[113.18476885260695,-26.18222612058529],[114.028162,-27.347271],[114.165208,-28.080715],[114.856845,-29.142769],[115.07793,-30.560449],[115.698438,-31.694531],[115.683008,-33.192871],[115.358789,-33.639941],[114.99388551106314,-33.515355182835144],[115.008789,-34.255859],[116.51725827181458,-34.98789891465618],[118.036031,-35.007475],[145.988743,-43.417039],[146.04324335714946,-43.547148997513055],[146.779341,-43.632375],[166.066381,-50.854983],[166.066381,-60.533462],[19.615837,-60.533462],[19.615837,-34.813275],[20.087766278910898,-34.74078842016409]],[[39.7796079267251,-7.908722151424601],[39.82452408445322,-7.90042498632173],[39.907129,-7.649219],[39.60312303117701,-7.936014110989356],[39.7796079267251,-7.908722151424601]],[[39.56651767567421,-6.413778802031488],[39.368016,-5.950954],[39.30892536913345,-5.722156119532548],[39.1823267786536,-6.172563656209466],[39.56651767567421,-6.413778802031488]],[[39.770786572959786,-5.421072101751005],[39.852741,-5.255648],[39.864885,-4.906367],[39.673438,-4.927051],[39.646914,-5.368354],[39.770786572959786,-5.421072101751005]],[[68.78948331550191,-49.66136727808371],[68.992969,-49.70498],[69.153125,-49.529688],[70.124316,-49.704395],[70.3070906371886,-49.58346186468964],[69.759961,-49.430176],[70.386133,-49.433984],[70.555469,-49.201465],[70.320215,-49.058594],[69.542143,-49.255856],[69.405078,-49.181738],[69.6439053994267,-49.11727287200759],[69.59276300145864,-48.971180642046505],[69.052148,-49.081934],[69.136133,-48.861035],[69.002441,-48.66123],[68.769581,-49.065894],[68.883398,-49.164941],[68.78948331550191,-49.66136727808371]],[[46.532602286747384,-25.171302270943226],[47.034961,-24.979004],[47.272701,-24.564392],[49.296764,-18.544087],[49.477735,-17.898494],[49.449158,-17.240704],[49.839063,-16.486523],[49.664355,-15.521582],[49.892578,-15.457715],[50.208984,-15.960449],[50.482635,-15.385469],[49.93750992582408,-13.07233218408564],[49.263433,-12.080296],[48.786328,-12.470898],[48.919434,-12.839062],[48.796484,-13.26748],[48.255273,-13.719336],[48.039844,-13.596289],[47.895996,-13.730664],[47.995508,-13.960449],[47.77334,-14.369922],[47.96416,-14.672559],[47.774023,-14.636719],[47.47832,-15.009375],[47.464746,-14.713281],[47.351953,-14.766113],[47.092578,-15.150098],[47.099219,-15.43418],[46.942285,-15.219043],[46.475098,-15.513477],[46.331445,-15.713672],[46.399609,-15.924609],[46.15752,-15.738281],[44.476172,-16.217285],[44.421387,-16.702637],[43.979395,-17.391602],[44.040039,-18.288477],[44.45293,-19.550879],[44.239648,-20.379687],[43.800195,-21.179199],[43.501855,-21.356445],[43.266602,-22.049316],[43.35752,-22.79082],[43.722266,-23.529688],[43.6875,-24.35791],[44.035352,-24.995703],[45.205799,-25.570325],[46.532602286747384,-25.171302270943226]],[[55.74039411163601,-21.35133205814526],[55.838845,-21.138554],[55.661595,-20.906269],[55.311301698761426,-20.904144173843928],[55.362595,-21.273482],[55.74039411163601,-21.35133205814526]],[[57.724828,-20.368627],[57.791992,-20.212598],[57.575781,-19.997168],[57.317876,-20.4279],[57.524789,-20.513115],[57.724828,-20.368627]],[[48.269727,-13.20459],[48.211914,-13.385254],[48.343555,-13.400391],[48.351074,-13.30957],[48.269727,-13.20459]],[[45.208594,-12.847949],[45.223145,-12.752148],[45.092383,-12.653027],[45.117578,-12.984961],[45.208594,-12.847949]],[[44.292285,-12.164746],[44.220117,-12.171387],[44.50498,-12.356543],[44.476367,-12.081543],[44.292285,-12.164746]],[[43.63291,-12.287695],[43.663672,-12.342871],[43.858984,-12.368262],[43.704297,-12.255957],[43.63291,-12.287695]],[[43.355469,-11.85752],[43.491504,-11.862109],[43.341504,-11.368457],[43.22666,-11.751855],[43.355469,-11.85752]],[[73.795062,-53.129883],[73.83761482539202,-53.112864351674254],[73.25119089262502,-52.97587479974103],[73.465137,-53.18418],[73.795062,-53.129883]],[[112.947039,-25.531723],[112.964506,-25.783077],[113.156587,-26.094221],[113.131543,-25.882617],[112.947039,-25.531723]],[[102.21714211642504,-5.427253371852975],[102.367188,-5.478711],[102.40546771100075,-5.4047874892390055],[102.153641,-5.286344],[102.21714211642504,-5.427253371852975]],[[100.45578198280148,-3.123708522237813],[100.454468,-3.001935],[100.198535,-2.785547],[100.465062,-3.328427],[100.45578198280148,-3.123708522237813]],[[99.992016,-2.769598],[100.204102,-2.741016],[100.01205197117383,-2.51037701090774],[99.969336,-2.594141],[99.992016,-2.769598]],[[99.6137122722018,-2.018139324825852],[99.53747,-2.161573],[99.84780031323615,-2.369439072542564],[99.686426,-2.063379],[99.6137122722018,-2.018139324825852]],[[99.101424,-1.340331],[98.932597,-0.95405],[98.676074,-0.970508],[98.626953,-1.261328],[99.071777,-1.783496],[99.271285,-1.73824],[99.101424,-1.340331]],[[98.44313216442858,-0.5430406693438975],[98.544141,-0.257617],[98.32304048709926,-0.0009791513691146834],[98.427253,-0.226446],[98.309793,-0.53175],[98.44313216442858,-0.5430406693438975]],[[97.36886493668231,1.0568830081722747],[97.683984,0.596094],[97.820314,0.564669],[97.93189330347353,0.9738038450512283],[97.355957,1.539746],[97.079199,1.425488],[97.36886493668231,1.0568830081722747]],[[96.021973,2.595752],[96.340766,2.37231],[96.463497,2.36014],[95.806276,2.915765],[95.733008,2.766504],[96.021973,2.595752]]],[[[52.483203,46.990674],[52.916016,46.954395],[53.170215,46.669043],[53.135254,46.19165],[52.773828,45.572754],[53.200391,45.331982],[51.415723,45.357861],[51.009375,44.921826],[51.543555,44.531006],[50.409473,44.624023],[50.252539,44.406494],[50.830762,44.192773],[51.301758,43.482373],[51.29541,43.174121],[51.616016,43.158447],[51.898242,42.869629],[52.596582,42.760156],[52.467578,41.885889],[52.850391,41.200293],[52.814844,41.711816],[52.97002,41.976221],[53.752344,42.129395],[54.094824,41.519385],[54.723242,40.95127],[54.319434,40.83457],[54.377344,40.693262],[53.87002,40.648682],[53.615234,40.818506],[53.145215,40.824951],[52.943457,41.038086],[52.733691,40.39873],[53.035547,39.774414],[52.9875,39.987598],[53.487305,39.909375],[53.603125,39.546973],[53.235645,39.608545],[53.156641,39.26499],[53.70459,39.20957],[53.868652,38.949268],[53.823535,37.92793],[54.016211,36.849658],[53.679492,36.853125],[53.91543,36.930322],[53.767676,36.930322],[51.762012,36.614502],[50.927441,36.810205],[50.130469,37.407129],[49.080957,37.667578],[48.870703,38.392529],[48.961719,39.07876],[49.165332,39.030273],[49.362793,39.349561],[49.551172,40.194141],[50.365918,40.279492],[50.18252,40.504785],[49.456738,40.799854],[47.727734,42.680713],[47.463184,43.035059],[47.646484,43.884619],[47.462793,43.555029],[47.307031,44.103125],[46.707227,44.50332],[47.35127,45.217725],[47.463281,45.679688],[47.633301,45.584033],[48.487012,45.934863],[48.72959,45.896826],[48.683691,46.086182],[49.245898,46.291602],[49.347461,46.519141],[51.178027,47.110156],[52.138281,46.828613],[52.483203,46.990674]],[[53.100195,38.756152],[53.092187,39.094092],[53.05332,39.096582],[53.018555,39.052734],[53.100195,38.756152]],[[52.664844,45.401318],[52.692969,45.460742],[52.608887,45.528027],[52.554297,45.473975],[52.664844,45.401318]],[[50.277246,44.958594],[50.330859,44.998438],[50.349707,45.083008],[50.256152,45.022412],[50.277246,44.958594]],[[50.038867,44.949121],[50.109863,45.081934],[49.995117,44.936963],[50.184473,44.854639],[50.038867,44.949121]],[[47.983008,45.488232],[47.987109,45.554053],[47.947168,45.64707],[47.920313,45.562061],[47.983008,45.488232]]]]}},{"type":"Feature","properties":{"_manaName":"Océano Atlántico Sur","name":"Atlantic Ocean","_manaColor":"#1d6ea6","_manaFillOpacity":0.9,"_manaWeight":0.6,"_manaBorderColor":"#FFFFFF","_manaGroupName":"Océanos y mares","_manaGroupId":"oceanos-y-mares","_manaLabelStyle":{"enabled":true,"fontSize":11,"fontFamily":"DM Sans, sans-serif","fontWeight":"600","color":"#0e2a3a","haloWidth":3,"haloColor":"#FFFFFF","placement":"point","field":"_manaName"},"Tipo":"Océano","Dato":"Océano de la Tierra","Description":"Océano Atlántico Sur — océano"},"geometry":{"type":"Polygon","coordinates":[[[-68.15708,-55.633691],[-68.058301,-55.517969],[-68.282666,-55.255176],[-68.613281,-55.155566],[-68.458141,-54.959746],[-68.90106,-55.017933],[-69.702979,-54.919043],[-69.884256,-54.881921],[-69.092082,-54.994111],[-69.54400990410917,-54.83261023201335],[-68.220016,-54.817377],[-66.511133,-55.032129],[-65.471143,-54.914648],[-65.17902158847278,-54.67815155825815],[-66.235645,-54.533496],[-67.293975,-54.050086],[-68.161286,-53.306617],[-68.488525,-53.260937],[-68.278223,-52.983984],[-68.757658,-52.582165],[-69.167041,-52.667578],[-69.498389,-52.491406],[-69.935449,-52.821094],[-70.380127,-52.751953],[-70.130615,-52.942773],[-70.443359,-53.085547],[-70.329297,-53.377637],[-69.355957,-53.416309],[-70.091113,-53.721777],[-70.151123,-53.888086],[-69.988135,-54.109082],[-69.044336,-54.406738],[-69.312061,-54.571484],[-69.419287,-54.407129],[-70.168994,-54.379297],[-70.535303,-54.136133],[-70.629834,-54.005566],[-70.379736,-53.986719],[-70.531299,-53.627344],[-70.867725,-53.88418],[-70.760016,-54.241133],[-70.862698,-54.098248],[-72.0554623060284,-53.91451127666456],[-72.482275,-53.588086],[-72.882227,-53.57832],[-73.450586,-53.144336],[-74.64353752497925,-52.74393052823835],[-73.585693,-52.685742],[-73.123926,-52.487988],[-73.24082,-52.707129],[-73.645215,-52.837012],[-73.122461,-53.073926],[-72.712109,-52.535547],[-71.511279,-52.605371],[-72.727686,-52.762305],[-73.052734,-53.243457],[-72.548926,-53.460742],[-72.278027,-53.132324],[-71.227148,-52.810645],[-71.288965,-53.033691],[-71.740527,-53.232617],[-71.791455,-53.48457],[-71.891699,-53.523535],[-71.941699,-53.234082],[-72.412891,-53.350195],[-72.174414,-53.632324],[-71.297754,-53.883398],[-70.99585,-53.779297],[-70.795117,-52.76875],[-69.620313,-52.464746],[-69.241016,-52.205469],[-68.443359,-52.356641],[-68.965332,-51.677148],[-69.46543,-51.584473],[-69.058301,-51.547168],[-69.201025,-50.993652],[-69.358594,-51.028125],[-68.939453,-50.382324],[-68.421875,-50.15791],[-68.97959,-50.003027],[-68.661621,-49.935742],[-68.667578,-49.752539],[-68.257227,-50.10459],[-67.913965,-49.984473],[-67.466497,-48.951585],[-65.81022065378102,-47.94084799429591],[-66.225244,-47.826758],[-65.775391,-47.568359],[-65.853662,-47.156738],[-66.776855,-47.005859],[-67.506445,-46.442773],[-67.599561,-46.052539],[-66.941406,-45.257324],[-66.190137,-44.964746],[-65.638753,-45.007692],[-65.647745,-44.661615],[-65.265701,-44.279571],[-65.252471,-43.572069],[-64.31915816839184,-42.96893946899073],[-65.026904,-42.758887],[-64.970938,-42.666129],[-64.487815,-42.513219],[-64.034766,-42.88125],[-63.617326,-42.69574],[-63.630038,-42.282483],[-63.795557,-42.113867],[-64.228516,-42.218262],[-64.061182,-42.266113],[-64.100879,-42.395117],[-64.42041,-42.433789],[-64.986377,-42.102051],[-65.133398,-40.880664],[-64.869482,-40.73584],[-63.621777,-41.159766],[-62.39498279706901,-40.89078958276542],[-62.246358043392554,-40.67457962617996],[-62.401844,-40.196513],[-62.131543,-39.825391],[-62.179346,-39.380469],[-62.053662,-39.373828],[-62.295068,-39.243262],[-62.334766,-38.800098],[-61.112207,-38.992969],[-58.179199,-38.43584],[-57.546973,-38.085645],[-56.67201686808672,-36.85114247458068],[-56.749463,-36.346484],[-57.076172,-36.296777],[-57.335449,-36.026758],[-57.170654,-35.3625],[-58.28335,-34.683496],[-58.525488,-34.296191],[-58.39248,-34.192969],[-58.547217,-33.663477],[-58.424463,-33.111523],[-58.170996,-32.959277],[-58.201172,-32.47168],[-58.092676,-32.967383],[-58.363525,-33.182324],[-58.438135,-33.719141],[-57.829102,-34.477344],[-57.170703,-34.452344],[-56.194629,-34.906445],[-55.673145,-34.775684],[-54.902295,-34.932813],[-54.168555,-34.670703],[-52.652465,-33.137977],[-52.127576864667134,-32.16792827169539],[-52.193555,-31.885547],[-51.972461,-31.383789],[-51.506299,-31.104492],[-51.359082,-30.674512],[-51.283057,-30.751562],[-51.157275,-30.364258],[-51.298047,-30.034863],[-51.024951,-30.368652],[-50.563525,-30.253613],[-50.581934,-30.438867],[-50.716309,-30.425977],[-50.689307,-30.704199],[-50.980078,-31.094238],[-51.161426,-31.118848],[-51.272168,-31.476953],[-51.680664,-31.774609],[-52.063232,-31.830371],[-52.039209,-32.114844],[-50.921563,-31.25835],[-49.745996,-29.363184],[-48.799658,-28.575293],[-48.55415,-27.195996],[-48.748291,-26.268652],[-48.619688,-26.179435],[-48.665771,-25.844336],[-48.401172,-25.597363],[-48.731878,-25.368735],[-48.476286,-25.442788],[-48.402725,-25.271894],[-48.202711,-25.416329],[-47.929395,-25.168262],[-47.98916,-25.035742],[-46.867285,-24.236328],[-45.972279,-23.795498],[-45.464274,-23.802371],[-45.325626,-23.599748],[-44.569707801906645,-23.27399662308687],[-44.637256,-23.055469],[-43.866162,-22.910547],[-43.675977,-23.009473],[-43.898995,-23.101225],[-43.224307,-22.991206],[-43.154466,-22.725021],[-42.958301,-22.96709],[-42.042383,-22.94707],[-41.98042,-22.580664],[-41.705614,-22.309594],[-41.000293,-21.999023],[-40.954704,-21.238032],[-39.783301,-19.571777],[-39.650856,-18.252477],[-39.15403070373868,-17.703806565128016],[-39.202881,-17.178125],[-38.880615,-15.864258],[-39.059781,-14.654712],[-38.9423516188899,-14.030757796437815],[-39.048128,-14.044052],[-39.089391,-13.588421],[-38.763959,-12.907377],[-38.851758,-12.790137],[-38.69094,-12.623725],[-38.498859,-12.956573],[-38.239746,-12.844238],[-37.688702,-12.099881],[-37.359229,-11.252539],[-37.35584989998817,-11.40379932459247],[-36.937817,-10.820373],[-36.3986,-10.483804],[-35.89082,-9.687012],[-35.59707,-9.540625],[-34.966672,-8.407342],[-34.83386310571349,-7.024635945785714],[-35.39264,-5.250894],[-37.174658,-4.912402],[-38.475781,-3.71748],[-39.964635,-2.861685],[-41.480176,-2.916721],[-43.380078,-2.376074],[-44.192676,-2.80957],[-44.105566,-2.493457],[-44.228613,-2.471289],[-44.437549,-2.944434],[-44.723047,-3.204785],[-44.589014,-2.573437],[-44.381836,-2.365527],[-44.435449,-2.168066],[-44.662402,-2.373242],[-44.756348,-2.265527],[-44.537793,-2.052734],[-44.6513664593888,-1.7458653514822515],[-44.778476,-1.799115],[-45.076367,-1.466406],[-45.32915,-1.717285],[-45.458594,-1.35625],[-47.398096,-0.62666],[-47.418495,-0.766206],[-48.115088,-0.7375],[-48.449805,-1.145508],[-48.349805,-1.482129],[-48.462939,-1.613965],[-48.71001,-1.487695],[-49.211035,-1.916504],[-49.636523,-2.656934],[-49.313672,-1.731738],[-50.403223,-2.015527],[-50.690039,-1.761719],[-50.894922,-0.937598],[-51.947559,-1.586719],[-52.66416,-1.551758],[-51.980811,-1.367969],[-51.28291,-0.085205],[-50.755078,0.222559],[-50.462988,0.637305],[-50.294434,0.835742],[-50.158534709941044,0.9448236874252091],[-50.243103,0.876891],[-50.05893082301085,0.6380065908131082],[-50.251172,0.585449],[-50.281543,0.39082],[-50.03984675586002,0.6007711461710536],[-49.83473195669001,0.2931006274863781],[-50.272656,0.231738],[-50.339453,0.043359],[-49.91709,-0.023193],[-49.738354,0.268356],[-49.507467997590695,0.08284014468333652],[-49.802686,-0.051855],[-49.708838,-0.14375],[-49.443896,-0.112402],[-49.39051185456022,0.03734375676580982],[6.557047,0.032867],[6.75,0.243457],[6.686914,0.404395],[6.473555325186361,0.206765864388997],[-7.527738792307019,4.35489888223816],[-5.91377,5.010938],[-5.061816,5.130664],[-5.367529,5.150781],[-5.282373,5.210254],[-4.037207,5.230127],[-4.608887,5.235889],[-4.357275,5.301416],[-3.347559,5.130664],[-3.151416,5.348291],[-3.019141,5.130811],[-3.246387,5.114062],[-2.001855,4.762451],[0.259668,5.757324],[0.949707,5.810254],[1.310645,6.146875],[3.335547,6.396924],[3.716992,6.597949],[3.450781,6.427051],[4.431348,6.348584],[5.112402,5.641553],[5.456641,5.611719],[5.199219,5.533545],[5.549707,5.474219],[5.367969,5.337744],[5.493262,4.83877],[6.076563,4.290625],[6.270996,4.432129],[6.263672,4.309424],[6.55459,4.341406],[6.57998,4.475977],[6.633008,4.340234],[6.860352,4.37334],[6.767676,4.724707],[6.923242,4.390674],[7.154688,4.514404],[7.076563,4.716162],[7.284375,4.547656],[7.530762,4.655176],[7.644238,4.525342],[8.293066,4.557617],[8.252734,4.923975],[8.570508,4.7521],[8.574414,4.526221],[8.660352,4.670996],[8.918262,4.55376],[9.000098,4.091602],[9.425293,3.922314],[9.483691,4.066113],[9.688867,4.056396],[9.739648,3.85293],[9.556152,3.798047],[9.765723,3.623828],[9.67207,3.537598],[9.948438,3.079053],[9.807031,1.92749],[9.385938,1.139258],[9.599414,1.054443],[9.617969,0.576514],[9.324805,0.5521],[9.546484,0.295947],[10.001465,0.194971],[9.796777,0.044238],[9.354883,0.343604],[9.29668,-0.35127],[8.946387,-0.68877],[8.703125,-0.591016],[9.064649460030695,-1.298340882160239],[9.346799,-1.324983],[9.296001,-1.514946],[9.501074,-1.555176],[9.318848,-1.632031],[9.036459805007553,-1.3094477542780736],[9.265822,-1.825056],[9.483328,-1.894354],[9.298926,-1.903027],[9.624612,-2.366935],[10.06226,-2.550025],[9.72207,-2.467578],[11.777539,-4.56582],[12.177324,-5.324946],[12.24043,-5.807324],[12.45293,-6.000488],[13.068164,-5.864844],[12.283301,-6.124316],[12.823435,-6.954769],[13.378543,-8.369773],[13.358958,-8.687273],[12.998566,-9.048119984220449],[13.847461,-11.054395],[13.685547,-12.123828],[13.417145,-12.520579],[12.983203,-12.775684],[12.550488,-13.437793],[12.016113,-15.513672],[11.750907873420378,-15.832063775559831],[11.775879,-18.001758],[12.458289,-18.926648],[13.450586,-20.916699],[14.462793,-22.449121],[14.501563,-24.201953],[14.837109,-25.033203],[14.967773,-26.318066],[15.341731,-27.386442],[16.739453,-29.009375],[17.347293,-30.445015],[18.21084,-31.74248],[18.325293,-32.50498],[17.851074,-32.827441],[18.433118,-33.717373],[18.352193,-34.188352],[18.461621,-34.346875],[18.500391,-34.109277],[18.75222,-34.082519],[18.831594811328863,-34.36404998897228],[19.09834,-34.350098],[19.298356663141906,-34.614836101277135],[19.85020457805754,-34.75668945820359],[19.615837,-34.813275],[19.615837,-60.533462],[-68.077674,-60.533462],[-68.15708,-55.633691]],[[-67.27430599876716,-55.730146316052796],[-67.303158,-55.697159],[-67.303173,-55.697168],[-67.27270608108418,-55.73198223142725],[-67.27430599876716,-55.730146316052796]],[[-67.429395,-55.236523],[-67.172559,-55.242578],[-67.107324,-55.063574],[-68.30116651407407,-54.98061113493627],[-68.069741,-55.221125],[-67.429395,-55.236523]],[[-64.63741346235203,-54.902514005096286],[-63.971361,-54.810504],[-63.81550271126353,-54.72527988846883],[-64.549207,-54.716298],[-64.75712406442621,-54.82640979183471],[-64.63741346235203,-54.902514005096286]],[[-59.38743164429266,-52.290999643444316],[-59.068143887784466,-52.173085136261456],[-59.195632,-52.017548],[-58.65274594515338,-52.09903192803704],[-58.683389,-51.936054],[-57.838299,-51.70904],[-57.960539,-51.583104],[-57.808705767745344,-51.51800003340127],[-58.206597,-51.404769],[-58.271582,-51.574707],[-58.508936,-51.483594],[-58.425697602629874,-51.324356199405514],[-58.91724070772723,-51.27206236085603],[-59.059521,-51.685449],[-59.649118,-52.077338],[-59.38743164429266,-52.290999643444316]],[[-60.686377,-52.188379],[-59.921634,-51.969386],[-59.268108,-51.427558],[-60.141776,-51.480992],[-60.568212217992496,-51.35779667934277],[-60.244948,-51.638657],[-60.582460931668074,-51.712726423991384],[-60.238477,-51.771973],[-60.96135818978521,-52.05728621668255],[-60.686377,-52.188379]],[[-61.96665,-39.112207],[-62.093018,-39.08623],[-61.865967,-39.234863],[-61.875781,-39.171875],[-61.96665,-39.112207]],[[-48.48942170310061,-27.747537149649556],[-48.37793,-27.451465],[-48.414895,-27.399671],[-48.55459,-27.812207],[-48.48942170310061,-27.747537149649556]],[[-49.314258,-0.167871],[-50.248242,-0.116406],[-50.645508,-0.272852],[-50.796094,-0.90625],[-50.576953,-1.103125],[-50.759766,-1.240234],[-50.507617,-1.787988],[-49.805127,-1.790234],[-49.506641,-1.511621],[-49.233984,-1.599512],[-49.172705,-1.412598],[-49.038477,-1.514062],[-48.833594,-1.390039],[-48.392676,-0.297363],[-49.314258,-0.167871]],[[-50.451562,0.326904],[-50.623926,0.054395],[-50.443945,-0.007666],[-50.372754,0.590869],[-50.451562,0.326904]],[[-51.018994,-0.263086],[-50.926367,-0.327344],[-50.666992,-0.058008],[-50.995068,-0.105273],[-51.018994,-0.263086]],[[-51.637695,-1.341895],[-51.276318,-1.021777],[-51.254004,-0.541406],[-51.546045,-0.649609],[-51.938379,-1.452637],[-51.637695,-1.341895]],[[-44.597754,-3.037598],[-44.499316,-2.939648],[-44.481445,-2.717578],[-44.569092,-2.784961],[-44.597754,-3.037598]],[[-35.7986034135531,-54.76346809068943],[-35.89535280682167,-54.554913726450344],[-36.073145,-54.554102],[-36.32655404017382,-54.25121359057146],[-36.647412,-54.262305],[-36.70393,-54.108273],[-38.016712515798865,-54.00788392788851],[-36.885986,-54.339453],[-36.085311,-54.866573],[-35.7986034135531,-54.76346809068943]],[[8.735742,3.758301],[8.464648,3.450586],[8.474902,3.264648],[8.704004,3.223633],[8.946094,3.627539],[8.735742,3.758301]],[[7.342383,1.563574],[7.423828,1.567725],[7.414453,1.699121],[7.330664,1.603369],[7.342383,1.563574]],[[7.203906,4.387646],[7.300781,4.418164],[7.32793,4.487207],[7.227344,4.527344],[7.203906,4.387646]]]}},{"type":"Feature","properties":{"_manaName":"Mar Negro","name":"Black Sea","_manaColor":"#4f9fca","_manaFillOpacity":0.9,"_manaWeight":0.6,"_manaBorderColor":"#FFFFFF","_manaGroupName":"Océanos y mares","_manaGroupId":"oceanos-y-mares","_manaLabelStyle":{"enabled":true,"fontSize":11,"fontFamily":"DM Sans, sans-serif","fontWeight":"600","color":"#0e2a3a","haloWidth":3,"haloColor":"#FFFFFF","placement":"point","field":"_manaName"},"Tipo":"Mar o golfo","Dato":"Mar/golfo del mundo","Description":"Mar Negro — mar o golfo"},"geometry":{"type":"Polygon","coordinates":[[[36.617435,45.391958],[36.94106994885593,45.28975154766389],[36.650766,45.126316],[38.717151,44.288124],[39.873633,43.472803],[41.419434,42.737646],[41.76298458708426,41.96989059943648],[41.70175165506332,41.70541377948033],[41.414299,41.423751],[40.265234,40.961328],[39.426367,41.106445],[38.381151,40.924737],[36.777734,41.363477],[36.405371,41.274609],[36.051758,41.682568],[35.297754,41.728516],[35.006628,42.063505],[33.381348,42.017578],[32.306276,41.729598],[31.254816,41.107827],[30.80983,41.085089],[29.053503,41.215262],[28.346518,41.466617],[28.050293,41.72915],[27.982715,42.047412],[27.484794730995453,42.46805354702488],[27.888867,42.749707],[27.928983724125253,43.186201460346076],[28.133818,43.395414],[28.561906,43.501247],[28.645518,44.295539],[28.888397,44.574928],[28.930590776484273,44.96583340258541],[29.09525568361028,44.97498950708428],[29.048232,44.757501],[29.55752,44.843408],[29.727157,45.343279],[29.628418,45.722461],[30.219272,45.866632],[30.796278050556356,46.551965113311304],[31.563303124025587,46.77725059982227],[31.532112,46.664594],[31.872918,46.649789],[31.759235825619104,47.21275163365256],[32.04438,46.642399],[32.577733,46.615398],[32.361312,46.475174],[31.554901,46.554549],[32.00838261643403,46.43000410516172],[31.831112,46.281491],[32.476705,46.083596],[33.594141,46.09624],[33.664643,45.947067],[32.507918,45.403611],[33.555176,45.097656],[33.450684,44.553662],[33.655651,44.433128],[34.074231,44.423594],[35.472802,45.098281],[36.393359,45.065381],[36.617435,45.391958]],[[31.584863,46.303174],[31.508789,46.373145],[32.150098,46.154688],[31.584863,46.303174]]]}},{"type":"Feature","properties":{"_manaName":"Mar de Filipinas","name":"Philippine Sea","_manaColor":"#4f9fca","_manaFillOpacity":0.9,"_manaWeight":0.6,"_manaBorderColor":"#FFFFFF","_manaGroupName":"Océanos y mares","_manaGroupId":"oceanos-y-mares","_manaLabelStyle":{"enabled":true,"fontSize":11,"fontFamily":"DM Sans, sans-serif","fontWeight":"600","color":"#0e2a3a","haloWidth":3,"haloColor":"#FFFFFF","placement":"point","field":"_manaName"},"Tipo":"Mar o golfo","Dato":"Mar/golfo del mundo","Description":"Mar de Filipinas — mar o golfo"},"geometry":{"type":"MultiPolygon","coordinates":[[[[139.796976,33.919635],[140.484893,31.908802],[140.484893,31.115052],[140.908226,30.003802],[142.44281,27.622552],[142.548643,26.722969],[142.44281,25.982135],[141.543226,23.865469],[141.543226,22.542552],[141.80781,21.748802],[142.389893,21.272552],[144.66531,20.902135],[145.353226,20.637552],[146.199893,18.838385],[146.305726,16.615885],[145.882393,14.605052],[145.247393,13.440885],[144.718226,12.911719],[128.574406,2.621546],[126.939828,4.279946],[126.85792521247811,4.195506733798829],[126.8125,4.537207],[126.68060463950093,4.005584814784396],[125.58961259772578,3.425378514808541],[125.543457,3.67041],[125.42483,3.705278],[125.37770309861999,5.6176088415104815],[126.189355,6.309668],[126.19216456480284,6.852654663371052],[126.54668,7.17583],[126.593359,7.546777],[126.365332,8.483887],[126.139722,8.595832],[126.319608,8.844551],[126.129492,9.943555],[125.64177837685914,10.428426356857704],[125.749203,11.073381],[125.49201,11.594099],[125.535645,12.191406],[125.150195,12.572559],[124.56582,12.526221],[124.10152742199074,12.687772048366734],[124.142773,13.035791],[123.7852128213343,13.110693462292554],[123.549609,13.645752],[123.80625,13.721729],[123.725977,13.884326],[123.320312,14.06167],[123.296973,13.836426],[123.101768,13.750453],[122.93418,14.188086],[122.62712,14.317705],[122.199707,14.148047],[122.211693,13.930364],[121.853472,14.063173],[121.398926,15.266602],[121.595312,15.933252],[122.135156,16.184814],[122.519168,17.12495],[122.15242,17.664168],[122.315039,18.320312],[122.179447,18.492851],[122.266212,19.650661],[122.053512,20.440691],[121.866992,20.839209],[121.790427,20.701062],[121.795233,20.866143],[120.822114,21.930315],[120.947016,22.502864],[121.397461,23.17251],[121.820141,24.824325],[121.96406,24.994185],[123.092776,23.935852],[123.974893,23.653802],[125.315276,24.112585],[127.00861,25.276752],[127.932016,26.453088],[128.310938,26.720703],[128.2582252450713,26.878846769560266],[128.998145,27.720801],[129.192456,28.192466],[129.330566,28.081592],[129.25748020865908,28.176080123115888],[129.710512,28.432167],[129.44762515185803,28.39101794568921],[130.677843,29.792135],[130.85406,30.215469],[130.606943,30.603352],[130.69957334397455,31.021328983443208],[131.098438,31.256152],[131.070997,31.436789],[131.337183,31.404518],[131.660522,32.465486],[132.00448,32.894117],[132.70871139514026,32.90253340293387],[132.641599,32.762342],[132.870164,32.754409],[133.286108,33.359773],[133.685645,33.516309],[134.181453,33.247067],[134.548718,33.72913],[135.171005,33.907982],[135.452832,33.553369],[135.916211,33.561719],[136.329901,34.176803],[136.853745,34.3239],[136.533093,34.678452],[136.851626,35.059462],[136.871212,34.732971],[136.963281,34.834912],[137.29541,34.727588],[137.061691,34.58267],[138.189062,34.596338],[138.577258,35.086437],[138.820602,35.095455],[138.795117,34.651025],[139.03852995404162,34.76958241351429],[139.796976,33.919635]],[[144.83675136190342,13.622356543853822],[144.649316,13.428711],[144.699512,13.25752],[144.941003,13.570541],[144.83675136190342,13.622356543853822]],[[130.872043,30.386388],[130.959893,30.396982],[131.060352,30.828467],[130.947181,30.671074],[130.872043,30.386388]],[[124.186043,14.059478],[124.038867,13.663135],[124.175449,13.531371],[124.327051,13.567383],[124.417295,13.871092],[124.186043,14.059478]],[[122.051393,14.969655],[121.839726,15.03792],[121.932847,14.65585],[121.989648,14.662158],[122.051393,14.969655]],[[145.729102,18.056934],[145.835449,18.136768],[145.807422,18.172656],[145.789258,18.15542],[145.729102,18.056934]],[[145.749219,15.107227],[145.788574,15.222656],[145.821875,15.265381],[145.713184,15.215283],[145.749219,15.107227]],[[145.690234,16.332129],[145.695508,16.379639],[145.631055,16.377979],[145.636035,16.351514],[145.690234,16.332129]],[[145.678125,18.725244],[145.706641,18.790479],[145.645508,18.806787],[145.652539,18.752637],[145.678125,18.725244]],[[145.586719,15.030811],[145.591602,14.998828],[145.620996,14.919531],[145.647363,15.059473],[145.586719,15.030811]],[[145.215332,14.111328],[145.264844,14.158105],[145.26543,14.180225],[145.152148,14.163623],[145.215332,14.111328]],[[142.169922,26.615674],[142.202148,26.648779],[142.107129,26.721533],[142.169922,26.615674]],[[139.823828,33.045459],[139.873633,33.093506],[139.777441,33.125146],[139.775684,33.078223],[139.823828,33.045459]],[[138.116895,9.550195],[138.061914,9.445752],[138.06709,9.419043],[138.213574,9.547217],[138.116895,9.550195]],[[134.534668,7.360645],[134.59541,7.382031],[134.651172,7.712109],[134.515723,7.525781],[134.534668,7.360645]],[[122.172266,14.008008],[122.175391,14.048828],[121.95918,14.22876],[121.95625,14.156055],[122.172266,14.008008]]],[[[126.739789,3.918004],[126.73856394240963,3.915426501169518],[126.70602763450462,3.9697336876152605],[126.739789,3.918004]]],[[[126.721805,3.832273],[126.70496508806522,3.8591477227727533],[126.72160652945583,3.835462764354923],[126.721805,3.832273]]],[[[125.517435,3.549706],[125.501001,3.593088],[125.48335293490254,3.618287637454172],[125.5132243115766,3.4859926602891966],[125.517435,3.549706]]],[[[125.990997,9.838315],[125.998439,9.927224],[126.0339149981377,9.989069803774791],[126.0444210398118,9.764086868143647],[125.990997,9.838315]]],[[[128.899864,27.727869],[128.89194143936152,27.781539089989117],[128.8999953548407,27.72781398637728],[128.899864,27.727869]]],[[[128.882914,27.842694],[128.907719,27.898246],[128.951644,27.910416],[128.97179033167035,27.857863656947544],[128.882914,27.842694]]]]}},{"type":"Feature","properties":{"_manaName":"Mar de Tasmania","name":"Tasman Sea","_manaColor":"#4f9fca","_manaFillOpacity":0.9,"_manaWeight":0.6,"_manaBorderColor":"#FFFFFF","_manaGroupName":"Océanos y mares","_manaGroupId":"oceanos-y-mares","_manaLabelStyle":{"enabled":true,"fontSize":11,"fontFamily":"DM Sans, sans-serif","fontWeight":"600","color":"#0e2a3a","haloWidth":3,"haloColor":"#FFFFFF","placement":"point","field":"_manaName"},"Tipo":"Mar o golfo","Dato":"Mar/golfo del mundo","Description":"Mar de Tasmania — mar o golfo"},"geometry":{"type":"Polygon","coordinates":[[[166.383881,-48.156233],[166.097076,-50.594121],[165.89851292287992,-50.79194278782515],[146.360245,-43.518067],[146.873926,-43.6125],[147.077344,-43.275879],[146.996973,-43.156348],[147.24502,-43.215918],[147.2979617108374,-42.79107548549794],[147.452344,-43.033398],[147.573828,-42.845703],[147.8,-42.928125],[147.647949,-43.020605],[147.785739,-43.220152],[147.981076,-43.15721],[148.0228706751408,-42.25923575416084],[148.213672,-41.97002],[148.342578,-42.215332],[148.292871,-40.94707],[148.054095,-40.78919],[148.18212255380726,-40.45584169744011],[148.474276,-40.432519],[148.17153479712528,-40.357704918353804],[148.297491,-39.985879],[147.951414,-39.734525],[149.43938786104636,-37.77822864923413],[149.932715,-37.528516],[150.195313,-35.833594],[150.804677,-35.012798],[150.871391,-34.498979],[151.28041,-33.926404],[151.2921146115243,-33.580943077919336],[151.812891,-32.901074],[152.470518,-32.438898],[152.944133,-31.434567],[153.27553024537207,-29.875673859961065],[159.041176,-29.876161],[159.041176,-31.591198],[171.987776,-34.060815],[172.72861,-34.448698],[173.376322,-35.500158],[173.626074,-35.319188],[173.412207,-35.542578],[174.054688,-36.359766],[174.166406,-36.327637],[173.917285,-36.018164],[173.91447135267796,-35.90872842363938],[174.036178,-36.122446],[174.392773,-36.240039],[174.40169437271382,-36.601790163140286],[174.188867,-36.492285],[174.475376,-36.942138],[174.92864047373422,-37.084784338904136],[174.7341918361534,-37.215089645288174],[174.58584,-37.097754],[174.92774721637844,-37.80458620465933],[174.56637809611615,-38.841298709177735],[173.844097,-39.139213],[173.763637,-39.318633],[175.155852,-40.115019],[175.254102,-40.289355],[175.052189,-40.792342],[173.999414,-40.993262],[173.798053,-41.271796],[174.002441,-40.917773],[173.115408,-41.279185],[172.988672,-40.848242],[172.704395,-40.667773],[172.943652,-40.51875],[172.640625,-40.518262],[172.139453,-40.947266],[171.948089,-41.538498],[171.486102,-41.794606],[171.313379,-42.460156],[171.01172913874274,-42.88494795112461],[170.969922,-42.718359],[170.7352313681814,-43.02966163489063],[170.302918,-43.107446],[170.39601191905604,-43.182047750867184],[169.169447,-43.776862],[169.1787990125602,-43.913053172723735],[168.457656,-44.030335],[167.856543,-44.500684],[167.90894644605498,-44.664715690531864],[167.787012,-44.59502],[167.484961,-44.771387],[167.46614424437715,-44.958144101600794],[167.411001,-44.827754],[167.194581,-44.96325],[167.259473,-45.082227],[167.025754,-45.123602],[167.22993688940767,-45.29027092817106],[167.15558271833396,-45.41083156776542],[166.869238,-45.31123],[166.743066,-45.468457],[166.99036654286255,-45.53180563670845],[166.797656,-45.645605],[167.0028968623387,-45.71208036321849],[166.512968,-45.811519],[166.492918,-45.963912],[166.91642614506245,-45.95733401543274],[166.711974,-46.133773],[166.830762,-46.225488],[167.681941,-46.193046],[167.971381,-46.489358],[167.52666754550245,-47.2420145612883],[166.383881,-48.156233]],[[173.780859,-40.921777],[173.914648,-40.863672],[173.964453,-40.712988],[173.812402,-40.793652],[173.780859,-40.921777]],[[166.979492,-45.179688],[166.892676,-45.240527],[167.022656,-45.299805],[166.979492,-45.179688]],[[166.685645,-45.615039],[166.56709,-45.644434],[166.532031,-45.699805],[166.729199,-45.729687],[166.685645,-45.615039]],[[148.048145,-42.719238],[148.169531,-42.651758],[148.142773,-42.615918],[148.022754,-42.64043],[148.048145,-42.719238]],[[147.352539,-43.080273],[147.296094,-43.161719],[147.43457,-43.240723],[147.397266,-43.118262],[147.352539,-43.080273]],[[147.163086,-43.430273],[147.308887,-43.500781],[147.3125,-43.280273],[147.283887,-43.278906],[147.163086,-43.430273]]]}},{"type":"Feature","properties":{"_manaName":"Bahía de Bengala","name":"Bay of Bengal","_manaColor":"#4f9fca","_manaFillOpacity":0.9,"_manaWeight":0.6,"_manaBorderColor":"#FFFFFF","_manaGroupName":"Océanos y mares","_manaGroupId":"oceanos-y-mares","_manaLabelStyle":{"enabled":true,"fontSize":11,"fontFamily":"DM Sans, sans-serif","fontWeight":"600","color":"#0e2a3a","haloWidth":3,"haloColor":"#FFFFFF","placement":"point","field":"_manaName"},"Tipo":"Mar o golfo","Dato":"Mar/golfo del mundo","Description":"Bahía de Bengala — mar o golfo"},"geometry":{"type":"Polygon","coordinates":[[[95.199854,5.52403],[81.87461422530703,7.241677190600551],[81.372852,8.431445],[79.838672,10.334667],[79.848749,11.196681],[79.69318935892161,11.312575402165521],[80.342466,13.36151],[80.06216735154823,13.606163238591398],[80.15625,13.71377],[80.306447,13.48481],[80.053543,15.073886],[80.29342230265183,15.710672182730526],[80.646582,15.89502],[80.978499,15.758108],[81.28612564393471,16.337049694065282],[81.761914,16.329492],[82.258789,16.559863],[82.35957,17.096191],[84.104303,18.292811],[84.771033,19.12519],[85.441483,19.626322],[85.18062,19.595083],[85.248633,19.757666],[85.50398591912536,19.887716572039935],[85.575,19.69292],[86.216216,19.895659],[86.24541108209407,20.052835224721143],[86.376563,20.006738],[86.750391,20.313232],[86.975549,20.700003],[86.859691,21.236559],[87.10057679585032,21.5006819380765],[87.94872,21.825541],[88.159301,22.121854],[87.94151373834018,22.373680245194905],[88.19626511818274,22.13938382257625],[88.122249,21.635553],[88.28748427448775,21.758086819513952],[88.584668,21.659717],[88.64149172794131,22.12154573317854],[88.745105,21.584238],[88.8577336648713,21.74428578867498],[89.05166,21.654102],[88.94947438901987,21.937704059928947],[89.0514744644791,22.093139465934872],[89.093818,21.872619],[89.353711,21.721094],[89.48327541146287,22.275208122727232],[89.568466,21.767328],[89.98479772726252,22.46613272514619],[89.918066,22.116162],[90.20899310108632,22.15642881595776],[90.071174,21.88745],[90.230566,21.829785],[90.616206,22.362098],[90.435235,22.7521],[90.590918,23.266406],[90.269141,23.455859],[90.555899,23.421491],[90.60400978016168,23.591328494910044],[90.65625,23.025488],[90.945385,22.597045],[91.47983233359523,22.884508108602216],[91.86336931360344,22.35043030276834],[92.056066,21.174651],[92.722852,20.295605],[92.70910785692361,20.563959100060277],[92.850684,20.414844],[92.79106,20.211583],[92.882129,20.152148],[93.03551090172519,20.406007904509664],[93.129492,19.858008],[93.25,20.070117],[93.70695493624662,19.912064455516322],[93.611719,19.776074],[93.99806687439681,19.44095426286987],[93.962012,19.329346],[93.82492565276463,19.238489920155132],[93.492774,19.369671],[93.929199,18.899658],[94.04465952814141,19.28718461146051],[94.560059,17.698975],[94.230972,16.243893],[93.74201,15.822135],[92.930276,14.393385],[92.55986,13.246685],[92.200037,10.354252],[92.428085,9.176339],[93.530343,6.843769],[94.076976,6.261685],[95.199854,5.52403]],[[93.75585455725536,19.32570110744561],[93.945703,19.428613],[93.714844,19.558252],[93.644043,19.495068],[93.75585455725536,19.32570110744561]],[[93.487503,18.867479],[93.673745,18.675398],[93.718359,18.715723],[93.744727,18.865527],[93.487503,18.867479]],[[90.829991,22.159966],[90.868164,22.484863],[90.672266,22.813184],[90.50293,22.835352],[90.680233,22.327707],[90.515039,22.065137],[90.829991,22.159966]],[[93.412891,19.950342],[93.444629,19.806445],[93.513281,19.754785],[93.491797,19.892578],[93.412891,19.950342]],[[93.010156,19.923926],[92.95957,20.046191],[92.914648,20.086475],[93.023242,19.828857],[93.010156,19.923926]],[[91.907715,21.722949],[91.857031,21.708789],[91.888867,21.50332],[91.961914,21.609766],[91.907715,21.722949]],[[91.850684,21.927051],[91.819727,21.809814],[91.837598,21.750244],[91.88252,21.883643],[91.850684,21.927051]],[[91.411328,22.475684],[91.466895,22.378418],[91.556738,22.382227],[91.456055,22.616504],[91.411328,22.475684]],[[91.079492,22.519727],[91.044727,22.105176],[91.178223,22.283008],[91.079492,22.519727]],[[90.579883,23.035449],[90.562305,22.975439],[90.65957,22.92002],[90.641797,22.962988],[90.579883,23.035449]]]}},{"type":"Feature","properties":{"_manaName":"Mar de China Meridional","name":"South China Sea","_manaColor":"#4f9fca","_manaFillOpacity":0.9,"_manaWeight":0.6,"_manaBorderColor":"#FFFFFF","_manaGroupName":"Océanos y mares","_manaGroupId":"oceanos-y-mares","_manaLabelStyle":{"enabled":true,"fontSize":11,"fontFamily":"DM Sans, sans-serif","fontWeight":"600","color":"#0e2a3a","haloWidth":3,"haloColor":"#FFFFFF","placement":"point","field":"_manaName"},"Tipo":"Mar o golfo","Dato":"Mar/golfo del mundo","Description":"Mar de China Meridional — mar o golfo"},"geometry":{"type":"MultiPolygon","coordinates":[[[[120.822114,21.930315],[121.795233,20.866143],[122.053512,20.440691],[122.266212,19.057468],[122.179447,18.492851],[121.947559,18.285156],[121.101563,18.615283],[120.599707,18.507861],[120.358398,17.638184],[120.38875589040259,16.160901797112935],[120.159766,16.047656],[119.772559,16.255127],[120.082129,14.851074],[120.438985,14.453175],[120.588672,14.483105],[120.58363962665295,14.8810897634215],[120.94117763739368,14.645242505953345],[120.617269,13.995451],[120.636906,13.804429],[120.729102,13.900537],[120.97396020629014,13.759744501873937],[120.933787,13.49698],[120.352685,13.473157],[120.7707674045855,12.827584642819575],[120.19347,12.16719],[119.885427,12.299999],[119.223969,10.477552],[117.349716,8.713835],[117.0790780246475,7.9361940935375275],[116.993555,8.050537],[116.82427,7.689893],[116.77021913152028,6.987268741358038],[116.537983,6.58288],[115.876989,5.613456],[115.603906,5.603418],[115.418774,5.4129],[115.519824,5.048926],[115.140039,4.899756],[114.995441,5.022381],[114.012297,4.575225],[113.923879,4.243436],[112.987891,3.161914],[111.512501,2.743244],[111.44375312387791,2.3815085892842416],[111.208594,2.379639],[111.26799942409431,2.1399067805843393],[111.028711,1.557813],[111.22298933623046,1.3959846127471638],[109.864844,1.764453],[109.628906,2.027539],[109.075699,1.496007],[109.010018,1.239873],[109.13135505508728,1.2537263777183356],[108.958594,1.134619],[108.905839,0.793802],[108.944441,0.355638],[109.25752,0.031152],[109.130166,-0.445502],[109.372477,-0.6381],[109.288867,-0.845801],[109.681554,-0.94449],[109.983189,-1.274702],[109.959863,-1.862793],[110.231908,-2.909848],[108.27611,-2.874915],[108.136428,-2.619323],[107.837793,-2.530273],[106.3659080782842,-2.464826561461651],[105.910208,-1.504921],[105.720245,-1.534015],[105.70070492447087,-1.7307900576823882],[105.585318,-1.526573],[105.459331,-1.574736],[105.133398,-2.042578],[105.78584,-2.181348],[105.99873,-2.824902],[106.531462,-3.101929],[106.058364,-3.217271],[105.396973,-2.380176],[104.970937,-2.370604],[104.650801,-2.594983],[104.845215,-2.092969],[104.5159186438421,-1.819404529269428],[104.360793,-1.038179],[103.721094,-0.886719],[103.438574,-0.575586],[103.428516,-0.191797],[103.786719,0.046973],[103.672876,0.288975],[103.338995,0.513871],[102.55008169651678,0.21648310435123494],[103.007697,0.415427],[102.907187,0.68585],[103.35494818358431,1.117199037450027],[103.429688,0.993359],[104.43914155235615,1.0504114926068355],[104.575095,0.831888],[104.662891,1.049512],[104.27672628675099,1.4123250983004645],[103.812207,2.580469],[103.439506,2.933232],[103.41582,4.850293],[103.097149,5.408662],[102.34894711886497,6.157984173501672],[104.748676,8.608002],[105.114339,8.629164],[105.501137,9.093244],[106.168359,9.396729],[105.830957,10.000732],[106.484082,9.559424],[106.564355,9.715625],[106.136426,10.22168],[106.595605,9.859863],[106.785451,10.11667],[106.4643077699799,10.298173277699691],[106.757391,10.295522],[106.60610527750336,10.464883473250147],[106.947461,10.400342],[107.006641,10.660547],[107.261701,10.398177],[108.986764,11.336388],[109.259305,11.954464],[109.21912425079564,12.646006787906416],[109.33549890537653,12.751870486824599],[109.445031,12.599515],[109.30332,13.856445],[108.821289,15.37793],[108.02951,16.3312],[107.833708,16.322725],[106.35595770839228,17.76500253275736],[106.479062,17.71972],[106.484333,17.9187],[108.699443,18.538352],[109.519135,18.218191],[110.067318,18.447324],[110.451532,18.7479],[110.640918,19.291211],[111.013672,19.655469],[110.56951,20.408419],[110.21656,20.196752],[109.933993,20.281424],[110.344614,20.294653],[110.517678,20.459759],[110.313086,20.67168],[110.36543,20.837598],[110.154135,20.944458],[110.410932816277,21.33810021747636],[110.566874,21.213822],[111.016895,21.511719],[111.602734,21.559082],[111.943945,21.849658],[112.30498,21.741699],[112.35969475660924,21.97793584867946],[112.586328,21.776855],[112.953906,21.907324],[113.08877,22.207959],[113.149197,22.074777],[113.548191,22.222416],[113.553027,22.594043],[113.331253,22.911909],[113.519614,23.101872],[114.01541436114233,22.511863835827167],[113.902539,22.396094],[114.267837,22.295435],[114.266287,22.540976],[114.554073,22.528806],[114.65162487679098,22.755239100708383],[114.853641,22.61663],[115.195997,22.817186],[115.498149,22.718769],[116.470803,22.945783],[116.910645,23.64668],[117.291012,23.714134],[117.367676,23.588623],[117.51906,23.759635],[120.093993,23.077532],[120.822114,21.930315]],[[109.47620830894911,-0.9853415747421457],[109.463672,-1.277539],[109.750852,-1.145046],[109.699512,-1.007324],[109.47620830894911,-0.9853415747421457]],[[108.10053917124279,3.704650610291187],[108.315797,3.689413],[108.393519,3.835994],[108.24834,4.217139],[108.003516,4.042578],[108.24323518439958,3.8103592325980316],[108.10053917124279,3.704650610291187]],[[104.48961091351511,-0.21789492625852203],[104.914258,-0.32334],[105.005371,-0.282812],[104.542676,0.017725],[104.48961091351511,-0.21789492625852203]],[[104.363429,-0.402662],[104.257078,-0.463486],[104.362912,-0.658771],[104.590137,-0.466602],[104.363429,-0.402662]],[[103.54906,-0.227479],[103.46121,-0.357652],[103.764447,-0.317965],[103.723926,-0.27666],[103.54906,-0.227479]],[[121.991211,20.47959],[121.941211,20.453711],[121.914063,20.359424],[122.031152,20.469385],[121.991211,20.47959]],[[121.858203,18.8229],[121.987891,18.956641],[121.943359,19.010449],[121.859766,18.936768],[121.858203,18.8229]],[[121.53125,19.271338],[121.520898,19.361963],[121.391602,19.399365],[121.38291,19.328467],[121.53125,19.271338]],[[121.24668,19.015186],[121.244727,19.143018],[121.213184,19.183594],[121.184863,19.101416],[121.24668,19.015186]],[[120.211426,13.820654],[120.104199,13.782373],[120.272852,13.682959],[120.271289,13.750684],[120.211426,13.820654]],[[114.187402,22.296631],[114.13877,22.268359],[114.207227,22.195166],[114.246875,22.263574],[114.187402,22.296631]],[[114.043945,22.333398],[113.881543,22.280273],[113.838867,22.241699],[113.997754,22.210498],[114.043945,22.333398]],[[113.464941,22.904541],[113.404395,22.902832],[113.563672,22.75791],[113.555273,22.804199],[113.464941,22.904541]],[[112.782031,21.772266],[112.712695,21.697949],[112.771094,21.581836],[112.862598,21.752637],[112.782031,21.772266]],[[112.647656,21.710254],[112.558984,21.674756],[112.525,21.623047],[112.64375,21.639648],[112.647656,21.710254]],[[111.358691,2.402197],[111.37832,2.709326],[111.333496,2.768311],[111.311523,2.437598],[111.358691,2.402197]],[[110.521582,21.083105],[110.385156,21.093164],[110.264648,21.025195],[110.503906,20.967725],[110.521582,21.083105]],[[108.837891,-1.661621],[108.953125,-1.619629],[108.956836,-1.564062],[108.803711,-1.567773],[108.837891,-1.661621]],[[108.838867,2.853027],[108.8875,2.90542],[108.885742,2.998975],[108.786523,2.885645],[108.838867,2.853027]],[[107.194922,10.445703],[107.07793,10.3875],[107.083789,10.336572],[107.167676,10.397168],[107.194922,10.445703]],[[106.658594,8.766357],[106.567969,8.700928],[106.652539,8.701123],[106.658594,8.766357]],[[106.22373,3.22959],[106.214551,3.128564],[106.283691,3.088232],[106.271191,3.216309],[106.22373,3.22959]],[[105.718555,2.85918],[105.836719,2.976514],[105.692187,3.0625],[105.706152,2.888867],[105.718555,2.85918]],[[104.499219,0.23208],[104.603516,0.095215],[104.698145,0.034668],[104.543848,0.223291],[104.499219,0.23208]],[[104.122754,0.943994],[104.176758,0.804883],[104.239355,0.833984],[104.227051,0.879883],[104.122754,0.943994]],[[104.223242,2.774219],[104.184766,2.871729],[104.129102,2.767236],[104.223242,2.774219]],[[103.751953,0.891357],[103.742383,0.82998],[103.833984,0.772217],[103.806641,0.846338],[103.751953,0.891357]],[[103.429688,0.650879],[103.497461,0.722705],[103.386133,0.86958],[103.344434,0.777881],[103.429688,0.650879]],[[103.238184,0.698633],[103.187402,0.699756],[103.139551,0.549072],[103.284473,0.541943],[103.238184,0.698633]]],[[[120.228352,12.219565],[120.22833857384492,12.219544840752484],[120.2283176537186,12.219595371620667],[120.228352,12.219565]]],[[[117.028547,7.807379],[117.0283863756576,7.80761767570056],[117.0605696292535,7.854977234227966],[117.028547,7.807379]]],[[[103.374962,1.130371],[103.379716,1.133523],[103.36357836666005,1.1228789360716613],[103.374962,1.130371]]],[[[103.405141,1.072648],[103.41464927858358,1.0601381891500432],[103.39281871080455,1.10215121946012],[103.405141,1.072648]]],[[[104.024793,1.1806],[104.088303,1.137244],[104.13959647653083,1.165439397728399],[104.088086,1.137012],[104.024793,1.1806]]]]}},{"type":"Feature","properties":{"_manaName":"Mar Arábigo","name":"Arabian Sea","_manaColor":"#4f9fca","_manaFillOpacity":0.9,"_manaWeight":0.6,"_manaBorderColor":"#FFFFFF","_manaGroupName":"Océanos y mares","_manaGroupId":"oceanos-y-mares","_manaLabelStyle":{"enabled":true,"fontSize":11,"fontFamily":"DM Sans, sans-serif","fontWeight":"600","color":"#0e2a3a","haloWidth":3,"haloColor":"#FFFFFF","placement":"point","field":"_manaName"},"Tipo":"Mar o golfo","Dato":"Mar/golfo del mundo","Description":"Mar Arábigo — mar o golfo"},"geometry":{"type":"Polygon","coordinates":[[[51.388061817699054,10.408768541993767],[51.192772,10.554808],[51.03191222344249,10.444748644701635],[51.267393,11.830622],[51.261083220640764,15.209194409556575],[52.217774,15.655453],[52.327845,16.293631],[54.068256,17.005345],[55.064164,17.038702],[55.479022,17.84302],[56.383496,17.987988],[56.825977,18.753516],[57.811621,19.01709],[58.950781,20.516162],[58.884375,20.680566],[58.64131,20.337519],[58.48101,20.41741],[58.895868,21.112743],[59.371484,21.498828],[61.533226,25.195258],[63.491143,25.210606],[63.556772,25.352949],[64.05948,25.402687],[64.658984,25.184082],[64.77666,25.307324],[66.467706,25.445036],[66.13118372899164,25.493263987313416],[66.428535,25.575209],[66.698441,25.226497],[66.703027,24.860938],[67.171487,24.75606],[67.309375,24.174805],[67.563086,23.881836],[68.115512,23.753279],[68.16511701413327,23.856952300413063],[68.234961,23.596973],[68.77675675571174,23.85209959623483],[68.41748,23.571484],[68.80226005904557,23.06516599359983],[69.008789,22.196777],[70.034375,21.178809],[72.6686042938744,19.835940809602977],[72.787891,19.362988],[72.98680861337553,19.277611988684118],[72.811349,19.298771],[72.802874,19.079146],[72.834655,18.975431],[72.97213067772306,19.15308047371001],[73.00553789379704,19.02100208093973],[72.875376,18.642583],[73.337364,16.459771],[73.67972,15.708886],[73.832631,15.659148],[73.949058,15.074946],[74.345933,14.556373],[71.657776,13.000085],[71.375726,12.400019],[72.328226,4.639252],[72.539893,0.970019],[73.12301,-0.680475],[51.388061817699054,10.408768541993767]],[[54.271447,12.446579],[54.511174,12.552955],[53.534852,12.715917],[53.315795,12.53337],[53.718848,12.318994],[54.271447,12.446579]]]}},{"type":"Feature","properties":{"_manaName":"Mar Caribe","name":"Caribbean Sea","_manaColor":"#4f9fca","_manaFillOpacity":0.9,"_manaWeight":0.6,"_manaBorderColor":"#FFFFFF","_manaGroupName":"Océanos y mares","_manaGroupId":"oceanos-y-mares","_manaLabelStyle":{"enabled":true,"fontSize":11,"fontFamily":"DM Sans, sans-serif","fontWeight":"600","color":"#0e2a3a","haloWidth":3,"haloColor":"#FFFFFF","placement":"point","field":"_manaName"},"Tipo":"Mar o golfo","Dato":"Mar/golfo del mundo","Description":"Mar Caribe — mar o golfo"},"geometry":{"type":"Polygon","coordinates":[[[-65.608057,18.397585],[-63.526324,18.715085],[-61.656774,18.080085],[-59.744901,14.966994],[-59.208861,12.822809],[-60.24549,11.377135],[-60.845557,10.248419],[-61.01325707515862,9.556354742516403],[-61.588867,9.894531],[-61.765918,9.813818],[-61.73613723492813,9.631598897000321],[-62.0771,9.975049],[-62.320351,9.783279],[-62.600488,10.217285],[-62.74035810075277,10.05636063219135],[-62.68584,10.289795],[-62.91348324764483,10.531506990490247],[-61.879551,10.741076],[-64.29837,10.635243],[-63.731885,10.503418],[-65.12915884938342,10.070083789901824],[-65.85196197361469,10.257947863431685],[-66.247217,10.632227],[-68.140125,10.4929],[-68.398352,11.161231],[-68.827979,11.431738],[-69.631592,11.479932],[-70.003955,12.177881],[-70.286523,11.886035],[-70.192578,11.624609],[-69.817593,11.671872],[-69.804785,11.474219],[-70.096982,11.520021],[-71.469637,10.964396],[-71.598234,10.724669],[-71.95693438260774,11.56980825058951],[-71.414602,11.754968],[-71.137305,12.046338],[-71.262208,12.335449],[-71.597175,12.434409],[-73.313379,11.295752],[-74.142988,11.321041],[-74.400699,10.765416],[-74.51604,10.862257],[-74.330225,10.99668],[-74.921582,11.057568],[-75.445996,10.610889],[-75.708267,10.143645],[-75.538574,10.205176],[-75.639486,9.450431],[-76.027344,9.365785],[-76.276855,8.989111],[-76.920596,8.573611],[-77.261377,8.493694],[-77.830748,9.068387],[-78.504376,9.406506],[-79.57754,9.598071],[-81.062902,8.812796],[-81.545508,8.827084],[-81.894482,9.14043],[-81.780455,8.957257],[-82.077853,8.935036],[-82.370801,9.428564],[-83.346793,10.315624],[-83.867871,11.300049],[-83.651581,11.642235],[-83.82878860984302,11.86095381632936],[-83.593359,12.713086],[-83.51084,12.411646],[-83.49375,13.738818],[-83.187501,14.339952],[-83.413456,14.825194],[-83.157348,14.992935],[-83.646284,15.368649],[-83.49815392279307,15.222104251686947],[-84.09501718400831,15.400924418431877],[-83.972802,15.519441],[-83.765283,15.405469],[-84.261182,15.822652],[-84.97373,15.989893],[-85.483691,15.899512],[-85.985728,16.024268],[-86.356641,15.783203],[-86.90705471948131,15.762390572159433],[-88.288662,17.312794],[-88.085254,18.226123],[-88.348995,18.358957],[-88.073779,18.834473],[-87.881982,18.273877],[-87.761614,18.446265],[-87.501074,19.287793],[-87.658442,19.352204],[-87.424555,19.583456],[-87.687536,19.63689],[-86.771546,21.150311],[-87.016569,21.573128],[-84.560156,21.932951],[-84.502588,21.776172],[-84.030989,21.943002],[-83.900816,22.170017],[-83.379582,22.222933],[-82.73823439496039,22.689131788096077],[-81.789989,22.65686],[-81.7106083933041,22.496515765186224],[-82.077853,22.387497],[-81.816448,22.20017],[-81.28462,22.109168],[-81.1855432848219,22.26775956534648],[-81.035645,22.073584],[-80.48544717543763,22.123333755711933],[-80.231583,21.872102],[-79.357422,21.585156],[-78.727695,21.592687],[-78.49063,21.05347],[-78.116492,20.761911],[-77.22959,20.64375],[-77.107924,20.491514],[-77.715088,19.855469],[-76.158447,19.989746],[-75.290748,19.893024],[-75.1516010536774,20.00833172894299],[-75.116406,19.901416],[-74.149861,20.182463],[-73.36934,19.824759],[-73.396341,19.658594],[-72.703223,19.441064],[-72.811084,19.071582],[-72.376074,18.574463],[-72.789355,18.434814],[-74.3875,18.624707],[-74.459971,18.392831],[-73.884961,18.041895],[-73.514861,18.245192],[-72.059863,18.228564],[-71.438941,17.635591],[-71.069971,18.250342],[-70.758838,18.345605],[-70.480111,18.217131],[-69.274512,18.439844],[-68.687402,18.214941],[-68.349673,18.572743],[-67.195557,18.432519],[-67.142383,17.966699],[-66.24502,17.947266],[-65.834012,18.057348],[-65.608057,18.397585]],[[-59.61155,13.102224],[-59.427401,13.153022],[-59.591602,13.317676],[-59.64668,13.303125],[-59.61155,13.102224]],[[-61.141353,14.652155],[-61.011328,14.601904],[-61.06358,14.466947],[-60.836565,14.43731],[-60.927051,14.755327],[-61.127607,14.875449],[-61.141353,14.652155]],[[-60.908008,14.093352],[-61.073145,13.865576],[-60.951416,13.717578],[-60.895215,13.821973],[-60.908008,14.093352]],[[-61.65096,10.717796],[-61.478438,10.603487],[-61.499316,10.268555],[-61.906009,10.069024],[-61.012239,10.13411],[-60.917627,10.840234],[-61.65096,10.717796]],[[-61.500659,16.360294],[-61.522363,16.228002],[-61.172591,16.256062],[-61.471049,16.506874],[-61.500659,16.360294]],[[-61.281603,15.249044],[-61.277246,15.526709],[-61.458336,15.633232],[-61.375391,15.227295],[-61.281603,15.249044]],[[-61.748318,16.355539],[-61.759429,16.061836],[-61.67052,15.961843],[-61.552344,16.270898],[-61.748318,16.355539]],[[-64.007328,11.068627],[-64.249756,11.080322],[-64.402627,10.981836],[-63.826874,10.976023],[-63.893115,11.167236],[-64.007328,11.068627]],[[-68.995266,12.141791],[-68.751074,12.059766],[-69.158771,12.380433],[-69.154016,12.298423],[-68.995266,12.141791]],[[-72.89139458877112,18.72979194830954],[-72.919032,18.861666],[-73.276416,18.954053],[-72.89139458877112,18.72979194830954]],[[-78.03662331304425,18.456269473711153],[-78.339502,18.287207],[-77.768323,17.87741],[-77.20498,17.714941],[-76.853223,17.97373],[-76.210791,17.913525],[-76.349624,18.152045],[-76.908203,18.39043],[-78.03662331304425,18.456269473711153]],[[-82.97371881823034,21.592177968519042],[-83.183806,21.59323],[-82.959619,21.441309],[-82.561768,21.57168],[-82.714551,21.890283],[-82.991182,21.943002],[-82.97371881823034,21.592177968519042]],[[-86.991145,20.27189],[-86.808598,20.468208],[-86.763281,20.579053],[-86.977915,20.489912],[-86.991145,20.27189]],[[-60.810645,11.168604],[-60.546484,11.263721],[-60.525488,11.325391],[-60.708936,11.277246],[-60.810645,11.168604]],[[-61.203906,13.142285],[-61.134521,13.202881],[-61.138965,13.35874],[-61.268457,13.287695],[-61.203906,13.142285]],[[-61.25,16.006299],[-61.318408,15.954883],[-61.310742,15.894678],[-61.203418,15.92124],[-61.25,16.006299]],[[-61.78208,12.008203],[-61.6271,12.054199],[-61.606787,12.223389],[-61.715039,12.185059],[-61.78208,12.008203]],[[-61.817285,17.168945],[-61.882031,17.063135],[-61.748145,16.997168],[-61.686035,17.098438],[-61.817285,17.168945]],[[-61.86875,17.685449],[-61.843799,17.596143],[-61.762012,17.548682],[-61.749609,17.661328],[-61.86875,17.685449]],[[-62.175781,16.80957],[-62.221631,16.699512],[-62.154248,16.681201],[-62.148437,16.740332],[-62.175781,16.80957]],[[-62.582422,17.100586],[-62.53418,17.170117],[-62.615283,17.199121],[-62.624902,17.12959],[-62.582422,17.100586]],[[-62.656494,17.224414],[-62.713721,17.353271],[-62.827051,17.386426],[-62.838916,17.339258],[-62.656494,17.224414]],[[-63.16001,18.171387],[-63.001221,18.221777],[-62.97959,18.264795],[-63.026025,18.269727],[-63.16001,18.171387]],[[-63.11499,18.090723],[-63.124707,18.064307],[-63.023047,18.019189],[-63.009424,18.104297],[-63.11499,18.090723]],[[-64.438037,18.458984],[-64.395215,18.4646],[-64.324658,18.51748],[-64.426074,18.513086],[-64.438037,18.458984]],[[-64.671826,18.399121],[-64.593652,18.402832],[-64.545166,18.438135],[-64.650977,18.442529],[-64.671826,18.399121]],[[-64.889111,17.701709],[-64.686279,17.706104],[-64.580469,17.750195],[-64.765625,17.794336],[-64.889111,17.701709]],[[-64.725977,18.327881],[-64.659814,18.354346],[-64.787695,18.341113],[-64.725977,18.327881]],[[-64.919971,18.321289],[-64.84502,18.330078],[-65.023633,18.367578],[-64.919971,18.321289]],[[-65.302344,10.973828],[-65.383203,10.973828],[-65.414648,10.937891],[-65.2125,10.906445],[-65.302344,10.973828]],[[-65.504004,18.099512],[-65.425586,18.105615],[-65.294873,18.13335],[-65.572217,18.137305],[-65.504004,18.099512]],[[-68.254346,12.03208],[-68.219482,12.23125],[-68.369238,12.301953],[-68.287256,12.171729],[-68.254346,12.03208]],[[-69.895703,12.422998],[-69.973145,12.567627],[-70.035107,12.614111],[-70.066113,12.546973],[-69.895703,12.422998]],[[-81.284814,19.362549],[-81.404785,19.278418],[-81.107129,19.305176],[-81.284814,19.362549]],[[-82.244434,9.334082],[-82.259424,9.430273],[-82.321729,9.418115],[-82.244434,9.334082]],[[-85.947217,16.403613],[-85.870947,16.461523],[-85.833789,16.510889],[-85.924219,16.483301],[-85.947217,16.403613]],[[-86.419922,16.378369],[-86.255518,16.428223],[-86.63042,16.301758],[-86.419922,16.378369]],[[-86.739062,21.27998],[-86.736377,21.233301],[-86.696289,21.191016],[-86.714014,21.239307],[-86.739062,21.27998]],[[-87.92998,17.283008],[-87.798145,17.47959],[-87.826416,17.546289],[-87.902832,17.426465],[-87.92998,17.283008]],[[-87.89834,18.154932],[-87.959033,17.964014],[-87.998096,17.906348],[-87.950586,17.924951],[-87.848535,18.140381],[-87.89834,18.154932]]]}},{"type":"Feature","properties":{"_manaName":"Golfo de México","name":"Gulf of Mexico","_manaColor":"#4f9fca","_manaFillOpacity":0.9,"_manaWeight":0.6,"_manaBorderColor":"#FFFFFF","_manaGroupName":"Océanos y mares","_manaGroupId":"oceanos-y-mares","_manaLabelStyle":{"enabled":true,"fontSize":11,"fontFamily":"DM Sans, sans-serif","fontWeight":"600","color":"#0e2a3a","haloWidth":3,"haloColor":"#FFFFFF","placement":"point","field":"_manaName"},"Tipo":"Mar o golfo","Dato":"Mar/golfo del mundo","Description":"Golfo de México — mar o golfo"},"geometry":{"type":"Polygon","coordinates":[[[-84.88719,21.867864],[-87.368506,21.57373],[-87.188281,21.546436],[-87.250974,21.447167],[-88.466699,21.569385],[-89.819775,21.274609],[-90.352955,21.009545],[-97.19496083773191,20.800000343225737],[-97.75373496492904,22.02639063231596],[-97.38345846055813,21.566706160870712],[-97.409398,21.272552],[-97.314502,21.564209],[-97.763281,22.105859],[-97.857587,22.624562],[-97.667625,24.389881],[-97.140034,26.029755],[-97.435059,26.48584],[-97.485052,27.23733],[-97.7682914549063,27.45714927421652],[-97.439111,27.328271],[-97.288721,27.670605],[-97.431471129436,27.837225667626292],[-97.072829,27.986096],[-97.156441,28.144303],[-96.839502,28.194385],[-96.77336145982048,28.421487546452543],[-96.421094,28.457324],[-96.6399417695767,28.708833702013084],[-96.01130773867922,28.631908518270972],[-96.234637,28.488804],[-95.853653,28.640138],[-94.888281,29.370557],[-95.02282229409553,29.702174462675682],[-94.7419083753184,29.749813409249377],[-94.77837,29.547654],[-94.52672762368144,29.548064042698744],[-94.759844,29.38415],[-93.890479,29.689355],[-93.84137471525028,29.97973178793058],[-93.826412,29.72493],[-93.175522,29.778906],[-92.26059,29.556646],[-91.89330016764956,29.835995804508894],[-91.514209,29.555371],[-91.24885688702048,29.564060494522764],[-91.150942,29.318004],[-91.290107,29.28891],[-90.750889,29.130677],[-90.50249,29.299756],[-90.135991,29.135974],[-90.052344,29.431396],[-90.15908843285195,29.537034676695047],[-89.44332,29.194187],[-89.376123,28.981348],[-89.015723,29.202881],[-89.674573,29.538662],[-89.357589,29.921249],[-89.494635,30.058295],[-89.743799,29.929834],[-89.728006,30.204875],[-88.905162,30.414966],[-88.135449,30.366602],[-88.011328,30.694189],[-87.790283,30.291797],[-88.006096,30.230817],[-87.281055,30.339258],[-86.997559,30.570312],[-86.98587135201319,30.43083909717179],[-87.201235,30.339285],[-86.257373,30.493018],[-86.12389395198969,30.405980990337884],[-86.454588,30.399101],[-85.755561,30.166789],[-85.6038118876027,30.286737451566687],[-85.675781,30.121924],[-85.318999,29.679946],[-84.044238,30.103809],[-82.651461,28.887255],[-82.843542,27.845872],[-82.660995,27.718334],[-82.635937,27.981201],[-82.400624,27.835278],[-82.7146,27.499609],[-82.290036,26.870608],[-82.01331156032882,26.961572688165422],[-82.039741,26.552049],[-81.82877433803277,26.68690993033569],[-81.958936,26.489941],[-81.715479,25.983154],[-81.365054,25.830801],[-80.940661,25.264065],[-81.136035,25.309668],[-81.110498,25.138037],[-80.484513,25.229649],[-80.32975212252481,25.42216651421861],[-80.31889,25.417519],[-79.895557,24.959252],[-80.424724,24.465019],[-81.800557,24.077135],[-82.999657,24.218419],[-83.03302396859685,23.000082242090482],[-84.044922,22.666016],[-84.361279,22.378906],[-84.326367,22.074316],[-84.88719,21.867864]],[[-97.184502,26.112851],[-97.35119109640142,26.80136430230403],[-97.386117,27.196583],[-97.4021,26.820508],[-97.184502,26.112851]],[[-80.25708,25.347607],[-80.35127,25.296973],[-80.580566,24.954248],[-80.381836,25.142285],[-80.25708,25.347607]],[[-80.625684,24.941113],[-80.665137,24.898438],[-80.638281,24.903174],[-80.625684,24.941113]],[[-80.799414,24.846289],[-80.838867,24.817871],[-80.84834,24.803662],[-80.786768,24.821045],[-80.799414,24.846289]],[[-81.08999,24.693115],[-80.988916,24.727881],[-80.930469,24.759473],[-81.137354,24.710498],[-81.08999,24.693115]],[[-81.364795,24.629932],[-81.322314,24.685059],[-81.420068,24.75],[-81.379053,24.636279],[-81.364795,24.629932]],[[-81.531641,24.64248],[-81.562305,24.68916],[-81.631494,24.590039],[-81.532227,24.61416],[-81.531641,24.64248]],[[-81.767676,24.576709],[-81.811426,24.557813],[-81.809229,24.542334],[-81.739746,24.554492],[-81.767676,24.576709]],[[-82.201367,26.548047],[-82.144971,26.44668],[-82.037207,26.453613],[-82.116064,26.460938],[-82.201367,26.548047]],[[-82.085205,26.493604],[-82.121143,26.665527],[-82.169141,26.700732],[-82.135596,26.591992],[-82.085205,26.493604]],[[-84.737158,29.732422],[-85.000537,29.627197],[-85.116748,29.632812],[-85.008252,29.606641],[-84.737158,29.732422]],[[-88.159326,30.230908],[-88.071338,30.252344],[-88.31626,30.24043],[-88.289746,30.23291],[-88.159326,30.230908]],[[-88.722852,30.264258],[-88.659229,30.225586],[-88.558105,30.215918],[-88.573975,30.22915],[-88.722852,30.264258]],[[-88.812598,29.93335],[-88.866895,30.056738],[-88.855664,29.775879],[-88.827441,29.807715],[-88.812598,29.93335]],[[-88.889307,29.712598],[-88.872656,29.752979],[-88.943604,29.660254],[-88.889307,29.712598]],[[-89.223975,30.084082],[-89.184668,30.168652],[-89.341992,30.062842],[-89.220459,30.037598],[-89.223975,30.084082]],[[-91.761914,29.539014],[-91.875244,29.640967],[-92.006641,29.610303],[-91.830859,29.486475],[-91.761914,29.539014]],[[-94.767627,29.339063],[-94.825977,29.341309],[-95.089648,29.136328],[-94.864941,29.252881],[-94.767627,29.339063]],[[-96.403564,28.381592],[-96.755615,28.202441],[-96.801123,28.148438],[-96.41333,28.337793],[-96.403564,28.381592]],[[-96.857422,28.13291],[-96.978662,28.013867],[-97.036035,27.89917],[-96.839746,28.088818],[-96.857422,28.13291]],[[-97.060547,27.822021],[-97.29502,27.523096],[-97.384814,27.242529],[-97.250879,27.541211],[-97.060547,27.822021]]]}},{"type":"Feature","properties":{"_manaName":"Mar de Labrador","name":"Labrador Sea","_manaColor":"#4f9fca","_manaFillOpacity":0.9,"_manaWeight":0.6,"_manaBorderColor":"#FFFFFF","_manaGroupName":"Océanos y mares","_manaGroupId":"oceanos-y-mares","_manaLabelStyle":{"enabled":true,"fontSize":11,"fontFamily":"DM Sans, sans-serif","fontWeight":"600","color":"#0e2a3a","haloWidth":3,"haloColor":"#FFFFFF","placement":"point","field":"_manaName"},"Tipo":"Mar o golfo","Dato":"Mar/golfo del mundo","Description":"Mar de Labrador — mar o golfo"},"geometry":{"type":"Polygon","coordinates":[[[-43.947157,59.778419],[-52.74287567936937,47.767501285850756],[-53.122385,47.455192],[-53.153598,47.73458],[-52.883301,48.131152],[-53.672171,47.648332],[-53.863672,47.787012],[-53.638232,48.014648],[-53.86918064613469,48.019759411148726],[-53.135614,48.401878],[-53.042676,48.656641],[-54.11432475866847,48.393538339935596],[-53.706348,48.655518],[-53.965874,48.706666],[-53.852625,48.81144],[-54.16103091159205,48.78768323561211],[-53.573236,49.141109],[-53.619254,49.321563],[-53.957715,49.441846],[-54.448390481570634,49.32956292554818],[-54.50243,49.527416],[-55.353174,49.079443],[-55.229517,49.508348],[-55.343848,49.3729],[-55.376098,49.489848],[-56.086899245971814,49.45199598383564],[-55.869814,49.670276],[-56.13996594936283,49.61917098110287],[-55.50293,49.983154],[-56.161289113922834,49.94019716397417],[-56.179395,50.11499],[-56.82208656274432,49.61379598700757],[-56.732324,50.007715],[-55.8,51.033301],[-56.03114272769015,51.328168427902334],[-55.583398,51.388574],[-55.274072,51.995166],[-55.39501917159478,51.942460687626586],[-56.00469872910905,52.370613078970784],[-55.746484,52.474561],[-56.32470572622167,52.5447075311193],[-55.802609,52.643144],[-55.797829,53.211998],[-55.966113,53.471284],[-56.46499,53.765039],[-57.33180956659935,53.4692123258267],[-57.527155,53.599881],[-57.148806,53.847515],[-57.572656,54.436497],[-57.404398,54.590983],[-57.962451,54.875732],[-58.780176,54.838379],[-58.997119,55.149463],[-59.259659,55.200068],[-59.837793,54.813965],[-59.437891,55.175928],[-59.758647,55.309622],[-60.616912780865476,55.060366062704894],[-60.192383,55.480908],[-60.408301,55.649561],[-60.341016,55.784668],[-61.449344,55.995936],[-61.301123,56.047168],[-61.364673,56.216052],[-61.71286389670059,56.23092372734664],[-61.425293,56.360645],[-61.94043,56.423584],[-61.737725,56.526162],[-62.49702818709333,56.801816468513024],[-61.371546,56.680675],[-61.33374,57.010596],[-61.97742976294007,57.247942231131084],[-61.921357,57.420992],[-62.495419123328176,57.48919592367114],[-61.967969,57.611914],[-61.899072,57.861328],[-62.48623,58.154053],[-63.261523,58.014697],[-62.811949,58.200427],[-62.607698,58.496249],[-63.536843164742955,58.330083409151044],[-62.873857,58.672466],[-62.926074,58.765039],[-63.282129,58.867383],[-63.248437,59.068311],[-63.941176787331166,59.02753398178179],[-63.415137,59.194385],[-63.945459,59.380176],[-63.75016,59.512776],[-64.056055,59.822559],[-64.22610231929718,59.741605929031834],[-64.283564,60.064164],[-64.76813802820251,60.01225380797005],[-64.41958,60.171387],[-64.428026,60.324535],[-45.379085,60.202811],[-44.61337,60.016544],[-44.224365,60.273535],[-44.412939,59.922607],[-44.065867707773656,59.92477265615283],[-43.947157,59.778419]],[[-61.937764,57.554317],[-62.011326,57.548503],[-61.6375,57.416064],[-61.659521,57.524951],[-61.937764,57.554317]],[[-54.199365,49.688525],[-54.286133,49.595361],[-53.980664,49.661963],[-54.137695,49.751172],[-54.199365,49.688525]],[[-54.55918,49.631494],[-54.733105,49.562158],[-54.863574,49.576074],[-54.786523,49.496143],[-54.55918,49.631494]],[[-55.569678,50.708691],[-55.503809,50.742139],[-55.469287,50.796387],[-55.604492,50.780713],[-55.569678,50.708691]],[[-61.048535,56.129248],[-61.157568,56.118359],[-61.191309,56.047852],[-60.982715,56.015137],[-61.048535,56.129248]]]}},{"type":"Feature","properties":{"_manaName":"Bahía de Hudson","name":"Hudson Bay","_manaColor":"#4f9fca","_manaFillOpacity":0.9,"_manaWeight":0.6,"_manaBorderColor":"#FFFFFF","_manaGroupName":"Océanos y mares","_manaGroupId":"oceanos-y-mares","_manaLabelStyle":{"enabled":true,"fontSize":11,"fontFamily":"DM Sans, sans-serif","fontWeight":"600","color":"#0e2a3a","haloWidth":3,"haloColor":"#FFFFFF","placement":"point","field":"_manaName"},"Tipo":"Mar o golfo","Dato":"Mar/golfo del mundo","Description":"Bahía de Hudson — mar o golfo"},"geometry":{"type":"Polygon","coordinates":[[[-85.813749,65.83208],[-86.074609,65.533838],[-86.374268,64.56582],[-86.2521,64.136865],[-86.932031,63.90166],[-87.177148,63.595117],[-85.76879,63.700066],[-85.495732,63.13917],[-85.238022,63.13917],[-84.554342,63.349777],[-83.72832,63.813315],[-83.583594,64.058105],[-83.06526,64.158875],[-83.033887,64.023242],[-82.46729420983446,63.92701900034307],[-82.378125,63.706787],[-80.97871457771537,63.47287263229396],[-78.128662,62.289325],[-78.021387,61.83208],[-77.51445629722843,61.55633758399617],[-78.181579,60.819285],[-77.603216,60.825125],[-77.79106,60.639916],[-77.50379763116094,60.542636105987576],[-77.681532,60.42719],[-77.45295206640591,60.14569807249003],[-77.585889,60.088184],[-77.289411,60.021841],[-77.485303,59.68457],[-77.34921053303518,59.578926724804596],[-77.726172,59.675879],[-77.859033,59.475781],[-77.760907,59.379942],[-78.430518,58.901758],[-78.515088,58.682373],[-77.156787,58.018896],[-76.809983,57.658031],[-76.519629,56.706982],[-76.761846,55.996479],[-77.89108,55.236577],[-79.652748184666,54.70057051995425],[-82.22277473833506,54.83338150972807],[-82.577383,55.148753],[-83.910351,55.314893],[-85.060746,55.285799],[-85.36498575482987,55.07958123338326],[-85.218018,55.348975],[-85.676703,55.60118],[-87.482226,56.021335],[-88.948486,56.851318],[-90.897469,57.256945],[-92.7981564193436,56.92199006181116],[-92.43257,57.320455],[-93.17876,58.725635],[-94.123193,58.736719],[-94.33222726391364,58.29739125093941],[-94.287061,58.716016],[-94.95713682036379,59.06881672057261],[-94.788281,59.267871],[-94.64662,60.416597],[-94.7613854102562,60.49811964751326],[-94.509375,60.604541],[-93.91266,61.48126],[-93.312051,61.767031],[-93.581787,61.942041],[-93.333212,61.932654],[-92.905518,62.215137],[-93.20511030098722,62.36495075164191],[-92.527979,62.168408],[-92.76796259091604,62.379883866942016],[-92.55145966055967,62.5465515902863],[-91.935701,62.59251],[-92.361279,62.819385],[-91.448975,62.804053],[-90.698489,63.064006],[-90.711202,63.30425],[-90.969971,63.442898],[-91.841846,63.697559],[-92.46486674746464,63.55508797002088],[-92.156885,63.691699],[-93.378516,63.948486],[-93.27023278319115,63.84086864754388],[-93.559814,63.865283],[-93.69608363153144,64.14705509245239],[-92.338428,63.787646],[-90.945654,63.587842],[-90.245313,63.641895],[-90.013234,63.804323],[-90.16808444234631,63.97876975807074],[-89.855543,63.956717],[-90.04165,64.140869],[-89.131634,63.968344],[-89.2005608998899,64.11372830581398],[-88.817829,63.992167],[-88.105573,64.183214],[-87.002686,65.108594],[-87.678028,65.335211],[-87.19382,65.382831],[-86.04284029880047,66.022585],[-85.71639,65.916752],[-85.813749,65.83208]],[[-78.91378535756675,56.132974331631246],[-78.710156,56.212891],[-78.668965,56.438855],[-78.799655,56.383277],[-78.91378535756675,56.132974331631246]],[[-79.305541,56.463195],[-79.53627362388251,56.18009960772424],[-79.458995,56.539934],[-80.008252,55.911035],[-79.544726,56.128228],[-79.764867,55.807033],[-79.494987,55.874755],[-79.182129,56.212158],[-79.175368,55.884806],[-78.906548,56.320309],[-79.272412,56.600439],[-79.305541,56.463195]],[[-79.6495,62.398336],[-80.178564,62.212793],[-80.265186,61.818213],[-79.668542,61.644274],[-79.272021,62.185986],[-79.6495,62.398336]],[[-79.579659,56.466373],[-80.005078,56.31792],[-80.088867,56.213867],[-79.688128,56.326666],[-79.579659,56.466373]],[[-82.965783,62.874044],[-83.376416,62.904932],[-83.903125,62.40249],[-83.698684,62.160211],[-83.01582,62.209912],[-82.113721,62.652246],[-81.948584,62.884033],[-82.965783,62.874044]],[[-78.668896,60.716895],[-78.372461,60.756396],[-78.241699,60.818652],[-78.612012,60.772314],[-78.668896,60.716895]],[[-79.550732,56.733496],[-79.577393,56.644922],[-79.48457,56.686523],[-79.550732,56.733496]],[[-79.808447,57.442432],[-79.716504,57.515527],[-79.726709,57.60459],[-79.81084,57.559277],[-79.808447,57.442432]],[[-79.894482,56.757129],[-79.83501,56.816016],[-79.860547,56.863525],[-79.945703,56.826904],[-79.894482,56.757129]],[[-80.16709,59.763867],[-80.064209,59.770801],[-79.898633,59.853125],[-80.041162,59.870166],[-80.16709,59.763867]],[[-80.317236,59.621045],[-80.240527,59.644922],[-80.167236,59.708887],[-80.298975,59.67417],[-80.317236,59.621045]],[[-93.075781,61.93501],[-93.19668,61.918555],[-92.999951,61.86748],[-93.075781,61.93501]]]}},{"type":"Feature","properties":{"_manaName":"Mar Caspio","name":"Caspian Sea","_manaColor":"#4f9fca","_manaFillOpacity":0.9,"_manaWeight":0.6,"_manaBorderColor":"#FFFFFF","_manaGroupName":"Océanos y mares","_manaGroupId":"oceanos-y-mares","_manaLabelStyle":{"enabled":true,"fontSize":11,"fontFamily":"DM Sans, sans-serif","fontWeight":"600","color":"#0e2a3a","haloWidth":3,"haloColor":"#FFFFFF","placement":"point","field":"_manaName"},"Tipo":"Mar o golfo","Dato":"Mar/golfo del mundo","Description":"Mar Caspio — mar o golfo"},"geometry":{"type":"Polygon","coordinates":[[[52.901453,41.100437],[52.733691,40.39873],[52.804688,40.054004],[53.035347,39.774317],[52.987701,39.987585],[53.454297,39.940869],[53.60305537116933,39.54696399898477],[53.235645,39.608545],[53.156528,39.264735],[53.70459,39.20957],[53.868652,38.949268],[53.823258,37.928073],[54.016211,36.849658],[53.67974559326174,36.85317312391037],[53.91543,36.930322],[53.767676,36.930322],[51.762143,36.61469],[50.927441,36.810205],[50.130201,37.407381],[49.08087248409047,37.667717727818975],[48.870795,38.39267],[48.96172278358217,39.07876403695161],[49.165557,39.030331],[49.36291,39.349407],[49.551322,40.193955],[50.365918,40.279492],[50.18252,40.504785],[49.456738,40.799854],[47.463232,43.035048],[47.646484,43.884619],[47.46273456962775,43.555420090757934],[47.307031,44.103125],[46.707227,44.50332],[47.35127,45.217725],[47.46333546514995,45.67971473571653],[47.633301,45.584033],[48.48712272799748,45.934879019265296],[48.729512,45.896785],[48.683691,46.086182],[49.245966,46.291542],[49.347562,46.519073],[51.178027,47.110156],[52.138281,46.828613],[52.483443,46.990569],[53.034738969445556,46.89274133264656],[53.17020071954166,46.66902006655048],[53.135254,46.19165],[52.773828,45.572754],[53.20018871427499,45.33211501924217],[51.415549,45.35811],[51.009166,44.922065],[51.543555,44.531006],[50.409616,44.62415],[50.25293,44.461523],[50.830762,44.192773],[51.301780585711015,43.48225824727897],[51.29541,43.174121],[51.616106,43.158348],[51.898156,42.869425],[52.596582,42.760156],[52.467526,41.885712],[52.901453,41.100437]],[[53.045898,38.897217],[53.100195,38.756152],[53.092187,39.094092],[53.018555,39.052734],[53.045898,38.897217]],[[52.59834,45.428174],[52.682422,45.411816],[52.65957,45.518066],[52.554297,45.473975],[52.59834,45.428174]],[[50.294922,45.075928],[50.256152,45.022412],[50.277246,44.958594],[50.349707,45.083008],[50.294922,45.075928]],[[50.109863,45.081934],[49.995117,44.936963],[50.14873,44.826465],[50.038867,44.949121],[50.109863,45.081934]],[[47.920313,45.562061],[47.967676,45.469971],[47.947168,45.64707],[47.920313,45.562061]]]}},{"type":"Feature","properties":{"_manaName":"Bahía de Baffin","name":"Baffin Bay","_manaColor":"#4f9fca","_manaFillOpacity":0.9,"_manaWeight":0.6,"_manaBorderColor":"#FFFFFF","_manaGroupName":"Océanos y mares","_manaGroupId":"oceanos-y-mares","_manaLabelStyle":{"enabled":true,"fontSize":11,"fontFamily":"DM Sans, sans-serif","fontWeight":"600","color":"#0e2a3a","haloWidth":3,"haloColor":"#FFFFFF","placement":"point","field":"_manaName"},"Tipo":"Mar o golfo","Dato":"Mar/golfo del mundo","Description":"Bahía de Baffin — mar o golfo"},"geometry":{"type":"Polygon","coordinates":[[[-72.714781,78.36222],[-72.570947,78.29873],[-72.818066,78.194336],[-72.653224,78.107755],[-72.494639,77.38538],[-71.602119,77.334372],[-70.613135,76.821826],[-69.69442882393899,76.9894044638335],[-69.888086,76.827051],[-68.1145834960859,76.65071568279974],[-69.484203,76.399006],[-69.373073,76.331827],[-66.73096,75.974097],[-57.191113,74.118213],[-56.298444,74.163277],[-55.838281,73.759717],[-56.104219,73.557914],[-55.288281,73.3271],[-55.668555,73.00791],[-54.73797550398866,72.87255679471403],[-54.92479405926437,72.57205420403122],[-55.601709,72.453467],[-55.29588441877132,72.3544848041845],[-55.635927,72.3006],[-55.581445,72.178857],[-54.84013700087865,72.35610404193568],[-55.315765,72.110663],[-55.667822,71.626758],[-55.336426,71.426758],[-54.780246278330246,71.37292015794712],[-54.531007,70.699354],[-54.2569152846914,70.52842997601647],[-54.27225575903024,70.31159934781456],[-54.830762,70.132959],[-54.322912830118476,69.941959244594],[-67.29372900834947,69.9706899981642],[-68.059174,70.31731],[-68.743912,69.941597],[-69.0081030600411,69.97907313572452],[-68.778223,70.203564],[-70.05771685047326,70.04264107327046],[-68.363444,70.481357],[-69.949805,70.84502],[-70.850528,70.643802],[-71.42940185428452,70.12786466155855],[-71.275954,70.5004],[-71.89013858254626,70.43155642265728],[-70.761618,70.791958],[-70.672709,71.05233],[-71.742695,71.047033],[-72.63240996297394,70.83076367492829],[-71.186528,71.278802],[-71.640557,71.51641],[-72.902082,71.677796],[-73.278338,71.538088],[-73.18066478805471,71.28314923463091],[-73.712782,71.587827],[-74.19700741361378,71.40430359226617],[-73.713299,71.719602],[-73.813861,71.771433],[-74.488086,71.648389],[-75.035156,71.23064],[-74.700732,71.675677],[-75.20470165227677,71.70902452071711],[-74.315723,71.842676],[-74.266357,72.037695],[-75.147888,72.063018],[-75.92257,71.717483],[-75.071484,72.322852],[-75.704297,72.571533],[-77.018472,72.726052],[-77.01372012674115,72.84400338777473],[-76.089794,72.881107],[-77.246546,73.508175],[-77.214274,73.660052],[-80.277627,74.581339],[-80.148926,74.795703],[-80.347754,74.902979],[-79.401324,74.917882],[-80.38181638928047,75.03429790962264],[-79.509082,75.259814],[-79.626219,75.420048],[-79.009745,75.799482],[-79.056641,75.985156],[-78.845156,76.106388],[-79.01344,76.147135],[-78.118611,76.644004],[-77.998489,76.851976],[-78.288867,76.977979],[-79.22087,76.936131],[-79.497266,77.196094],[-82.06597417599815,77.28370141492944],[-81.277734,77.365186],[-81.659082,77.525439],[-80.573047,77.314795],[-78.493213,77.369385],[-78.076172,77.519043],[-78.012598,77.946045],[-75.969673,77.992862],[-75.193389,78.327829],[-76.373421,78.52097],[-74.53856742267857,78.64741358064325],[-72.714781,78.36222]],[[-55.36866379624552,72.79971866176612],[-55.993555,72.782275],[-56.214832,72.719205],[-55.566603,72.56415],[-55.016791,72.791164],[-55.36866379624552,72.79971866176612]]]}},{"type":"Feature","properties":{"_manaName":"Golfo de Alaska","name":"Gulf of Alaska","_manaColor":"#4f9fca","_manaFillOpacity":0.9,"_manaWeight":0.6,"_manaBorderColor":"#FFFFFF","_manaGroupName":"Océanos y mares","_manaGroupId":"oceanos-y-mares","_manaLabelStyle":{"enabled":true,"fontSize":11,"fontFamily":"DM Sans, sans-serif","fontWeight":"600","color":"#0e2a3a","haloWidth":3,"haloColor":"#FFFFFF","placement":"point","field":"_manaName"},"Tipo":"Mar o golfo","Dato":"Mar/golfo del mundo","Description":"Golfo de Alaska — mar o golfo"},"geometry":{"type":"Polygon","coordinates":[[[-162.517,54.048071],[-162.960978,54.300484],[-163.089032,54.686249],[-163.37885356736882,54.8154490116465],[-163.11965888305267,55.06458796310505],[-162.674174,54.996333],[-162.630249,55.246628],[-162.33291,55.050244],[-161.458789,55.62915],[-161.2021,55.543555],[-161.443861,55.51333],[-161.381934,55.371289],[-159.771147,55.840881],[-159.659668,55.625928],[-159.52300656122247,55.81009211579662],[-158.275635,56.19624],[-158.551945,56.31292],[-158.414382,56.435677],[-156.628961,57.009802],[-156.400488,57.204834],[-156.435889,57.359961],[-155.006885,58.016064],[-154.247194,58.159164],[-154.28890917299123,58.30418805599855],[-153.32852172894303,58.887315725052105],[-151.95869445679728,59.27772192457901],[-150.934521,59.249121],[-150.607373,59.563379],[-150.198047,59.566553],[-149.713867,59.91958],[-149.597917,59.770486],[-149.395264,60.105762],[-148.750879,59.947754],[-148.199346,60.166302],[-148.271875,60.053271],[-147.91437880093025,60.09229137612749],[-147.76818189027497,59.94364535600633],[-147.846338,59.798828],[-146.702849,60.404427],[-146.595439,60.26844],[-145.89127674902844,60.4821781035697],[-145.248183,60.380087],[-144.69127424392846,60.66894931299964],[-144.901563,60.335103],[-144.185498,60.150732],[-144.147217,60.016406],[-142.945654,60.096973],[-141.670166,59.969873],[-141.408547,60.117623],[-141.29001580734482,60.004298600256696],[-141.408547,59.902778],[-140.420054,59.710671],[-139.431445,60.012256],[-138.98823413204684,59.83504363503628],[-139.220801,59.819873],[-139.28666387488235,59.6109877123154],[-139.330957,59.877002],[-139.512538,59.953576],[-139.513037,59.698096],[-139.799342,59.546107],[-138.515054,59.16564],[-137.544028,58.580921],[-136.595249,58.244378],[-162.517,54.048071]],[[-151.997693,58.314219],[-152.6745,58.450748],[-152.841182,58.416357],[-152.7718653201404,58.27876845729934],[-153.381459,58.087204],[-152.781392,58.015761],[-152.268359,58.251709],[-152.109082,58.161133],[-151.997693,58.314219]],[[-153.225887,57.957548],[-153.21748,57.795752],[-153.487835,57.731076],[-153.904443,57.819873],[-153.6931546471973,57.66335784625524],[-153.838135,57.63584],[-153.68796168459477,57.3052075894175],[-154.116162,57.651221],[-154.535575,57.559639],[-154.705978,57.33526],[-154.338965,56.920898],[-154.184201,57.005048],[-154.381062,57.096619],[-154.24375,57.143018],[-153.793355911064,56.98960998331898],[-154.070978,56.820899],[-153.972705,56.774219],[-153.643407,56.960606],[-153.73223547598246,57.052256056122566],[-153.274566,57.226249],[-152.679053,57.345117],[-152.940771,57.498096],[-152.412207,57.454785],[-152.216211,57.577002],[-152.482418,57.703558],[-152.428959,57.825799],[-152.89084690617025,57.76919851221038],[-152.850174,57.896699],[-153.225887,57.957548]],[[-153.3745520734034,57.05212883519346],[-153.295211,57.000294],[-152.908398,57.152441],[-153.285205,57.185059],[-153.3745520734034,57.05212883519346]],[[-159.981754,55.197949],[-160.17207,55.123047],[-160.227294,54.922798],[-159.839404,55.182373],[-159.981754,55.197949]],[[-160.839531,55.335537],[-160.795089,55.145032],[-160.487549,55.184863],[-160.552783,55.380762],[-160.839531,55.335537]],[[-144.613574,59.812646],[-144.248975,59.982129],[-144.235742,60.015186],[-144.444922,59.950684],[-144.613574,59.812646]],[[-145.150488,60.312646],[-145.128125,60.401123],[-145.284277,60.336816],[-145.237646,60.321338],[-145.150488,60.312646]],[[-152.395508,58.619385],[-152.463184,58.618506],[-152.636621,58.541699],[-152.486084,58.48501],[-152.395508,58.619385]],[[-153.268555,57.822363],[-153.346973,57.932813],[-153.520068,57.955762],[-153.465039,57.909375],[-153.268555,57.822363]],[[-154.257813,56.512695],[-154.115967,56.543896],[-154.1104,56.60293],[-154.322217,56.570605],[-154.257813,56.512695]],[[-154.511182,56.521436],[-154.463379,56.598193],[-154.773926,56.420264],[-154.682813,56.435791],[-154.511182,56.521436]],[[-155.563916,55.88667],[-155.593945,55.924316],[-155.737354,55.829785],[-155.604883,55.789551],[-155.563916,55.88667]],[[-159.458496,55.034961],[-159.421338,54.978125],[-159.362012,54.972412],[-159.39043,55.040869],[-159.458496,55.034961]],[[-159.617725,55.057324],[-159.52041,55.072168],[-159.545068,55.225977],[-159.639648,55.123975],[-159.617725,55.057324]],[[-160.362305,55.356982],[-160.49292,55.352344],[-160.51748,55.333838],[-160.343311,55.258789],[-160.362305,55.356982]],[[-162.23374,54.932031],[-162.2646,54.983496],[-162.433887,54.931543],[-162.321924,54.842383],[-162.23374,54.932031]],[[-162.820557,54.494531],[-162.733105,54.402295],[-162.554395,54.401367],[-162.64541,54.462061],[-162.820557,54.494531]]]}},{"type":"Feature","properties":{"_manaName":"Mar Rojo","name":"Red Sea","_manaColor":"#4f9fca","_manaFillOpacity":0.9,"_manaWeight":0.6,"_manaBorderColor":"#FFFFFF","_manaGroupName":"Océanos y mares","_manaGroupId":"oceanos-y-mares","_manaLabelStyle":{"enabled":true,"fontSize":11,"fontFamily":"DM Sans, sans-serif","fontWeight":"600","color":"#0e2a3a","haloWidth":3,"haloColor":"#FFFFFF","placement":"point","field":"_manaName"},"Tipo":"Mar o golfo","Dato":"Mar/golfo del mundo","Description":"Mar Rojo — mar o golfo"},"geometry":{"type":"Polygon","coordinates":[[[43.300282,12.46141],[42.999164,12.899549],[42.796191,12.864258],[42.3992523074321,13.212821630450481],[42.245117,13.587646],[41.658264,13.983281],[41.176465,14.620313],[40.204102,15.014111],[39.86377,15.470313],[39.785547,15.124854],[39.298926,15.921094],[39.034651,17.085779],[38.574023,18.072949],[37.471491,18.820402],[37.193164,20.120703],[37.141279,20.98151],[37.258739,21.108505],[36.926953,21.586523],[36.87041,22.015771],[35.697852,22.946191],[35.504583,23.779221],[35.54080578529452,23.92061078642867],[35.783997,23.937971],[35.194141,24.475146],[33.959082,26.649023],[33.828199,27.221982],[34.388910391168864,27.999112905207458],[34.721943,28.130557],[35.180469,28.034863],[37.14872,25.291041],[37.180859,24.82002],[37.542908,24.291437],[37.919727,24.1854],[38.46416,23.711865],[39.062012,22.592188],[38.987891,21.881738],[39.275929,20.974095],[39.72832,20.390332],[40.75919540932226,19.75543573945517],[41.657747,18.007583],[42.293781,17.435034],[42.698614,16.737067],[42.839648,16.032031],[42.788477,15.265723],[42.657812,15.232813],[42.93617,14.938417],[43.089063,14.010986],[43.282247,13.692756],[43.231934,13.26709],[43.48892713441068,12.69924141833111],[43.300282,12.46141]],[[41.964137,16.653454],[42.157813,16.570703],[42.170481,16.708489],[41.94675846907185,16.74886228919757],[41.860422,17.002709],[41.776074,16.846875],[41.964137,16.653454]],[[40.03017915035729,15.718756913625946],[39.975195,15.612451],[40.399023,15.579883],[39.956738,15.889404],[40.03017915035729,15.718756913625946]],[[42.762109,14.06748],[42.694043,14.00791],[42.774219,13.950244],[42.79834,14.012256],[42.762109,14.06748]],[[42.78125,13.769287],[42.734961,13.752979],[42.689746,13.673633],[42.755859,13.704297],[42.78125,13.769287]],[[42.610449,15.332275],[42.624512,15.367969],[42.602344,15.43252],[42.558691,15.281201],[42.610449,15.332275]],[[40.048145,16.104492],[39.996094,16.042676],[40.110059,15.985742],[40.076465,16.082422],[40.048145,16.104492]],[[36.533594,25.688721],[36.530273,25.601563],[36.954785,25.414648],[36.533594,25.688721]],[[36.582715,25.855518],[36.543945,25.734277],[36.586133,25.699219],[36.595605,25.734863],[36.582715,25.855518]]]}},{"type":"Feature","properties":{"_manaName":"Mar de Ojotsk","name":"Sea of Okhotsk","_manaColor":"#4f9fca","_manaFillOpacity":0.9,"_manaWeight":0.6,"_manaBorderColor":"#FFFFFF","_manaGroupName":"Océanos y mares","_manaGroupId":"oceanos-y-mares","_manaLabelStyle":{"enabled":true,"fontSize":11,"fontFamily":"DM Sans, sans-serif","fontWeight":"600","color":"#0e2a3a","haloWidth":3,"haloColor":"#FFFFFF","placement":"point","field":"_manaName"},"Tipo":"Mar o golfo","Dato":"Mar/golfo del mundo","Description":"Mar de Ojotsk — mar o golfo"},"geometry":{"type":"Polygon","coordinates":[[[156.25406,50.217969],[153.55531,47.836719],[151.80906,46.566719],[149.42781,45.349635],[147.04656,43.815052],[146.167595,43.360506],[145.43615063888777,43.28222615107868],[145.101074,43.764551],[145.369531,44.327393],[144.715234,43.927979],[143.75923864037492,44.13160582471024],[141.94643641337055,45.50425051341468],[142.577685,46.700586],[143.28250757139168,46.558766411218336],[143.431845,46.02856],[143.580664,46.360693],[143.485795,46.751927],[143.217676,46.794873],[142.557118,47.737758],[142.574219,48.072168],[143.10498,49.198828],[144.04881,49.249061],[144.713989,48.64052],[143.816016,50.282617],[143.190625,51.944482],[143.324926,52.963279],[142.91804834357808,53.79410144014678],[142.976214,54.141192],[142.692773,54.416113],[142.55166,54.278955],[139.319693,54.193075],[138.695803,54.32007],[138.660742,53.744775],[138.450684,53.537012],[138.24981627151695,53.52419896467135],[138.569299,53.818937],[138.52793,53.959863],[137.950488,53.603564],[137.2215342006753,53.579227530437606],[137.834822,53.946475],[137.339258,54.100537],[137.666016,54.283301],[138.209476,55.033385],[138.217951,56.628818],[139.181641,57.261523],[140.446807,57.813629],[140.790234,58.303467],[142.580273,59.240137],[145.554299,59.413299],[146.049618,59.17042],[146.537207,59.456982],[147.514453,59.268555],[148.257422,59.414209],[148.726664,59.257727],[148.964789,59.369374],[148.74413,59.373611],[148.79707,59.532324],[149.20498,59.488184],[149.0654833385135,59.630626449786234],[149.642578,59.77041],[150.66681681092174,59.556232654604955],[150.483508,59.49425],[151.348158,59.560938],[152.26026760143606,59.22380910374209],[151.121143,59.08257],[151.326758,58.875098],[152.319726,59.030712],[152.817871,58.92627],[153.361133,59.214795],[154.010938,59.075537],[155.15976,59.189979],[156.814956,57.767585],[156.976758,57.466309],[155.98252,56.695215],[155.554883,55.348486],[156.110141,52.865921],[156.364647,52.50925],[156.543457,51.311621],[156.747754,50.969287],[157.136176,51.174164],[156.25406,50.217969]],[[156.16776,50.731787],[156.365732,50.633886],[156.4875,50.842969],[156.376465,50.862109],[156.16776,50.731787]],[[156.096912,50.772018],[155.6801463495361,50.40072817319776],[155.218359,50.297852],[155.242804,50.094669],[155.921212,50.302098],[156.096912,50.772018]],[[154.714722,49.267587],[154.830064,49.348022],[154.899414,49.630588],[154.612988,49.380615],[154.714722,49.267587]],[[151.7537042697643,46.78885503659698],[152.002051,46.897168],[152.28903,47.142446],[151.715332,46.852686],[151.7537042697643,46.78885503659698]],[[150.16705626432386,46.127358337741825],[149.665918,45.839795],[149.446878,45.593574],[150.553322,46.208472],[150.16705626432386,46.127358337741825]],[[148.323949,45.28243],[147.923922,45.383483],[146.897318,44.404525],[147.65774935104466,44.97709057992151],[148.790691,45.323694],[148.826141,45.486164],[148.323949,45.28243]],[[146.567674,44.440518],[146.112043,44.500333],[145.438906,43.737253],[145.555859,43.6646],[145.914063,44.103711],[146.567674,44.440518]],[[155.553516,50.810596],[155.639648,50.910498],[155.467383,50.913574],[155.483496,50.869629],[155.553516,50.810596]],[[154.042969,48.73877],[154.08125,48.790283],[154.228418,48.89209],[154.126367,48.904443],[154.042969,48.73877]],[[153.053809,47.706104],[153.101074,47.762939],[153.079199,47.80874],[152.984277,47.72793],[153.053809,47.706104]],[[150.666211,59.160156],[150.470215,59.054053],[150.471777,59.034766],[150.727734,59.095215],[150.666211,59.160156]],[[146.683008,43.716357],[146.713965,43.743799],[146.899023,43.80415],[146.621973,43.812988],[146.683008,43.716357]],[[146.332324,43.619922],[146.349805,43.644141],[146.273828,43.629834],[146.288184,43.625391],[146.332324,43.619922]],[[146.032324,43.407129],[146.045605,43.409326],[146.100781,43.440186],[146.048926,43.433594],[146.032324,43.407129]],[[145.893945,43.419824],[145.943555,43.426465],[145.941113,43.445459],[145.869141,43.457861],[145.893945,43.419824]]]}},{"type":"Feature","properties":{"_manaName":"Golfo Pérsico","name":"Persian Gulf","_manaColor":"#4f9fca","_manaFillOpacity":0.9,"_manaWeight":0.6,"_manaBorderColor":"#FFFFFF","_manaGroupName":"Océanos y mares","_manaGroupId":"oceanos-y-mares","_manaLabelStyle":{"enabled":true,"fontSize":11,"fontFamily":"DM Sans, sans-serif","fontWeight":"600","color":"#0e2a3a","haloWidth":3,"haloColor":"#FFFFFF","placement":"point","field":"_manaName"},"Tipo":"Mar o golfo","Dato":"Mar/golfo del mundo","Description":"Golfo Pérsico — mar o golfo"},"geometry":{"type":"Polygon","coordinates":[[[57.165483,26.099079],[56.378711,26.356348],[55.94114791105042,25.79394938567918],[54.746664,24.810553],[54.396866,24.278208],[54.14815041430044,24.17129806076734],[53.801554,24.06972],[52.648242,24.154639],[51.906114,23.985591],[51.767578,24.254395],[51.309863,24.340381],[51.418359,24.530957],[51.26807749926817,24.60725898877385],[51.608887,25.052881],[51.543066,25.902393],[51.262305,26.153271],[51.003125,25.981445],[50.754608,25.399535],[50.804372,24.789392],[50.081055,25.961377],[50.213867,26.308496],[50.008105,26.678516],[50.149805,26.662646],[48.79727759358784,27.724220461012305],[48.051672,29.355573],[47.725293,29.416943],[47.969629,29.616699],[48.143457,29.572461],[47.98251447581173,30.011286644728692],[48.832422,30.035498],[49.002053,30.50651],[49.224262,30.47212],[49.001953,30.373926],[49.554883,30.028955],[50.071497,30.198545],[50.649609,29.420068],[50.675195,29.146582],[50.875781,29.062695],[51.278906,28.131348],[51.589063,27.864209],[52.475879,27.616504],[52.691602,27.323389],[53.705762,26.725586],[54.644922,26.508936],[56.11826,27.143124],[56.728125,27.127686],[57.035826,26.800768],[57.165483,26.099079]],[[55.83946491270869,26.727683471690774],[56.279395,26.9521],[55.75792,26.947864],[55.762598,26.811963],[55.294899,26.639356],[55.83946491270869,26.727683471690774]],[[50.47599639873646,26.10657438244511],[50.465685,25.965728],[50.574902,25.806787],[50.585833,26.240905],[50.47599639873646,26.10657438244511]],[[48.184997,29.97892],[48.081283,29.799008],[48.218262,29.601953],[48.348242,29.782666],[48.184997,29.97892]],[[54.456641,24.42334],[54.39834,24.506348],[54.334766,24.471045],[54.357715,24.442773],[54.456641,24.42334]],[[53.689648,24.210791],[53.634473,24.169775],[53.928125,24.143359],[53.833789,24.258936],[53.689648,24.210791]],[[53.370898,24.364453],[53.33252,24.341602],[53.190918,24.290918],[53.332227,24.258594],[53.370898,24.364453]],[[52.629395,24.376758],[52.583594,24.352344],[52.6,24.281299],[52.657617,24.332617],[52.629395,24.376758]]]}},{"type":"Feature","properties":{"_manaName":"Mar Mediterráneo","name":"Mediterranean Sea","_manaColor":"#4f9fca","_manaFillOpacity":0.9,"_manaWeight":0.6,"_manaBorderColor":"#FFFFFF","_manaGroupName":"Océanos y mares","_manaGroupId":"oceanos-y-mares","_manaLabelStyle":{"enabled":true,"fontSize":11,"fontFamily":"DM Sans, sans-serif","fontWeight":"600","color":"#0e2a3a","haloWidth":3,"haloColor":"#FFFFFF","placement":"point","field":"_manaName"},"Tipo":"Mar o golfo","Dato":"Mar/golfo del mundo","Description":"Mar Mediterráneo — mar o golfo"},"geometry":{"type":"MultiPolygon","coordinates":[[[[10.334233,36.865502],[10.19667,37.205765],[9.875586,37.25415],[9.830438478212539,37.13546785777566],[9.838477,37.308984],[9.687988,37.340381],[8.823472,36.997794],[7.91066,36.85651],[7.432422,37.059277],[6.927464,36.919478],[6.486523,37.085742],[5.29541,36.648242],[4.758105,36.896338],[3.778922,36.896198],[2.593568,36.600919],[0.97168,36.443945],[-0.048242,35.832813],[-0.426377,35.861687],[-1.249763,35.451583],[-2.091133,36.796178],[-1.640799,37.386736],[-0.721582,37.631055],[-0.814648,37.769922],[-0.520557,38.317015],[0.20175,38.759392],[0.228209,38.740349],[1.579677,38.659372],[4.28163,39.816149],[3.263295,41.9624],[5.405521321096843,43.22989364751182],[6.11573,43.0721],[6.570276,43.199095],[7.261345,43.695989],[7.821776,43.826705],[9.383851,43.021302],[9.313440661975676,42.71331647705502],[8.814997,42.60802],[8.565625,42.357715],[8.621831,41.930671],[8.88678715606634,41.70056537138447],[8.80752,41.588379],[9.20233380697313,41.248688248124694],[8.571875,40.850195],[8.224219,40.91333],[8.180859,40.771045],[8.471039,40.292916],[8.418122,39.205463],[8.595372,38.964185],[12.474722,37.744441],[14.775977,36.7104],[22.489453,36.446924],[22.608398,36.779736],[22.779726,36.786127],[23.086116,36.467568],[23.077867462579675,36.26236373828202],[22.950488,36.383936],[22.91084,36.220996],[23.097226,36.246393],[23.22156,35.789185],[23.577597040376162,35.54106450859616],[23.592773,35.257227],[24.463672,35.160352],[24.799805,34.934473],[26.165625,35.018604],[26.319303,35.312935],[27.137891,35.409082],[27.233594,35.478564],[27.157227,35.629492],[27.222292345060502,35.814849806781915],[27.170208,35.611909],[28.087793,36.065332],[28.231836,36.433643],[28.084622,36.642725],[28.303711,36.811963],[29.0381667042487,36.69349341874322],[29.223633,36.324463],[29.68902,36.156424],[30.446287,36.269673],[30.644156,36.865502],[31.240553,36.821577],[32.794722,36.035785],[33.694822,36.181823],[34.70360982057155,36.81679599485706],[35.39291,36.575003],[36.049090774735895,36.91048328704863],[36.188262,36.659132],[35.810938,36.309863],[35.956934,35.998145],[35.764412,35.571705],[35.902441,35.420703],[35.977629,34.54722],[35.647852,34.248242],[34.678418,31.895703],[34.176309990929276,31.3039401883597],[32.60332,31.06875],[32.216359,31.293904],[32.281836,31.200879],[32.10171709590771,31.092890100281735],[31.771423983895815,31.292445983259622],[31.892491578294848,31.48224319328645],[32.136035,31.341064],[31.888783,31.541563],[31.524205,31.458494],[31.082837,31.603472],[31.001758,31.462793],[30.563542320818122,31.41717385178624],[30.92357,31.566962],[30.395117,31.457617],[30.222424,31.258454],[29.072004,30.830367],[26.768652,31.470361],[25.893335,31.620938],[25.225488,31.533789],[24.95086,31.953786],[23.286328,32.213818],[23.106259348707823,32.33159186978067],[23.09087,32.61894],[22.187566,32.918456],[21.062305,32.775537],[20.370605,32.430762],[19.988372,32.027348],[15.359307714289445,32.149043136830244],[15.176624,32.391408],[13.835208,32.791978],[12.280005,32.858666],[11.202643819562658,33.24921563224821],[10.958122,33.626475],[10.722754,33.514404],[10.746972,33.723317],[11.037598,33.785059],[10.926393,33.889999],[11.123745,34.68163],[11.281055,34.802197],[11.135831158381517,34.70778801268191],[11.004297,35.633838],[10.59082,35.887256],[10.476601457135281,36.174953141089865],[11.126949,36.873977],[11.053906,37.07251],[10.412305,36.731836],[10.334233,36.865502]],[[32.413712,34.777955],[33.007991,34.569441],[33.699414,34.969873],[34.050195,34.988379],[33.941992,35.292041],[34.55632,35.66219],[33.607489,35.354199],[32.941602,35.39043],[32.879885,35.180644],[32.300977,35.082959],[32.413712,34.777955]],[[14.35127,35.978418],[14.436426,35.82168],[14.566211,35.852734],[14.44834,35.957422],[14.35127,35.978418]],[[14.263281,36.075781],[14.180371,36.0604],[14.320898,36.03623],[14.263281,36.075781]],[[11.948047,36.843066],[11.940625,36.780371],[12.05127,36.757031],[12.024219,36.820947],[11.948047,36.843066]],[[8.366797,39.115918],[8.360938,39.038672],[8.421484,38.968652],[8.478906,39.067529],[8.366797,39.115918]],[[8.320215,41.121875],[8.267383,41.099121],[8.205664,40.997461],[8.318945,41.062744],[8.320215,41.121875]]],[[[1.40563,38.671025],[1.40191,38.711229],[1.4019623727312878,38.71132651469521],[1.4057592678456594,38.671025],[1.40563,38.671025]]],[[[1.417258,38.739806],[1.436274,38.768383],[1.4970124219586765,38.71189901140858],[1.436328,38.768213],[1.417258,38.739806]]],[[[1.592906,38.701721],[1.5921990693474797,38.6710546992004],[1.5244525545207113,38.70890612046652],[1.592906,38.701721]]],[[[27.115689,35.511373],[27.07073,35.597621],[27.0707536650352,35.597656727220034],[27.11582,35.511133],[27.107782354745638,35.484810301415024],[27.115689,35.511373]]],[[[27.155893,35.726192],[27.157948769858518,35.78677948628336],[27.11428056502949,35.66336950224166],[27.155893,35.726192]]]]}},{"type":"Feature","properties":{"_manaName":"Mar del Coral","name":"Coral Sea","_manaColor":"#4f9fca","_manaFillOpacity":0.9,"_manaWeight":0.6,"_manaBorderColor":"#FFFFFF","_manaGroupName":"Océanos y mares","_manaGroupId":"oceanos-y-mares","_manaLabelStyle":{"enabled":true,"fontSize":11,"fontFamily":"DM Sans, sans-serif","fontWeight":"600","color":"#0e2a3a","haloWidth":3,"haloColor":"#FFFFFF","placement":"point","field":"_manaName"},"Tipo":"Mar o golfo","Dato":"Mar/golfo del mundo","Description":"Mar del Coral — mar o golfo"},"geometry":{"type":"Polygon","coordinates":[[[169.768997,-20.151121],[169.836176,-20.267031],[167.5366764271508,-22.600375798621556],[167.443299,-22.541414],[167.472393,-22.665748],[159.041176,-29.015748],[159.041176,-29.876161],[153.27553024537207,-29.875673859961065],[153.616895,-28.673047],[153.116797,-27.194434],[153.164941,-25.96416],[152.920508,-25.688574],[152.913477,-25.432129],[151.831797,-24.123075],[151.153906,-23.783871],[150.843331,-23.457896],[150.622852,-22.367285],[150.541178,-22.558829],[150.020435,-22.168311],[149.974414,-22.550684],[149.703969,-22.440335],[149.454268,-21.578838],[148.683824,-20.580294],[148.884897,-20.480817],[148.759427,-20.289252],[147.7423887514557,-19.770118277005817],[147.418578,-19.378042],[147.13877,-19.393164],[146.383448,-18.976929],[146.333218,-18.553596],[146.0322073929692,-18.27264898409749],[146.125879,-17.635254],[145.912109,-16.9125],[145.426245,-16.406233],[145.287695,-14.943164],[144.473047,-14.231836],[143.961816,-14.462891],[143.756348,-14.348828],[143.401563,-12.639941],[143.110254,-12.303516],[143.178889,-11.95436],[142.872559,-11.821387],[142.779843,-11.115084],[143.078326,-9.092623],[143.373606,-8.942865],[146.626379,-8.942865],[146.96358742076174,-9.0600856979257],[147.017187,-9.387891],[147.768652,-10.070117],[149.75424137411974,-10.353106136592025],[150.319922,-10.654883],[150.680343,-10.565815],[151.279893,-10.989148],[153.184893,-11.235748],[153.286816,-11.516992],[153.553711,-11.630566],[159.98241020999245,-11.518832747904474],[160.506543,-11.832227],[162.118301,-10.821923],[162.373324,-10.823525],[162.287593,-10.735675],[167.154893,-9.895365],[167.504122,-13.732857],[167.391797,-13.788379],[167.507843,-13.882191405804964],[167.403516,-14.281543],[168.071943,-14.869531],[168.2121584598051,-15.970465708146559],[167.929004,-16.228711],[168.206302,-16.344842],[168.306347,-16.69464],[168.124316,-16.690039],[168.31906,-16.78840702227272],[168.35449891496114,-17.55078190623408],[168.158191,-17.71065],[168.4553941379512,-17.803122222122354],[169.024443,-18.573698],[169.21748,-19.476367],[169.768997,-20.151121]],[[167.98429282367007,-21.642291277556815],[168.139122,-21.445461],[167.988477,-21.337891],[167.815318,-21.392544],[167.98429282367007,-21.642291277556815]],[[167.8091414682806,-15.480592285068843],[167.911328,-15.435938],[168.002539,-15.283203],[167.673983,-15.451615],[167.8091414682806,-15.480592285068843]],[[167.217887,-16.155396],[167.349093,-16.154362],[167.449087,-16.554907],[167.836621,-16.449707],[167.253802,-15.87655],[167.217887,-16.155396]],[[167.055933,-20.719975],[167.18931,-20.803588],[167.072656,-20.997266],[167.400976,-21.160775],[167.297949,-20.73252],[167.055933,-20.719975]],[[166.93687,-15.578067],[167.199852,-15.486031],[167.075586,-14.935645],[166.81041772910547,-15.157419613030559],[166.567383,-14.641797],[166.630997,-15.406088],[166.758301,-15.631152],[166.93687,-15.578067]],[[164.037047,-20.2337],[164.454489,-20.829013],[165.241992,-21.525488],[166.46801,-22.256161],[166.970313,-22.322852],[166.942383,-22.090137],[165.662793,-21.267187],[165.191705,-20.768706],[164.435938,-20.282227],[164.037047,-20.2337]],[[165.98850766246784,-10.776334215361342],[166.162189,-10.692835],[165.79017,-10.756294],[165.819264,-10.844144],[165.98850766246784,-10.776334215361342]],[[152.976379,-25.551308],[153.052085,-25.778323],[153.350195,-25.063086],[153.256934,-24.728906],[152.976379,-25.551308]],[[151.238087,-23.775913],[151.240137,-23.529688],[151.059751,-23.460532],[151.033293,-23.530398],[151.238087,-23.775913]],[[167.119043,-15.622559],[167.094727,-15.685254],[167.200781,-15.750098],[167.234375,-15.64502],[167.119043,-15.622559]],[[166.84082,-11.681348],[166.929199,-11.665137],[166.747461,-11.59082],[166.805957,-11.677344],[166.84082,-11.681348]],[[166.493555,-20.708594],[166.622559,-20.596289],[166.624707,-20.418262],[166.58252,-20.413379],[166.493555,-20.708594]],[[159.959863,-19.114648],[159.928223,-19.174316],[159.936426,-19.333105],[159.975098,-19.238281],[159.959863,-19.114648]],[[153.452734,-27.711719],[153.53877,-27.436426],[153.435449,-27.405371],[153.395801,-27.665039],[153.452734,-27.711719]],[[153.420898,-27.330957],[153.466797,-27.038086],[153.432324,-27.029883],[153.365039,-27.138867],[153.420898,-27.330957]],[[150.521484,-22.22832],[150.488477,-22.210742],[150.488477,-22.324707],[150.548828,-22.306934],[150.521484,-22.22832]],[[149.912305,-22.04873],[149.875391,-22.074023],[149.893652,-22.223242],[149.92832,-22.193066],[149.912305,-22.04873]],[[148.981055,-20.153516],[148.938867,-20.283691],[149.019922,-20.302539],[149.045313,-20.277539],[148.981055,-20.153516]],[[148.913477,-20.154297],[148.95625,-20.134668],[148.967871,-20.044336],[148.906445,-20.101953],[148.913477,-20.154297]],[[146.249121,-18.225879],[146.098828,-18.251758],[146.298828,-18.484766],[146.341992,-18.400098],[146.249121,-18.225879]]]}},{"type":"Feature","properties":{"_manaName":"Mar del Japón","name":"Sea of Japan","_manaColor":"#4f9fca","_manaFillOpacity":0.9,"_manaWeight":0.6,"_manaBorderColor":"#FFFFFF","_manaGroupName":"Océanos y mares","_manaGroupId":"oceanos-y-mares","_manaLabelStyle":{"enabled":true,"fontSize":11,"fontFamily":"DM Sans, sans-serif","fontWeight":"600","color":"#0e2a3a","haloWidth":3,"haloColor":"#FFFFFF","placement":"point","field":"_manaName"},"Tipo":"Mar o golfo","Dato":"Mar/golfo del mundo","Description":"Mar del Japón — mar o golfo"},"geometry":{"type":"Polygon","coordinates":[[[130.833538,34.50886],[130.206032,35.579948],[129.600165,36.055987],[129.403606,36.052167],[129.473472,36.741685],[129.335341,37.274547],[128.313026,38.694305],[128.313026,40.041045],[129.708962,40.857532],[129.756556,41.712131],[130.235742,42.183203],[130.729883,42.325781],[130.83418,42.522949],[130.70957434509813,42.656182851445756],[131.158331,42.626003],[131.794932,43.25519],[132.012955,43.280046],[131.947326,43.09538],[132.30965017359478,43.31328306353201],[132.303809,42.883301],[133.160172,42.696929],[134.01056,42.947224],[135.483398,43.83501],[135.874787,44.373312],[138.106348,46.250732],[138.586816,47.057227],[139.372656,47.887354],[140.113443,48.422497],[140.378543,48.964376],[140.462695,49.911475],[140.624574,50.082499],[140.476418,50.546062],[140.687695,51.232275],[141.258489,51.860504],[141.6824800634609,51.910243],[142.20673861763282,51.2224409156656],[142.066016,50.630469],[142.14226,49.569223],[141.866309,48.750098],[142.181738,48.013379],[141.963924,47.587483],[142.038545,47.140327],[141.830371,46.451074],[142.070274,45.921668],[141.94643641337055,45.50425051341468],[141.59375,45.255957],[141.760938,44.48252],[141.373883,43.279529],[141.138393,43.180052],[140.392289,43.303352],[140.432227,42.954102],[139.85997,42.581561],[139.835449,42.278076],[140.10812,41.912687],[140.00916,41.521109],[140.343555,41.005664],[139.922852,40.598438],[140.011133,40.260352],[139.741424,39.920923],[139.994727,39.855078],[140.048145,39.463721],[139.400977,38.142578],[138.885059,37.843945],[138.319922,37.218408],[137.297697,36.753855],[137.016733,36.837442],[136.89994292399206,37.117768120973274],[137.322605,37.522206],[136.843457,37.382129],[136.69817837941247,36.74217732258766],[136.067385,36.116736],[136.09530223952888,35.76761542265156],[135.794843,35.549458],[135.32712,35.525661],[135.174316,35.74707],[133.98125,35.507227],[132.923081,35.511373],[131.35461720747597,34.41334509864242],[130.894449,34.275372],[130.833538,34.50886]],[[138.24275167715254,37.82216322283648],[138.496973,37.903906],[138.50367,38.315956],[138.25,38.078467],[138.24275167715254,37.82216322283648]],[[141.19375,45.247852],[141.145313,45.153906],[141.329199,45.150488],[141.251855,45.232471],[141.19375,45.247852]],[[140.97168,45.465479],[140.982129,45.36377],[141.033984,45.269336],[141.056738,45.449561],[140.97168,45.465479]],[[139.558398,42.235205],[139.431348,42.199561],[139.43457,42.084082],[139.505078,42.096387],[139.558398,42.235205]],[[133.295703,36.340137],[133.189941,36.232617],[133.324707,36.166504],[133.38125,36.246387],[133.295703,36.340137]],[[130.934277,37.529736],[130.838379,37.537207],[130.816797,37.478467],[130.870605,37.44873],[130.934277,37.529736]]]}}]}